Mac_kodu,TFF_mac_linki,Ev_sahibi,Ev_sahibi_gol,Misafir_takim,Misafir_takim_gol,Stat,Ana_hakem,Tarih_saat
1008,https://www.tff.org/Default.aspx?pageId=397&macId=7989,ÇAYKUR RİZESPOR                                   ,2,FENERBAHÇE                                        ,2,RİZE ATATÜRK,KUDDUSİ MÜFTÜOĞLU,6.08.2004 - 20:00
1004,https://www.tff.org/Default.aspx?pageId=397&macId=7992,GENÇLERBİRLİĞİ                                    ,1,SAKARYASPOR A.Ş.                                  ,0,ANKARA 19 MAYIS,CEM DEDA,7.08.2004 - 18:00
1001,https://www.tff.org/Default.aspx?pageId=397&macId=7990,DENİZLİSPOR                                       ,2,GAZİANTEPSPOR                                     ,1,DENİZLİ ATATÜRK,CÜNEYT ÇAKIR,7.08.2004 - 19:00
1005,https://www.tff.org/Default.aspx?pageId=397&macId=7993,KAYSERİSPOR                                       ,0,TRABZONSPOR                                       ,3,KAYSERİ ATATÜRK,EROL ERSOY,7.08.2004 - 19:00
1002,https://www.tff.org/Default.aspx?pageId=397&macId=7991,MALATYASPOR                                       ,1,BEŞİKTAŞ A.Ş.                                     ,1,MALATYA İNÖNÜ,MUSTAFA ÇULCU,7.08.2004 - 20:00
1003,https://www.tff.org/Default.aspx?pageId=397&macId=7994,A.SEBATSPOR                                       ,1,B.B. ANKARASPOR                                   ,3,CEMAL GÜRSEL,METİN AYDOĞAN,8.08.2004 - 17:00
1006,https://www.tff.org/Default.aspx?pageId=397&macId=7995,İSTANBULSPOR A.Ş.                                 ,1,DİYARBAKIRSPOR                                    ,1,MİMAR YAHYA BAŞ,VEDAT YÜKSEL,8.08.2004 - 17:00
1007,https://www.tff.org/Default.aspx?pageId=397&macId=7996,SAMSUNSPOR                                        ,1,MKE ANKARAGÜCÜ                                    ,1,SAMSUN 19 MAYIS,FIRAT AYDINUS,8.08.2004 - 19:00
1009,https://www.tff.org/Default.aspx?pageId=397&macId=7997,GALATASARAY                                       ,3,KONYASPOR                                         ,1,ALİ SAMİ YEN,CEM PAPİLA,8.08.2004 - 19:00
1016,https://www.tff.org/Default.aspx?pageId=397&macId=8007,GAZİANTEPSPOR                                     ,1,GALATASARAY                                       ,0,KAMİL OCAK,İSMET ARZUMAN,13.08.2004 - 20:00
1014,https://www.tff.org/Default.aspx?pageId=397&macId=8011,B.B. ANKARASPOR                                   ,1,MALATYASPOR                                       ,3,ANKARA AKTEPE,HAMZA MISIR,14.08.2004 - 17:00
1012,https://www.tff.org/Default.aspx?pageId=397&macId=8009,MKE ANKARAGÜCÜ                                    ,0,İSTANBULSPOR A.Ş.                                 ,0,ANKARA 19 MAYIS,TOLGA ÖZKALFA,14.08.2004 - 19:00
1013,https://www.tff.org/Default.aspx?pageId=397&macId=8010,DİYARBAKIRSPOR                                    ,2,KAYSERİSPOR                                       ,1,DİYARBAKIR ATATÜRK,ORHAN ERDEMİR,14.08.2004 - 19:00
1011,https://www.tff.org/Default.aspx?pageId=397&macId=8008,FENERBAHÇE                                        ,2,SAMSUNSPOR                                        ,1,FB ŞÜKRÜ SARACOĞLU,SELÇUK DERELİ,14.08.2004 - 20:00
1015,https://www.tff.org/Default.aspx?pageId=397&macId=8013,SAKARYASPOR A.Ş.                                  ,1,DENİZLİSPOR                                       ,2,SAKARYA ATATÜRK,ÖZGÜÇ TÜRKALP,15.08.2004 - 18:00
1010,https://www.tff.org/Default.aspx?pageId=397&macId=8012,GENÇLERBİRLİĞİ                                    ,1,BEŞİKTAŞ A.Ş.                                     ,1,ANKARA 19 MAYIS,BÜLENT DEMİRLEK,15.08.2004 - 19:00
1017,https://www.tff.org/Default.aspx?pageId=397&macId=8014,TRABZONSPOR                                       ,3,A.SEBATSPOR                                       ,1,HÜSEYİN AVNİ AKER,SERDAR TATLI,15.08.2004 - 19:00
1018,https://www.tff.org/Default.aspx?pageId=397&macId=8015,KONYASPOR                                         ,0,ÇAYKUR RİZESPOR                                   ,0,KONYA ATATÜRK,HAKAN SİVRİSERVİ,15.08.2004 - 19:00
1027,https://www.tff.org/Default.aspx?pageId=397&macId=8029,İSTANBULSPOR A.Ş.                                 ,0,FENERBAHÇE                                        ,3,MİMAR YAHYA BAŞ,FIRAT AYDINUS,21.08.2004 - 17:00
1020,https://www.tff.org/Default.aspx?pageId=397&macId=8025,GENÇLERBİRLİĞİ                                    ,1,B.B. ANKARASPOR                                   ,1,ANKARA 19 MAYIS,BÜLENT YILDIRIM,21.08.2004 - 19:00
1023,https://www.tff.org/Default.aspx?pageId=397&macId=8027,MALATYASPOR                                       ,3,TRABZONSPOR                                       ,4,MALATYA İNÖNÜ,CEM PAPİLA,21.08.2004 - 19:00
1025,https://www.tff.org/Default.aspx?pageId=397&macId=8028,SAMSUNSPOR                                        ,1,KONYASPOR                                         ,1,SAMSUN 19 MAYIS,EROL ERSOY,21.08.2004 - 19:00
1022,https://www.tff.org/Default.aspx?pageId=397&macId=8026,DENİZLİSPOR                                       ,3,BEŞİKTAŞ A.Ş.                                     ,1,DENİZLİ ATATÜRK,OKTAY DEMİRAY,21.08.2004 - 20:00
1024,https://www.tff.org/Default.aspx?pageId=397&macId=8032,A.SEBATSPOR                                       ,2,DİYARBAKIRSPOR                                    ,2,AKÇAABAT FATİH ,SÜLEYMAN ABAY,22.08.2004 - 17:00
1019,https://www.tff.org/Default.aspx?pageId=397&macId=8030,GALATASARAY                                       ,2,ÇAYKUR RİZESPOR                                   ,1,ALİ SAMİ YEN,METİN AYDOĞAN,22.08.2004 - 19:00
1021,https://www.tff.org/Default.aspx?pageId=397&macId=8031,KAYSERİSPOR                                       ,1,MKE ANKARAGÜCÜ                                    ,1,KAYSERİ ATATÜRK,HÜSEYİN GÖÇEK,22.08.2004 - 19:00
1026,https://www.tff.org/Default.aspx?pageId=397&macId=8033,GAZİANTEPSPOR                                     ,1,SAKARYASPOR A.Ş.                                  ,0,KAMİL OCAK,YUNUS YILDIRIM,22.08.2004 - 19:00
1035,https://www.tff.org/Default.aspx?pageId=397&macId=8046,KAYSERİSPOR                                       ,0,FENERBAHÇE                                        ,2,KAYSERİ ATATÜRK,SERDAR TATLI,28.08.2004 - 18:00
1029,https://www.tff.org/Default.aspx?pageId=397&macId=8043,B.B. ANKARASPOR                                   ,3,DENİZLİSPOR                                       ,2,ANKARA 19 MAYIS,FIRAT AYDINUS,28.08.2004 - 19:00
1030,https://www.tff.org/Default.aspx?pageId=397&macId=8044,ÇAYKUR RİZESPOR                                   ,2,SAMSUNSPOR                                        ,0,RİZE ATATÜRK,OKTAY DEMİRAY,28.08.2004 - 19:00
1036,https://www.tff.org/Default.aspx?pageId=397&macId=8047,KONYASPOR                                         ,2,İSTANBULSPOR A.Ş.                                 ,1,KONYA ATATÜRK,ZAFER ÖNDER İPEK,28.08.2004 - 19:00
1034,https://www.tff.org/Default.aspx?pageId=397&macId=8045,SAKARYASPOR A.Ş.                                  ,1,GALATASARAY                                       ,2,SAKARYA ATATÜRK,MUSTAFA ÇULCU,28.08.2004 - 20:30
1032,https://www.tff.org/Default.aspx?pageId=397&macId=8050,TRABZONSPOR                                       ,3,GENÇLERBİRLİĞİ                                    ,1,HÜSEYİN AVNİ AKER,İSMET ARZUMAN,29.08.2004 - 18:00
1028,https://www.tff.org/Default.aspx?pageId=397&macId=8048,DİYARBAKIRSPOR                                    ,1,MALATYASPOR                                       ,2,KAMİL OCAK,CÜNEYT ÇAKIR,29.08.2004 - 19:00
1031,https://www.tff.org/Default.aspx?pageId=397&macId=8049,MKE ANKARAGÜCÜ                                    ,2,A.SEBATSPOR                                       ,1,ANKARA 19 MAYIS,AYTEKİN DURMAZ,29.08.2004 - 19:00
1033,https://www.tff.org/Default.aspx?pageId=397&macId=8051,BEŞİKTAŞ A.Ş.                                     ,3,GAZİANTEPSPOR                                     ,4, İSMETPAŞA,YILNUR ÖNEN,29.08.2004 - 20:00
1043,https://www.tff.org/Default.aspx?pageId=397&macId=8136,A.SEBATSPOR                                       ,1,FENERBAHÇE                                        ,4,AKÇAABAT FATİH ,CEM DEDA,11.09.2004 - 16:00
1037,https://www.tff.org/Default.aspx?pageId=397&macId=8133,DENİZLİSPOR                                       ,0,TRABZONSPOR                                       ,2,DENİZLİ ATATÜRK,ORHAN ERDEMİR,11.09.2004 - 19:00
1039,https://www.tff.org/Default.aspx?pageId=397&macId=8134,GAZİANTEPSPOR                                     ,2,B.B. ANKARASPOR                                   ,1,KAMİL OCAK,VEDAT YÜKSEL,11.09.2004 - 19:00
1041,https://www.tff.org/Default.aspx?pageId=397&macId=8135,GENÇLERBİRLİĞİ                                    ,2,DİYARBAKIRSPOR                                    ,0,ANKARA 19 MAYIS,TOLGA ÖZKALFA,11.09.2004 - 19:00
1045,https://www.tff.org/Default.aspx?pageId=397&macId=8141,İSTANBULSPOR A.Ş.                                 ,0,ÇAYKUR RİZESPOR                                   ,3,MİMAR YAHYA BAŞ,ÖZGÜÇ TÜRKALP,12.09.2004 - 16:00
1038,https://www.tff.org/Default.aspx?pageId=397&macId=8137,SAKARYASPOR A.Ş.                                  ,1,BEŞİKTAŞ A.Ş.                                     ,4,SAKARYA ATATÜRK,SELÇUK DERELİ,12.09.2004 - 17:30
1042,https://www.tff.org/Default.aspx?pageId=397&macId=8139,MALATYASPOR                                       ,1,MKE ANKARAGÜCÜ                                    ,0,MALATYA İNÖNÜ,SÜLEYMAN ABAY,12.09.2004 - 19:00
1044,https://www.tff.org/Default.aspx?pageId=397&macId=8140,KAYSERİSPOR                                       ,2,KONYASPOR                                         ,2,KAYSERİ ATATÜRK,METİN AYDOĞAN,12.09.2004 - 19:00
1040,https://www.tff.org/Default.aspx?pageId=397&macId=8138,GALATASARAY                                       ,3,SAMSUNSPOR                                        ,1,ALİ SAMİ YEN,BÜLENT YILDIRIM,12.09.2004 - 20:00
1050,https://www.tff.org/Default.aspx?pageId=397&macId=8218,DİYARBAKIRSPOR                                    ,0,DENİZLİSPOR                                       ,1,DİYARBAKIR ATATÜRK,CEM PAPİLA,17.09.2004 - 20:00
1046,https://www.tff.org/Default.aspx?pageId=397&macId=8219,B.B. ANKARASPOR                                   ,1,SAKARYASPOR A.Ş.                                  ,1,ANKARA 19 MAYIS,ORHAN ERDEMİR,18.09.2004 - 19:00
1048,https://www.tff.org/Default.aspx?pageId=397&macId=8220,KONYASPOR                                         ,3,A.SEBATSPOR                                       ,3,KONYA ATATÜRK,CÜNEYT ÇAKIR,18.09.2004 - 19:00
1052,https://www.tff.org/Default.aspx?pageId=397&macId=8221,SAMSUNSPOR                                        ,2,İSTANBULSPOR A.Ş.                                 ,1,SAMSUN 19 MAYIS,YUNUS YILDIRIM,18.09.2004 - 19:00
1054,https://www.tff.org/Default.aspx?pageId=397&macId=8222,FENERBAHÇE                                        ,3,MALATYASPOR                                       ,1,FB ŞÜKRÜ SARACOĞLU,İSMET ARZUMAN,18.09.2004 - 19:00
1051,https://www.tff.org/Default.aspx?pageId=397&macId=8225,TRABZONSPOR                                       ,0,GAZİANTEPSPOR                                     ,0,HÜSEYİN AVNİ AKER,FIRAT AYDINUS,19.09.2004 - 16:30
1049,https://www.tff.org/Default.aspx?pageId=397&macId=8224,MKE ANKARAGÜCÜ                                    ,1,GENÇLERBİRLİĞİ                                    ,0,ANKARA 19 MAYIS,SERDAR TATLI,19.09.2004 - 19:00
1053,https://www.tff.org/Default.aspx?pageId=397&macId=8226,ÇAYKUR RİZESPOR                                   ,2,KAYSERİSPOR                                       ,1,RİZE ATATÜRK,TOLGA ÖZKALFA,19.09.2004 - 19:00
1047,https://www.tff.org/Default.aspx?pageId=397&macId=8223,BEŞİKTAŞ A.Ş.                                     ,0,GALATASARAY                                       ,0,BEŞİKTAŞ İNÖNÜ,MUSTAFA ÇULCU,19.09.2004 - 19:35
1058,https://www.tff.org/Default.aspx?pageId=397&macId=8305,GENÇLERBİRLİĞİ                                    ,1,FENERBAHÇE                                        ,2,ANKARA 19 MAYIS,CEM PAPİLA,24.09.2004 - 20:00
1056,https://www.tff.org/Default.aspx?pageId=397&macId=8306,A.SEBATSPOR                                       ,0,ÇAYKUR RİZESPOR                                   ,0,AKÇAABAT FATİH ,ORHAN ERDEMİR,25.09.2004 - 16:00
1057,https://www.tff.org/Default.aspx?pageId=397&macId=8307,BEŞİKTAŞ A.Ş.                                     ,2,B.B. ANKARASPOR                                   ,3,BEŞİKTAŞ İNÖNÜ,METİN AYDOĞAN,25.09.2004 - 19:00
1060,https://www.tff.org/Default.aspx?pageId=397&macId=8308,KAYSERİSPOR                                       ,1,SAMSUNSPOR                                        ,4,KAYSERİ ATATÜRK,ÖZGÜÇ TÜRKALP,25.09.2004 - 19:00
1061,https://www.tff.org/Default.aspx?pageId=397&macId=8309,SAKARYASPOR A.Ş.                                  ,1,TRABZONSPOR                                       ,3,SAKARYA ATATÜRK,CEM DEDA,25.09.2004 - 19:00
1062,https://www.tff.org/Default.aspx?pageId=397&macId=8311,GAZİANTEPSPOR                                     ,1,DİYARBAKIRSPOR                                    ,1,KAMİL OCAK,BÜLENT YILDIRIM,26.09.2004 - 16:30
1055,https://www.tff.org/Default.aspx?pageId=397&macId=8310,DENİZLİSPOR                                       ,2,MKE ANKARAGÜCÜ                                    ,0,DENİZLİ ATATÜRK,BÜLENT DEMİRLEK,26.09.2004 - 19:00
1059,https://www.tff.org/Default.aspx?pageId=397&macId=8313,MALATYASPOR                                       ,5,KONYASPOR                                         ,0,MALATYA İNÖNÜ,HÜSEYİN GÖÇEK,26.09.2004 - 19:00
1063,https://www.tff.org/Default.aspx?pageId=397&macId=8312,GALATASARAY                                       ,4,İSTANBULSPOR A.Ş.                                 ,1,ALİ SAMİ YEN,CÜNEYT ÇAKIR,26.09.2004 - 19:00
1069,https://www.tff.org/Default.aspx?pageId=397&macId=8391,B.B. ANKARASPOR                                   ,0,GALATASARAY                                       ,2,ANKARA 19 MAYIS,CEM DEDA,1.10.2004 - 20:00
1066,https://www.tff.org/Default.aspx?pageId=397&macId=8393,ÇAYKUR RİZESPOR                                   ,0,MALATYASPOR                                       ,1,RİZE ATATÜRK,BÜLENT DEMİRLEK,2.10.2004 - 17:00
1065,https://www.tff.org/Default.aspx?pageId=397&macId=8392,DİYARBAKIRSPOR                                    ,1,SAKARYASPOR A.Ş.                                  ,0,DİYARBAKIR ATATÜRK,SERDAR TATLI,2.10.2004 - 19:00
1067,https://www.tff.org/Default.aspx?pageId=397&macId=8394,MKE ANKARAGÜCÜ                                    ,2,GAZİANTEPSPOR                                     ,1,ANKARA 19 MAYIS,CEM PAPİLA,2.10.2004 - 19:00
1072,https://www.tff.org/Default.aspx?pageId=397&macId=8395,FENERBAHÇE                                        ,2,DENİZLİSPOR                                       ,0,FB ŞÜKRÜ SARACOĞLU,MUSTAFA ÇULCU,2.10.2004 - 19:00
1070,https://www.tff.org/Default.aspx?pageId=397&macId=8398,İSTANBULSPOR A.Ş.                                 ,2,KAYSERİSPOR                                       ,0,MİMAR YAHYA BAŞ,HAKAN SİVRİSERVİ,3.10.2004 - 15:00
1064,https://www.tff.org/Default.aspx?pageId=397&macId=8396,KONYASPOR                                         ,3,GENÇLERBİRLİĞİ                                    ,2,KONYA ATATÜRK,ORHAN ERDEMİR,3.10.2004 - 19:00
1068,https://www.tff.org/Default.aspx?pageId=397&macId=8397,TRABZONSPOR                                       ,1,BEŞİKTAŞ A.Ş.                                     ,0,HÜSEYİN AVNİ AKER,KUDDUSİ MÜFTÜOĞLU,3.10.2004 - 19:00
1071,https://www.tff.org/Default.aspx?pageId=397&macId=8399,SAMSUNSPOR                                        ,3,A.SEBATSPOR                                       ,0,SAMSUN 19 MAYIS,ZAFER ÖNDER İPEK,3.10.2004 - 19:00
1077,https://www.tff.org/Default.aspx?pageId=397&macId=8546,GENÇLERBİRLİĞİ                                    ,2,ÇAYKUR RİZESPOR                                   ,1,ANKARA 19 MAYIS,MUSTAFA ÇULCU,16.10.2004 - 19:00
1075,https://www.tff.org/Default.aspx?pageId=397&macId=8545,GAZİANTEPSPOR                                     ,0,FENERBAHÇE                                        ,1,KAMİL OCAK,OKTAY DEMİRAY,16.10.2004 - 19:15
1080,https://www.tff.org/Default.aspx?pageId=397&macId=8548,SAKARYASPOR A.Ş.                                  ,1,MKE ANKARAGÜCÜ                                    ,0,SAKARYA ATATÜRK,HAKAN SİVRİSERVİ,16.10.2004 - 20:00
1079,https://www.tff.org/Default.aspx?pageId=397&macId=8547,BEŞİKTAŞ A.Ş.                                     ,4,DİYARBAKIRSPOR                                    ,0,BEŞİKTAŞ İNÖNÜ,EROL ERSOY,16.10.2004 - 21:15
1078,https://www.tff.org/Default.aspx?pageId=397&macId=8552,A.SEBATSPOR                                       ,2,İSTANBULSPOR A.Ş.                                 ,2,AKÇAABAT FATİH ,YILNUR ÖNEN,17.10.2004 - 15:00
1073,https://www.tff.org/Default.aspx?pageId=397&macId=8549,MALATYASPOR                                       ,1,SAMSUNSPOR                                        ,2,MALATYA İNÖNÜ,CEM DEDA,17.10.2004 - 19:00
1074,https://www.tff.org/Default.aspx?pageId=397&macId=8550,B.B. ANKARASPOR                                   ,1,TRABZONSPOR                                       ,1,ANKARA 19 MAYIS,CÜNEYT ÇAKIR,17.10.2004 - 19:00
1076,https://www.tff.org/Default.aspx?pageId=397&macId=8551,DENİZLİSPOR                                       ,2,KONYASPOR                                         ,1,DENİZLİ ATATÜRK,YUNUS YILDIRIM,17.10.2004 - 20:00
1081,https://www.tff.org/Default.aspx?pageId=397&macId=8553,GALATASARAY                                       ,5,KAYSERİSPOR                                       ,1,ALİ SAMİ YEN,CEM PAPİLA,17.10.2004 - 20:00
1089,https://www.tff.org/Default.aspx?pageId=397&macId=8634,İSTANBULSPOR A.Ş.                                 ,0,MALATYASPOR                                       ,2,MİMAR YAHYA BAŞ,SELÇUK DERELİ,23.10.2004 - 15:00
1082,https://www.tff.org/Default.aspx?pageId=397&macId=8631,SAMSUNSPOR                                        ,2,GENÇLERBİRLİĞİ                                    ,0,SAMSUN 19 MAYIS,KUDDUSİ MÜFTÜOĞLU,23.10.2004 - 20:00
1084,https://www.tff.org/Default.aspx?pageId=397&macId=8632,KONYASPOR                                         ,2,GAZİANTEPSPOR                                     ,2,KONYA ATATÜRK,ÖZGÜÇ TÜRKALP,23.10.2004 - 20:00
1087,https://www.tff.org/Default.aspx?pageId=397&macId=8633,TRABZONSPOR                                       ,0,GALATASARAY                                       ,1,HÜSEYİN AVNİ AKER,SERDAR TATLI,23.10.2004 - 20:00
1083,https://www.tff.org/Default.aspx?pageId=397&macId=8635,FENERBAHÇE                                        ,6,SAKARYASPOR A.Ş.                                  ,0,FB ŞÜKRÜ SARACOĞLU,YUNUS YILDIRIM,24.10.2004 - 20:00
1085,https://www.tff.org/Default.aspx?pageId=397&macId=8636,MKE ANKARAGÜCÜ                                    ,1,BEŞİKTAŞ A.Ş.                                     ,4,ANKARA 19 MAYIS,OKTAY DEMİRAY,24.10.2004 - 20:00
1086,https://www.tff.org/Default.aspx?pageId=397&macId=8637,DİYARBAKIRSPOR                                    ,1,B.B. ANKARASPOR                                   ,0,DİYARBAKIR ATATÜRK,AYTEKİN DURMAZ,24.10.2004 - 20:00
1088,https://www.tff.org/Default.aspx?pageId=397&macId=8638,KAYSERİSPOR                                       ,4,A.SEBATSPOR                                       ,1,KAYSERİ ATATÜRK,FIRAT AYDINUS,24.10.2004 - 20:00
1090,https://www.tff.org/Default.aspx?pageId=397&macId=8639,ÇAYKUR RİZESPOR                                   ,2,DENİZLİSPOR                                       ,0,RİZE ATATÜRK,ZAFER ÖNDER İPEK,24.10.2004 - 20:00
1097,https://www.tff.org/Default.aspx?pageId=397&macId=8734,TRABZONSPOR                                       ,4,DİYARBAKIRSPOR                                    ,1,HÜSEYİN AVNİ AKER,BÜLENT DEMİRLEK,29.10.2004 - 20:00
1095,https://www.tff.org/Default.aspx?pageId=397&macId=8737,GENÇLERBİRLİĞİ                                    ,1,İSTANBULSPOR A.Ş.                                 ,0,ANKARA 19 MAYIS,CEM PAPİLA,30.10.2004 - 15:30
1092,https://www.tff.org/Default.aspx?pageId=397&macId=8735,BEŞİKTAŞ A.Ş.                                     ,2,FENERBAHÇE                                        ,1,BEŞİKTAŞ İNÖNÜ,FIRAT AYDINUS,30.10.2004 - 20:00
1094,https://www.tff.org/Default.aspx?pageId=397&macId=8736,DENİZLİSPOR                                       ,2,SAMSUNSPOR                                        ,0,DENİZLİ ATATÜRK,CÜNEYT ÇAKIR,30.10.2004 - 20:00
1099,https://www.tff.org/Default.aspx?pageId=397&macId=8738,GAZİANTEPSPOR                                     ,0,ÇAYKUR RİZESPOR                                   ,1,KAMİL OCAK,YUNUS YILDIRIM,30.10.2004 - 20:00
1091,https://www.tff.org/Default.aspx?pageId=397&macId=8739,B.B. ANKARASPOR                                   ,2,MKE ANKARAGÜCÜ                                    ,0,ANKARA 19 MAYIS,KUDDUSİ MÜFTÜOĞLU,31.10.2004 - 14:00
1096,https://www.tff.org/Default.aspx?pageId=397&macId=8741,MALATYASPOR                                       ,0,KAYSERİSPOR                                       ,1,MALATYA İNÖNÜ,ZAFER ÖNDER İPEK,31.10.2004 - 14:00
1098,https://www.tff.org/Default.aspx?pageId=397&macId=8742,SAKARYASPOR A.Ş.                                  ,1,KONYASPOR                                         ,4,SAKARYA ATATÜRK,İSMET ARZUMAN,31.10.2004 - 14:00
1093,https://www.tff.org/Default.aspx?pageId=397&macId=8740,GALATASARAY                                       ,2,A.SEBATSPOR                                       ,0,ALİ SAMİ YEN,ÖZGÜÇ TÜRKALP,31.10.2004 - 20:00
1105,https://www.tff.org/Default.aspx?pageId=397&macId=8820,DİYARBAKIRSPOR                                    ,2,GALATASARAY                                       ,0,DİYARBAKIR ATATÜRK,SELÇUK DERELİ,5.11.2004 - 20:00
1106,https://www.tff.org/Default.aspx?pageId=397&macId=8823,A.SEBATSPOR                                       ,1,MALATYASPOR                                       ,1,AKÇAABAT FATİH ,İSMET ARZUMAN,6.11.2004 - 13:30
1107,https://www.tff.org/Default.aspx?pageId=397&macId=8824,İSTANBULSPOR A.Ş.                                 ,1,DENİZLİSPOR                                       ,1,ZEYTİNBURNU,TOLGA ÖZKALFA,6.11.2004 - 13:30
1101,https://www.tff.org/Default.aspx?pageId=397&macId=8821,SAMSUNSPOR                                        ,1,GAZİANTEPSPOR                                     ,3,SAMSUN 19 MAYIS,METİN AYDOĞAN,6.11.2004 - 20:00
1102,https://www.tff.org/Default.aspx?pageId=397&macId=8822,FENERBAHÇE                                        ,1,B.B. ANKARASPOR                                   ,0,FB ŞÜKRÜ SARACOĞLU,BÜLENT DEMİRLEK,6.11.2004 - 20:00
1100,https://www.tff.org/Default.aspx?pageId=397&macId=8825,KAYSERİSPOR                                       ,1,GENÇLERBİRLİĞİ                                    ,2,KAYSERİ ATATÜRK,VEDAT YÜKSEL,7.11.2004 - 14:00
1104,https://www.tff.org/Default.aspx?pageId=397&macId=8827,MKE ANKARAGÜCÜ                                    ,0,TRABZONSPOR                                       ,2,ANKARA 19 MAYIS,EROL ERSOY,7.11.2004 - 14:00
1108,https://www.tff.org/Default.aspx?pageId=397&macId=8828,ÇAYKUR RİZESPOR                                   ,2,SAKARYASPOR A.Ş.                                  ,0,RİZE ATATÜRK,HÜSEYİN GÖÇEK,7.11.2004 - 18:30
1103,https://www.tff.org/Default.aspx?pageId=397&macId=8826,KONYASPOR                                         ,2,BEŞİKTAŞ A.Ş.                                     ,2,KONYA ATATÜRK,CEM DEDA,7.11.2004 - 19:00
1111,https://www.tff.org/Default.aspx?pageId=397&macId=8974,SAKARYASPOR A.Ş.                                  ,4,SAMSUNSPOR                                        ,2,SAKARYA ATATÜRK,ORHAN ERDEMİR,20.11.2004 - 16:00
1115,https://www.tff.org/Default.aspx?pageId=397&macId=8976,B.B. ANKARASPOR                                   ,1,KONYASPOR                                         ,3,ANKARA 19 MAYIS,FIRAT AYDINUS,20.11.2004 - 16:00
1117,https://www.tff.org/Default.aspx?pageId=397&macId=8977,GALATASARAY                                       ,1,MALATYASPOR                                       ,1,ALİ SAMİ YEN,KUDDUSİ MÜFTÜOĞLU,20.11.2004 - 16:06
1114,https://www.tff.org/Default.aspx?pageId=397&macId=8975,TRABZONSPOR                                       ,0,FENERBAHÇE                                        ,2,HÜSEYİN AVNİ AKER,SELÇUK DERELİ,20.11.2004 - 19:05
1109,https://www.tff.org/Default.aspx?pageId=397&macId=8978,DENİZLİSPOR                                       ,2,KAYSERİSPOR                                       ,1,DENİZLİ ATATÜRK,CEM PAPİLA,21.11.2004 - 14:00
1112,https://www.tff.org/Default.aspx?pageId=397&macId=8980,GENÇLERBİRLİĞİ                                    ,1,A.SEBATSPOR                                       ,1,ANKARA 19 MAYIS,METİN AYDOĞAN,21.11.2004 - 14:00
1116,https://www.tff.org/Default.aspx?pageId=397&macId=8982,GAZİANTEPSPOR                                     ,0,İSTANBULSPOR A.Ş.                                 ,1,KAMİL OCAK,MUSTAFA ÇULCU,21.11.2004 - 14:00
1113,https://www.tff.org/Default.aspx?pageId=397&macId=8981,DİYARBAKIRSPOR                                    ,0,MKE ANKARAGÜCÜ                                    ,1,DİYARBAKIR ATATÜRK,YUNUS YILDIRIM,21.11.2004 - 16:00
1110,https://www.tff.org/Default.aspx?pageId=397&macId=8979,BEŞİKTAŞ A.Ş.                                     ,2,ÇAYKUR RİZESPOR                                   ,2,BEŞİKTAŞ İNÖNÜ,SERDAR TATLI,21.11.2004 - 19:00
1122,https://www.tff.org/Default.aspx?pageId=397&macId=9060,MKE ANKARAGÜCÜ                                    ,0,GALATASARAY                                       ,1,ANKARA 19 MAYIS,İSMET ARZUMAN,26.11.2004 - 20:00
1121,https://www.tff.org/Default.aspx?pageId=397&macId=9062,KONYASPOR                                         ,1,TRABZONSPOR                                       ,1,KONYA ATATÜRK,KUDDUSİ MÜFTÜOĞLU,27.11.2004 - 16:00
1126,https://www.tff.org/Default.aspx?pageId=397&macId=9064,ÇAYKUR RİZESPOR                                   ,2,B.B. ANKARASPOR                                   ,1,RİZE ATATÜRK,SÜLEYMAN ABAY,27.11.2004 - 16:00
1120,https://www.tff.org/Default.aspx?pageId=397&macId=9061,FENERBAHÇE                                        ,3,DİYARBAKIRSPOR                                    ,0,FB ŞÜKRÜ SARACOĞLU,CEM DEDA,27.11.2004 - 19:00
1119,https://www.tff.org/Default.aspx?pageId=397&macId=9066,A.SEBATSPOR                                       ,2,DENİZLİSPOR                                       ,1,AKÇAABAT FATİH ,HÜSEYİN GÖÇEK,28.11.2004 - 13:30
1124,https://www.tff.org/Default.aspx?pageId=397&macId=9067,İSTANBULSPOR A.Ş.                                 ,3,SAKARYASPOR A.Ş.                                  ,0,ZEYTİNBURNU,ZAFER ÖNDER İPEK,28.11.2004 - 13:30
1118,https://www.tff.org/Default.aspx?pageId=397&macId=9065,MALATYASPOR                                       ,0,GENÇLERBİRLİĞİ                                    ,2,MALATYA İNÖNÜ,FIRAT AYDINUS,28.11.2004 - 14:00
1123,https://www.tff.org/Default.aspx?pageId=397&macId=9063,KAYSERİSPOR                                       ,3,GAZİANTEPSPOR                                     ,1,KAYSERİ ATATÜRK,EROL ERSOY,28.11.2004 - 14:00
1125,https://www.tff.org/Default.aspx?pageId=397&macId=9068,SAMSUNSPOR                                        ,2,BEŞİKTAŞ A.Ş.                                     ,4,SAMSUN 19 MAYIS,MUSTAFA ÇULCU,28.11.2004 - 19:05
1135,https://www.tff.org/Default.aspx?pageId=397&macId=9230,FENERBAHÇE                                        ,5,MKE ANKARAGÜCÜ                                    ,0,FB ŞÜKRÜ SARACOĞLU,KUDDUSİ MÜFTÜOĞLU,3.12.2004 - 20:00
1127,https://www.tff.org/Default.aspx?pageId=397&macId=9146,DENİZLİSPOR                                       ,0,MALATYASPOR                                       ,0,DENİZLİ ATATÜRK,VEDAT YÜKSEL,4.12.2004 - 16:00
1128,https://www.tff.org/Default.aspx?pageId=397&macId=9147,TRABZONSPOR                                       ,1,ÇAYKUR RİZESPOR                                   ,0,HÜSEYİN AVNİ AKER,CÜNEYT ÇAKIR,4.12.2004 - 16:00
1131,https://www.tff.org/Default.aspx?pageId=397&macId=9149,DİYARBAKIRSPOR                                    ,3,KONYASPOR                                         ,3,DİYARBAKIR ATATÜRK,METİN AYDOĞAN,4.12.2004 - 16:00
1130,https://www.tff.org/Default.aspx?pageId=397&macId=9148,GENÇLERBİRLİĞİ                                    ,1,GALATASARAY                                       ,3,ANKARA 19 MAYIS,CEM DEDA,4.12.2004 - 19:00
1129,https://www.tff.org/Default.aspx?pageId=397&macId=9159,SAKARYASPOR A.Ş.                                  ,4,KAYSERİSPOR                                       ,2,SAKARYA ATATÜRK,YILNUR ÖNEN,5.12.2004 - 14:00
1134,https://www.tff.org/Default.aspx?pageId=397&macId=9162,GAZİANTEPSPOR                                     ,6,A.SEBATSPOR                                       ,4,KAMİL OCAK,HAKAN SİVRİSERVİ,5.12.2004 - 14:00
1132,https://www.tff.org/Default.aspx?pageId=397&macId=9160,B.B. ANKARASPOR                                   ,0,SAMSUNSPOR                                        ,1,ANKARA 19 MAYIS,YUNUS YILDIRIM,5.12.2004 - 14:05
1133,https://www.tff.org/Default.aspx?pageId=397&macId=9161,BEŞİKTAŞ A.Ş.                                     ,2,İSTANBULSPOR A.Ş.                                 ,1,BEŞİKTAŞ İNÖNÜ,FIRAT AYDINUS,5.12.2004 - 19:00
1142,https://www.tff.org/Default.aspx?pageId=397&macId=9232,KAYSERİSPOR                                       ,1,BEŞİKTAŞ A.Ş.                                     ,2,KAYSERİ ATATÜRK,CEM DEDA,10.12.2004 - 20:00
1136,https://www.tff.org/Default.aspx?pageId=397&macId=9233,A.SEBATSPOR                                       ,0,SAKARYASPOR A.Ş.                                  ,1,AKÇAABAT FATİH ,SERDAR TATLI,11.12.2004 - 13:30
1143,https://www.tff.org/Default.aspx?pageId=397&macId=9236,İSTANBULSPOR A.Ş.                                 ,1,B.B. ANKARASPOR                                   ,1,ZEYTİNBURNU,EROL ERSOY,11.12.2004 - 13:30
1141,https://www.tff.org/Default.aspx?pageId=397&macId=9235,MALATYASPOR                                       ,2,GAZİANTEPSPOR                                     ,1,MALATYA İNÖNÜ,HAMZA MISIR,11.12.2004 - 16:00
1137,https://www.tff.org/Default.aspx?pageId=397&macId=9234,SAMSUNSPOR                                        ,0,TRABZONSPOR                                       ,4,SAMSUN 19 MAYIS,KUDDUSİ MÜFTÜOĞLU,11.12.2004 - 19:00
1139,https://www.tff.org/Default.aspx?pageId=397&macId=9238,KONYASPOR                                         ,3,MKE ANKARAGÜCÜ                                    ,4,KONYA ATATÜRK,VEDAT YÜKSEL,12.12.2004 - 13:00
1140,https://www.tff.org/Default.aspx?pageId=397&macId=9239,GENÇLERBİRLİĞİ                                    ,1,DENİZLİSPOR                                       ,3,ANKARA 19 MAYIS,YUNUS YILDIRIM,12.12.2004 - 14:00
1144,https://www.tff.org/Default.aspx?pageId=397&macId=9240,ÇAYKUR RİZESPOR                                   ,3,DİYARBAKIRSPOR                                    ,0,RİZE ATATÜRK,YILNUR ÖNEN,12.12.2004 - 14:00
1138,https://www.tff.org/Default.aspx?pageId=397&macId=9237,GALATASARAY                                       ,1,FENERBAHÇE                                        ,0,ALİ SAMİ YEN,CEM PAPİLA,12.12.2004 - 19:12
1145,https://www.tff.org/Default.aspx?pageId=397&macId=9318,DENİZLİSPOR                                       ,0,GALATASARAY                                       ,0,DENİZLİ ATATÜRK,KUDDUSİ MÜFTÜOĞLU,17.12.2004 - 20:00
1147,https://www.tff.org/Default.aspx?pageId=397&macId=9319,GAZİANTEPSPOR                                     ,1,GENÇLERBİRLİĞİ                                    ,0,KAMİL OCAK,TOLGA ÖZKALFA,18.12.2004 - 16:00
1148,https://www.tff.org/Default.aspx?pageId=397&macId=9320,MKE ANKARAGÜCÜ                                    ,0,ÇAYKUR RİZESPOR                                   ,0,ANKARA 19 MAYIS,CEM DEDA,18.12.2004 - 16:00
1150,https://www.tff.org/Default.aspx?pageId=397&macId=9321,TRABZONSPOR                                       ,1,İSTANBULSPOR A.Ş.                                 ,1,HÜSEYİN AVNİ AKER,YILNUR ÖNEN,18.12.2004 - 16:00
1153,https://www.tff.org/Default.aspx?pageId=397&macId=9322,FENERBAHÇE                                        ,3,KONYASPOR                                         ,0,FB ŞÜKRÜ SARACOĞLU,SERDAR TATLI,18.12.2004 - 19:10
1146,https://www.tff.org/Default.aspx?pageId=397&macId=9323,B.B. ANKARASPOR                                   ,4,KAYSERİSPOR                                       ,1,ANKARA 19 MAYIS,HÜSEYİN GÖÇEK,19.12.2004 - 14:00
1149,https://www.tff.org/Default.aspx?pageId=397&macId=9324,DİYARBAKIRSPOR                                    ,3,SAMSUNSPOR                                        ,0,DİYARBAKIR ATATÜRK,VEDAT YÜKSEL,19.12.2004 - 14:00
1152,https://www.tff.org/Default.aspx?pageId=397&macId=9326,SAKARYASPOR A.Ş.                                  ,4,MALATYASPOR                                       ,1,SAKARYA ATATÜRK,CÜNEYT ÇAKIR,19.12.2004 - 14:00
1151,https://www.tff.org/Default.aspx?pageId=397&macId=9325,BEŞİKTAŞ A.Ş.                                     ,6,A.SEBATSPOR                                       ,1,BEŞİKTAŞ İNÖNÜ,EROL ERSOY,19.12.2004 - 19:00
1162,https://www.tff.org/Default.aspx?pageId=397&macId=9428,KONYASPOR                                         ,0,GALATASARAY                                       ,2,KONYA ATATÜRK,CEM DEDA,28.01.2005 - 20:00
1157,https://www.tff.org/Default.aspx?pageId=397&macId=9431,SAKARYASPOR A.Ş.                                  ,2,GENÇLERBİRLİĞİ                                    ,2,SAKARYA ATATÜRK,VEDAT YÜKSEL,29.01.2005 - 16:00
1159,https://www.tff.org/Default.aspx?pageId=397&macId=9432,DİYARBAKIRSPOR                                    ,1,İSTANBULSPOR A.Ş.                                 ,0,DİYARBAKIR ATATÜRK,SELÇUK DERELİ,29.01.2005 - 16:00
1156,https://www.tff.org/Default.aspx?pageId=397&macId=9430,B.B. ANKARASPOR                                   ,2,A.SEBATSPOR                                       ,1,ANKARA 19 MAYIS,YUNUS YILDIRIM,29.01.2005 - 16:03
1155,https://www.tff.org/Default.aspx?pageId=397&macId=9429,BEŞİKTAŞ A.Ş.                                     ,1,MALATYASPOR                                       ,0,BEŞİKTAŞ İNÖNÜ,TOLGA ÖZKALFA,29.01.2005 - 19:00
1154,https://www.tff.org/Default.aspx?pageId=397&macId=9433,GAZİANTEPSPOR                                     ,3,DENİZLİSPOR                                       ,1,KAMİL OCAK,BÜLENT DEMİRLEK,30.01.2005 - 14:00
1158,https://www.tff.org/Default.aspx?pageId=397&macId=9434,TRABZONSPOR                                       ,3,KAYSERİSPOR                                       ,1,HÜSEYİN AVNİ AKER,FIRAT AYDINUS,30.01.2005 - 14:00
1160,https://www.tff.org/Default.aspx?pageId=397&macId=9435,MKE ANKARAGÜCÜ                                    ,1,SAMSUNSPOR                                        ,2,ANKARA 19 MAYIS,HÜSEYİN GÖÇEK,30.01.2005 - 14:00
1161,https://www.tff.org/Default.aspx?pageId=397&macId=9436,FENERBAHÇE                                        ,2,ÇAYKUR RİZESPOR                                   ,0,FB ŞÜKRÜ SARACOĞLU,EROL ERSOY,30.01.2005 - 19:00
1169,https://www.tff.org/Default.aspx?pageId=397&macId=9540,GALATASARAY                                       ,5,GAZİANTEPSPOR                                     ,1,ALİ SAMİ YEN,VEDAT YÜKSEL,4.02.2005 - 20:00
1166,https://www.tff.org/Default.aspx?pageId=397&macId=9542,KAYSERİSPOR                                       ,3,DİYARBAKIRSPOR                                    ,0,KAYSERİ ATATÜRK,MUSTAFA ÇULCU,5.02.2005 - 16:00
1167,https://www.tff.org/Default.aspx?pageId=397&macId=9543,MALATYASPOR                                       ,2,B.B. ANKARASPOR                                   ,1,MALATYA İNÖNÜ,VEDAT TAN,5.02.2005 - 16:00
1171,https://www.tff.org/Default.aspx?pageId=397&macId=9544,ÇAYKUR RİZESPOR                                   ,1,KONYASPOR                                         ,1,RİZE ATATÜRK,ORHAN ERDEMİR,5.02.2005 - 16:00
1164,https://www.tff.org/Default.aspx?pageId=397&macId=9541,SAMSUNSPOR                                        ,1,FENERBAHÇE                                        ,1,SAMSUN 19 MAYIS,CEM DEDA,5.02.2005 - 19:05
1168,https://www.tff.org/Default.aspx?pageId=397&macId=9546,DENİZLİSPOR                                       ,6,SAKARYASPOR A.Ş.                                  ,1,DENİZLİ ATATÜRK,BÜLENT YILDIRIM,6.02.2005 - 14:00
1170,https://www.tff.org/Default.aspx?pageId=397&macId=9547,A.SEBATSPOR                                       ,0,TRABZONSPOR                                       ,1,AKÇAABAT FATİH ,BÜLENT DEMİRLEK,6.02.2005 - 14:00
1163,https://www.tff.org/Default.aspx?pageId=397&macId=9545,BEŞİKTAŞ A.Ş.                                     ,1,GENÇLERBİRLİĞİ                                    ,1,BEŞİKTAŞ İNÖNÜ,KUDDUSİ MÜFTÜOĞLU,6.02.2005 - 19:00
1165,https://www.tff.org/Default.aspx?pageId=397&macId=9945,İSTANBULSPOR A.Ş.                                 ,1,MKE ANKARAGÜCÜ                                    ,2,VEFA,HAKAN SİVRİSERVİ,9.03.2005 - 14:00
1307,https://www.tff.org/Default.aspx?pageId=397&macId=9946,BEŞİKTAŞ A.Ş.                                     ,0,GENÇLERBİRLİĞİ                                    ,0,BEŞİKTAŞ İNÖNÜ,İSMET ARZUMAN,9.03.2005 - 19:00
1172,https://www.tff.org/Default.aspx?pageId=397&macId=9548,ÇAYKUR RİZESPOR                                   ,0,GALATASARAY                                       ,3,RİZE ATATÜRK,MUSTAFA ÇULCU,12.02.2005 - 16:00
1174,https://www.tff.org/Default.aspx?pageId=397&macId=9549,MKE ANKARAGÜCÜ                                    ,2,KAYSERİSPOR                                       ,2,ANKARA 19 MAYIS,BÜLENT DEMİRLEK,12.02.2005 - 16:00
1178,https://www.tff.org/Default.aspx?pageId=397&macId=9551,KONYASPOR                                         ,3,SAMSUNSPOR                                        ,0,KONYA ATATÜRK,SÜLEYMAN ABAY,12.02.2005 - 16:00
1175,https://www.tff.org/Default.aspx?pageId=397&macId=9550,BEŞİKTAŞ A.Ş.                                     ,2,DENİZLİSPOR                                       ,0,BEŞİKTAŞ İNÖNÜ,SELÇUK DERELİ,12.02.2005 - 19:00
1176,https://www.tff.org/Default.aspx?pageId=397&macId=9553,TRABZONSPOR                                       ,3,MALATYASPOR                                       ,0,HÜSEYİN AVNİ AKER,YUNUS YILDIRIM,13.02.2005 - 14:00
1177,https://www.tff.org/Default.aspx?pageId=397&macId=9554,DİYARBAKIRSPOR                                    ,1,A.SEBATSPOR                                       ,0,DİYARBAKIR ATATÜRK,YILNUR ÖNEN,13.02.2005 - 14:00
1179,https://www.tff.org/Default.aspx?pageId=397&macId=9555,SAKARYASPOR A.Ş.                                  ,2,GAZİANTEPSPOR                                     ,2,SAKARYA ATATÜRK,OKTAY DEMİRAY,13.02.2005 - 14:00
1173,https://www.tff.org/Default.aspx?pageId=397&macId=9552,B.B. ANKARASPOR                                   ,2,GENÇLERBİRLİĞİ                                    ,1,ANKARA 19 MAYIS,ÖZGÜÇ TÜRKALP,13.02.2005 - 16:00
1180,https://www.tff.org/Default.aspx?pageId=397&macId=9556,FENERBAHÇE                                        ,4,İSTANBULSPOR A.Ş.                                 ,0,FB ŞÜKRÜ SARACOĞLU,VEDAT YÜKSEL,13.02.2005 - 19:00
1186,https://www.tff.org/Default.aspx?pageId=397&macId=9557,GAZİANTEPSPOR                                     ,0,BEŞİKTAŞ A.Ş.                                     ,1,KAMİL OCAK,ÖZGÜÇ TÜRKALP,18.02.2005 - 20:00
1184,https://www.tff.org/Default.aspx?pageId=397&macId=9559,A.SEBATSPOR                                       ,0,MKE ANKARAGÜCÜ                                    ,0,AKÇAABAT FATİH ,ORHAN ERDEMİR,19.02.2005 - 14:00
1189,https://www.tff.org/Default.aspx?pageId=397&macId=9561,İSTANBULSPOR A.Ş.                                 ,2,KONYASPOR                                         ,2,ZEYTİNBURNU,METİN TOKAT,19.02.2005 - 14:00
1182,https://www.tff.org/Default.aspx?pageId=397&macId=9558,DENİZLİSPOR                                       ,1,B.B. ANKARASPOR                                   ,1,DENİZLİ ATATÜRK,SÜLEYMAN ABAY,19.02.2005 - 16:00
1187,https://www.tff.org/Default.aspx?pageId=397&macId=9560,GALATASARAY                                       ,1,SAKARYASPOR A.Ş.                                  ,0,ALİ SAMİ YEN,HAKAN SİVRİSERVİ,19.02.2005 - 19:07
1181,https://www.tff.org/Default.aspx?pageId=397&macId=9562,MALATYASPOR                                       ,2,DİYARBAKIRSPOR                                    ,1,MALATYA İNÖNÜ,HÜSEYİN GÖÇEK,20.02.2005 - 14:00
1183,https://www.tff.org/Default.aspx?pageId=397&macId=9563,SAMSUNSPOR                                        ,0,ÇAYKUR RİZESPOR                                   ,1,SAMSUN 19 MAYIS,FIRAT AYDINUS,20.02.2005 - 14:00
1185,https://www.tff.org/Default.aspx?pageId=397&macId=9564,GENÇLERBİRLİĞİ                                    ,0,TRABZONSPOR                                       ,1,ANKARA 19 MAYIS,OKTAY DEMİRAY,20.02.2005 - 16:00
1188,https://www.tff.org/Default.aspx?pageId=397&macId=9565,FENERBAHÇE                                        ,7,KAYSERİSPOR                                       ,0,FB ŞÜKRÜ SARACOĞLU,TOLGA ÖZKALFA,20.02.2005 - 19:00
1194,https://www.tff.org/Default.aspx?pageId=397&macId=9770,DİYARBAKIRSPOR                                    ,1,GENÇLERBİRLİĞİ                                    ,3,DİYARBAKIR ATATÜRK,VEDAT TAN,26.02.2005 - 16:00
1195,https://www.tff.org/Default.aspx?pageId=397&macId=9771,MKE ANKARAGÜCÜ                                    ,3,MALATYASPOR                                       ,0,ANKARA 19 MAYIS,CEM DEDA,26.02.2005 - 16:00
1198,https://www.tff.org/Default.aspx?pageId=397&macId=9772,ÇAYKUR RİZESPOR                                   ,1,İSTANBULSPOR A.Ş.                                 ,1,RİZE ATATÜRK,YILNUR ÖNEN,26.02.2005 - 16:00
1193,https://www.tff.org/Default.aspx?pageId=397&macId=9769,SAMSUNSPOR                                        ,2,GALATASARAY                                       ,1,SAMSUN 19 MAYIS,OKTAY DEMİRAY,26.02.2005 - 19:00
1190,https://www.tff.org/Default.aspx?pageId=397&macId=9773,TRABZONSPOR                                       ,3,DENİZLİSPOR                                       ,0,HÜSEYİN AVNİ AKER,ÖZGÜÇ TÜRKALP,27.02.2005 - 14:00
1192,https://www.tff.org/Default.aspx?pageId=397&macId=9775,B.B. ANKARASPOR                                   ,1,GAZİANTEPSPOR                                     ,0,ANKARA 19 MAYIS,HÜSEYİN GÖÇEK,27.02.2005 - 14:00
1197,https://www.tff.org/Default.aspx?pageId=397&macId=9777,KONYASPOR                                         ,3,KAYSERİSPOR                                       ,1,KONYA ATATÜRK,ZAFER ÖNDER İPEK,27.02.2005 - 14:00
1191,https://www.tff.org/Default.aspx?pageId=397&macId=9774,BEŞİKTAŞ A.Ş.                                     ,2,SAKARYASPOR A.Ş.                                  ,1,BEŞİKTAŞ İNÖNÜ,VEDAT YÜKSEL,27.02.2005 - 16:30
1196,https://www.tff.org/Default.aspx?pageId=397&macId=9776,FENERBAHÇE                                        ,2,A.SEBATSPOR                                       ,0,FB ŞÜKRÜ SARACOĞLU,YUNUS YILDIRIM,27.02.2005 - 19:00
1205,https://www.tff.org/Default.aspx?pageId=397&macId=9860,İSTANBULSPOR A.Ş.                                 ,1,SAMSUNSPOR                                        ,1,VEFA,YUNUS YILDIRIM,5.03.2005 - 14:00
1199,https://www.tff.org/Default.aspx?pageId=397&macId=9854,SAKARYASPOR A.Ş.                                  ,1,B.B. ANKARASPOR                                   ,1,SAKARYA ATATÜRK,MUSTAFA ÇULCU,5.03.2005 - 16:00
1202,https://www.tff.org/Default.aspx?pageId=397&macId=9856,GENÇLERBİRLİĞİ                                    ,4,MKE ANKARAGÜCÜ                                    ,0,ANKARA 19 MAYIS,METİN TOKAT,5.03.2005 - 16:00
1200,https://www.tff.org/Default.aspx?pageId=397&macId=9855,GALATASARAY                                       ,1,BEŞİKTAŞ A.Ş.                                     ,0,ALİ SAMİ YEN,FIRAT AYDINUS,5.03.2005 - 19:00
1201,https://www.tff.org/Default.aspx?pageId=397&macId=9857,A.SEBATSPOR                                       ,3,KONYASPOR                                         ,5,AKÇAABAT FATİH ,VEDAT TAN,6.03.2005 - 14:00
1203,https://www.tff.org/Default.aspx?pageId=397&macId=9858,DENİZLİSPOR                                       ,0,DİYARBAKIRSPOR                                    ,0,DENİZLİ ATATÜRK,HAMZA MISIR,6.03.2005 - 14:00
1206,https://www.tff.org/Default.aspx?pageId=397&macId=9861,KAYSERİSPOR                                       ,2,ÇAYKUR RİZESPOR                                   ,1,KAYSERİ ATATÜRK,ORHAN ERDEMİR,6.03.2005 - 14:00
1204,https://www.tff.org/Default.aspx?pageId=397&macId=9859,GAZİANTEPSPOR                                     ,3,TRABZONSPOR                                       ,2,KAMİL OCAK,CEM PAPİLA,6.03.2005 - 16:00
1207,https://www.tff.org/Default.aspx?pageId=397&macId=9862,MALATYASPOR                                       ,0,FENERBAHÇE                                        ,2,MALATYA İNÖNÜ,BÜLENT DEMİRLEK,6.03.2005 - 19:00
1208,https://www.tff.org/Default.aspx?pageId=397&macId=9947,MKE ANKARAGÜCÜ                                    ,1,DENİZLİSPOR                                       ,1,ANKARA 19 MAYIS,METİN AYDOĞAN,12.03.2005 - 16:00
1212,https://www.tff.org/Default.aspx?pageId=397&macId=9948,KONYASPOR                                         ,2,MALATYASPOR                                       ,0,KONYA ATATÜRK,AYTEKİN DURMAZ,12.03.2005 - 16:00
1214,https://www.tff.org/Default.aspx?pageId=397&macId=9949,TRABZONSPOR                                       ,4,SAKARYASPOR A.Ş.                                  ,3,HÜSEYİN AVNİ AKER,ORHAN ERDEMİR,12.03.2005 - 16:00
1216,https://www.tff.org/Default.aspx?pageId=397&macId=9950,İSTANBULSPOR A.Ş.                                 ,0,GALATASARAY                                       ,3,ATATÜRK OLİMPİYAT,SELÇUK DERELİ,12.03.2005 - 19:00
1209,https://www.tff.org/Default.aspx?pageId=397&macId=9951,ÇAYKUR RİZESPOR                                   ,2,A.SEBATSPOR                                       ,1,RİZE ATATÜRK,CÜNEYT ÇAKIR,13.03.2005 - 14:00
1213,https://www.tff.org/Default.aspx?pageId=397&macId=9954,SAMSUNSPOR                                        ,3,KAYSERİSPOR                                       ,3,SAMSUN 19 MAYIS,CEM PAPİLA,13.03.2005 - 14:00
1215,https://www.tff.org/Default.aspx?pageId=397&macId=9955,DİYARBAKIRSPOR                                    ,3,GAZİANTEPSPOR                                     ,0,DİYARBAKIR ATATÜRK,ZAFER ÖNDER İPEK,13.03.2005 - 14:00
1210,https://www.tff.org/Default.aspx?pageId=397&macId=9952,B.B. ANKARASPOR                                   ,2,BEŞİKTAŞ A.Ş.                                     ,4,ANKARA 19 MAYIS,BÜLENT DEMİRLEK,13.03.2005 - 16:00
1211,https://www.tff.org/Default.aspx?pageId=397&macId=9953,FENERBAHÇE                                        ,3,GENÇLERBİRLİĞİ                                    ,2,FB ŞÜKRÜ SARACOĞLU,CEM DEDA,13.03.2005 - 19:00
1225,https://www.tff.org/Default.aspx?pageId=397&macId=10034,DENİZLİSPOR                                       ,2,FENERBAHÇE                                        ,0,DENİZLİ ATATÜRK,CEM PAPİLA,18.03.2005 - 20:00
1219,https://www.tff.org/Default.aspx?pageId=397&macId=10035,MALATYASPOR                                       ,0,ÇAYKUR RİZESPOR                                   ,1,MALATYA İNÖNÜ,HAKAN SİVRİSERVİ,19.03.2005 - 16:00
1220,https://www.tff.org/Default.aspx?pageId=397&macId=10036,GAZİANTEPSPOR                                     ,2,MKE ANKARAGÜCÜ                                    ,0,KAMİL OCAK,SÜLEYMAN ABAY,19.03.2005 - 16:00
1223,https://www.tff.org/Default.aspx?pageId=397&macId=10038,KAYSERİSPOR                                       ,0,İSTANBULSPOR A.Ş.                                 ,0,KAYSERİ ATATÜRK,BÜLENT DEMİRLEK,19.03.2005 - 16:00
1221,https://www.tff.org/Default.aspx?pageId=397&macId=10037,BEŞİKTAŞ A.Ş.                                     ,1,TRABZONSPOR                                       ,0,BEŞİKTAŞ İNÖNÜ,SELÇUK DERELİ,19.03.2005 - 19:00
1217,https://www.tff.org/Default.aspx?pageId=397&macId=10039,GENÇLERBİRLİĞİ                                    ,2,KONYASPOR                                         ,1,ANKARA 19 MAYIS,FIRAT AYDINUS,20.03.2005 - 14:00
1218,https://www.tff.org/Default.aspx?pageId=397&macId=10040,SAKARYASPOR A.Ş.                                  ,3,DİYARBAKIRSPOR                                    ,2,SAKARYA ATATÜRK,METİN AYDOĞAN,20.03.2005 - 14:00
1224,https://www.tff.org/Default.aspx?pageId=397&macId=10042,A.SEBATSPOR                                       ,3,SAMSUNSPOR                                        ,0,AKÇAABAT FATİH ,İSMET ARZUMAN,20.03.2005 - 14:00
1222,https://www.tff.org/Default.aspx?pageId=397&macId=10041,GALATASARAY                                       ,4,B.B. ANKARASPOR                                   ,2,ALİ SAMİ YEN,SERDAR TATLI,20.03.2005 - 19:00
1231,https://www.tff.org/Default.aspx?pageId=397&macId=10190,İSTANBULSPOR A.Ş.                                 ,1,A.SEBATSPOR                                       ,0,ZEYTİNBURNU,ÖZGÜÇ TÜRKALP,2.04.2005 - 14:30
1230,https://www.tff.org/Default.aspx?pageId=397&macId=10189,ÇAYKUR RİZESPOR                                   ,1,GENÇLERBİRLİĞİ                                    ,1,RİZE ATATÜRK,BÜLENT DEMİRLEK,2.04.2005 - 16:00
1233,https://www.tff.org/Default.aspx?pageId=397&macId=10191,MKE ANKARAGÜCÜ                                    ,2,SAKARYASPOR A.Ş.                                  ,7,ANKARA 19 MAYIS,CÜNEYT ÇAKIR,2.04.2005 - 16:00
1228,https://www.tff.org/Default.aspx?pageId=397&macId=10188,FENERBAHÇE                                        ,2,GAZİANTEPSPOR                                     ,0,FB ŞÜKRÜ SARACOĞLU,SERDAR TATLI,2.04.2005 - 19:00
1226,https://www.tff.org/Default.aspx?pageId=397&macId=10192,SAMSUNSPOR                                        ,0,MALATYASPOR                                       ,1,SAMSUN 19 MAYIS,SÜLEYMAN ABAY,3.04.2005 - 14:30
1227,https://www.tff.org/Default.aspx?pageId=397&macId=10193,TRABZONSPOR                                       ,2,B.B. ANKARASPOR                                   ,2,HÜSEYİN AVNİ AKER,HAKAN SİVRİSERVİ,3.04.2005 - 14:30
1229,https://www.tff.org/Default.aspx?pageId=397&macId=10194,KONYASPOR                                         ,0,DENİZLİSPOR                                       ,0,KONYA ATATÜRK,METİN TOKAT,3.04.2005 - 14:30
1232,https://www.tff.org/Default.aspx?pageId=397&macId=10195,DİYARBAKIRSPOR                                    ,0,BEŞİKTAŞ A.Ş.                                     ,0,DİYARBAKIR ATATÜRK,CEM PAPİLA,3.04.2005 - 16:00
1234,https://www.tff.org/Default.aspx?pageId=397&macId=10196,KAYSERİSPOR                                       ,2,GALATASARAY                                       ,2,KAYSERİ ATATÜRK,İSMET ARZUMAN,3.04.2005 - 19:00
1238,https://www.tff.org/Default.aspx?pageId=397&macId=10274,BEŞİKTAŞ A.Ş.                                     ,4,MKE ANKARAGÜCÜ                                    ,1,BEŞİKTAŞ İNÖNÜ,SERDAR TATLI,8.04.2005 - 20:00
1241,https://www.tff.org/Default.aspx?pageId=397&macId=10277,A.SEBATSPOR                                       ,0,KAYSERİSPOR                                       ,0,AKÇAABAT FATİH ,MUSTAFA ÇULCU,9.04.2005 - 14:30
1239,https://www.tff.org/Default.aspx?pageId=397&macId=10276,B.B. ANKARASPOR                                   ,3,DİYARBAKIRSPOR                                    ,0,ANKARA 19 MAYIS,FIRAT AYDINUS,9.04.2005 - 16:00
1242,https://www.tff.org/Default.aspx?pageId=397&macId=10278,MALATYASPOR                                       ,2,İSTANBULSPOR A.Ş.                                 ,0,MALATYA İNÖNÜ,BÜLENT YILDIRIM,9.04.2005 - 16:00
1236,https://www.tff.org/Default.aspx?pageId=397&macId=10275,SAKARYASPOR A.Ş.                                  ,0,FENERBAHÇE                                        ,1,SAKARYA ATATÜRK,İSMET ARZUMAN,9.04.2005 - 19:00
1235,https://www.tff.org/Default.aspx?pageId=397&macId=10279,GENÇLERBİRLİĞİ                                    ,0,SAMSUNSPOR                                        ,0,ANKARA 19 MAYIS,METİN AYDOĞAN,10.04.2005 - 14:30
1237,https://www.tff.org/Default.aspx?pageId=397&macId=10280,GAZİANTEPSPOR                                     ,2,KONYASPOR                                         ,0,KAMİL OCAK,ORHAN ERDEMİR,10.04.2005 - 14:30
1243,https://www.tff.org/Default.aspx?pageId=397&macId=10282,DENİZLİSPOR                                       ,3,ÇAYKUR RİZESPOR                                   ,0,DENİZLİ ATATÜRK,YUNUS YILDIRIM,10.04.2005 - 14:30
1240,https://www.tff.org/Default.aspx?pageId=397&macId=10281,GALATASARAY                                       ,0,TRABZONSPOR                                       ,2,ALİ SAMİ YEN,CEM PAPİLA,10.04.2005 - 19:00
1250,https://www.tff.org/Default.aspx?pageId=397&macId=10597,DİYARBAKIRSPOR                                    ,0,TRABZONSPOR                                       ,1,DİYARBAKIR ATATÜRK,MUSTAFA ÇULCU,15.04.2005 - 20:00
1246,https://www.tff.org/Default.aspx?pageId=397&macId=10598,A.SEBATSPOR                                       ,1,GALATASARAY                                       ,3,AKÇAABAT FATİH ,SELÇUK DERELİ,16.04.2005 - 14:30
1247,https://www.tff.org/Default.aspx?pageId=397&macId=10599,SAMSUNSPOR                                        ,4,DENİZLİSPOR                                       ,0,SAMSUN 19 MAYIS,ZAFER ÖNDER İPEK,16.04.2005 - 16:00
1251,https://www.tff.org/Default.aspx?pageId=397&macId=10601,KONYASPOR                                         ,2,SAKARYASPOR A.Ş.                                  ,0,KONYA ATATÜRK,SERDAR TATLI,16.04.2005 - 16:00
1249,https://www.tff.org/Default.aspx?pageId=397&macId=10600,KAYSERİSPOR                                       ,1,MALATYASPOR                                       ,1,KAYSERİ ATATÜRK,FIRAT AYDINUS,16.04.2005 - 16:30
1244,https://www.tff.org/Default.aspx?pageId=397&macId=10602,MKE ANKARAGÜCÜ                                    ,2,B.B. ANKARASPOR                                   ,5,ANKARA 19 MAYIS,CEM PAPİLA,17.04.2005 - 14:30
1248,https://www.tff.org/Default.aspx?pageId=397&macId=10604,İSTANBULSPOR A.Ş.                                 ,1,GENÇLERBİRLİĞİ                                    ,3,ZEYTİNBURNU,İSMET ARZUMAN,17.04.2005 - 14:30
1252,https://www.tff.org/Default.aspx?pageId=397&macId=10605,ÇAYKUR RİZESPOR                                   ,1,GAZİANTEPSPOR                                     ,1,RİZE ATATÜRK,CÜNEYT ÇAKIR,17.04.2005 - 14:30
1245,https://www.tff.org/Default.aspx?pageId=397&macId=10603,FENERBAHÇE                                        ,3,BEŞİKTAŞ A.Ş.                                     ,4,FB ŞÜKRÜ SARACOĞLU,BÜLENT DEMİRLEK,17.04.2005 - 19:00
1254,https://www.tff.org/Default.aspx?pageId=397&macId=10627,GAZİANTEPSPOR                                     ,1,SAMSUNSPOR                                        ,3,KAMİL OCAK,EROL ERSOY,23.04.2005 - 16:00
1259,https://www.tff.org/Default.aspx?pageId=397&macId=10629,MALATYASPOR                                       ,2,A.SEBATSPOR                                       ,2,MALATYA İNÖNÜ,AYTEKİN DURMAZ,23.04.2005 - 16:00
1253,https://www.tff.org/Default.aspx?pageId=397&macId=10626,GENÇLERBİRLİĞİ                                    ,0,KAYSERİSPOR                                       ,0,ANKARA 19 MAYIS,CÜNEYT ÇAKIR,23.04.2005 - 16:30
1256,https://www.tff.org/Default.aspx?pageId=397&macId=10628,BEŞİKTAŞ A.Ş.                                     ,2,KONYASPOR                                         ,1,BEŞİKTAŞ İNÖNÜ,ZAFER ÖNDER İPEK,23.04.2005 - 19:00
1257,https://www.tff.org/Default.aspx?pageId=397&macId=10631,TRABZONSPOR                                       ,3,MKE ANKARAGÜCÜ                                    ,1,HÜSEYİN AVNİ AKER,FIRAT AYDINUS,24.04.2005 - 14:30
1260,https://www.tff.org/Default.aspx?pageId=397&macId=10633,DENİZLİSPOR                                       ,2,İSTANBULSPOR A.Ş.                                 ,2,DENİZLİ ATATÜRK,BÜLENT DEMİRLEK,24.04.2005 - 14:30
1261,https://www.tff.org/Default.aspx?pageId=397&macId=10634,SAKARYASPOR A.Ş.                                  ,3,ÇAYKUR RİZESPOR                                   ,1,SAKARYA ATATÜRK,ORHAN ERDEMİR,24.04.2005 - 14:30
1255,https://www.tff.org/Default.aspx?pageId=397&macId=10630,B.B. ANKARASPOR                                   ,0,FENERBAHÇE                                        ,1,ANKARA 19 MAYIS,SERDAR TATLI,24.04.2005 - 16:00
1258,https://www.tff.org/Default.aspx?pageId=397&macId=10632,GALATASARAY                                       ,1,DİYARBAKIRSPOR                                    ,0,ALİ SAMİ YEN,METİN TOKAT,24.04.2005 - 19:00
1269,https://www.tff.org/Default.aspx?pageId=397&macId=10708,İSTANBULSPOR A.Ş.                                 ,1,GAZİANTEPSPOR                                     ,3,ZEYTİNBURNU,SELÇUK DERELİ,29.04.2005 - 15:30
1263,https://www.tff.org/Default.aspx?pageId=397&macId=10707,ÇAYKUR RİZESPOR                                   ,0,BEŞİKTAŞ A.Ş.                                     ,1,RİZE ATATÜRK,İSMET ARZUMAN,29.04.2005 - 20:00
1262,https://www.tff.org/Default.aspx?pageId=397&macId=10709,KAYSERİSPOR                                       ,1,DENİZLİSPOR                                       ,0,KAYSERİ ATATÜRK,METİN TOKAT,30.04.2005 - 16:00
1265,https://www.tff.org/Default.aspx?pageId=397&macId=10711,A.SEBATSPOR                                       ,0,GENÇLERBİRLİĞİ                                    ,5,AKÇAABAT FATİH ,OKTAY DEMİRAY,30.04.2005 - 16:00
1266,https://www.tff.org/Default.aspx?pageId=397&macId=10712,MKE ANKARAGÜCÜ                                    ,4,DİYARBAKIRSPOR                                    ,1,ANKARA 19 MAYIS,BÜLENT DEMİRLEK,30.04.2005 - 16:00
1264,https://www.tff.org/Default.aspx?pageId=397&macId=10710,SAMSUNSPOR                                        ,1,SAKARYASPOR A.Ş.                                  ,1,SAMSUN 19 MAYIS,FIRAT AYDINUS,30.04.2005 - 16:30
1267,https://www.tff.org/Default.aspx?pageId=397&macId=10713,FENERBAHÇE                                        ,2,TRABZONSPOR                                       ,1,FB ŞÜKRÜ SARACOĞLU,CEM PAPİLA,30.04.2005 - 19:00
1268,https://www.tff.org/Default.aspx?pageId=397&macId=10714,KONYASPOR                                         ,2,B.B. ANKARASPOR                                   ,3,KONYA ATATÜRK,TOLGA ÖZKALFA,1.05.2005 - 15:30
1270,https://www.tff.org/Default.aspx?pageId=397&macId=10715,MALATYASPOR                                       ,0,GALATASARAY                                       ,1,MALATYA İNÖNÜ,SERDAR TATLI,1.05.2005 - 19:05
1279,https://www.tff.org/Default.aspx?pageId=397&macId=10740,B.B. ANKARASPOR                                   ,1,ÇAYKUR RİZESPOR                                   ,0,ANKARA 19 MAYIS,SERDAR TATLI,7.05.2005 - 16:00
1273,https://www.tff.org/Default.aspx?pageId=397&macId=10735,DİYARBAKIRSPOR                                    ,0,FENERBAHÇE                                        ,2,DİYARBAKIR ATATÜRK,YUNUS YILDIRIM,7.05.2005 - 19:00
1274,https://www.tff.org/Default.aspx?pageId=397&macId=10736,TRABZONSPOR                                       ,4,KONYASPOR                                         ,2,HÜSEYİN AVNİ AKER,CÜNEYT ÇAKIR,7.05.2005 - 19:00
1275,https://www.tff.org/Default.aspx?pageId=397&macId=10737,GALATASARAY                                       ,2,MKE ANKARAGÜCÜ                                    ,1,ALİ SAMİ YEN,OKTAY DEMİRAY,7.05.2005 - 19:00
1276,https://www.tff.org/Default.aspx?pageId=397&macId=10738,GAZİANTEPSPOR                                     ,1,KAYSERİSPOR                                       ,2,KAMİL OCAK,KUDDUSİ MÜFTÜOĞLU,7.05.2005 - 19:00
1277,https://www.tff.org/Default.aspx?pageId=397&macId=10739,SAKARYASPOR A.Ş.                                  ,1,İSTANBULSPOR A.Ş.                                 ,3,SAKARYA ATATÜRK,MUSTAFA ÇULCU,7.05.2005 - 19:00
1271,https://www.tff.org/Default.aspx?pageId=397&macId=10741,GENÇLERBİRLİĞİ                                    ,5,MALATYASPOR                                       ,3,ANKARA 19 MAYIS,EROL ERSOY,8.05.2005 - 15:30
1272,https://www.tff.org/Default.aspx?pageId=397&macId=10742,DENİZLİSPOR                                       ,4,A.SEBATSPOR                                       ,2,DENİZLİ ATATÜRK,BÜLENT YILDIRIM,8.05.2005 - 15:30
1278,https://www.tff.org/Default.aspx?pageId=397&macId=10743,BEŞİKTAŞ A.Ş.                                     ,2,SAMSUNSPOR                                        ,0,BEŞİKTAŞ İNÖNÜ,ÖZGÜÇ TÜRKALP,8.05.2005 - 19:00
1280,https://www.tff.org/Default.aspx?pageId=397&macId=10763,MALATYASPOR                                       ,2,DENİZLİSPOR                                       ,2,MALATYA İNÖNÜ,YILNUR ÖNEN,14.05.2005 - 16:30
1285,https://www.tff.org/Default.aspx?pageId=397&macId=10764,SAMSUNSPOR                                        ,0,B.B. ANKARASPOR                                   ,0,SAMSUN 19 MAYIS,EROL ERSOY,14.05.2005 - 16:30
1287,https://www.tff.org/Default.aspx?pageId=397&macId=10765,A.SEBATSPOR                                       ,2,GAZİANTEPSPOR                                     ,0,AKÇAABAT FATİH ,METİN AYDOĞAN,14.05.2005 - 16:30
1281,https://www.tff.org/Default.aspx?pageId=397&macId=10766,ÇAYKUR RİZESPOR                                   ,1,TRABZONSPOR                                       ,2,RİZE ATATÜRK,METİN TOKAT,15.05.2005 - 19:00
1282,https://www.tff.org/Default.aspx?pageId=397&macId=10767,KAYSERİSPOR                                       ,1,SAKARYASPOR A.Ş.                                  ,0,KAYSERİ ATATÜRK,İSMET ARZUMAN,15.05.2005 - 19:00
1283,https://www.tff.org/Default.aspx?pageId=397&macId=10768,GALATASARAY                                       ,1,GENÇLERBİRLİĞİ                                    ,2,ALİ SAMİ YEN,YUNUS YILDIRIM,15.05.2005 - 19:00
1284,https://www.tff.org/Default.aspx?pageId=397&macId=10769,KONYASPOR                                         ,2,DİYARBAKIRSPOR                                    ,1,KONYA ATATÜRK,FIRAT AYDINUS,15.05.2005 - 19:00
1286,https://www.tff.org/Default.aspx?pageId=397&macId=10770,İSTANBULSPOR A.Ş.                                 ,1,BEŞİKTAŞ A.Ş.                                     ,1, İSMETPAŞA,OKTAY DEMİRAY,15.05.2005 - 19:00
1288,https://www.tff.org/Default.aspx?pageId=397&macId=10771,MKE ANKARAGÜCÜ                                    ,1,FENERBAHÇE                                        ,0,ANKARA 19 MAYIS,BÜLENT DEMİRLEK,15.05.2005 - 19:00
1289,https://www.tff.org/Default.aspx?pageId=397&macId=10789,SAKARYASPOR A.Ş.                                  ,4,A.SEBATSPOR                                       ,2,SAKARYA ATATÜRK,METİN TOKAT,21.05.2005 - 16:30
1292,https://www.tff.org/Default.aspx?pageId=397&macId=10790,MKE ANKARAGÜCÜ                                    ,1,KONYASPOR                                         ,1,ANKARA 19 MAYIS,SERDAR TATLI,21.05.2005 - 16:30
1294,https://www.tff.org/Default.aspx?pageId=397&macId=10791,GAZİANTEPSPOR                                     ,4,MALATYASPOR                                       ,3,KAMİL OCAK,ÖZGÜÇ TÜRKALP,21.05.2005 - 16:30
1295,https://www.tff.org/Default.aspx?pageId=397&macId=10792,BEŞİKTAŞ A.Ş.                                     ,3,KAYSERİSPOR                                       ,2,BEŞİKTAŞ İNÖNÜ,YUNUS YILDIRIM,21.05.2005 - 16:30
1296,https://www.tff.org/Default.aspx?pageId=397&macId=10793,B.B. ANKARASPOR                                   ,3,İSTANBULSPOR A.Ş.                                 ,2,ANKARA OSTİM,BÜLENT DEMİRLEK,21.05.2005 - 16:30
1297,https://www.tff.org/Default.aspx?pageId=397&macId=10794,DİYARBAKIRSPOR                                    ,1,ÇAYKUR RİZESPOR                                   ,1,DİYARBAKIR ATATÜRK,SELÇUK DERELİ,21.05.2005 - 16:30
1293,https://www.tff.org/Default.aspx?pageId=397&macId=10797,DENİZLİSPOR                                       ,1,GENÇLERBİRLİĞİ                                    ,1,DENİZLİ ATATÜRK,KUDDUSİ MÜFTÜOĞLU,22.05.2005 - 16:30
1290,https://www.tff.org/Default.aspx?pageId=397&macId=10795,TRABZONSPOR                                       ,3,SAMSUNSPOR                                        ,0,HÜSEYİN AVNİ AKER,FIRAT AYDINUS,22.05.2005 - 19:00
1291,https://www.tff.org/Default.aspx?pageId=397&macId=10796,FENERBAHÇE                                        ,1,GALATASARAY                                       ,0,FB ŞÜKRÜ SARACOĞLU,İSMET ARZUMAN,22.05.2005 - 19:00
1306,https://www.tff.org/Default.aspx?pageId=397&macId=10819,KONYASPOR                                         ,4,FENERBAHÇE                                        ,2,KONYA ATATÜRK,METİN TOKAT,27.05.2005 - 20:00
1299,https://www.tff.org/Default.aspx?pageId=397&macId=10821,KAYSERİSPOR                                       ,0,B.B. ANKARASPOR                                   ,0,KAYSERİ ATATÜRK,MUSTAFA ÇULCU,28.05.2005 - 16:30
1300,https://www.tff.org/Default.aspx?pageId=397&macId=10822,GENÇLERBİRLİĞİ                                    ,2,GAZİANTEPSPOR                                     ,1,ANKARA 19 MAYIS,OKTAY DEMİRAY,28.05.2005 - 16:30
1301,https://www.tff.org/Default.aspx?pageId=397&macId=10823,ÇAYKUR RİZESPOR                                   ,1,MKE ANKARAGÜCÜ                                    ,2,RİZE ATATÜRK,SÜLEYMAN ABAY,28.05.2005 - 16:30
1302,https://www.tff.org/Default.aspx?pageId=397&macId=10824,SAMSUNSPOR                                        ,0,DİYARBAKIRSPOR                                    ,1,SAMSUN 19 MAYIS,ORHAN ERDEMİR,28.05.2005 - 16:30
1304,https://www.tff.org/Default.aspx?pageId=397&macId=10826,A.SEBATSPOR                                       ,2,BEŞİKTAŞ A.Ş.                                     ,2,AKÇAABAT FATİH ,BÜLENT YILDIRIM,28.05.2005 - 16:30
1305,https://www.tff.org/Default.aspx?pageId=397&macId=10827,MALATYASPOR                                       ,4,SAKARYASPOR A.Ş.                                  ,2,MALATYA İNÖNÜ,BÜLENT DEMİRLEK,28.05.2005 - 16:30
1298,https://www.tff.org/Default.aspx?pageId=397&macId=10820,GALATASARAY                                       ,4,DENİZLİSPOR                                       ,0,ALİ SAMİ YEN,SELÇUK DERELİ,28.05.2005 - 19:00
1303,https://www.tff.org/Default.aspx?pageId=397&macId=10825,İSTANBULSPOR A.Ş.                                 ,0,TRABZONSPOR                                       ,5,ATATÜRK OLİMPİYAT,SERDAR TATLI,28.05.2005 - 19:00
