Takim_adi,Oynadigi_mac_sayisi,Galibiyet_sayisi,Beraberlik_sayisi,Maglubiyet_sayisi,Attigi_gol_sayisi,Yedigi_gol_sayisi,Averaj,Puan
FENERBAHÇE,34,26,2,6,77,24,53,80
TRABZONSPOR,34,24,5,5,73,29,44,77
GALATASARAY,34,24,4,6,64,25,39,76
BEŞİKTAŞ A.Ş,34,20,9,5,70,39,31,69
GENÇLERBİRLİĞİ,34,14,9,11,52,41,11,51
DENİZLİSPOR,34,13,10,11,46,45,1,49
B.B. ANKARASPOR ,34,13,9,12,52,48,4,48
KONYASPOR,34,11,12,11,62,62,0,45
GAZİANTEPSPOR,34,13,5,16,49,55,-6,44
ÇAYKUR RİZESPOR,34,11,10,13,36,37,-1,43
MALATYASPOR,34,12,7,15,47,53,-6,43
SAMSUNSPOR,34,10,8,16,40,55,-15,38
MKE ANKARAGÜCÜ,34,10,8,16,37,61,-24,38
KAYSERİSPOR,34,8,10,16,42,65,-23,34
DİYARBAKIRSPOR,34,9,7,18,31,53,-22,34
SAKARYASPOR A.Ş,34,9,5,20,51,72,-21,32
İSTANBULSPOR A.Ş,34,5,12,17,32,59,-27,27
A.SEBATSPOR ,34,3,10,21,40,78,-38,19
