Takim_adi,Oynadigi_mac_sayisi,Galibiyet_sayisi,Beraberlik_sayisi,Maglubiyet_sayisi,Attigi_gol_sayisi,Yedigi_gol_sayisi,Averaj,Puan
BEŞİKTAŞ A.Ş,40,26,6,8,89,44,45,84
GALATASARAY A.Ş,40,26,6,8,80,36,44,84
FENERBAHÇE A.Ş,40,25,7,8,72,41,31,82
TRABZONSPOR A.Ş,40,19,14,7,50,37,13,71
DEMİR GRUP SİVASSPOR,40,16,17,7,54,43,11,65
ATAKAŞ HATAYSPOR,40,17,10,13,62,53,9,61
AYTEMİZ ALANYASPOR,40,17,9,14,58,45,13,60
FATİH KARAGÜMRÜK A.Ş,40,16,12,12,64,52,12,60
GAZİANTEP FUTBOL KULÜBÜ A.Ş,40,15,13,12,59,51,8,58
GÖZTEPE A.Ş,40,13,12,15,59,59,0,51
İTTİFAK HOLDİNG KONYASPOR,40,12,14,14,49,48,1,50
MEDİPOL BAŞAKŞEHİR FK,40,12,12,16,43,55,-12,48
ÇAYKUR RİZESPOR A.Ş,40,12,12,16,53,69,-16,48
KASIMPAŞA A.Ş,40,12,10,18,47,57,-10,46
HELENEX YENİ MALATYASPOR,40,10,15,15,49,53,-4,45
FRAPORT-TAV ANTALYASPOR,40,9,17,14,41,55,-14,44
HES KABLO KAYSERİSPOR,40,9,14,17,35,52,-17,41
ERZURUMSPOR FK,40,10,10,20,44,68,-24,40
MKE ANKARAGÜCÜ,40,10,8,22,46,65,-19,38
GENÇLERBİRLİĞİ,40,10,8,22,44,76,-32,38
YUKATEL DENİZLİSPOR,40,6,10,24,38,77,-39,28
