Takim_adi,Oynadigi_mac_sayisi,Galibiyet_sayisi,Beraberlik_sayisi,Maglubiyet_sayisi,Attigi_gol_sayisi,Yedigi_gol_sayisi,Averaj,Puan
BEŞİKTAŞ A.Ş,34,23,8,3,73,30,43,77
MEDİPOL BAŞAKŞEHİR FK,34,21,10,3,63,28,35,73
FENERBAHÇE A.Ş,34,18,10,6,60,32,28,64
GALATASARAY A.Ş,34,20,4,10,65,40,25,64
ANTALYASPOR A.Ş,34,17,7,10,47,40,7,58
TRABZONSPOR A.Ş,34,14,9,11,39,34,5,51
AKHİSAR BELEDİYE GENÇLİK VE SPOR,34,14,6,14,46,42,4,48
GENÇLERBİRLİĞİ,34,12,10,12,33,34,-1,46
ATİKER KONYASPOR,34,11,10,13,40,45,-5,43
KASIMPAŞA A.Ş,34,12,7,15,46,50,-4,43
KARDEMİR KARABÜKSPOR,34,12,7,15,38,48,-10,43
AYTEMİZ ALANYASPOR,34,12,4,18,54,65,-11,40
OSMANLISPOR FUTBOL KULÜBÜ,34,9,11,14,37,45,-8,38
BURSASPOR,34,11,5,18,34,58,-24,38
KAYSERİSPOR,34,10,8,16,47,58,-11,38
ÇAYKUR RİZESPOR A.Ş,34,10,6,18,44,53,-9,36
GAZİANTEPSPOR,34,7,5,22,30,65,-35,26
ADANASPOR A.Ş,34,6,7,21,33,62,-29,25
