Mac_kodu,TFF_mac_linki,Ev_sahibi,Ev_sahibi_gol,Misafir_takim,Misafir_takim_gol,Stat,Ana_hakem,Tarih_saat
1004,https://www.tff.org/Default.aspx?pageId=29&macId=156923,ADANASPOR A.Ş.,1,BURSASPOR,2,5 OCAK FATİH TERİM - ADANA,HALİL UMUT MELER,19.08.2016 - 21:45
1002,https://www.tff.org/Default.aspx?pageId=29&macId=156921,TRABZONSPOR A.Ş.,2,KASIMPAŞA A.Ş.,0,HÜSEYİN AVNİ AKER - TRABZON,HÜSEYİN GÖÇEK,20.08.2016 - 19:30
1007,https://www.tff.org/Default.aspx?pageId=29&macId=156926,ÇAYKUR RİZESPOR A.Ş.,1,ATİKER KONYASPOR,1,YENİ RİZE ŞEHİR - RİZE,ÖZGÜR YANKAYA,20.08.2016 - 19:30
1006,https://www.tff.org/Default.aspx?pageId=29&macId=156925,BEŞİKTAŞ A.Ş.,4,ALANYASPOR,1,VODAFONE STADYUMU - İSTANBUL - BEŞİKTAŞ,BARIŞ ŞİMŞEK,20.08.2016 - 21:45
1003,https://www.tff.org/Default.aspx?pageId=29&macId=156922,GENÇLERBİRLİĞİ,2,GAZİANTEPSPOR,0,ANKARA 19 MAYIS - ANKARA,ÜMİT ÖZTÜRK,21.08.2016 - 19:30
1009,https://www.tff.org/Default.aspx?pageId=29&macId=156928,KAYSERİSPOR,0,AKHİSAR BELEDİYE GENÇLİK VE SPOR,2,BÜYÜKŞEHİR BELEDİYESİ KADİR HAS - KAYSERİ,YAŞAR KEMAL UĞURLU,21.08.2016 - 19:30
1001,https://www.tff.org/Default.aspx?pageId=29&macId=156920,MEDİPOL BAŞAKŞEHİR FK,1,FENERBAHÇE A.Ş.,0,3.İSTANBUL BAŞAKŞEHİR FATİH TERİM - İSTANBUL - BAŞ,ALİ PALABIYIK,21.08.2016 - 21:45
1005,https://www.tff.org/Default.aspx?pageId=29&macId=156924,ANTALYASPOR A.Ş.,0,OSMANLISPOR FUTBOL KULÜBÜ,0,ANTALYA STADYUMU - ANTALYA,ALPER ULUSOY,21.08.2016 - 21:45
1008,https://www.tff.org/Default.aspx?pageId=29&macId=156927,GALATASARAY A.Ş.,1,KARDEMİR KARABÜKSPOR,0,ALİ SAMİ YEN SPOR KOMPLEKSİ TÜRK TELEKOM STADYUMU,BÜLENT YILDIRIM,22.08.2016 - 21:45
1012,https://www.tff.org/Default.aspx?pageId=29&macId=156931,ATİKER KONYASPOR,2,BEŞİKTAŞ A.Ş.,2,KONYA BÜYÜKŞEHİR BELEDİYE STADYUMU - KONYA,CÜNEYT ÇAKIR,26.08.2016 - 21:45
1013,https://www.tff.org/Default.aspx?pageId=29&macId=156932,AYTEMİZ ALANYASPOR,2,ANTALYASPOR A.Ş.,1,ANTALYA STADYUMU - ANTALYA,FIRAT AYDINUS,26.08.2016 - 21:45
1010,https://www.tff.org/Default.aspx?pageId=29&macId=156929,KASIMPAŞA A.Ş.,1,ADANASPOR A.Ş.,1,RECEP TAYYİP ERDOĞAN STADYUMU - İSTANBUL,TOLGA ÖZKALFA,27.08.2016 - 19:30
1014,https://www.tff.org/Default.aspx?pageId=29&macId=156933,GAZİANTEPSPOR,1,TRABZONSPOR A.Ş.,0,KAMİL OCAK - GAZİANTEP,ALİ PALABIYIK,27.08.2016 - 21:45
1018,https://www.tff.org/Default.aspx?pageId=29&macId=156937,AKHİSAR BELEDİYE GENÇLİK VE SPOR,1,GALATASARAY A.Ş.,3,MANİSA 19 MAYIS - MANİSA,HÜSEYİN GÖÇEK,27.08.2016 - 21:45
1011,https://www.tff.org/Default.aspx?pageId=29&macId=156930,KARDEMİR KARABÜKSPOR,3,ÇAYKUR RİZESPOR A.Ş.,0,DR.NECMETTİN ŞEYHOĞLU - KARABÜK,HALİL UMUT MELER,28.08.2016 - 19:30
1015,https://www.tff.org/Default.aspx?pageId=29&macId=156934,BURSASPOR,0,MEDİPOL BAŞAKŞEHİR FK,2,BURSA BÜYÜKŞEHİR BELEDİYE STADYUMU - BURSA,METE KALKAVAN,28.08.2016 - 19:30
1016,https://www.tff.org/Default.aspx?pageId=29&macId=156935,FENERBAHÇE A.Ş.,3,KAYSERİSPOR,3,ÜLKER STADYUMU FB ŞÜKRÜ SARACOĞLU SPOR KOMPLEKSİ -,SERKAN ÇINAR,28.08.2016 - 21:45
1017,https://www.tff.org/Default.aspx?pageId=29&macId=156936,OSMANLISPOR FUTBOL KULÜBÜ,2,GENÇLERBİRLİĞİ,2,OSMANLI STADI - ANKARA,BARIŞ ŞİMŞEK,28.08.2016 - 21:45
1022,https://www.tff.org/Default.aspx?pageId=29&macId=156941,MEDİPOL BAŞAKŞEHİR FK,3,KASIMPAŞA A.Ş.,1,3.İSTANBUL BAŞAKŞEHİR FATİH TERİM - İSTANBUL - BAŞ,ALPER ULUSOY,10.09.2016 - 17:00
1019,https://www.tff.org/Default.aspx?pageId=29&macId=156938,KAYSERİSPOR,1,GALATASARAY A.Ş.,1,BÜYÜKŞEHİR BELEDİYESİ KADİR HAS - KAYSERİ,METE KALKAVAN,10.09.2016 - 19:00
1020,https://www.tff.org/Default.aspx?pageId=29&macId=156939,ADANASPOR A.Ş.,0,GAZİANTEPSPOR,0,5 OCAK FATİH TERİM - ADANA,VOLKAN BAYARSLAN,10.09.2016 - 20:00
1024,https://www.tff.org/Default.aspx?pageId=29&macId=156943,GENÇLERBİRLİĞİ,0,AYTEMİZ ALANYASPOR,0,ANKARA 19 MAYIS - ANKARA,TOLGA ÖZKALFA,10.09.2016 - 20:00
1027,https://www.tff.org/Default.aspx?pageId=29&macId=156946,BEŞİKTAŞ A.Ş.,3,KARDEMİR KARABÜKSPOR,1,VODAFONE STADYUMU - İSTANBUL - BEŞİKTAŞ,SERKAN ÇINAR,10.09.2016 - 21:15
1023,https://www.tff.org/Default.aspx?pageId=29&macId=156942,TRABZONSPOR A.Ş.,0,OSMANLISPOR FUTBOL KULÜBÜ,2,HÜSEYİN AVNİ AKER - TRABZON,ÖZGÜR YANKAYA,11.09.2016 - 17:00
1025,https://www.tff.org/Default.aspx?pageId=29&macId=156944,ÇAYKUR RİZESPOR A.Ş.,1,AKHİSAR BELEDİYE GENÇLİK VE SPOR,0,YENİ RİZE ŞEHİR - RİZE,ALİ PALABIYIK,11.09.2016 - 17:00
1021,https://www.tff.org/Default.aspx?pageId=29&macId=156940,ANTALYASPOR A.Ş.,1,ATİKER KONYASPOR,3,ANTALYA STADYUMU - ANTALYA,HÜSEYİN GÖÇEK,11.09.2016 - 20:00
1026,https://www.tff.org/Default.aspx?pageId=29&macId=156945,FENERBAHÇE A.Ş.,0,BURSASPOR,1,ÜLKER STADYUMU FB ŞÜKRÜ SARACOĞLU SPOR KOMPLEKSİ -,BÜLENT YILDIRIM,11.09.2016 - 20:00
1035,https://www.tff.org/Default.aspx?pageId=29&macId=156954,KARDEMİR KARABÜKSPOR,3,ANTALYASPOR A.Ş.,2,DR.NECMETTİN ŞEYHOĞLU - KARABÜK,CÜNEYT ÇAKIR,16.09.2016 - 19:00
1034,https://www.tff.org/Default.aspx?pageId=29&macId=156953,BURSASPOR,3,KAYSERİSPOR,1,BURSA BÜYÜKŞEHİR BELEDİYE STADYUMU - BURSA,ALPER ULUSOY,16.09.2016 - 20:00
1028,https://www.tff.org/Default.aspx?pageId=29&macId=156947,AYTEMİZ ALANYASPOR,3,TRABZONSPOR A.Ş.,0,ALANYA OBA STADI - ANTALYA - ALANYA,HALİL UMUT MELER,17.09.2016 - 18:00
1030,https://www.tff.org/Default.aspx?pageId=29&macId=156949,GALATASARAY A.Ş.,2,ÇAYKUR RİZESPOR A.Ş.,0,ALİ SAMİ YEN SPOR KOMPLEKSİ TÜRK TELEKOM STADYUMU,TOLGA ÖZKALFA,17.09.2016 - 20:30
1031,https://www.tff.org/Default.aspx?pageId=29&macId=156950,ATİKER KONYASPOR,1,GENÇLERBİRLİĞİ,1,KONYA BÜYÜKŞEHİR BELEDİYE STADYUMU - KONYA,FIRAT AYDINUS,18.09.2016 - 17:00
1032,https://www.tff.org/Default.aspx?pageId=29&macId=156951,OSMANLISPOR FUTBOL KULÜBÜ,1,ADANASPOR A.Ş.,0,OSMANLI STADI - ANKARA,ABDULKADİR BİTİGEN,18.09.2016 - 17:00
1029,https://www.tff.org/Default.aspx?pageId=29&macId=156948,GAZİANTEPSPOR,0,MEDİPOL BAŞAKŞEHİR FK,1,KAMİL OCAK - GAZİANTEP,ÖZGÜR YANKAYA,18.09.2016 - 19:30
1036,https://www.tff.org/Default.aspx?pageId=29&macId=156955,AKHİSAR BELEDİYE GENÇLİK VE SPOR,0,BEŞİKTAŞ A.Ş.,2,MANİSA 19 MAYIS - MANİSA,BÜLENT YILDIRIM,18.09.2016 - 20:00
1033,https://www.tff.org/Default.aspx?pageId=29&macId=156952,KASIMPAŞA A.Ş.,1,FENERBAHÇE A.Ş.,5,RECEP TAYYİP ERDOĞAN STADYUMU - İSTANBUL,HÜSEYİN GÖÇEK,19.09.2016 - 20:00
1044,https://www.tff.org/Default.aspx?pageId=29&macId=156963,ANTALYASPOR A.Ş.,0,AKHİSAR BELEDİYE GENÇLİK VE SPOR,0,ANTALYA STADYUMU - ANTALYA,BARIŞ ŞİMŞEK,23.09.2016 - 20:00
1037,https://www.tff.org/Default.aspx?pageId=29&macId=156956,MEDİPOL BAŞAKŞEHİR FK,2,OSMANLISPOR FUTBOL KULÜBÜ,2,3.İSTANBUL BAŞAKŞEHİR FATİH TERİM - İSTANBUL - BAŞ,HALİL UMUT MELER,24.09.2016 - 13:30
1042,https://www.tff.org/Default.aspx?pageId=29&macId=156961,TRABZONSPOR A.Ş.,1,ATİKER KONYASPOR,0,HÜSEYİN AVNİ AKER - TRABZON,SERKAN ÇINAR,24.09.2016 - 16:00
1045,https://www.tff.org/Default.aspx?pageId=29&macId=156964,BEŞİKTAŞ A.Ş.,2,GALATASARAY A.Ş.,2,VODAFONE STADYUMU - İSTANBUL - BEŞİKTAŞ,ALİ PALABIYIK,24.09.2016 - 20:00
1040,https://www.tff.org/Default.aspx?pageId=29&macId=156959,KAYSERİSPOR,2,ÇAYKUR RİZESPOR A.Ş.,1,BÜYÜKŞEHİR BELEDİYESİ KADİR HAS - KAYSERİ,ÖZGÜR YANKAYA,25.09.2016 - 13:30
1038,https://www.tff.org/Default.aspx?pageId=29&macId=156957,BURSASPOR,1,KASIMPAŞA A.Ş.,0,BURSA BÜYÜKŞEHİR BELEDİYE STADYUMU - BURSA,YAŞAR KEMAL UĞURLU,25.09.2016 - 16:00
1039,https://www.tff.org/Default.aspx?pageId=29&macId=156958,FENERBAHÇE A.Ş.,2,GAZİANTEPSPOR,1,ÜLKER STADYUMU FB ŞÜKRÜ SARACOĞLU SPOR KOMPLEKSİ -,FIRAT AYDINUS,25.09.2016 - 19:00
1043,https://www.tff.org/Default.aspx?pageId=29&macId=156962,GENÇLERBİRLİĞİ,2,KARDEMİR KARABÜKSPOR,0,ANKARA 19 MAYIS - ANKARA,ALPER ULUSOY,25.09.2016 - 19:00
1041,https://www.tff.org/Default.aspx?pageId=29&macId=156960,ADANASPOR A.Ş.,3,AYTEMİZ ALANYASPOR,2,5 OCAK FATİH TERİM - ADANA,SUAT ARSLANBOĞA,26.09.2016 - 20:00
1048,https://www.tff.org/Default.aspx?pageId=29&macId=156967,AKHİSAR BELEDİYE GENÇLİK VE SPOR,0,GENÇLERBİRLİĞİ,0,MANİSA 19 MAYIS - MANİSA,FIRAT AYDINUS,30.09.2016 - 20:00
1047,https://www.tff.org/Default.aspx?pageId=29&macId=156966,KASIMPAŞA A.Ş.,3,KAYSERİSPOR,1,RECEP TAYYİP ERDOĞAN STADYUMU - İSTANBUL,ALİ PALABIYIK,1.10.2016 - 16:00
1054,https://www.tff.org/Default.aspx?pageId=29&macId=156973,KARDEMİR KARABÜKSPOR,4,TRABZONSPOR A.Ş.,0,DR.NECMETTİN ŞEYHOĞLU - KARABÜK,HÜSEYİN GÖÇEK,1.10.2016 - 16:00
1046,https://www.tff.org/Default.aspx?pageId=29&macId=156965,GAZİANTEPSPOR,3,BURSASPOR,2,KAMİL OCAK - GAZİANTEP,TOLGA ÖZKALFA,1.10.2016 - 19:00
1052,https://www.tff.org/Default.aspx?pageId=29&macId=156971,ÇAYKUR RİZESPOR A.Ş.,0,BEŞİKTAŞ A.Ş.,1,YENİ RİZE ŞEHİR - RİZE,CÜNEYT ÇAKIR,1.10.2016 - 19:00
1050,https://www.tff.org/Default.aspx?pageId=29&macId=156969,AYTEMİZ ALANYASPOR,0,MEDİPOL BAŞAKŞEHİR FK,5,ALANYA OBA STADI - ANTALYA - ALANYA,BÜLENT YILDIRIM,2.10.2016 - 16:00
1053,https://www.tff.org/Default.aspx?pageId=29&macId=156972,GALATASARAY A.Ş.,3,ANTALYASPOR A.Ş.,1,ALİ SAMİ YEN SPOR KOMPLEKSİ TÜRK TELEKOM STADYUMU,ÖZGÜR YANKAYA,2.10.2016 - 16:00
1049,https://www.tff.org/Default.aspx?pageId=29&macId=156968,ATİKER KONYASPOR,1,ADANASPOR A.Ş.,0,KONYA BÜYÜKŞEHİR BELEDİYE STADYUMU - KONYA,BARIŞ ŞİMŞEK,2.10.2016 - 19:00
1051,https://www.tff.org/Default.aspx?pageId=29&macId=156970,OSMANLISPOR FUTBOL KULÜBÜ,1,FENERBAHÇE A.Ş.,1,OSMANLI STADI - ANKARA,METE KALKAVAN,2.10.2016 - 19:00
1057,https://www.tff.org/Default.aspx?pageId=29&macId=156976,KASIMPAŞA A.Ş.,0,GAZİANTEPSPOR,0,RECEP TAYYİP ERDOĞAN STADYUMU - İSTANBUL,SERKAN TOKAT,15.10.2016 - 14:00
1063,https://www.tff.org/Default.aspx?pageId=29&macId=156982,KAYSERİSPOR,0,BEŞİKTAŞ A.Ş.,1,BÜYÜKŞEHİR BELEDİYESİ KADİR HAS - KAYSERİ,HÜSEYİN GÖÇEK,15.10.2016 - 17:00
1058,https://www.tff.org/Default.aspx?pageId=29&macId=156977,ADANASPOR A.Ş.,1,KARDEMİR KARABÜKSPOR,2,5 OCAK FATİH TERİM - ADANA,YAŞAR KEMAL UĞURLU,15.10.2016 - 19:30
1056,https://www.tff.org/Default.aspx?pageId=29&macId=156975,GENÇLERBİRLİĞİ,0,GALATASARAY A.Ş.,1,ANKARA 19 MAYIS - ANKARA,CÜNEYT ÇAKIR,15.10.2016 - 20:00
1055,https://www.tff.org/Default.aspx?pageId=29&macId=156974,MEDİPOL BAŞAKŞEHİR FK,1,ATİKER KONYASPOR,1,3.İSTANBUL BAŞAKŞEHİR FATİH TERİM - İSTANBUL - BAŞ,METE KALKAVAN,16.10.2016 - 13:30
1061,https://www.tff.org/Default.aspx?pageId=29&macId=156980,BURSASPOR,0,OSMANLISPOR FUTBOL KULÜBÜ,0,BURSA BÜYÜKŞEHİR BELEDİYE STADYUMU - BURSA,FIRAT AYDINUS,16.10.2016 - 13:30
1062,https://www.tff.org/Default.aspx?pageId=29&macId=156981,FENERBAHÇE A.Ş.,1,AYTEMİZ ALANYASPOR,1,ÜLKER STADYUMU FB ŞÜKRÜ SARACOĞLU SPOR KOMPLEKSİ -,ALPER ULUSOY,16.10.2016 - 16:00
1059,https://www.tff.org/Default.aspx?pageId=29&macId=156978,TRABZONSPOR A.Ş.,0,AKHİSAR BELEDİYE GENÇLİK VE SPOR,0,HÜSEYİN AVNİ AKER - TRABZON,ALİ PALABIYIK,16.10.2016 - 19:00
1060,https://www.tff.org/Default.aspx?pageId=29&macId=156979,ANTALYASPOR A.Ş.,1,ÇAYKUR RİZESPOR A.Ş.,1,ANTALYA STADYUMU - ANTALYA,BÜLENT YILDIRIM,17.10.2016 - 19:00
1071,https://www.tff.org/Default.aspx?pageId=29&macId=156990,ÇAYKUR RİZESPOR A.Ş.,2,GENÇLERBİRLİĞİ,1,YENİ RİZE ŞEHİR - RİZE,SERKAN ÇINAR,21.10.2016 - 19:00
1069,https://www.tff.org/Default.aspx?pageId=29&macId=156988,GAZİANTEPSPOR,1,KAYSERİSPOR,2,KAMİL OCAK - GAZİANTEP,ARDA KARDEŞLER,21.10.2016 - 20:00
1065,https://www.tff.org/Default.aspx?pageId=29&macId=156984,AYTEMİZ ALANYASPOR,0,BURSASPOR,2,ALANYA OBA STADI - ANTALYA - ALANYA,HÜSEYİN GÖÇEK,22.10.2016 - 16:00
1064,https://www.tff.org/Default.aspx?pageId=29&macId=156983,AKHİSAR BELEDİYE GENÇLİK VE SPOR,1,ADANASPOR A.Ş.,0,MANİSA 19 MAYIS - MANİSA,ÖZGÜR YANKAYA,22.10.2016 - 19:00
1066,https://www.tff.org/Default.aspx?pageId=29&macId=156985,GALATASARAY A.Ş.,0,TRABZONSPOR A.Ş.,1,ALİ SAMİ YEN SPOR KOMPLEKSİ TÜRK TELEKOM STADYUMU,FIRAT AYDINUS,22.10.2016 - 19:00
1072,https://www.tff.org/Default.aspx?pageId=29&macId=156991,KARDEMİR KARABÜKSPOR,0,MEDİPOL BAŞAKŞEHİR FK,2,DR.NECMETTİN ŞEYHOĞLU - KARABÜK,CÜNEYT ÇAKIR,23.10.2016 - 13:30
1068,https://www.tff.org/Default.aspx?pageId=29&macId=156987,OSMANLISPOR FUTBOL KULÜBÜ,1,KASIMPAŞA A.Ş.,2,OSMANLI STADI - ANKARA,ÜMİT ÖZTÜRK,23.10.2016 - 16:00
1070,https://www.tff.org/Default.aspx?pageId=29&macId=156989,BEŞİKTAŞ A.Ş.,3,ANTALYASPOR A.Ş.,0,VODAFONE STADYUMU - İSTANBUL - BEŞİKTAŞ,BARIŞ ŞİMŞEK,23.10.2016 - 19:00
1067,https://www.tff.org/Default.aspx?pageId=29&macId=156986,ATİKER KONYASPOR,0,FENERBAHÇE A.Ş.,1,KONYA BÜYÜKŞEHİR BELEDİYE STADYUMU - KONYA,BÜLENT YILDIRIM,24.10.2016 - 20:00
1078,https://www.tff.org/Default.aspx?pageId=29&macId=156997,GENÇLERBİRLİĞİ,1,BEŞİKTAŞ A.Ş.,1,ANKARA 19 MAYIS - ANKARA,ALPER ULUSOY,28.10.2016 - 20:00
1074,https://www.tff.org/Default.aspx?pageId=29&macId=156993,GAZİANTEPSPOR,3,OSMANLISPOR FUTBOL KULÜBÜ,1,KAMİL OCAK - GAZİANTEP,BARIŞ ŞİMŞEK,29.10.2016 - 13:30
1080,https://www.tff.org/Default.aspx?pageId=29&macId=156999,BURSASPOR,2,ATİKER KONYASPOR,0,BURSA BÜYÜKŞEHİR BELEDİYE STADYUMU - BURSA,ÜMİT ÖZTÜRK,29.10.2016 - 16:00
1077,https://www.tff.org/Default.aspx?pageId=29&macId=156996,ADANASPOR A.Ş.,0,GALATASARAY A.Ş.,1,5 OCAK FATİH TERİM - ADANA,HÜSEYİN GÖÇEK,29.10.2016 - 19:00
1076,https://www.tff.org/Default.aspx?pageId=29&macId=156995,MEDİPOL BAŞAKŞEHİR FK,5,AKHİSAR BELEDİYE GENÇLİK VE SPOR,1,3.İSTANBUL BAŞAKŞEHİR FATİH TERİM - İSTANBUL - BAŞ,SERKAN ÇINAR,30.10.2016 - 13:30
1073,https://www.tff.org/Default.aspx?pageId=29&macId=156992,TRABZONSPOR A.Ş.,2,ÇAYKUR RİZESPOR A.Ş.,2,HÜSEYİN AVNİ AKER - TRABZON,HALİL UMUT MELER,30.10.2016 - 16:00
1075,https://www.tff.org/Default.aspx?pageId=29&macId=156994,FENERBAHÇE A.Ş.,5,KARDEMİR KARABÜKSPOR,0,ÜLKER STADYUMU FB ŞÜKRÜ SARACOĞLU SPOR KOMPLEKSİ -,FIRAT AYDINUS,30.10.2016 - 19:00
1079,https://www.tff.org/Default.aspx?pageId=29&macId=156998,KASIMPAŞA A.Ş.,2,AYTEMİZ ALANYASPOR,1,RECEP TAYYİP ERDOĞAN STADYUMU - İSTANBUL,METE KALKAVAN,31.10.2016 - 20:00
1081,https://www.tff.org/Default.aspx?pageId=29&macId=157000,KAYSERİSPOR,0,ANTALYASPOR A.Ş.,1,BÜYÜKŞEHİR BELEDİYESİ KADİR HAS - KAYSERİ,CÜNEYT ÇAKIR,31.10.2016 - 20:00
1090,https://www.tff.org/Default.aspx?pageId=29&macId=157009,GALATASARAY A.Ş.,1,MEDİPOL BAŞAKŞEHİR FK,2,ALİ SAMİ YEN SPOR KOMPLEKSİ TÜRK TELEKOM STADYUMU,ALİ PALABIYIK,4.11.2016 - 20:00
1086,https://www.tff.org/Default.aspx?pageId=29&macId=157005,AYTEMİZ ALANYASPOR,4,GAZİANTEPSPOR,3,ALANYA OBA STADI - ANTALYA - ALANYA,VOLKAN BAYARSLAN,5.11.2016 - 13:30
1083,https://www.tff.org/Default.aspx?pageId=29&macId=157002,KARDEMİR KARABÜKSPOR,0,BURSASPOR,0,DR.NECMETTİN ŞEYHOĞLU - KARABÜK,BARIŞ ŞİMŞEK,5.11.2016 - 16:00
1088,https://www.tff.org/Default.aspx?pageId=29&macId=157007,ANTALYASPOR A.Ş.,1,GENÇLERBİRLİĞİ,0,ANTALYA STADYUMU - ANTALYA,ÜMİT ÖZTÜRK,5.11.2016 - 19:00
1089,https://www.tff.org/Default.aspx?pageId=29&macId=157008,BEŞİKTAŞ A.Ş.,2,TRABZONSPOR A.Ş.,1,VODAFONE STADYUMU - İSTANBUL - BEŞİKTAŞ,METE KALKAVAN,5.11.2016 - 19:00
1082,https://www.tff.org/Default.aspx?pageId=29&macId=157001,ÇAYKUR RİZESPOR A.Ş.,2,ADANASPOR A.Ş.,2,YENİ RİZE ŞEHİR - RİZE,ALPER ULUSOY,6.11.2016 - 13:30
1087,https://www.tff.org/Default.aspx?pageId=29&macId=157006,OSMANLISPOR FUTBOL KULÜBÜ,1,KAYSERİSPOR,1,OSMANLI STADI - ANKARA,SERKAN ÇINAR,6.11.2016 - 16:00
1084,https://www.tff.org/Default.aspx?pageId=29&macId=157003,AKHİSAR BELEDİYE GENÇLİK VE SPOR,1,FENERBAHÇE A.Ş.,3,MANİSA 19 MAYIS - MANİSA,HALİL UMUT MELER,6.11.2016 - 19:00
1085,https://www.tff.org/Default.aspx?pageId=29&macId=157004,ATİKER KONYASPOR,2,KASIMPAŞA A.Ş.,1,KONYA BÜYÜKŞEHİR BELEDİYE STADYUMU - KONYA,ARDA KARDEŞLER,6.11.2016 - 19:00
1091,https://www.tff.org/Default.aspx?pageId=29&macId=157010,GAZİANTEPSPOR,0,ATİKER KONYASPOR,3,KAMİL OCAK - GAZİANTEP,HÜSEYİN GÖÇEK,19.11.2016 - 13:30
1098,https://www.tff.org/Default.aspx?pageId=29&macId=157017,BURSASPOR,0,AKHİSAR BELEDİYE GENÇLİK VE SPOR,0,BURSA BÜYÜKŞEHİR BELEDİYE STADYUMU - BURSA,YAŞAR KEMAL UĞURLU,19.11.2016 - 16:00
1095,https://www.tff.org/Default.aspx?pageId=29&macId=157014,ADANASPOR A.Ş.,1,BEŞİKTAŞ A.Ş.,2,5 OCAK FATİH TERİM - ADANA,ALİ PALABIYIK,19.11.2016 - 19:00
1097,https://www.tff.org/Default.aspx?pageId=29&macId=157016,OSMANLISPOR FUTBOL KULÜBÜ,2,AYTEMİZ ALANYASPOR,0,OSMANLI STADI - ANKARA,HALİL UMUT MELER,19.11.2016 - 19:00
1092,https://www.tff.org/Default.aspx?pageId=29&macId=157011,KASIMPAŞA A.Ş.,2,KARDEMİR KARABÜKSPOR,2,RECEP TAYYİP ERDOĞAN STADYUMU - İSTANBUL,SERKAN ÇINAR,20.11.2016 - 14:00
1093,https://www.tff.org/Default.aspx?pageId=29&macId=157012,KAYSERİSPOR,0,GENÇLERBİRLİĞİ,2,BÜYÜKŞEHİR BELEDİYESİ KADİR HAS - KAYSERİ,VOLKAN BAYARSLAN,20.11.2016 - 14:00
1099,https://www.tff.org/Default.aspx?pageId=29&macId=157018,FENERBAHÇE A.Ş.,2,GALATASARAY A.Ş.,0,ÜLKER STADYUMU FB ŞÜKRÜ SARACOĞLU SPOR KOMPLEKSİ -,CÜNEYT ÇAKIR,20.11.2016 - 20:00
1094,https://www.tff.org/Default.aspx?pageId=29&macId=157013,MEDİPOL BAŞAKŞEHİR FK,2,ÇAYKUR RİZESPOR A.Ş.,1,3.İSTANBUL BAŞAKŞEHİR FATİH TERİM - İSTANBUL - BAŞ,BARIŞ ŞİMŞEK,21.11.2016 - 19:00
1096,https://www.tff.org/Default.aspx?pageId=29&macId=157015,TRABZONSPOR A.Ş.,0,ANTALYASPOR A.Ş.,1,HÜSEYİN AVNİ AKER - TRABZON,ALPER ULUSOY,21.11.2016 - 20:00
1105,https://www.tff.org/Default.aspx?pageId=29&macId=157024,AYTEMİZ ALANYASPOR,3,KAYSERİSPOR,0,ALANYA OBA STADI - ANTALYA - ALANYA,ÜMİT ÖZTÜRK,25.11.2016 - 20:00
1108,https://www.tff.org/Default.aspx?pageId=29&macId=157027,GALATASARAY A.Ş.,3,BURSASPOR,1,ALİ SAMİ YEN SPOR KOMPLEKSİ TÜRK TELEKOM STADYUMU,BARIŞ ŞİMŞEK,25.11.2016 - 20:00
1102,https://www.tff.org/Default.aspx?pageId=29&macId=157021,KARDEMİR KARABÜKSPOR,2,GAZİANTEPSPOR,0,DR.NECMETTİN ŞEYHOĞLU - KARABÜK,ARDA KARDEŞLER,26.11.2016 - 13:30
1103,https://www.tff.org/Default.aspx?pageId=29&macId=157022,AKHİSAR BELEDİYE GENÇLİK VE SPOR,1,KASIMPAŞA A.Ş.,0,MANİSA 19 MAYIS - MANİSA,TOLGA ÖZKALFA,26.11.2016 - 16:00
1100,https://www.tff.org/Default.aspx?pageId=29&macId=157019,ANTALYASPOR A.Ş.,1,ADANASPOR A.Ş.,0,ANTALYA STADYUMU - ANTALYA,HALİS ÖZKAHYA,26.11.2016 - 19:00
1107,https://www.tff.org/Default.aspx?pageId=29&macId=157026,BEŞİKTAŞ A.Ş.,1,MEDİPOL BAŞAKŞEHİR FK,1,VODAFONE STADYUMU - İSTANBUL - BEŞİKTAŞ,CÜNEYT ÇAKIR,26.11.2016 - 19:00
1106,https://www.tff.org/Default.aspx?pageId=29&macId=157025,GENÇLERBİRLİĞİ,0,TRABZONSPOR A.Ş.,0,ANKARA 19 MAYIS - ANKARA,FIRAT AYDINUS,27.11.2016 - 16:00
1101,https://www.tff.org/Default.aspx?pageId=29&macId=157020,ÇAYKUR RİZESPOR A.Ş.,1,FENERBAHÇE A.Ş.,5,YENİ RİZE ŞEHİR - RİZE,ALİ PALABIYIK,27.11.2016 - 19:00
1104,https://www.tff.org/Default.aspx?pageId=29&macId=157023,ATİKER KONYASPOR,1,OSMANLISPOR FUTBOL KULÜBÜ,1,KONYA BÜYÜKŞEHİR BELEDİYE STADYUMU - KONYA,ÖZGÜR YANKAYA,28.11.2016 - 20:00
1109,https://www.tff.org/Default.aspx?pageId=29&macId=157028,MEDİPOL BAŞAKŞEHİR FK,2,ANTALYASPOR A.Ş.,2,3.İSTANBUL BAŞAKŞEHİR FATİH TERİM - İSTANBUL - BAŞ,BÜLENT YILDIRIM,3.12.2016 - 14:00
1116,https://www.tff.org/Default.aspx?pageId=29&macId=157035,FENERBAHÇE A.Ş.,0,BEŞİKTAŞ A.Ş.,0,ÜLKER STADYUMU FB ŞÜKRÜ SARACOĞLU SPOR KOMPLEKSİ -,HÜSEYİN GÖÇEK,3.12.2016 - 19:00
1113,https://www.tff.org/Default.aspx?pageId=29&macId=157032,AYTEMİZ ALANYASPOR,2,ATİKER KONYASPOR,3,ALANYA OBA STADI - ANTALYA - ALANYA,ALİ PALABIYIK,4.12.2016 - 13:30
1114,https://www.tff.org/Default.aspx?pageId=29&macId=157033,OSMANLISPOR FUTBOL KULÜBÜ,2,KARDEMİR KARABÜKSPOR,1,OSMANLI STADI - ANKARA,HALİS ÖZKAHYA,4.12.2016 - 16:00
1115,https://www.tff.org/Default.aspx?pageId=29&macId=157034,GAZİANTEPSPOR,1,AKHİSAR BELEDİYE GENÇLİK VE SPOR,2,KAMİL OCAK - GAZİANTEP,ÖZGÜR YANKAYA,4.12.2016 - 16:00
1110,https://www.tff.org/Default.aspx?pageId=29&macId=157029,KASIMPAŞA A.Ş.,1,GALATASARAY A.Ş.,2,RECEP TAYYİP ERDOĞAN STADYUMU - İSTANBUL,METE KALKAVAN,4.12.2016 - 19:00
1112,https://www.tff.org/Default.aspx?pageId=29&macId=157031,ADANASPOR A.Ş.,0,GENÇLERBİRLİĞİ,2,5 OCAK FATİH TERİM - ADANA,ARDA KARDEŞLER,4.12.2016 - 19:00
1111,https://www.tff.org/Default.aspx?pageId=29&macId=157030,BURSASPOR,2,ÇAYKUR RİZESPOR A.Ş.,1,BURSA BÜYÜKŞEHİR BELEDİYE STADYUMU - BURSA,ÜMİT ÖZTÜRK,5.12.2016 - 20:00
1117,https://www.tff.org/Default.aspx?pageId=29&macId=157036,KAYSERİSPOR,0,TRABZONSPOR A.Ş.,1,BÜYÜKŞEHİR BELEDİYESİ KADİR HAS - KAYSERİ,SERKAN ÇINAR,5.12.2016 - 20:00
1118,https://www.tff.org/Default.aspx?pageId=29&macId=157037,TRABZONSPOR A.Ş.,4,ADANASPOR A.Ş.,1,HÜSEYİN AVNİ AKER - TRABZON,ÖZGÜR YANKAYA,9.12.2016 - 20:00
1125,https://www.tff.org/Default.aspx?pageId=29&macId=157044,ÇAYKUR RİZESPOR A.Ş.,0,KASIMPAŞA A.Ş.,1,YENİ RİZE ŞEHİR - RİZE,HALİS ÖZKAHYA,10.12.2016 - 16:00
1119,https://www.tff.org/Default.aspx?pageId=29&macId=157038,GENÇLERBİRLİĞİ,0,MEDİPOL BAŞAKŞEHİR FK,0,ANKARA 19 MAYIS - ANKARA,ÜMİT ÖZTÜRK,10.12.2016 - 19:00
1124,https://www.tff.org/Default.aspx?pageId=29&macId=157043,BEŞİKTAŞ A.Ş.,2,BURSASPOR,1,VODAFONE STADYUMU - İSTANBUL - BEŞİKTAŞ,BÜLENT YILDIRIM,10.12.2016 - 19:00
1120,https://www.tff.org/Default.aspx?pageId=29&macId=157039,KARDEMİR KARABÜKSPOR,0,AYTEMİZ ALANYASPOR,2,DR.NECMETTİN ŞEYHOĞLU - KARABÜK,METE KALKAVAN,11.12.2016 - 13:30
1121,https://www.tff.org/Default.aspx?pageId=29&macId=157040,AKHİSAR BELEDİYE GENÇLİK VE SPOR,1,OSMANLISPOR FUTBOL KULÜBÜ,2,MANİSA 19 MAYIS - MANİSA,ALPER ULUSOY,11.12.2016 - 16:00
1122,https://www.tff.org/Default.aspx?pageId=29&macId=157041,ATİKER KONYASPOR,1,KAYSERİSPOR,0,KONYA BÜYÜKŞEHİR BELEDİYE STADYUMU - KONYA,FIRAT AYDINUS,11.12.2016 - 19:00
1126,https://www.tff.org/Default.aspx?pageId=29&macId=157045,GALATASARAY A.Ş.,3,GAZİANTEPSPOR,1,ALİ SAMİ YEN SPOR KOMPLEKSİ TÜRK TELEKOM STADYUMU,HALİL UMUT MELER,11.12.2016 - 19:00
1123,https://www.tff.org/Default.aspx?pageId=29&macId=157042,ANTALYASPOR A.Ş.,1,FENERBAHÇE A.Ş.,0,ANTALYA STADYUMU - ANTALYA,CÜNEYT ÇAKIR,12.12.2016 - 20:00
1127,https://www.tff.org/Default.aspx?pageId=29&macId=157046,MEDİPOL BAŞAKŞEHİR FK,1,TRABZONSPOR A.Ş.,0,3.İSTANBUL BAŞAKŞEHİR FATİH TERİM - İSTANBUL - BAŞ,HALİS ÖZKAHYA,17.12.2016 - 16:00
1133,https://www.tff.org/Default.aspx?pageId=29&macId=157052,KASIMPAŞA A.Ş.,2,BEŞİKTAŞ A.Ş.,1,RECEP TAYYİP ERDOĞAN STADYUMU - İSTANBUL,HALİL UMUT MELER,17.12.2016 - 19:00
1132,https://www.tff.org/Default.aspx?pageId=29&macId=157051,GAZİANTEPSPOR,1,ÇAYKUR RİZESPOR A.Ş.,2,KAMİL OCAK - GAZİANTEP,BÜLENT YILDIRIM,18.12.2016 - 13:30
1135,https://www.tff.org/Default.aspx?pageId=29&macId=157054,KARDEMİR KARABÜKSPOR,1,ATİKER KONYASPOR,1,DR.NECMETTİN ŞEYHOĞLU - KARABÜK,ALPER ULUSOY,18.12.2016 - 13:30
1130,https://www.tff.org/Default.aspx?pageId=29&macId=157049,ADANASPOR A.Ş.,2,KAYSERİSPOR,1,5 OCAK FATİH TERİM - ADANA,CÜNEYT ÇAKIR,18.12.2016 - 16:00
1128,https://www.tff.org/Default.aspx?pageId=29&macId=157047,OSMANLISPOR FUTBOL KULÜBÜ,2,GALATASARAY A.Ş.,2,OSMANLI STADI - ANKARA,HÜSEYİN GÖÇEK,18.12.2016 - 19:00
1131,https://www.tff.org/Default.aspx?pageId=29&macId=157050,AYTEMİZ ALANYASPOR,0,AKHİSAR BELEDİYE GENÇLİK VE SPOR,0,ALANYA OBA STADI - ANTALYA - ALANYA,YAŞAR KEMAL UĞURLU,18.12.2016 - 19:00
1129,https://www.tff.org/Default.aspx?pageId=29&macId=157048,BURSASPOR,2,ANTALYASPOR A.Ş.,1,BURSA BÜYÜKŞEHİR BELEDİYE STADYUMU - BURSA,ALİ PALABIYIK,19.12.2016 - 20:00
1134,https://www.tff.org/Default.aspx?pageId=29&macId=157053,FENERBAHÇE A.Ş.,3,GENÇLERBİRLİĞİ,0,ÜLKER STADYUMU FB ŞÜKRÜ SARACOĞLU SPOR KOMPLEKSİ -,FIRAT AYDINUS,19.12.2016 - 20:00
1140,https://www.tff.org/Default.aspx?pageId=29&macId=157059,ADANASPOR A.Ş.,1,MEDİPOL BAŞAKŞEHİR FK,1,5 OCAK FATİH TERİM - ADANA,HÜSEYİN GÖÇEK,24.12.2016 - 16:00
1143,https://www.tff.org/Default.aspx?pageId=29&macId=157062,BEŞİKTAŞ A.Ş.,1,GAZİANTEPSPOR,0,VODAFONE STADYUMU - İSTANBUL - BEŞİKTAŞ,SERKAN ÇINAR,24.12.2016 - 19:00
1137,https://www.tff.org/Default.aspx?pageId=29&macId=157056,ÇAYKUR RİZESPOR A.Ş.,0,OSMANLISPOR FUTBOL KULÜBÜ,1,YENİ RİZE ŞEHİR - RİZE,CÜNEYT ÇAKIR,25.12.2016 - 13:30
1138,https://www.tff.org/Default.aspx?pageId=29&macId=157057,KAYSERİSPOR,2,KARDEMİR KARABÜKSPOR,0,BÜYÜKŞEHİR BELEDİYESİ KADİR HAS - KAYSERİ,HALİL UMUT MELER,25.12.2016 - 16:00
1139,https://www.tff.org/Default.aspx?pageId=29&macId=157058,AKHİSAR BELEDİYE GENÇLİK VE SPOR,1,ATİKER KONYASPOR,0,MANİSA 19 MAYIS - MANİSA,ÜMİT ÖZTÜRK,25.12.2016 - 16:00
1142,https://www.tff.org/Default.aspx?pageId=29&macId=157061,ANTALYASPOR A.Ş.,2,KASIMPAŞA A.Ş.,1,ANTALYA STADYUMU - ANTALYA,FIRAT AYDINUS,25.12.2016 - 19:00
1144,https://www.tff.org/Default.aspx?pageId=29&macId=157063,GALATASARAY A.Ş.,5,AYTEMİZ ALANYASPOR,1,ALİ SAMİ YEN SPOR KOMPLEKSİ TÜRK TELEKOM STADYUMU,HALİS ÖZKAHYA,25.12.2016 - 19:00
1136,https://www.tff.org/Default.aspx?pageId=29&macId=157055,GENÇLERBİRLİĞİ,3,BURSASPOR,1,ANKARA 19 MAYIS - ANKARA,METE KALKAVAN,26.12.2016 - 19:00
1141,https://www.tff.org/Default.aspx?pageId=29&macId=157060,TRABZONSPOR A.Ş.,0,FENERBAHÇE A.Ş.,3,HÜSEYİN AVNİ AKER - TRABZON,ALİ PALABIYIK,26.12.2016 - 20:00
1152,https://www.tff.org/Default.aspx?pageId=29&macId=157071,BURSASPOR,1,TRABZONSPOR A.Ş.,2,BURSA BÜYÜKŞEHİR BELEDİYE STADYUMU - BURSA,YAŞAR KEMAL UĞURLU,13.01.2017 - 20:00
1149,https://www.tff.org/Default.aspx?pageId=29&macId=157068,AYTEMİZ ALANYASPOR,2,ÇAYKUR RİZESPOR A.Ş.,3,BAHÇEŞEHİR OKULLARI STADYUMU- ANTALYA - ALANYA,VOLKAN BAYARSLAN,14.01.2017 - 13:30
1153,https://www.tff.org/Default.aspx?pageId=29&macId=157072,KARDEMİR KARABÜKSPOR,1,AKHİSAR BELEDİYE GENÇLİK VE SPOR,0,DR.NECMETTİN ŞEYHOĞLU - KARABÜK,ÜMİT ÖZTÜRK,14.01.2017 - 13:30
1145,https://www.tff.org/Default.aspx?pageId=29&macId=157064,MEDİPOL BAŞAKŞEHİR FK,5,KAYSERİSPOR,0,3.İSTANBUL BAŞAKŞEHİR FATİH TERİM - İSTANBUL - BAŞ,ÖZGÜR YANKAYA,14.01.2017 - 16:00
1148,https://www.tff.org/Default.aspx?pageId=29&macId=157067,ATİKER KONYASPOR,0,GALATASARAY A.Ş.,1,KONYA BÜYÜKŞEHİR BELEDİYE STADYUMU - KONYA,METE KALKAVAN,14.01.2017 - 19:00
1151,https://www.tff.org/Default.aspx?pageId=29&macId=157070,KASIMPAŞA A.Ş.,3,GENÇLERBİRLİĞİ,0,RECEP TAYYİP ERDOĞAN STADYUMU - İSTANBUL,ARDA KARDEŞLER,15.01.2017 - 13:30
1146,https://www.tff.org/Default.aspx?pageId=29&macId=157065,GAZİANTEPSPOR,0,ANTALYASPOR A.Ş.,3,GAZİANTEP STADYUMU - GAZİANTEP,SUAT ARSLANBOĞA,15.01.2017 - 16:00
1147,https://www.tff.org/Default.aspx?pageId=29&macId=157066,FENERBAHÇE A.Ş.,2,ADANASPOR A.Ş.,2,ÜLKER STADYUMU FB ŞÜKRÜ SARACOĞLU SPOR KOMPLEKSİ -,SERKAN ÇINAR,15.01.2017 - 19:00
1150,https://www.tff.org/Default.aspx?pageId=29&macId=157069,OSMANLISPOR FUTBOL KULÜBÜ,0,BEŞİKTAŞ A.Ş.,2,OSMANLI STADI - ANKARA,ALİ PALABIYIK,16.01.2017 - 19:00
1162,https://www.tff.org/Default.aspx?pageId=29&macId=157081,AKHİSAR BELEDİYE GENÇLİK VE SPOR,0,KAYSERİSPOR,0,MANİSA 19 MAYIS - MANİSA,YAŞAR KEMAL UĞURLU,21.01.2017 - 13:30
1160,https://www.tff.org/Default.aspx?pageId=29&macId=157079,ATİKER KONYASPOR,2,ÇAYKUR RİZESPOR A.Ş.,1,KONYA BÜYÜKŞEHİR BELEDİYE STADYUMU - KONYA,HALİS ÖZKAHYA,21.01.2017 - 16:00
1157,https://www.tff.org/Default.aspx?pageId=29&macId=157076,BURSASPOR,0,ADANASPOR A.Ş.,1,BURSA BÜYÜKŞEHİR BELEDİYE STADYUMU - BURSA,SUAT ARSLANBOĞA,21.01.2017 - 19:00
1161,https://www.tff.org/Default.aspx?pageId=29&macId=157080,KARDEMİR KARABÜKSPOR,2,GALATASARAY A.Ş.,1,DR.NECMETTİN ŞEYHOĞLU - KARABÜK,CÜNEYT ÇAKIR,21.01.2017 - 19:00
1158,https://www.tff.org/Default.aspx?pageId=29&macId=157077,OSMANLISPOR FUTBOL KULÜBÜ,1,ANTALYASPOR A.Ş.,2,OSMANLI STADI - ANKARA,ÖZGÜR YANKAYA,22.01.2017 - 13:30
1155,https://www.tff.org/Default.aspx?pageId=29&macId=157074,KASIMPAŞA A.Ş.,0,TRABZONSPOR A.Ş.,1,RECEP TAYYİP ERDOĞAN STADYUMU - İSTANBUL,HALİL UMUT MELER,22.01.2017 - 16:00
1154,https://www.tff.org/Default.aspx?pageId=29&macId=157073,FENERBAHÇE A.Ş.,1,MEDİPOL BAŞAKŞEHİR FK,0,ÜLKER STADYUMU FB ŞÜKRÜ SARACOĞLU SPOR KOMPLEKSİ -,BÜLENT YILDIRIM,22.01.2017 - 19:00
1159,https://www.tff.org/Default.aspx?pageId=29&macId=157078,AYTEMİZ ALANYASPOR,1,BEŞİKTAŞ A.Ş.,4,BAHÇEŞEHİR OKULLARI STADYUMU- ANTALYA - ALANYA,ALPER ULUSOY,23.01.2017 - 20:00
1307,https://www.tff.org/Default.aspx?pageId=29&macId=178953,GAZİANTEPSPOR,0,GENÇLERBİRLİĞİ,1,GAZİANTEP STADYUMU - GAZİANTEP,METE KALKAVAN,12.04.2017 - 17:30
1164,https://www.tff.org/Default.aspx?pageId=29&macId=157083,ÇAYKUR RİZESPOR A.Ş.,1,KARDEMİR KARABÜKSPOR,0,YENİ RİZE ŞEHİR - RİZE,YAŞAR KEMAL UĞURLU,28.01.2017 - 16:00
1166,https://www.tff.org/Default.aspx?pageId=29&macId=157085,ANTALYASPOR A.Ş.,2,AYTEMİZ ALANYASPOR,1,ANTALYA STADYUMU - ANTALYA,ARDA KARDEŞLER,28.01.2017 - 19:00
1171,https://www.tff.org/Default.aspx?pageId=29&macId=157090,GALATASARAY A.Ş.,6,AKHİSAR BELEDİYE GENÇLİK VE SPOR,0,ALİ SAMİ YEN SPOR KOMPLEKSİ TÜRK TELEKOM STADYUMU,ALİ PALABIYIK,28.01.2017 - 19:00
1170,https://www.tff.org/Default.aspx?pageId=29&macId=157089,GENÇLERBİRLİĞİ,1,OSMANLISPOR FUTBOL KULÜBÜ,1,ANKARA 19 MAYIS - ANKARA,SERKAN ÇINAR,29.01.2017 - 13:30
1168,https://www.tff.org/Default.aspx?pageId=29&macId=157087,MEDİPOL BAŞAKŞEHİR FK,1,BURSASPOR,0,3.İSTANBUL BAŞAKŞEHİR FATİH TERİM - İSTANBUL - BAŞ,HALİS ÖZKAHYA,29.01.2017 - 15:00
1167,https://www.tff.org/Default.aspx?pageId=29&macId=157086,TRABZONSPOR A.Ş.,4,GAZİANTEPSPOR,0,ŞENOL GÜNEŞ SPOR KOMPLEKSİ - TRABZON - TRABZON MER,ÜMİT ÖZTÜRK,29.01.2017 - 16:00
1169,https://www.tff.org/Default.aspx?pageId=29&macId=157088,KAYSERİSPOR,4,FENERBAHÇE A.Ş.,1,BÜYÜKŞEHİR BELEDİYESİ KADİR HAS - KAYSERİ,METE KALKAVAN,29.01.2017 - 19:00
1163,https://www.tff.org/Default.aspx?pageId=29&macId=157082,ADANASPOR A.Ş.,3,KASIMPAŞA A.Ş.,0,5 OCAK FATİH TERİM - ADANA,BÜLENT YILDIRIM,30.01.2017 - 20:00
1165,https://www.tff.org/Default.aspx?pageId=29&macId=157084,BEŞİKTAŞ A.Ş.,5,ATİKER KONYASPOR,1,VODAFONE STADYUMU - İSTANBUL - BEŞİKTAŞ,ÖZGÜR YANKAYA,30.01.2017 - 20:00
1180,https://www.tff.org/Default.aspx?pageId=29&macId=157099,KARDEMİR KARABÜKSPOR,2,BEŞİKTAŞ A.Ş.,1,DR.NECMETTİN ŞEYHOĞLU - KARABÜK,HALİS ÖZKAHYA,10.02.2017 - 19:00
1177,https://www.tff.org/Default.aspx?pageId=29&macId=157096,AYTEMİZ ALANYASPOR,3,GENÇLERBİRLİĞİ,0,BAHÇEŞEHİR OKULLARI STADYUMU- ANTALYA - ALANYA,ÜMİT ÖZTÜRK,11.02.2017 - 13:30
1176,https://www.tff.org/Default.aspx?pageId=29&macId=157095,OSMANLISPOR FUTBOL KULÜBÜ,0,TRABZONSPOR A.Ş.,1,OSMANLI STADI - ANKARA,ALPER ULUSOY,11.02.2017 - 16:00
1179,https://www.tff.org/Default.aspx?pageId=29&macId=157098,BURSASPOR,1,FENERBAHÇE A.Ş.,1,BURSA BÜYÜKŞEHİR BELEDİYE STADYUMU - BURSA,HALİL UMUT MELER,11.02.2017 - 19:03
1175,https://www.tff.org/Default.aspx?pageId=29&macId=157094,KASIMPAŞA A.Ş.,4,MEDİPOL BAŞAKŞEHİR FK,0,RECEP TAYYİP ERDOĞAN STADYUMU - İSTANBUL,YAŞAR KEMAL UĞURLU,12.02.2017 - 13:30
1178,https://www.tff.org/Default.aspx?pageId=29&macId=157097,AKHİSAR BELEDİYE GENÇLİK VE SPOR,1,ÇAYKUR RİZESPOR A.Ş.,0,MANİSA 19 MAYIS - MANİSA,BÜLENT YILDIRIM,12.02.2017 - 13:30
1174,https://www.tff.org/Default.aspx?pageId=29&macId=157093,ATİKER KONYASPOR,1,ANTALYASPOR A.Ş.,1,KONYA BÜYÜKŞEHİR BELEDİYE STADYUMU - KONYA,SERKAN ÇINAR,12.02.2017 - 16:00
1172,https://www.tff.org/Default.aspx?pageId=29&macId=157091,GALATASARAY A.Ş.,1,KAYSERİSPOR,2,ALİ SAMİ YEN SPOR KOMPLEKSİ TÜRK TELEKOM STADYUMU,HÜSEYİN GÖÇEK,12.02.2017 - 19:00
1173,https://www.tff.org/Default.aspx?pageId=29&macId=157092,GAZİANTEPSPOR,1,ADANASPOR A.Ş.,0,GAZİANTEP STADYUMU - GAZİANTEP,CÜNEYT ÇAKIR,13.02.2017 - 20:00
1187,https://www.tff.org/Default.aspx?pageId=29&macId=157106,KAYSERİSPOR,2,BURSASPOR,0,BÜYÜKŞEHİR BELEDİYESİ KADİR HAS - KAYSERİ,YAŞAR KEMAL UĞURLU,17.02.2017 - 19:00
1188,https://www.tff.org/Default.aspx?pageId=29&macId=157107,ANTALYASPOR A.Ş.,1,KARDEMİR KARABÜKSPOR,0,ANTALYA STADYUMU - ANTALYA,ÜMİT ÖZTÜRK,18.02.2017 - 13:30
1182,https://www.tff.org/Default.aspx?pageId=29&macId=157101,MEDİPOL BAŞAKŞEHİR FK,0,GAZİANTEPSPOR,0,3.İSTANBUL BAŞAKŞEHİR FATİH TERİM - İSTANBUL - BAŞ,ALPER ULUSOY,18.02.2017 - 16:00
1183,https://www.tff.org/Default.aspx?pageId=29&macId=157102,ÇAYKUR RİZESPOR A.Ş.,1,GALATASARAY A.Ş.,1,YENİ RİZE ŞEHİR - RİZE,HALİS ÖZKAHYA,18.02.2017 - 19:00
1184,https://www.tff.org/Default.aspx?pageId=29&macId=157103,GENÇLERBİRLİĞİ,2,ATİKER KONYASPOR,0,ANKARA 19 MAYIS - ANKARA,CÜNEYT ÇAKIR,19.02.2017 - 13:00
1186,https://www.tff.org/Default.aspx?pageId=29&macId=157105,FENERBAHÇE A.Ş.,0,KASIMPAŞA A.Ş.,0,ÜLKER STADYUMU FB ŞÜKRÜ SARACOĞLU SPOR KOMPLEKSİ -,FIRAT AYDINUS,19.02.2017 - 15:00
1185,https://www.tff.org/Default.aspx?pageId=29&macId=157104,ADANASPOR A.Ş.,1,OSMANLISPOR FUTBOL KULÜBÜ,5,5 OCAK FATİH TERİM - ADANA,METE KALKAVAN,19.02.2017 - 15:30
1189,https://www.tff.org/Default.aspx?pageId=29&macId=157108,BEŞİKTAŞ A.Ş.,3,AKHİSAR BELEDİYE GENÇLİK VE SPOR,1,VODAFONE STADYUMU - İSTANBUL - BEŞİKTAŞ,BARIŞ ŞİMŞEK,19.02.2017 - 19:00
1181,https://www.tff.org/Default.aspx?pageId=29&macId=157100,TRABZONSPOR A.Ş.,0,AYTEMİZ ALANYASPOR,0,ŞENOL GÜNEŞ SPOR KOMPLEKSİ - TRABZON,ÖZGÜR YANKAYA,20.02.2017 - 20:00
1193,https://www.tff.org/Default.aspx?pageId=29&macId=157112,ÇAYKUR RİZESPOR A.Ş.,2,KAYSERİSPOR,4,YENİ RİZE ŞEHİR - RİZE,HALİL UMUT MELER,24.02.2017 - 19:00
1191,https://www.tff.org/Default.aspx?pageId=29&macId=157110,KASIMPAŞA A.Ş.,4,BURSASPOR,0,RECEP TAYYİP ERDOĞAN STADYUMU - İSTANBUL,ÖZGÜR YANKAYA,24.02.2017 - 20:00
1194,https://www.tff.org/Default.aspx?pageId=29&macId=157113,AYTEMİZ ALANYASPOR,4,ADANASPOR A.Ş.,1,BAHÇEŞEHİR OKULLARI STADYUMU- ANTALYA - ALANYA,FIRAT AYDINUS,25.02.2017 - 15:00
1197,https://www.tff.org/Default.aspx?pageId=29&macId=157116,AKHİSAR BELEDİYE GENÇLİK VE SPOR,3,ANTALYASPOR A.Ş.,0,MANİSA 19 MAYIS - MANİSA,METE KALKAVAN,25.02.2017 - 16:00
1195,https://www.tff.org/Default.aspx?pageId=29&macId=157114,ATİKER KONYASPOR,1,TRABZONSPOR A.Ş.,1,KONYA BÜYÜKŞEHİR BELEDİYE STADYUMU - KONYA,HALİS ÖZKAHYA,25.02.2017 - 19:00
1196,https://www.tff.org/Default.aspx?pageId=29&macId=157115,KARDEMİR KARABÜKSPOR,1,GENÇLERBİRLİĞİ,0,DR.NECMETTİN ŞEYHOĞLU - KARABÜK,BARIŞ ŞİMŞEK,26.02.2017 - 13:30
1190,https://www.tff.org/Default.aspx?pageId=29&macId=157109,OSMANLISPOR FUTBOL KULÜBÜ,0,MEDİPOL BAŞAKŞEHİR FK,1,OSMANLI STADI - ANKARA,CÜNEYT ÇAKIR,26.02.2017 - 16:00
1192,https://www.tff.org/Default.aspx?pageId=29&macId=157111,GAZİANTEPSPOR,1,FENERBAHÇE A.Ş.,1,GAZİANTEP STADYUMU - GAZİANTEP,YAŞAR KEMAL UĞURLU,26.02.2017 - 19:00
1198,https://www.tff.org/Default.aspx?pageId=29&macId=157117,GALATASARAY A.Ş.,0,BEŞİKTAŞ A.Ş.,1,ALİ SAMİ YEN SPOR KOMPLEKSİ TÜRK TELEKOM STADYUMU,BÜLENT YILDIRIM,27.02.2017 - 20:00
1207,https://www.tff.org/Default.aspx?pageId=29&macId=157126,TRABZONSPOR A.Ş.,1,KARDEMİR KARABÜKSPOR,0,ŞENOL GÜNEŞ SPOR KOMPLEKSİ - TRABZON - TRABZON MER,FIRAT AYDINUS,3.03.2017 - 20:00
1199,https://www.tff.org/Default.aspx?pageId=29&macId=157118,BURSASPOR,2,GAZİANTEPSPOR,1,BURSA BÜYÜKŞEHİR BELEDİYE STADYUMU - BURSA,BARIŞ ŞİMŞEK,4.03.2017 - 16:00
1205,https://www.tff.org/Default.aspx?pageId=29&macId=157124,BEŞİKTAŞ A.Ş.,1,ÇAYKUR RİZESPOR A.Ş.,0,VODAFONE STADYUMU - İSTANBUL - BEŞİKTAŞ,YAŞAR KEMAL UĞURLU,4.03.2017 - 19:00
1203,https://www.tff.org/Default.aspx?pageId=29&macId=157122,MEDİPOL BAŞAKŞEHİR FK,2,AYTEMİZ ALANYASPOR,1,3.İSTANBUL BAŞAKŞEHİR FATİH TERİM - İSTANBUL - BAŞ,HALİS ÖZKAHYA,5.03.2017 - 13:30
1202,https://www.tff.org/Default.aspx?pageId=29&macId=157121,ADANASPOR A.Ş.,0,ATİKER KONYASPOR,1,5 OCAK FATİH TERİM - ADANA,HALİL UMUT MELER,5.03.2017 - 16:00
1200,https://www.tff.org/Default.aspx?pageId=29&macId=157119,KAYSERİSPOR,2,KASIMPAŞA A.Ş.,2,BÜYÜKŞEHİR BELEDİYESİ KADİR HAS - KAYSERİ,METE KALKAVAN,5.03.2017 - 19:00
1204,https://www.tff.org/Default.aspx?pageId=29&macId=157123,FENERBAHÇE A.Ş.,1,OSMANLISPOR FUTBOL KULÜBÜ,0,ÜLKER STADYUMU FB ŞÜKRÜ SARACOĞLU SPOR KOMPLEKSİ -,ALPER ULUSOY,5.03.2017 - 19:00
1201,https://www.tff.org/Default.aspx?pageId=29&macId=157120,GENÇLERBİRLİĞİ,2,AKHİSAR BELEDİYE GENÇLİK VE SPOR,0,ANKARA 19 MAYIS - ANKARA,ARDA KARDEŞLER,6.03.2017 - 19:00
1206,https://www.tff.org/Default.aspx?pageId=29&macId=157125,ANTALYASPOR A.Ş.,2,GALATASARAY A.Ş.,3,ANTALYA STADYUMU - ANTALYA,ALİ PALABIYIK,6.03.2017 - 20:00
1215,https://www.tff.org/Default.aspx?pageId=29&macId=157134,AYTEMİZ ALANYASPOR,2,FENERBAHÇE A.Ş.,3,BAHÇEŞEHİR OKULLARI STADYUMU- ANTALYA - ALANYA,ALİ PALABIYIK,10.03.2017 - 20:00
1211,https://www.tff.org/Default.aspx?pageId=29&macId=157130,KARDEMİR KARABÜKSPOR,2,ADANASPOR A.Ş.,0,DR.NECMETTİN ŞEYHOĞLU - KARABÜK,HÜSEYİN GÖÇEK,11.03.2017 - 13:30
1214,https://www.tff.org/Default.aspx?pageId=29&macId=157133,OSMANLISPOR FUTBOL KULÜBÜ,1,BURSASPOR,1,OSMANLI STADI - ANKARA,METE KALKAVAN,11.03.2017 - 16:00
1209,https://www.tff.org/Default.aspx?pageId=29&macId=157128,GALATASARAY A.Ş.,3,GENÇLERBİRLİĞİ,2,ALİ SAMİ YEN SPOR KOMPLEKSİ TÜRK TELEKOM STADYUMU,FIRAT AYDINUS,11.03.2017 - 19:00
1210,https://www.tff.org/Default.aspx?pageId=29&macId=157129,GAZİANTEPSPOR,0,KASIMPAŞA A.Ş.,2,GAZİANTEP STADYUMU - GAZİANTEP,BÜLENT YILDIRIM,11.03.2017 - 19:00
1208,https://www.tff.org/Default.aspx?pageId=29&macId=157127,ATİKER KONYASPOR,0,MEDİPOL BAŞAKŞEHİR FK,3,KONYA BÜYÜKŞEHİR BELEDİYE STADYUMU - KONYA,ARDA KARDEŞLER,12.03.2017 - 16:00
1213,https://www.tff.org/Default.aspx?pageId=29&macId=157132,ÇAYKUR RİZESPOR A.Ş.,1,ANTALYASPOR A.Ş.,2,YENİ RİZE ŞEHİR - RİZE,HALİS ÖZKAHYA,12.03.2017 - 19:00
1216,https://www.tff.org/Default.aspx?pageId=29&macId=157135,BEŞİKTAŞ A.Ş.,2,KAYSERİSPOR,2,VODAFONE STADYUMU - İSTANBUL - BEŞİKTAŞ,CÜNEYT ÇAKIR,12.03.2017 - 19:00
1212,https://www.tff.org/Default.aspx?pageId=29&macId=157131,AKHİSAR BELEDİYE GENÇLİK VE SPOR,1,TRABZONSPOR A.Ş.,3,MANİSA 19 MAYIS - MANİSA,YAŞAR KEMAL UĞURLU,13.03.2017 - 20:00
1220,https://www.tff.org/Default.aspx?pageId=29&macId=157139,FENERBAHÇE A.Ş.,2,ATİKER KONYASPOR,3,ÜLKER STADYUMU FB ŞÜKRÜ SARACOĞLU SPOR KOMPLEKSİ -,FIRAT AYDINUS,17.03.2017 - 20:00
1221,https://www.tff.org/Default.aspx?pageId=29&macId=157140,KASIMPAŞA A.Ş.,3,OSMANLISPOR FUTBOL KULÜBÜ,2,RECEP TAYYİP ERDOĞAN STADYUMU - İSTANBUL,HALİL UMUT MELER,18.03.2017 - 13:30
1222,https://www.tff.org/Default.aspx?pageId=29&macId=157141,KAYSERİSPOR,3,GAZİANTEPSPOR,4,BÜYÜKŞEHİR BELEDİYESİ KADİR HAS - KAYSERİ,HÜSEYİN GÖÇEK,18.03.2017 - 16:00
1217,https://www.tff.org/Default.aspx?pageId=29&macId=157136,ADANASPOR A.Ş.,2,AKHİSAR BELEDİYE GENÇLİK VE SPOR,1,5 OCAK FATİH TERİM - ADANA,BÜLENT YILDIRIM,18.03.2017 - 19:00
1219,https://www.tff.org/Default.aspx?pageId=29&macId=157138,TRABZONSPOR A.Ş.,2,GALATASARAY A.Ş.,0,ŞENOL GÜNEŞ SPOR KOMPLEKSİ - TRABZON - TRABZON MER,HALİS ÖZKAHYA,18.03.2017 - 19:00
1224,https://www.tff.org/Default.aspx?pageId=29&macId=157143,GENÇLERBİRLİĞİ,1,ÇAYKUR RİZESPOR A.Ş.,0,ANKARA 19 MAYIS - ANKARA,CÜNEYT ÇAKIR,19.03.2017 - 13:30
1218,https://www.tff.org/Default.aspx?pageId=29&macId=157137,BURSASPOR,1,AYTEMİZ ALANYASPOR,3,BURSA BÜYÜKŞEHİR BELEDİYE STADYUMU - BURSA,ÜMİT ÖZTÜRK,19.03.2017 - 16:00
1225,https://www.tff.org/Default.aspx?pageId=29&macId=157144,MEDİPOL BAŞAKŞEHİR FK,3,KARDEMİR KARABÜKSPOR,3,3.İSTANBUL BAŞAKŞEHİR FATİH TERİM - İSTANBUL - BAŞ,ÖZGÜR YANKAYA,19.03.2017 - 16:00
1223,https://www.tff.org/Default.aspx?pageId=29&macId=157142,ANTALYASPOR A.Ş.,0,BEŞİKTAŞ A.Ş.,0,ANTALYA STADYUMU - ANTALYA,METE KALKAVAN,19.03.2017 - 19:00
1229,https://www.tff.org/Default.aspx?pageId=29&macId=157148,AKHİSAR BELEDİYE GENÇLİK VE SPOR,2,MEDİPOL BAŞAKŞEHİR FK,1,MANİSA 19 MAYIS - MANİSA,METE KALKAVAN,1.04.2017 - 13:30
1232,https://www.tff.org/Default.aspx?pageId=29&macId=157151,AYTEMİZ ALANYASPOR,3,KASIMPAŞA A.Ş.,1,BAHÇEŞEHİR OKULLARI STADYUMU- ANTALYA - ALANYA,HÜSEYİN GÖÇEK,1.04.2017 - 16:00
1228,https://www.tff.org/Default.aspx?pageId=29&macId=157147,KARDEMİR KARABÜKSPOR,0,FENERBAHÇE A.Ş.,1,DR.NECMETTİN ŞEYHOĞLU - KARABÜK,BÜLENT YILDIRIM,1.04.2017 - 19:00
1234,https://www.tff.org/Default.aspx?pageId=29&macId=157153,ANTALYASPOR A.Ş.,2,KAYSERİSPOR,1,ANTALYA STADYUMU - ANTALYA,FIRAT AYDINUS,1.04.2017 - 19:00
1226,https://www.tff.org/Default.aspx?pageId=29&macId=157145,ÇAYKUR RİZESPOR A.Ş.,0,TRABZONSPOR A.Ş.,1,YENİ RİZE ŞEHİR - RİZE,HALİL UMUT MELER,2.04.2017 - 16:00
1227,https://www.tff.org/Default.aspx?pageId=29&macId=157146,OSMANLISPOR FUTBOL KULÜBÜ,0,GAZİANTEPSPOR,2,OSMANLI STADI - ANKARA,HALİS ÖZKAHYA,2.04.2017 - 16:30
1231,https://www.tff.org/Default.aspx?pageId=29&macId=157150,BEŞİKTAŞ A.Ş.,3,GENÇLERBİRLİĞİ,0,VODAFONE STADYUMU - İSTANBUL - BEŞİKTAŞ,SERKAN ÇINAR,2.04.2017 - 19:00
1233,https://www.tff.org/Default.aspx?pageId=29&macId=157152,ATİKER KONYASPOR,2,BURSASPOR,0,KONYA BÜYÜKŞEHİR BELEDİYE STADYUMU - KONYA,ALİ PALABIYIK,2.04.2017 - 19:00
1230,https://www.tff.org/Default.aspx?pageId=29&macId=157149,GALATASARAY A.Ş.,4,ADANASPOR A.Ş.,0,ALİ SAMİ YEN SPOR KOMPLEKSİ TÜRK TELEKOM STADYUMU,YAŞAR KEMAL UĞURLU,3.04.2017 - 20:00
1236,https://www.tff.org/Default.aspx?pageId=29&macId=157155,BURSASPOR,3,KARDEMİR KARABÜKSPOR,0,BURSA BÜYÜKŞEHİR BELEDİYE STADYUMU - BURSA,YAŞAR KEMAL UĞURLU,7.04.2017 - 20:00
1241,https://www.tff.org/Default.aspx?pageId=29&macId=157160,GENÇLERBİRLİĞİ,1,ANTALYASPOR A.Ş.,1,ANKARA 19 MAYIS - ANKARA,HÜSEYİN GÖÇEK,8.04.2017 - 15:30
1239,https://www.tff.org/Default.aspx?pageId=29&macId=157158,GAZİANTEPSPOR,2,AYTEMİZ ALANYASPOR,3,GAZİANTEP STADYUMU - GAZİANTEP,FIRAT AYDINUS,8.04.2017 - 16:00
1242,https://www.tff.org/Default.aspx?pageId=29&macId=157161,TRABZONSPOR A.Ş.,3,BEŞİKTAŞ A.Ş.,4,ŞENOL GÜNEŞ SPOR KOMPLEKSİ - TRABZON - TRABZON MER,ALİ PALABIYIK,8.04.2017 - 19:00
1240,https://www.tff.org/Default.aspx?pageId=29&macId=157159,KAYSERİSPOR,1,OSMANLISPOR FUTBOL KULÜBÜ,4,BÜYÜKŞEHİR BELEDİYESİ KADİR HAS - KAYSERİ,METE KALKAVAN,9.04.2017 - 16:00
1235,https://www.tff.org/Default.aspx?pageId=29&macId=157154,ADANASPOR A.Ş.,1,ÇAYKUR RİZESPOR A.Ş.,3,5 OCAK FATİH TERİM - ADANA,SERKAN ÇINAR,9.04.2017 - 19:00
1237,https://www.tff.org/Default.aspx?pageId=29&macId=157156,FENERBAHÇE A.Ş.,3,AKHİSAR BELEDİYE GENÇLİK VE SPOR,1,ÜLKER STADYUMU FB ŞÜKRÜ SARACOĞLU SPOR KOMPLEKSİ -,HALİL UMUT MELER,9.04.2017 - 19:00
1238,https://www.tff.org/Default.aspx?pageId=29&macId=157157,KASIMPAŞA A.Ş.,1,ATİKER KONYASPOR,1,RECEP TAYYİP ERDOĞAN STADYUMU - İSTANBUL,HALİS ÖZKAHYA,10.04.2017 - 20:00
1243,https://www.tff.org/Default.aspx?pageId=29&macId=157162,MEDİPOL BAŞAKŞEHİR FK,4,GALATASARAY A.Ş.,0,3.İSTANBUL BAŞAKŞEHİR FATİH TERİM - İSTANBUL - BAŞ,CÜNEYT ÇAKIR,10.04.2017 - 20:00
1244,https://www.tff.org/Default.aspx?pageId=29&macId=157163,ATİKER KONYASPOR,1,GAZİANTEPSPOR,2,KONYA BÜYÜKŞEHİR BELEDİYE STADYUMU - KONYA,CÜNEYT ÇAKIR,21.04.2017 - 20:00
1245,https://www.tff.org/Default.aspx?pageId=29&macId=157164,KARDEMİR KARABÜKSPOR,0,KASIMPAŞA A.Ş.,0,DR.NECMETTİN ŞEYHOĞLU - KARABÜK,ALPER ULUSOY,21.04.2017 - 20:00
1247,https://www.tff.org/Default.aspx?pageId=29&macId=157166,ÇAYKUR RİZESPOR A.Ş.,3,MEDİPOL BAŞAKŞEHİR FK,3,YENİ RİZE ŞEHİR - RİZE,BÜLENT YILDIRIM,22.04.2017 - 13:30
1250,https://www.tff.org/Default.aspx?pageId=29&macId=157169,AYTEMİZ ALANYASPOR,0,OSMANLISPOR FUTBOL KULÜBÜ,1,BAHÇEŞEHİR OKULLARI STADYUMU- ANTALYA - ALANYA,ÖZGÜR YANKAYA,22.04.2017 - 16:00
1246,https://www.tff.org/Default.aspx?pageId=29&macId=157165,GENÇLERBİRLİĞİ,2,KAYSERİSPOR,1,ANKARA 19 MAYIS - ANKARA,HALİS ÖZKAHYA,22.04.2017 - 19:00
1249,https://www.tff.org/Default.aspx?pageId=29&macId=157168,ANTALYASPOR A.Ş.,0,TRABZONSPOR A.Ş.,3,ANTALYA STADYUMU - ANTALYA,YAŞAR KEMAL UĞURLU,22.04.2017 - 19:00
1251,https://www.tff.org/Default.aspx?pageId=29&macId=157170,AKHİSAR BELEDİYE GENÇLİK VE SPOR,5,BURSASPOR,1,MANİSA 19 MAYIS - MANİSA,SERKAN ÇINAR,23.04.2017 - 13:30
1252,https://www.tff.org/Default.aspx?pageId=29&macId=157171,GALATASARAY A.Ş.,0,FENERBAHÇE A.Ş.,1,ALİ SAMİ YEN SPOR KOMPLEKSİ TÜRK TELEKOM STADYUMU,FIRAT AYDINUS,23.04.2017 - 19:00
1248,https://www.tff.org/Default.aspx?pageId=29&macId=157167,BEŞİKTAŞ A.Ş.,3,ADANASPOR A.Ş.,2,VODAFONE STADYUMU - İSTANBUL - BEŞİKTAŞ,HALİL UMUT MELER,24.04.2017 - 20:00
1255,https://www.tff.org/Default.aspx?pageId=29&macId=157174,GAZİANTEPSPOR,0,KARDEMİR KARABÜKSPOR,0,GAZİANTEP STADYUMU - GAZİANTEP,ÖZGÜR YANKAYA,28.04.2017 - 20:00
1258,https://www.tff.org/Default.aspx?pageId=29&macId=157177,KAYSERİSPOR,3,AYTEMİZ ALANYASPOR,0,BÜYÜKŞEHİR BELEDİYESİ KADİR HAS - KAYSERİ,HALİL UMUT MELER,29.04.2017 - 16:00
1259,https://www.tff.org/Default.aspx?pageId=29&macId=157178,TRABZONSPOR A.Ş.,0,GENÇLERBİRLİĞİ,0,ŞENOL GÜNEŞ SPOR KOMPLEKSİ - TRABZON - TRABZON MER,FIRAT AYDINUS,29.04.2017 - 19:00
1256,https://www.tff.org/Default.aspx?pageId=29&macId=157175,KASIMPAŞA A.Ş.,0,AKHİSAR BELEDİYE GENÇLİK VE SPOR,2,RECEP TAYYİP ERDOĞAN STADYUMU - İSTANBUL,ARDA KARDEŞLER,30.04.2017 - 13:00
1254,https://www.tff.org/Default.aspx?pageId=29&macId=157173,FENERBAHÇE A.Ş.,2,ÇAYKUR RİZESPOR A.Ş.,1,ÜLKER STADYUMU FB ŞÜKRÜ SARACOĞLU SPOR KOMPLEKSİ -,ALİ PALABIYIK,30.04.2017 - 16:00
1253,https://www.tff.org/Default.aspx?pageId=29&macId=157172,ADANASPOR A.Ş.,2,ANTALYASPOR A.Ş.,5,5 OCAK FATİH TERİM - ADANA,ALPER ULUSOY,30.04.2017 - 19:00
1260,https://www.tff.org/Default.aspx?pageId=29&macId=157179,MEDİPOL BAŞAKŞEHİR FK,3,BEŞİKTAŞ A.Ş.,1,3.İSTANBUL BAŞAKŞEHİR FATİH TERİM - İSTANBUL - BAŞ,CÜNEYT ÇAKIR,30.04.2017 - 19:00
1257,https://www.tff.org/Default.aspx?pageId=29&macId=157176,OSMANLISPOR FUTBOL KULÜBÜ,0,ATİKER KONYASPOR,0,OSMANLI STADI - ANKARA,VOLKAN BAYARSLAN,1.05.2017 - 20:00
1261,https://www.tff.org/Default.aspx?pageId=29&macId=157180,BURSASPOR,0,GALATASARAY A.Ş.,5,BURSA BÜYÜKŞEHİR BELEDİYE STADYUMU - BURSA,HALİS ÖZKAHYA,1.05.2017 - 20:00
1262,https://www.tff.org/Default.aspx?pageId=29&macId=157181,ANTALYASPOR A.Ş.,0,MEDİPOL BAŞAKŞEHİR FK,1,ANTALYA STADYUMU - ANTALYA,ALİ PALABIYIK,5.05.2017 - 20:00
1265,https://www.tff.org/Default.aspx?pageId=29&macId=157184,GENÇLERBİRLİĞİ,0,ADANASPOR A.Ş.,1,ANKARA 19 MAYIS - ANKARA,CÜNEYT ÇAKIR,6.05.2017 - 16:00
1270,https://www.tff.org/Default.aspx?pageId=29&macId=157189,TRABZONSPOR A.Ş.,2,KAYSERİSPOR,3,ŞENOL GÜNEŞ SPOR KOMPLEKSİ - TRABZON - TRABZON MER,ALPER ULUSOY,6.05.2017 - 16:00
1263,https://www.tff.org/Default.aspx?pageId=29&macId=157182,GALATASARAY A.Ş.,1,KASIMPAŞA A.Ş.,3,ALİ SAMİ YEN SPOR KOMPLEKSİ TÜRK TELEKOM STADYUMU,ÖZGÜR YANKAYA,6.05.2017 - 19:00
1266,https://www.tff.org/Default.aspx?pageId=29&macId=157185,ATİKER KONYASPOR,2,AYTEMİZ ALANYASPOR,3,KONYA BÜYÜKŞEHİR BELEDİYE STADYUMU - KONYA,METE KALKAVAN,6.05.2017 - 19:00
1264,https://www.tff.org/Default.aspx?pageId=29&macId=157183,ÇAYKUR RİZESPOR A.Ş.,6,BURSASPOR,0,YENİ RİZE ŞEHİR - RİZE,SERKAN ÇINAR,7.05.2017 - 16:00
1269,https://www.tff.org/Default.aspx?pageId=29&macId=157188,BEŞİKTAŞ A.Ş.,1,FENERBAHÇE A.Ş.,1,VODAFONE STADYUMU - İSTANBUL - BEŞİKTAŞ,FIRAT AYDINUS,7.05.2017 - 19:00
1267,https://www.tff.org/Default.aspx?pageId=29&macId=157186,KARDEMİR KARABÜKSPOR,1,OSMANLISPOR FUTBOL KULÜBÜ,0,DR.NECMETTİN ŞEYHOĞLU - KARABÜK,SUAT ARSLANBOĞA,8.05.2017 - 20:00
1268,https://www.tff.org/Default.aspx?pageId=29&macId=157187,AKHİSAR BELEDİYE GENÇLİK VE SPOR,6,GAZİANTEPSPOR,0,MANİSA 19 MAYIS - MANİSA,HALİL UMUT MELER,8.05.2017 - 20:00
1275,https://www.tff.org/Default.aspx?pageId=29&macId=157194,KAYSERİSPOR,2,ATİKER KONYASPOR,1,BÜYÜKŞEHİR BELEDİYESİ KADİR HAS - KAYSERİ,HALİS ÖZKAHYA,12.05.2017 - 20:00
1278,https://www.tff.org/Default.aspx?pageId=29&macId=157197,KASIMPAŞA A.Ş.,4,ÇAYKUR RİZESPOR A.Ş.,2,RECEP TAYYİP ERDOĞAN STADYUMU - İSTANBUL,FIRAT AYDINUS,12.05.2017 - 20:00
1272,https://www.tff.org/Default.aspx?pageId=29&macId=157191,MEDİPOL BAŞAKŞEHİR FK,2,GENÇLERBİRLİĞİ,1,3.İSTANBUL BAŞAKŞEHİR FATİH TERİM - İSTANBUL - BAŞ,ALPER ULUSOY,13.05.2017 - 16:00
1271,https://www.tff.org/Default.aspx?pageId=29&macId=157190,ADANASPOR A.Ş.,1,TRABZONSPOR A.Ş.,1,5 OCAK FATİH TERİM - ADANA,YAŞAR KEMAL UĞURLU,13.05.2017 - 19:00
1276,https://www.tff.org/Default.aspx?pageId=29&macId=157195,FENERBAHÇE A.Ş.,0,ANTALYASPOR A.Ş.,1,ÜLKER STADYUMU FB ŞÜKRÜ SARACOĞLU SPOR KOMPLEKSİ -,METE KALKAVAN,13.05.2017 - 19:00
1274,https://www.tff.org/Default.aspx?pageId=29&macId=157193,OSMANLISPOR FUTBOL KULÜBÜ,0,AKHİSAR BELEDİYE GENÇLİK VE SPOR,4,OSMANLI STADI - ANKARA,BARIŞ ŞİMŞEK,14.05.2017 - 16:00
1273,https://www.tff.org/Default.aspx?pageId=29&macId=157192,AYTEMİZ ALANYASPOR,4,KARDEMİR KARABÜKSPOR,2,BAHÇEŞEHİR OKULLARI STADYUMU- ANTALYA - ALANYA,ÜMİT ÖZTÜRK,14.05.2017 - 19:00
1279,https://www.tff.org/Default.aspx?pageId=29&macId=157198,GAZİANTEPSPOR,1,GALATASARAY A.Ş.,2,GAZİANTEP STADYUMU - GAZİANTEP,HÜSEYİN GÖÇEK,14.05.2017 - 19:00
1277,https://www.tff.org/Default.aspx?pageId=29&macId=157196,BURSASPOR,0,BEŞİKTAŞ A.Ş.,2,BURSA BÜYÜKŞEHİR BELEDİYE STADYUMU - BURSA,BÜLENT YILDIRIM,15.05.2017 - 20:00
1281,https://www.tff.org/Default.aspx?pageId=29&macId=157200,GALATASARAY A.Ş.,2,OSMANLISPOR FUTBOL KULÜBÜ,0,ALİ SAMİ YEN SPOR KOMPLEKSİ TÜRK TELEKOM STADYUMU,ALİ PALABIYIK,19.05.2017 - 20:00
1285,https://www.tff.org/Default.aspx?pageId=29&macId=157204,ÇAYKUR RİZESPOR A.Ş.,2,GAZİANTEPSPOR,0,YENİ RİZE ŞEHİR - RİZE,YAŞAR KEMAL UĞURLU,20.05.2017 - 13:30
1283,https://www.tff.org/Default.aspx?pageId=29&macId=157202,KAYSERİSPOR,1,ADANASPOR A.Ş.,1,BÜYÜKŞEHİR BELEDİYESİ KADİR HAS - KAYSERİ,TOLGA ÖZKALFA,20.05.2017 - 16:00
1282,https://www.tff.org/Default.aspx?pageId=29&macId=157201,ANTALYASPOR A.Ş.,2,BURSASPOR,1,ANTALYA STADYUMU - ANTALYA,HALİL UMUT MELER,20.05.2017 - 19:00
1286,https://www.tff.org/Default.aspx?pageId=29&macId=157205,BEŞİKTAŞ A.Ş.,4,KASIMPAŞA A.Ş.,1,VODAFONE STADYUMU - İSTANBUL - BEŞİKTAŞ,SERKAN ÇINAR,20.05.2017 - 19:00
1288,https://www.tff.org/Default.aspx?pageId=29&macId=157207,ATİKER KONYASPOR,3,KARDEMİR KARABÜKSPOR,0,KONYA BÜYÜKŞEHİR BELEDİYE STADYUMU - KONYA,ARDA KARDEŞLER,21.05.2017 - 16:00
1280,https://www.tff.org/Default.aspx?pageId=29&macId=157199,TRABZONSPOR A.Ş.,0,MEDİPOL BAŞAKŞEHİR FK,0,ŞENOL GÜNEŞ SPOR KOMPLEKSİ - TRABZON - TRABZON MER,FIRAT AYDINUS,21.05.2017 - 19:00
1284,https://www.tff.org/Default.aspx?pageId=29&macId=157203,AKHİSAR BELEDİYE GENÇLİK VE SPOR,3,AYTEMİZ ALANYASPOR,0,MANİSA 19 MAYIS - MANİSA,KUTLUHAN BİLGİÇ,22.05.2017 - 20:00
1287,https://www.tff.org/Default.aspx?pageId=29&macId=157206,GENÇLERBİRLİĞİ,1,FENERBAHÇE A.Ş.,2,ANKARA 19 MAYIS - ANKARA,ÜMİT ÖZTÜRK,22.05.2017 - 20:00
1292,https://www.tff.org/Default.aspx?pageId=29&macId=157211,ATİKER KONYASPOR,0,AKHİSAR BELEDİYE GENÇLİK VE SPOR,3,KONYA BÜYÜKŞEHİR BELEDİYE STADYUMU - KONYA,SERKAN TOKAT,27.05.2017 - 16:00
1295,https://www.tff.org/Default.aspx?pageId=29&macId=157214,KASIMPAŞA A.Ş.,0,ANTALYASPOR A.Ş.,3,RECEP TAYYİP ERDOĞAN STADYUMU - İSTANBUL,BARIŞ ŞİMŞEK,27.05.2017 - 16:00
1293,https://www.tff.org/Default.aspx?pageId=29&macId=157212,MEDİPOL BAŞAKŞEHİR FK,2,ADANASPOR A.Ş.,1,3.İSTANBUL BAŞAKŞEHİR FATİH TERİM - İSTANBUL - BAŞ,HALİS ÖZKAHYA,27.05.2017 - 18:00
1294,https://www.tff.org/Default.aspx?pageId=29&macId=157213,FENERBAHÇE A.Ş.,1,TRABZONSPOR A.Ş.,1,ÜLKER STADYUMU FB ŞÜKRÜ SARACOĞLU SPOR KOMPLEKSİ -,ALİ PALABIYIK,27.05.2017 - 19:00
1289,https://www.tff.org/Default.aspx?pageId=29&macId=157208,BURSASPOR,1,GENÇLERBİRLİĞİ,2,BURSA BÜYÜKŞEHİR BELEDİYE STADYUMU - BURSA,ALPER ULUSOY,28.05.2017 - 16:00
1290,https://www.tff.org/Default.aspx?pageId=29&macId=157209,OSMANLISPOR FUTBOL KULÜBÜ,1,ÇAYKUR RİZESPOR A.Ş.,2,OSMANLI STADI - ANKARA,ÜMİT ÖZTÜRK,28.05.2017 - 16:00
1291,https://www.tff.org/Default.aspx?pageId=29&macId=157210,KARDEMİR KARABÜKSPOR,2,KAYSERİSPOR,2,DR.NECMETTİN ŞEYHOĞLU - KARABÜK,BÜLENT BİRİNCİOĞLU,28.05.2017 - 16:00
1296,https://www.tff.org/Default.aspx?pageId=29&macId=157215,GAZİANTEPSPOR,0,BEŞİKTAŞ A.Ş.,4,GAZİANTEP STADYUMU - GAZİANTEP,METE KALKAVAN,28.05.2017 - 19:00
1297,https://www.tff.org/Default.aspx?pageId=29&macId=157216,AYTEMİZ ALANYASPOR,2,GALATASARAY A.Ş.,3,BAHÇEŞEHİR OKULLARI STADYUMU - ANTALYA - ALANYA,HALİL UMUT MELER,29.05.2017 - 20:00
1304,https://www.tff.org/Default.aspx?pageId=29&macId=157223,GENÇLERBİRLİĞİ,1,KASIMPAŞA A.Ş.,0,ANKARA 19 MAYIS - ANKARA,BAHATTİN ŞİMŞEK,2.06.2017 - 17:00
1306,https://www.tff.org/Default.aspx?pageId=29&macId=157225,AKHİSAR BELEDİYE GENÇLİK VE SPOR,2,KARDEMİR KARABÜKSPOR,3,MANİSA 19 MAYIS - MANİSA,ALİ ŞANSALAN,2.06.2017 - 17:00
1299,https://www.tff.org/Default.aspx?pageId=29&macId=157218,ANTALYASPOR A.Ş.,4,GAZİANTEPSPOR,1,ANTALYA STADYUMU - ANTALYA,SUAT ARSLANBOĞA,2.06.2017 - 20:00
1298,https://www.tff.org/Default.aspx?pageId=29&macId=157217,KAYSERİSPOR,0,MEDİPOL BAŞAKŞEHİR FK,1,BÜYÜKŞEHİR BELEDİYESİ KADİR HAS - KAYSERİ,BARIŞ ŞİMŞEK,3.06.2017 - 14:00
1300,https://www.tff.org/Default.aspx?pageId=29&macId=157219,ADANASPOR A.Ş.,1,FENERBAHÇE A.Ş.,3,5 OCAK FATİH TERİM - ADANA,YAŞAR KEMAL UĞURLU,3.06.2017 - 17:00
1301,https://www.tff.org/Default.aspx?pageId=29&macId=157220,GALATASARAY A.Ş.,2,ATİKER KONYASPOR,1,ALİ SAMİ YEN SPOR KOMPLEKSİ TÜRK TELEKOM STADYUMU ,HALİS ÖZKAHYA,3.06.2017 - 17:00
1302,https://www.tff.org/Default.aspx?pageId=29&macId=157221,ÇAYKUR RİZESPOR A.Ş.,1,AYTEMİZ ALANYASPOR,0,YENİ RİZE ŞEHİR - RİZE,ALPER ULUSOY,3.06.2017 - 17:00
1303,https://www.tff.org/Default.aspx?pageId=29&macId=157222,BEŞİKTAŞ A.Ş.,4,OSMANLISPOR FUTBOL KULÜBÜ,0,VODAFONE STADYUMU - İSTANBUL - BEŞİKTAŞ,ARDA KARDEŞLER,3.06.2017 - 17:00
1305,https://www.tff.org/Default.aspx?pageId=29&macId=157224,TRABZONSPOR A.Ş.,1,BURSASPOR,2,ŞENOL GÜNEŞ SPOR KOMPLEKSİ - TRABZON - TRABZON MER,FIRAT AYDINUS,3.06.2017 - 17:00
