Mac_kodu,TFF_mac_linki,Ev_sahibi,Ev_sahibi_gol,Misafir_takim,Misafir_takim_gol,Stat,Ana_hakem,Tarih_saat
1003,https://www.tff.org/Default.aspx?pageId=29&macId=222915,BEŞİKTAŞ A.Ş.,3,ÇAYKUR RİZESPOR A.Ş.,0,VODAFONE PARK - İSTANBUL - BEŞİKTAŞ,ZORBAY KÜÇÜK,13.08.2021 - 20:30
1002,https://www.tff.org/Default.aspx?pageId=29&macId=222914,VAVACARS FATİH KARAGÜMRÜK,3,GAZİANTEP FUTBOL KULÜBÜ A.Ş.,2,ATATÜRK OLİMPİYAT - İSTANBUL,CÜNEYT ÇAKIR,14.08.2021 - 19:15
1009,https://www.tff.org/Default.aspx?pageId=29&macId=222921,ALTAY,3,YUKATEL KAYSERİSPOR,0,BORNOVA AZİZ KOCAOĞLU STADYUMU - İZMİR - BORNOVA,SUAT ARSLANBOĞA,14.08.2021 - 21:45
1010,https://www.tff.org/Default.aspx?pageId=29&macId=222922,ATAKAŞ HATAYSPOR,1,KASIMPAŞA A.Ş.,1,YENİ HATAY STADYUMU - HATAY,ARDA KARDEŞLER,14.08.2021 - 21:45
1008,https://www.tff.org/Default.aspx?pageId=29&macId=222920,MEDİPOL BAŞAKŞEHİR FK,0,AYTEMİZ ALANYASPOR,1,BAŞAKŞEHİR FATİH TERİM - İSTANBUL - BAŞAKŞEHİR,YAŞAR KEMAL UĞURLU,15.08.2021 - 19:15
1005,https://www.tff.org/Default.aspx?pageId=29&macId=222917,FRAPORT TAV ANTALYASPOR,1,GÖZTEPE A.Ş.,1,ANTALYA STADYUMU - ANTALYA,YASİN KOL,15.08.2021 - 21:45
1007,https://www.tff.org/Default.aspx?pageId=29&macId=222919,ADANA DEMİRSPOR A.Ş.,0,FENERBAHÇE A.Ş.,1,YENİ ADANA STADYUMU - ADANA,ALİ ŞANSALAN,15.08.2021 - 21:45
1004,https://www.tff.org/Default.aspx?pageId=29&macId=222916,ÖZNUR KABLO YENİ MALATYASPOR,1,TRABZONSPOR A.Ş.,5,YENİ MALATYA STADYUMU - MALATYA - MALATYA MERKEZ,ATİLLA KARAOĞLAN,16.08.2021 - 19:15
1006,https://www.tff.org/Default.aspx?pageId=29&macId=222918,DEMİR GRUP SİVASSPOR,0,İTTİFAK HOLDİNG KONYASPOR,1,BAHÇEŞEHİR KOLEJİ SİVAS 4 EYLÜL STADYUMU - SİVAS,FIRAT AYDINUS,16.08.2021 - 19:15
1001,https://www.tff.org/Default.aspx?pageId=29&macId=222913,GZT GİRESUNSPOR,0,GALATASARAY A.Ş.,2,ÇOTANAK SPOR KOMPLEKSİ - GİRESUN - GİRESUN MERKEZ,ERKAN ÖZDAMAR,16.08.2021 - 21:45
1016,https://www.tff.org/Default.aspx?pageId=29&macId=222928,YUKATEL KAYSERİSPOR,1,ADANA DEMİRSPOR A.Ş.,1,BÜYÜKŞEHİR BELEDİYESİ KADİR HAS - KAYSERİ,TUGAY KAAN NUMANOĞLU,20.08.2021 - 20:30
1012,https://www.tff.org/Default.aspx?pageId=29&macId=222924,KASIMPAŞA A.Ş.,2,GZT GİRESUNSPOR,0,RECEP TAYYİP ERDOĞAN STADYUMU - İSTANBUL,ALİ PALABIYIK,21.08.2021 - 19:15
1020,https://www.tff.org/Default.aspx?pageId=29&macId=222932,ÇAYKUR RİZESPOR A.Ş.,0,VAVACARS FATİH KARAGÜMRÜK,0,ÇAYKUR DİDİ - RİZE,VOLKAN BAYARSLAN,21.08.2021 - 19:15
1011,https://www.tff.org/Default.aspx?pageId=29&macId=222923,GAZİANTEP FUTBOL KULÜBÜ A.Ş.,0,BEŞİKTAŞ A.Ş.,0,KALYON STADYUMU - GAZİANTEP,ÜMİT ÖZTÜRK,21.08.2021 - 21:45
1015,https://www.tff.org/Default.aspx?pageId=29&macId=222927,AYTEMİZ ALANYASPOR,1,ALTAY,4,BAHÇEŞEHİR OKULLARI STADYUMU - ANTALYA - ALANYA,METE KALKAVAN,21.08.2021 - 21:45
1017,https://www.tff.org/Default.aspx?pageId=29&macId=222929,İTTİFAK HOLDİNG KONYASPOR,2,MEDİPOL BAŞAKŞEHİR FK,1,MEDAŞ KONYA BÜYÜKŞEHİR STADYUMU - KONYA,HALİS ÖZKAHYA,22.08.2021 - 19:15
1018,https://www.tff.org/Default.aspx?pageId=29&macId=222930,FENERBAHÇE A.Ş.,2,FRAPORT TAV ANTALYASPOR,0,ÜLKER STADYUMU FB ŞÜKRÜ SARACOĞLU SPOR KOMPLEKSİ -,HALİL UMUT MELER,22.08.2021 - 21:45
1019,https://www.tff.org/Default.aspx?pageId=29&macId=222931,GÖZTEPE A.Ş.,0,ÖZNUR KABLO YENİ MALATYASPOR,1,GÜRSEL AKSEL STADYUMU - İZMİR,BAHATTİN ŞİMŞEK,22.08.2021 - 21:45
1014,https://www.tff.org/Default.aspx?pageId=29&macId=222926,TRABZONSPOR A.Ş.,2,DEMİR GRUP SİVASSPOR,1,ŞENOL GÜNEŞ SPOR KOMPLEKSİ - TRABZON - TRABZON MER,ABDULKADİR BİTİGEN,23.08.2021 - 19:15
1013,https://www.tff.org/Default.aspx?pageId=29&macId=222925,GALATASARAY A.Ş.,2,ATAKAŞ HATAYSPOR,1,ATATÜRK OLİMPİYAT - İSTANBUL,HÜSEYİN GÖÇEK,23.08.2021 - 21:45
1025,https://www.tff.org/Default.aspx?pageId=29&macId=222937,FRAPORT TAV ANTALYASPOR,3,ÇAYKUR RİZESPOR A.Ş.,2,ANTALYA STADYUMU - ANTALYA,ÖZGÜR YANKAYA,27.08.2021 - 20:30
1027,https://www.tff.org/Default.aspx?pageId=29&macId=222939,ADANA DEMİRSPOR A.Ş.,1,İTTİFAK HOLDİNG KONYASPOR,1,YENİ ADANA STADYUMU - ADANA,ALPER ULUSOY,27.08.2021 - 21:45
1024,https://www.tff.org/Default.aspx?pageId=29&macId=222936,ÖZNUR KABLO YENİ MALATYASPOR,2,GAZİANTEP FUTBOL KULÜBÜ A.Ş.,0,YENİ MALATYA STADYUMU - MALATYA - MALATYA MERKEZ,SARPER BARIŞ SAKA,28.08.2021 - 19:15
1028,https://www.tff.org/Default.aspx?pageId=29&macId=222940,MEDİPOL BAŞAKŞEHİR FK,0,YUKATEL KAYSERİSPOR,1,BAŞAKŞEHİR FATİH TERİM - İSTANBUL - BAŞAKŞEHİR,MUSTAFA ÖĞRETMENOĞLU,28.08.2021 - 19:15
1023,https://www.tff.org/Default.aspx?pageId=29&macId=222935,BEŞİKTAŞ A.Ş.,1,VAVACARS FATİH KARAGÜMRÜK,0,VODAFONE PARK - İSTANBUL - BEŞİKTAŞ,CÜNEYT ÇAKIR,28.08.2021 - 21:45
1030,https://www.tff.org/Default.aspx?pageId=29&macId=222942,ATAKAŞ HATAYSPOR,5,AYTEMİZ ALANYASPOR,0,YENİ HATAY STADYUMU - HATAY,MERT GÜZENGE,28.08.2021 - 21:45
1022,https://www.tff.org/Default.aspx?pageId=29&macId=222934,KASIMPAŞA A.Ş.,2,GALATASARAY A.Ş.,2,RECEP TAYYİP ERDOĞAN STADYUMU - İSTANBUL,FIRAT AYDINUS,29.08.2021 - 19:15
1026,https://www.tff.org/Default.aspx?pageId=29&macId=222938,DEMİR GRUP SİVASSPOR,2,GÖZTEPE A.Ş.,2,BAHÇEŞEHİR KOLEJİ SİVAS 4 EYLÜL STADYUMU - SİVAS,BURAK ŞEKER,29.08.2021 - 19:15
1021,https://www.tff.org/Default.aspx?pageId=29&macId=222933,GZT GİRESUNSPOR,0,TRABZONSPOR A.Ş.,1,ÇOTANAK SPOR KOMPLEKSİ - GİRESUN - GİRESUN MERKEZ,ALİ ŞANSALAN,29.08.2021 - 21:45
1029,https://www.tff.org/Default.aspx?pageId=29&macId=222941,ALTAY,0,FENERBAHÇE A.Ş.,2,BORNOVA AZİZ KOCAOĞLU STADYUMU - İZMİR - BORNOVA,YAŞAR KEMAL UĞURLU,29.08.2021 - 21:45
1032,https://www.tff.org/Default.aspx?pageId=29&macId=222944,VAVACARS FATİH KARAGÜMRÜK,4,ADANA DEMİRSPOR A.Ş.,0,ATATÜRK OLİMPİYAT - İSTANBUL,ÜMİT ÖZTÜRK,11.09.2021 - 17:00
1037,https://www.tff.org/Default.aspx?pageId=29&macId=222949,İTTİFAK HOLDİNG KONYASPOR,3,ALTAY,1,MEDAŞ KONYA BÜYÜKŞEHİR STADYUMU - KONYA,ERKAN ÖZDAMAR,11.09.2021 - 17:00
1033,https://www.tff.org/Default.aspx?pageId=29&macId=222945,BEŞİKTAŞ A.Ş.,3,ÖZNUR KABLO YENİ MALATYASPOR,0,VODAFONE PARK - İSTANBUL - BEŞİKTAŞ,ARDA KARDEŞLER,11.09.2021 - 20:00
1036,https://www.tff.org/Default.aspx?pageId=29&macId=222948,YUKATEL KAYSERİSPOR,2,KASIMPAŞA A.Ş.,0,BÜYÜKŞEHİR BELEDİYESİ KADİR HAS - KAYSERİ,YASİN KOL,11.09.2021 - 20:00
1038,https://www.tff.org/Default.aspx?pageId=29&macId=222950,FENERBAHÇE A.Ş.,1,DEMİR GRUP SİVASSPOR,1,ÜLKER STADYUMU FB ŞÜKRÜ SARACOĞLU SPOR KOMPLEKSİ -,HALİS ÖZKAHYA,12.09.2021 - 17:00
1040,https://www.tff.org/Default.aspx?pageId=29&macId=222952,ÇAYKUR RİZESPOR A.Ş.,0,ATAKAŞ HATAYSPOR,2,ÇAYKUR DİDİ - RİZE,HALİL UMUT MELER,12.09.2021 - 17:00
1034,https://www.tff.org/Default.aspx?pageId=29&macId=222946,TRABZONSPOR A.Ş.,2,GALATASARAY A.Ş.,2,ŞENOL GÜNEŞ SPOR KOMPLEKSİ - TRABZON - TRABZON MER,ALİ PALABIYIK,12.09.2021 - 20:00
1039,https://www.tff.org/Default.aspx?pageId=29&macId=222951,GÖZTEPE A.Ş.,2,MEDİPOL BAŞAKŞEHİR FK,1,GÜRSEL AKSEL STADYUMU - İZMİR,TUGAY KAAN NUMANOĞLU,12.09.2021 - 20:00
1031,https://www.tff.org/Default.aspx?pageId=29&macId=222943,GAZİANTEP FUTBOL KULÜBÜ A.Ş.,2,FRAPORT TAV ANTALYASPOR,0,KALYON STADYUMU - GAZİANTEP,SUAT ARSLANBOĞA,13.09.2021 - 20:00
1035,https://www.tff.org/Default.aspx?pageId=29&macId=222947,AYTEMİZ ALANYASPOR,1,GZT GİRESUNSPOR,0,BAHÇEŞEHİR OKULLARI STADYUMU - ANTALYA - ALANYA,ZORBAY KÜÇÜK,13.09.2021 - 20:00
1044,https://www.tff.org/Default.aspx?pageId=29&macId=222956,ÖZNUR KABLO YENİ MALATYASPOR,3,VAVACARS FATİH KARAGÜMRÜK,4,YENİ MALATYA STADYUMU - MALATYA - MALATYA MERKEZ,HÜSEYİN GÖÇEK,17.09.2021 - 20:00
1049,https://www.tff.org/Default.aspx?pageId=29&macId=222961,ALTAY,2,GÖZTEPE A.Ş.,1,BORNOVA AZİZ KOCAOĞLU STADYUMU - İZMİR - BORNOVA,HALİL UMUT MELER,17.09.2021 - 20:00
1046,https://www.tff.org/Default.aspx?pageId=29&macId=222958,DEMİR GRUP SİVASSPOR,1,GAZİANTEP FUTBOL KULÜBÜ A.Ş.,1,BAHÇEŞEHİR KOLEJİ SİVAS 4 EYLÜL STADYUMU - SİVAS,ATİLLA KARAOĞLAN,18.09.2021 - 13:30
1042,https://www.tff.org/Default.aspx?pageId=29&macId=222954,KASIMPAŞA A.Ş.,0,TRABZONSPOR A.Ş.,1,RECEP TAYYİP ERDOĞAN STADYUMU - İSTANBUL,METE KALKAVAN,18.09.2021 - 16:00
1045,https://www.tff.org/Default.aspx?pageId=29&macId=222957,FRAPORT TAV ANTALYASPOR,2,BEŞİKTAŞ A.Ş.,3,ANTALYA STADYUMU - ANTALYA,ALİ ŞANSALAN,18.09.2021 - 19:00
1047,https://www.tff.org/Default.aspx?pageId=29&macId=222959,ADANA DEMİRSPOR A.Ş.,3,ÇAYKUR RİZESPOR A.Ş.,1,YENİ ADANA STADYUMU - ADANA,CÜNEYT ÇAKIR,18.09.2021 - 19:00
1041,https://www.tff.org/Default.aspx?pageId=29&macId=222953,GZT GİRESUNSPOR,0,İTTİFAK HOLDİNG KONYASPOR,0,ÇOTANAK SPOR KOMPLEKSİ - GİRESUN - GİRESUN MERKEZ,VOLKAN BAYARSLAN,19.09.2021 - 13:30
1043,https://www.tff.org/Default.aspx?pageId=29&macId=222955,GALATASARAY A.Ş.,0,AYTEMİZ ALANYASPOR,1,ALİ SAMİ YEN SPOR KOMPLEKSİ TÜRK TELEKOM STADYUMU ,ABDULKADİR BİTİGEN,19.09.2021 - 16:00
1048,https://www.tff.org/Default.aspx?pageId=29&macId=222960,MEDİPOL BAŞAKŞEHİR FK,2,FENERBAHÇE A.Ş.,0,BAŞAKŞEHİR FATİH TERİM - İSTANBUL - BAŞAKŞEHİR,FIRAT AYDINUS,19.09.2021 - 19:00
1050,https://www.tff.org/Default.aspx?pageId=29&macId=222962,ATAKAŞ HATAYSPOR,2,YUKATEL KAYSERİSPOR,1,YENİ HATAY STADYUMU - HATAY,ALPER ULUSOY,19.09.2021 - 19:00
1052,https://www.tff.org/Default.aspx?pageId=29&macId=222964,VAVACARS FATİH KARAGÜMRÜK,0,FRAPORT TAV ANTALYASPOR,0,ATATÜRK OLİMPİYAT - İSTANBUL,ARDA KARDEŞLER,21.09.2021 - 17:00
1060,https://www.tff.org/Default.aspx?pageId=29&macId=222972,ÇAYKUR RİZESPOR A.Ş.,1,ALTAY,2,ÇAYKUR DİDİ - RİZE,ÜMİT ÖZTÜRK,21.09.2021 - 17:00
1053,https://www.tff.org/Default.aspx?pageId=29&macId=222965,BEŞİKTAŞ A.Ş.,3,ADANA DEMİRSPOR A.Ş.,3,VODAFONE PARK - İSTANBUL - BEŞİKTAŞ,ALİ PALABIYIK,21.09.2021 - 20:00
1054,https://www.tff.org/Default.aspx?pageId=29&macId=222966,ÖZNUR KABLO YENİ MALATYASPOR,0,DEMİR GRUP SİVASSPOR,1,YENİ MALATYA STADYUMU - MALATYA - MALATYA MERKEZ,ERKAN ÖZDAMAR,21.09.2021 - 20:00
1051,https://www.tff.org/Default.aspx?pageId=29&macId=222963,GAZİANTEP FUTBOL KULÜBÜ A.Ş.,1,MEDİPOL BAŞAKŞEHİR FK,0,KALYON STADYUMU - GAZİANTEP,METE KALKAVAN,22.09.2021 - 17:00
1056,https://www.tff.org/Default.aspx?pageId=29&macId=222968,YUKATEL KAYSERİSPOR,3,GALATASARAY A.Ş.,0,BÜYÜKŞEHİR BELEDİYESİ KADİR HAS - KAYSERİ,YAŞAR KEMAL UĞURLU,22.09.2021 - 20:00
1059,https://www.tff.org/Default.aspx?pageId=29&macId=222971,GÖZTEPE A.Ş.,0,ATAKAŞ HATAYSPOR,2,GÜRSEL AKSEL STADYUMU - İZMİR,SUAT ARSLANBOĞA,22.09.2021 - 20:00
1057,https://www.tff.org/Default.aspx?pageId=29&macId=222969,İTTİFAK HOLDİNG KONYASPOR,2,TRABZONSPOR A.Ş.,2,MEDAŞ KONYA BÜYÜKŞEHİR STADYUMU - KONYA,HALİL UMUT MELER,23.09.2021 - 17:00
1055,https://www.tff.org/Default.aspx?pageId=29&macId=222967,AYTEMİZ ALANYASPOR,2,KASIMPAŞA A.Ş.,0,BAHÇEŞEHİR OKULLARI STADYUMU - ANTALYA - ALANYA,BAHATTİN ŞİMŞEK,23.09.2021 - 20:00
1058,https://www.tff.org/Default.aspx?pageId=29&macId=222970,FENERBAHÇE A.Ş.,2,GZT GİRESUNSPOR,1,ÜLKER STADYUMU FB ŞÜKRÜ SARACOĞLU SPOR KOMPLEKSİ -,CÜNEYT ÇAKIR,23.09.2021 - 20:00
1069,https://www.tff.org/Default.aspx?pageId=29&macId=222981,ALTAY,2,BEŞİKTAŞ A.Ş.,1,BORNOVA AZİZ KOCAOĞLU STADYUMU - İZMİR - BORNOVA,FIRAT AYDINUS,24.09.2021 - 20:00
1066,https://www.tff.org/Default.aspx?pageId=29&macId=222978,DEMİR GRUP SİVASSPOR,4,VAVACARS FATİH KARAGÜMRÜK,0,BAHÇEŞEHİR KOLEJİ SİVAS 4 EYLÜL STADYUMU - SİVAS,ALPER ULUSOY,25.09.2021 - 13:30
1065,https://www.tff.org/Default.aspx?pageId=29&macId=222977,FRAPORT TAV ANTALYASPOR,1,ÖZNUR KABLO YENİ MALATYASPOR,0,ANTALYA STADYUMU - ANTALYA,MERT GÜZENGE,25.09.2021 - 16:00
1067,https://www.tff.org/Default.aspx?pageId=29&macId=222979,ADANA DEMİRSPOR A.Ş.,4,GAZİANTEP FUTBOL KULÜBÜ A.Ş.,0,YENİ ADANA STADYUMU - ADANA,SARPER BARIŞ SAKA,25.09.2021 - 19:00
1061,https://www.tff.org/Default.aspx?pageId=29&macId=222973,GZT GİRESUNSPOR,1,YUKATEL KAYSERİSPOR,1,ÇOTANAK SPOR KOMPLEKSİ - GİRESUN - GİRESUN MERKEZ,ATİLLA KARAOĞLAN,26.09.2021 - 13:30
1068,https://www.tff.org/Default.aspx?pageId=29&macId=222980,MEDİPOL BAŞAKŞEHİR FK,3,ÇAYKUR RİZESPOR A.Ş.,0,BAŞAKŞEHİR FATİH TERİM - İSTANBUL - BAŞAKŞEHİR,ARDA KARDEŞLER,26.09.2021 - 16:00
1070,https://www.tff.org/Default.aspx?pageId=29&macId=222982,ATAKAŞ HATAYSPOR,1,FENERBAHÇE A.Ş.,2,YENİ HATAY STADYUMU - HATAY,ABDULKADİR BİTİGEN,26.09.2021 - 16:00
1063,https://www.tff.org/Default.aspx?pageId=29&macId=222975,GALATASARAY A.Ş.,2,GÖZTEPE A.Ş.,1,ALİ SAMİ YEN SPOR KOMPLEKSİ TÜRK TELEKOM STADYUMU ,ALİ ŞANSALAN,26.09.2021 - 19:00
1062,https://www.tff.org/Default.aspx?pageId=29&macId=222974,KASIMPAŞA A.Ş.,2,İTTİFAK HOLDİNG KONYASPOR,2,RECEP TAYYİP ERDOĞAN STADYUMU - İSTANBUL,TUGAY KAAN NUMANOĞLU,27.09.2021 - 20:00
1064,https://www.tff.org/Default.aspx?pageId=29&macId=222976,TRABZONSPOR A.Ş.,1,AYTEMİZ ALANYASPOR,1,ŞENOL GÜNEŞ SPOR KOMPLEKSİ - TRABZON - TRABZON MER,HALİS ÖZKAHYA,27.09.2021 - 20:00
1072,https://www.tff.org/Default.aspx?pageId=29&macId=222984,VAVACARS FATİH KARAGÜMRÜK,3,MEDİPOL BAŞAKŞEHİR FK,1,ATATÜRK OLİMPİYAT - İSTANBUL,ERKAN ÖZDAMAR,1.10.2021 - 20:00
1075,https://www.tff.org/Default.aspx?pageId=29&macId=222987,FRAPORT TAV ANTALYASPOR,1,ADANA DEMİRSPOR A.Ş.,2,ANTALYA STADYUMU - ANTALYA,VOLKAN BAYARSLAN,1.10.2021 - 20:00
1077,https://www.tff.org/Default.aspx?pageId=29&macId=222989,İTTİFAK HOLDİNG KONYASPOR,1,AYTEMİZ ALANYASPOR,1,MEDAŞ KONYA BÜYÜKŞEHİR STADYUMU - KONYA,MERT GÜZENGE,2.10.2021 - 13:30
1076,https://www.tff.org/Default.aspx?pageId=29&macId=222988,YUKATEL KAYSERİSPOR,1,TRABZONSPOR A.Ş.,2,BÜYÜKŞEHİR BELEDİYESİ KADİR HAS - KAYSERİ,TUGAY KAAN NUMANOĞLU,2.10.2021 - 16:00
1079,https://www.tff.org/Default.aspx?pageId=29&macId=222991,GÖZTEPE A.Ş.,0,GZT GİRESUNSPOR,1,GÜRSEL AKSEL STADYUMU - İZMİR,BURAK ŞEKER,2.10.2021 - 16:00
1073,https://www.tff.org/Default.aspx?pageId=29&macId=222985,BEŞİKTAŞ A.Ş.,2,DEMİR GRUP SİVASSPOR,1,VODAFONE PARK - İSTANBUL - BEŞİKTAŞ,YAŞAR KEMAL UĞURLU,2.10.2021 - 19:00
1074,https://www.tff.org/Default.aspx?pageId=29&macId=222986,ÖZNUR KABLO YENİ MALATYASPOR,0,ATAKAŞ HATAYSPOR,2,YENİ MALATYA STADYUMU - MALATYA - MALATYA MERKEZ,HALİL UMUT MELER,3.10.2021 - 13:30
1071,https://www.tff.org/Default.aspx?pageId=29&macId=222983,GAZİANTEP FUTBOL KULÜBÜ A.Ş.,4,ALTAY,1,KALYON STADYUMU - GAZİANTEP,BAHATTİN ŞİMŞEK,3.10.2021 - 16:00
1078,https://www.tff.org/Default.aspx?pageId=29&macId=222990,FENERBAHÇE A.Ş.,2,KASIMPAŞA A.Ş.,1,ÜLKER STADYUMU FB ŞÜKRÜ SARACOĞLU SPOR KOMPLEKSİ -,ATİLLA KARAOĞLAN,3.10.2021 - 16:00
1080,https://www.tff.org/Default.aspx?pageId=29&macId=222992,ÇAYKUR RİZESPOR A.Ş.,2,GALATASARAY A.Ş.,3,ÇAYKUR DİDİ - RİZE,ALİ PALABIYIK,3.10.2021 - 19:00
1088,https://www.tff.org/Default.aspx?pageId=29&macId=223000,MEDİPOL BAŞAKŞEHİR FK,3,BEŞİKTAŞ A.Ş.,2,BAŞAKŞEHİR FATİH TERİM - İSTANBUL - BAŞAKŞEHİR,ATİLLA KARAOĞLAN,15.10.2021 - 20:00
1081,https://www.tff.org/Default.aspx?pageId=29&macId=222993,GZT GİRESUNSPOR,2,ÇAYKUR RİZESPOR A.Ş.,0,ÇOTANAK SPOR KOMPLEKSİ - GİRESUN - GİRESUN MERKEZ,ERKAN ÖZDAMAR,16.10.2021 - 13:30
1086,https://www.tff.org/Default.aspx?pageId=29&macId=222998,DEMİR GRUP SİVASSPOR,2,FRAPORT TAV ANTALYASPOR,2,BAHÇEŞEHİR KOLEJİ SİVAS 4 EYLÜL STADYUMU - SİVAS,METE KALKAVAN,16.10.2021 - 16:00
1087,https://www.tff.org/Default.aspx?pageId=29&macId=222999,ADANA DEMİRSPOR A.Ş.,0,ÖZNUR KABLO YENİ MALATYASPOR,2,YENİ ADANA STADYUMU - ADANA,FIRAT AYDINUS,16.10.2021 - 19:00
1082,https://www.tff.org/Default.aspx?pageId=29&macId=222994,KASIMPAŞA A.Ş.,1,GÖZTEPE A.Ş.,2,RECEP TAYYİP ERDOĞAN STADYUMU - İSTANBUL,CÜNEYT ÇAKIR,17.10.2021 - 13:30
1083,https://www.tff.org/Default.aspx?pageId=29&macId=222995,GALATASARAY A.Ş.,1,İTTİFAK HOLDİNG KONYASPOR,0,ALİ SAMİ YEN SPOR KOMPLEKSİ - İSTANBUL,ARDA KARDEŞLER,17.10.2021 - 16:00
1089,https://www.tff.org/Default.aspx?pageId=29&macId=223001,ALTAY,0,VAVACARS FATİH KARAGÜMRÜK,1,BORNOVA AZİZ KOCAOĞLU STADYUMU - İZMİR - BORNOVA,SUAT ARSLANBOĞA,17.10.2021 - 16:00
1084,https://www.tff.org/Default.aspx?pageId=29&macId=222996,TRABZONSPOR A.Ş.,3,FENERBAHÇE A.Ş.,1,ŞENOL GÜNEŞ SPOR KOMPLEKSİ - TRABZON - TRABZON MER,ALİ ŞANSALAN,17.10.2021 - 19:00
1085,https://www.tff.org/Default.aspx?pageId=29&macId=222997,AYTEMİZ ALANYASPOR,6,YUKATEL KAYSERİSPOR,3,BAHÇEŞEHİR OKULLARI STADYUMU - ANTALYA - ALANYA,ÜMİT ÖZTÜRK,18.10.2021 - 20:00
1090,https://www.tff.org/Default.aspx?pageId=29&macId=223002,ATAKAŞ HATAYSPOR,2,GAZİANTEP FUTBOL KULÜBÜ A.Ş.,1,YENİ HATAY STADYUMU - HATAY,ZORBAY KÜÇÜK,18.10.2021 - 20:00
1094,https://www.tff.org/Default.aspx?pageId=29&macId=223006,ÖZNUR KABLO YENİ MALATYASPOR,2,ALTAY,1,YENİ MALATYA STADYUMU - MALATYA - MALATYA MERKEZ,YASİN KOL,22.10.2021 - 20:00
1100,https://www.tff.org/Default.aspx?pageId=29&macId=223012,ÇAYKUR RİZESPOR A.Ş.,2,KASIMPAŞA A.Ş.,1,ÇAYKUR DİDİ - RİZE,HÜSEYİN GÖÇEK,23.10.2021 - 13:30
1091,https://www.tff.org/Default.aspx?pageId=29&macId=223003,GAZİANTEP FUTBOL KULÜBÜ A.Ş.,1,GZT GİRESUNSPOR,1,KALYON STADYUMU - GAZİANTEP,TUGAY KAAN NUMANOĞLU,23.10.2021 - 16:00
1097,https://www.tff.org/Default.aspx?pageId=29&macId=223009,İTTİFAK HOLDİNG KONYASPOR,2,YUKATEL KAYSERİSPOR,0,MEDAŞ KONYA BÜYÜKŞEHİR STADYUMU - KONYA,SARPER BARIŞ SAKA,23.10.2021 - 16:00
1099,https://www.tff.org/Default.aspx?pageId=29&macId=223011,GÖZTEPE A.Ş.,0,TRABZONSPOR A.Ş.,1,GÜRSEL AKSEL STADYUMU - İZMİR,ATİLLA KARAOĞLAN,23.10.2021 - 19:00
1092,https://www.tff.org/Default.aspx?pageId=29&macId=223004,VAVACARS FATİH KARAGÜMRÜK,1,ATAKAŞ HATAYSPOR,1,ATATÜRK OLİMPİYAT - İSTANBUL,HALİS ÖZKAHYA,24.10.2021 - 13:30
1095,https://www.tff.org/Default.aspx?pageId=29&macId=223007,FRAPORT TAV ANTALYASPOR,1,MEDİPOL BAŞAKŞEHİR FK,2,ANTALYA STADYUMU - ANTALYA,YAŞAR KEMAL UĞURLU,24.10.2021 - 16:00
1096,https://www.tff.org/Default.aspx?pageId=29&macId=223008,DEMİR GRUP SİVASSPOR,1,ADANA DEMİRSPOR A.Ş.,1,BAHÇEŞEHİR KOLEJİ SİVAS 4 EYLÜL STADYUMU - SİVAS,BAHATTİN ŞİMŞEK,24.10.2021 - 16:00
1098,https://www.tff.org/Default.aspx?pageId=29&macId=223010,FENERBAHÇE A.Ş.,1,AYTEMİZ ALANYASPOR,2,ÜLKER STADYUMU FB ŞÜKRÜ SARACOĞLU SPOR KOMPLEKSİ -,HALİL UMUT MELER,24.10.2021 - 19:00
1093,https://www.tff.org/Default.aspx?pageId=29&macId=223005,BEŞİKTAŞ A.Ş.,2,GALATASARAY A.Ş.,1,VODAFONE PARK - İSTANBUL - BEŞİKTAŞ,FIRAT AYDINUS,25.10.2021 - 20:00
1104,https://www.tff.org/Default.aspx?pageId=29&macId=223016,TRABZONSPOR A.Ş.,2,ÇAYKUR RİZESPOR A.Ş.,1,ŞENOL GÜNEŞ SPOR KOMPLEKSİ - TRABZON - TRABZON MER,HALİL UMUT MELER,29.10.2021 - 20:00
1102,https://www.tff.org/Default.aspx?pageId=29&macId=223014,KASIMPAŞA A.Ş.,2,ÖZNUR KABLO YENİ MALATYASPOR,0,RECEP TAYYİP ERDOĞAN STADYUMU - İSTANBUL,ALPER ULUSOY,30.10.2021 - 13:30
1109,https://www.tff.org/Default.aspx?pageId=29&macId=223021,ALTAY,1,DEMİR GRUP SİVASSPOR,1,BORNOVA AZİZ KOCAOĞLU STADYUMU - İZMİR - BORNOVA,ERKAN ÖZDAMAR,30.10.2021 - 16:00
1110,https://www.tff.org/Default.aspx?pageId=29&macId=223022,ATAKAŞ HATAYSPOR,1,BEŞİKTAŞ A.Ş.,0,YENİ HATAY STADYUMU - HATAY,CÜNEYT ÇAKIR,30.10.2021 - 16:00
1107,https://www.tff.org/Default.aspx?pageId=29&macId=223019,İTTİFAK HOLDİNG KONYASPOR,2,FENERBAHÇE A.Ş.,1,MEDAŞ KONYA BÜYÜKŞEHİR STADYUMU - KONYA,FIRAT AYDINUS,30.10.2021 - 19:00
1106,https://www.tff.org/Default.aspx?pageId=29&macId=223018,YUKATEL KAYSERİSPOR,2,VAVACARS FATİH KARAGÜMRÜK,1,BÜYÜKŞEHİR BELEDİYESİ KADİR HAS - KAYSERİ,BURAK ŞEKER,31.10.2021 - 13:30
1105,https://www.tff.org/Default.aspx?pageId=29&macId=223017,AYTEMİZ ALANYASPOR,2,GÖZTEPE A.Ş.,2,BAHÇEŞEHİR OKULLARI STADYUMU - ANTALYA - ALANYA,METE KALKAVAN,31.10.2021 - 16:00
1103,https://www.tff.org/Default.aspx?pageId=29&macId=223015,GALATASARAY A.Ş.,2,GAZİANTEP FUTBOL KULÜBÜ A.Ş.,0,ALİ SAMİ YEN SPOR KOMPLEKSİ - İSTANBUL,YAŞAR KEMAL UĞURLU,31.10.2021 - 19:00
1101,https://www.tff.org/Default.aspx?pageId=29&macId=223013,GZT GİRESUNSPOR,1,FRAPORT TAV ANTALYASPOR,2,ÇOTANAK SPOR KOMPLEKSİ - GİRESUN - GİRESUN MERKEZ,SUAT ARSLANBOĞA,1.11.2021 - 20:00
1108,https://www.tff.org/Default.aspx?pageId=29&macId=223020,MEDİPOL BAŞAKŞEHİR FK,2,ADANA DEMİRSPOR A.Ş.,1,BAŞAKŞEHİR FATİH TERİM - İSTANBUL - BAŞAKŞEHİR,ARDA KARDEŞLER,1.11.2021 - 20:00
1111,https://www.tff.org/Default.aspx?pageId=29&macId=223023,GAZİANTEP FUTBOL KULÜBÜ A.Ş.,2,KASIMPAŞA A.Ş.,0,KALYON STADYUMU - GAZİANTEP,HALİS ÖZKAHYA,5.11.2021 - 20:00
1120,https://www.tff.org/Default.aspx?pageId=29&macId=223032,ÇAYKUR RİZESPOR A.Ş.,2,AYTEMİZ ALANYASPOR,0,ÇAYKUR DİDİ - RİZE,FIRAT AYDINUS,5.11.2021 - 20:00
1116,https://www.tff.org/Default.aspx?pageId=29&macId=223028,DEMİR GRUP SİVASSPOR,0,GZT GİRESUNSPOR,0,BAHÇEŞEHİR KOLEJİ SİVAS 4 EYLÜL STADYUMU - SİVAS,ÜMİT ÖZTÜRK,6.11.2021 - 13:30
1114,https://www.tff.org/Default.aspx?pageId=29&macId=223026,ÖZNUR KABLO YENİ MALATYASPOR,1,MEDİPOL BAŞAKŞEHİR FK,3,YENİ MALATYA STADYUMU - MALATYA - MALATYA MERKEZ,ZORBAY KÜÇÜK,6.11.2021 - 16:00
1115,https://www.tff.org/Default.aspx?pageId=29&macId=223027,FRAPORT TAV ANTALYASPOR,1,ALTAY,0,ANTALYA STADYUMU - ANTALYA,MERT GÜZENGE,6.11.2021 - 16:00
1113,https://www.tff.org/Default.aspx?pageId=29&macId=223025,BEŞİKTAŞ A.Ş.,1,TRABZONSPOR A.Ş.,2,VODAFONE PARK - İSTANBUL - BEŞİKTAŞ,ERKAN ÖZDAMAR,6.11.2021 - 19:00
1119,https://www.tff.org/Default.aspx?pageId=29&macId=223031,GÖZTEPE A.Ş.,0,İTTİFAK HOLDİNG KONYASPOR,2,GÜRSEL AKSEL STADYUMU - İZMİR,YASİN KOL,7.11.2021 - 13:30
1112,https://www.tff.org/Default.aspx?pageId=29&macId=223024,VAVACARS FATİH KARAGÜMRÜK,1,GALATASARAY A.Ş.,1,ATATÜRK OLİMPİYAT - İSTANBUL,ATİLLA KARAOĞLAN,7.11.2021 - 16:00
1117,https://www.tff.org/Default.aspx?pageId=29&macId=223029,ADANA DEMİRSPOR A.Ş.,1,ATAKAŞ HATAYSPOR,0,YENİ ADANA STADYUMU - ADANA,YAŞAR KEMAL UĞURLU,7.11.2021 - 16:00
1118,https://www.tff.org/Default.aspx?pageId=29&macId=223030,FENERBAHÇE A.Ş.,2,YUKATEL KAYSERİSPOR,2,ÜLKER STADYUMU FB ŞÜKRÜ SARACOĞLU SPOR KOMPLEKSİ -,CÜNEYT ÇAKIR,7.11.2021 - 19:00
1130,https://www.tff.org/Default.aspx?pageId=29&macId=223042,ATAKAŞ HATAYSPOR,3,FRAPORT TAV ANTALYASPOR,1,YENİ HATAY STADYUMU - HATAY,TUGAY KAAN NUMANOĞLU,20.11.2021 - 13:30
1121,https://www.tff.org/Default.aspx?pageId=29&macId=223033,GZT GİRESUNSPOR,1,ÖZNUR KABLO YENİ MALATYASPOR,0,ÇOTANAK SPOR KOMPLEKSİ - GİRESUN - GİRESUN MERKEZ,CÜNEYT ÇAKIR,20.11.2021 - 16:00
1128,https://www.tff.org/Default.aspx?pageId=29&macId=223040,MEDİPOL BAŞAKŞEHİR FK,2,DEMİR GRUP SİVASSPOR,1,BAŞAKŞEHİR FATİH TERİM - İSTANBUL - BAŞAKŞEHİR,METE KALKAVAN,20.11.2021 - 16:00
1125,https://www.tff.org/Default.aspx?pageId=29&macId=223037,AYTEMİZ ALANYASPOR,2,BEŞİKTAŞ A.Ş.,0,BAHÇEŞEHİR OKULLARI STADYUMU - ANTALYA - ALANYA,ALPER ULUSOY,20.11.2021 - 19:00
1122,https://www.tff.org/Default.aspx?pageId=29&macId=223034,KASIMPAŞA A.Ş.,1,VAVACARS FATİH KARAGÜMRÜK,3,RECEP TAYYİP ERDOĞAN STADYUMU - İSTANBUL,FIRAT AYDINUS,21.11.2021 - 13:30
1127,https://www.tff.org/Default.aspx?pageId=29&macId=223039,İTTİFAK HOLDİNG KONYASPOR,3,ÇAYKUR RİZESPOR A.Ş.,0,MEDAŞ KONYA BÜYÜKŞEHİR STADYUMU - KONYA,ATİLLA KARAOĞLAN,21.11.2021 - 16:00
1129,https://www.tff.org/Default.aspx?pageId=29&macId=223041,ALTAY,1,ADANA DEMİRSPOR A.Ş.,3,BORNOVA AZİZ KOCAOĞLU STADYUMU - İZMİR - BORNOVA,HÜSEYİN GÖÇEK,21.11.2021 - 16:00
1123,https://www.tff.org/Default.aspx?pageId=29&macId=223035,GALATASARAY A.Ş.,1,FENERBAHÇE A.Ş.,2,ALİ SAMİ YEN SPOR KOMPLEKSİ - İSTANBUL,HALİL UMUT MELER,21.11.2021 - 19:00
1124,https://www.tff.org/Default.aspx?pageId=29&macId=223036,TRABZONSPOR A.Ş.,3,GAZİANTEP FUTBOL KULÜBÜ A.Ş.,0,ŞENOL GÜNEŞ SPOR KOMPLEKSİ - TRABZON - TRABZON MER,SUAT ARSLANBOĞA,22.11.2021 - 20:00
1126,https://www.tff.org/Default.aspx?pageId=29&macId=223038,YUKATEL KAYSERİSPOR,1,GÖZTEPE A.Ş.,1,BÜYÜKŞEHİR BELEDİYESİ KADİR HAS - KAYSERİ,ZORBAY KÜÇÜK,22.11.2021 - 20:00
1137,https://www.tff.org/Default.aspx?pageId=29&macId=223049,ADANA DEMİRSPOR A.Ş.,0,KASIMPAŞA A.Ş.,0,YENİ ADANA STADYUMU - ADANA,ERKAN ÖZDAMAR,26.11.2021 - 20:00
1138,https://www.tff.org/Default.aspx?pageId=29&macId=223050,MEDİPOL BAŞAKŞEHİR FK,0,ALTAY,0,BAŞAKŞEHİR FATİH TERİM - İSTANBUL - BAŞAKŞEHİR,ÜMİT ÖZTÜRK,26.11.2021 - 20:00
1135,https://www.tff.org/Default.aspx?pageId=29&macId=223047,FRAPORT TAV ANTALYASPOR,3,AYTEMİZ ALANYASPOR,0,ANTALYA STADYUMU - ANTALYA,ALİ ŞANSALAN,27.11.2021 - 13:30
1140,https://www.tff.org/Default.aspx?pageId=29&macId=223052,ÇAYKUR RİZESPOR A.Ş.,1,YUKATEL KAYSERİSPOR,0,ÇAYKUR DİDİ - RİZE,YAŞAR KEMAL UĞURLU,27.11.2021 - 16:00
1133,https://www.tff.org/Default.aspx?pageId=29&macId=223045,BEŞİKTAŞ A.Ş.,0,GZT GİRESUNSPOR,4,VODAFONE PARK - İSTANBUL - BEŞİKTAŞ,HÜSEYİN GÖÇEK,27.11.2021 - 19:00
1131,https://www.tff.org/Default.aspx?pageId=29&macId=223043,GAZİANTEP FUTBOL KULÜBÜ A.Ş.,3,İTTİFAK HOLDİNG KONYASPOR,2,KALYON STADYUMU - GAZİANTEP,FIRAT AYDINUS,28.11.2021 - 13:30
1132,https://www.tff.org/Default.aspx?pageId=29&macId=223044,VAVACARS FATİH KARAGÜMRÜK,0,TRABZONSPOR A.Ş.,2,ATATÜRK OLİMPİYAT - İSTANBUL,CÜNEYT ÇAKIR,28.11.2021 - 16:00
1136,https://www.tff.org/Default.aspx?pageId=29&macId=223048,DEMİR GRUP SİVASSPOR,4,ATAKAŞ HATAYSPOR,0,BAHÇEŞEHİR KOLEJİ SİVAS 4 EYLÜL STADYUMU - SİVAS,ARDA KARDEŞLER,28.11.2021 - 16:00
1134,https://www.tff.org/Default.aspx?pageId=29&macId=223046,ÖZNUR KABLO YENİ MALATYASPOR,0,GALATASARAY A.Ş.,0,YENİ MALATYA STADYUMU - MALATYA - MALATYA MERKEZ,ATİLLA KARAOĞLAN,28.11.2021 - 19:00
1139,https://www.tff.org/Default.aspx?pageId=29&macId=223051,GÖZTEPE A.Ş.,1,FENERBAHÇE A.Ş.,1,GÜRSEL AKSEL STADYUMU - İZMİR,METE KALKAVAN,29.11.2021 - 20:00
1142,https://www.tff.org/Default.aspx?pageId=29&macId=223054,KASIMPAŞA A.Ş.,1,BEŞİKTAŞ A.Ş.,1,RECEP TAYYİP ERDOĞAN STADYUMU - İSTANBUL,METE KALKAVAN,3.12.2021 - 20:00
1145,https://www.tff.org/Default.aspx?pageId=29&macId=223057,AYTEMİZ ALANYASPOR,0,DEMİR GRUP SİVASSPOR,1,BAHÇEŞEHİR OKULLARI STADYUMU - ANTALYA - ALANYA,YAŞAR KEMAL UĞURLU,4.12.2021 - 13:30
1144,https://www.tff.org/Default.aspx?pageId=29&macId=223056,TRABZONSPOR A.Ş.,2,ADANA DEMİRSPOR A.Ş.,0,ŞENOL GÜNEŞ SPOR KOMPLEKSİ - TRABZON - TRABZON MER,FIRAT AYDINUS,4.12.2021 - 16:00
1143,https://www.tff.org/Default.aspx?pageId=29&macId=223055,GALATASARAY A.Ş.,2,ALTAY,2,ALİ SAMİ YEN SPOR KOMPLEKSİ - İSTANBUL,CÜNEYT ÇAKIR,4.12.2021 - 19:00
1146,https://www.tff.org/Default.aspx?pageId=29&macId=223058,YUKATEL KAYSERİSPOR,2,FRAPORT TAV ANTALYASPOR,0,BÜYÜKŞEHİR BELEDİYESİ KADİR HAS - KAYSERİ,HALİL UMUT MELER,5.12.2021 - 13:30
1141,https://www.tff.org/Default.aspx?pageId=29&macId=223053,GZT GİRESUNSPOR,3,VAVACARS FATİH KARAGÜMRÜK,1,ÇOTANAK SPOR KOMPLEKSİ - GİRESUN - GİRESUN MERKEZ,ARDA KARDEŞLER,5.12.2021 - 16:00
1150,https://www.tff.org/Default.aspx?pageId=29&macId=223062,ATAKAŞ HATAYSPOR,0,MEDİPOL BAŞAKŞEHİR FK,3,YENİ HATAY STADYUMU - HATAY,ERKAN ÖZDAMAR,5.12.2021 - 16:00
1148,https://www.tff.org/Default.aspx?pageId=29&macId=223060,FENERBAHÇE A.Ş.,4,ÇAYKUR RİZESPOR A.Ş.,0,ÜLKER STADYUMU FB ŞÜKRÜ SARACOĞLU SPOR KOMPLEKSİ -,ZORBAY KÜÇÜK,5.12.2021 - 19:00
1147,https://www.tff.org/Default.aspx?pageId=29&macId=223059,İTTİFAK HOLDİNG KONYASPOR,0,ÖZNUR KABLO YENİ MALATYASPOR,0,MEDAŞ KONYA BÜYÜKŞEHİR STADYUMU - KONYA,ALPER ULUSOY,6.12.2021 - 20:00
1149,https://www.tff.org/Default.aspx?pageId=29&macId=223061,GÖZTEPE A.Ş.,2,GAZİANTEP FUTBOL KULÜBÜ A.Ş.,1,GÜRSEL AKSEL STADYUMU - İZMİR,ÜMİT ÖZTÜRK,6.12.2021 - 20:00
1159,https://www.tff.org/Default.aspx?pageId=29&macId=223071,ALTAY,1,ATAKAŞ HATAYSPOR,2,ALSANCAK MUSTAFA DENİZLİ STADI - İZMİR,METE KALKAVAN,10.12.2021 - 20:00
1152,https://www.tff.org/Default.aspx?pageId=29&macId=223064,VAVACARS FATİH KARAGÜMRÜK,1,İTTİFAK HOLDİNG KONYASPOR,4,ATATÜRK OLİMPİYAT - İSTANBUL,YAŞAR KEMAL UĞURLU,11.12.2021 - 13:30
1158,https://www.tff.org/Default.aspx?pageId=29&macId=223070,MEDİPOL BAŞAKŞEHİR FK,2,KASIMPAŞA A.Ş.,1,BAŞAKŞEHİR FATİH TERİM - İSTANBUL - BAŞAKŞEHİR,FIRAT AYDINUS,11.12.2021 - 16:00
1160,https://www.tff.org/Default.aspx?pageId=29&macId=223072,ÇAYKUR RİZESPOR A.Ş.,3,GÖZTEPE A.Ş.,1,ÇAYKUR DİDİ - RİZE,ERKAN ÖZDAMAR,11.12.2021 - 16:00
1155,https://www.tff.org/Default.aspx?pageId=29&macId=223067,FRAPORT TAV ANTALYASPOR,2,TRABZONSPOR A.Ş.,1,ANTALYA STADYUMU - ANTALYA,ZORBAY KÜÇÜK,11.12.2021 - 19:00
1157,https://www.tff.org/Default.aspx?pageId=29&macId=223069,ADANA DEMİRSPOR A.Ş.,1,GZT GİRESUNSPOR,0,YENİ ADANA STADYUMU - ADANA,ALPER ULUSOY,12.12.2021 - 13:30
1154,https://www.tff.org/Default.aspx?pageId=29&macId=223066,ÖZNUR KABLO YENİ MALATYASPOR,2,AYTEMİZ ALANYASPOR,6,YENİ MALATYA STADYUMU - MALATYA - MALATYA MERKEZ,YASİN KOL,12.12.2021 - 16:00
1153,https://www.tff.org/Default.aspx?pageId=29&macId=223065,BEŞİKTAŞ A.Ş.,4,YUKATEL KAYSERİSPOR,2,VODAFONE PARK - İSTANBUL - BEŞİKTAŞ,ALİ ŞANSALAN,12.12.2021 - 19:00
1156,https://www.tff.org/Default.aspx?pageId=29&macId=223068,DEMİR GRUP SİVASSPOR,1,GALATASARAY A.Ş.,0,BAHÇEŞEHİR KOLEJİ SİVAS 4 EYLÜL STADYUMU - SİVAS,ÜMİT ÖZTÜRK,13.12.2021 - 18:00
1151,https://www.tff.org/Default.aspx?pageId=29&macId=223063,GAZİANTEP FUTBOL KULÜBÜ A.Ş.,3,FENERBAHÇE A.Ş.,2,KALYON STADYUMU - GAZİANTEP,ATİLLA KARAOĞLAN,13.12.2021 - 20:30
1161,https://www.tff.org/Default.aspx?pageId=29&macId=223073,GZT GİRESUNSPOR,3,ALTAY,1,ÇOTANAK SPOR KOMPLEKSİ - GİRESUN - GİRESUN MERKEZ,TUGAY KAAN NUMANOĞLU,17.12.2021 - 20:00
1162,https://www.tff.org/Default.aspx?pageId=29&macId=223074,KASIMPAŞA A.Ş.,1,DEMİR GRUP SİVASSPOR,3,RECEP TAYYİP ERDOĞAN STADYUMU - İSTANBUL,ALİ ŞANSALAN,18.12.2021 - 13:30
1164,https://www.tff.org/Default.aspx?pageId=29&macId=223076,TRABZONSPOR A.Ş.,2,ATAKAŞ HATAYSPOR,0,ŞENOL GÜNEŞ SPOR KOMPLEKSİ - TRABZON - TRABZON MER,YAŞAR KEMAL UĞURLU,18.12.2021 - 16:00
1167,https://www.tff.org/Default.aspx?pageId=29&macId=223079,İTTİFAK HOLDİNG KONYASPOR,1,FRAPORT TAV ANTALYASPOR,0,MEDAŞ KONYA BÜYÜKŞEHİR STADYUMU - KONYA,ARDA KARDEŞLER,18.12.2021 - 16:00
1163,https://www.tff.org/Default.aspx?pageId=29&macId=223075,GALATASARAY A.Ş.,1,MEDİPOL BAŞAKŞEHİR FK,1,ALİ SAMİ YEN SPOR KOMPLEKSİ - İSTANBUL,ZORBAY KÜÇÜK,18.12.2021 - 19:00
1165,https://www.tff.org/Default.aspx?pageId=29&macId=223077,AYTEMİZ ALANYASPOR,1,ADANA DEMİRSPOR A.Ş.,3,BAHÇEŞEHİR OKULLARI STADYUMU - ANTALYA - ALANYA,HÜSEYİN GÖÇEK,18.12.2021 - 19:00
1170,https://www.tff.org/Default.aspx?pageId=29&macId=223082,ÇAYKUR RİZESPOR A.Ş.,1,ÖZNUR KABLO YENİ MALATYASPOR,0,ÇAYKUR DİDİ - RİZE,HALİL UMUT MELER,19.12.2021 - 13:30
1166,https://www.tff.org/Default.aspx?pageId=29&macId=223078,YUKATEL KAYSERİSPOR,0,GAZİANTEP FUTBOL KULÜBÜ A.Ş.,0,BÜYÜKŞEHİR BELEDİYESİ KADİR HAS - KAYSERİ,ERKAN ÖZDAMAR,19.12.2021 - 16:00
1169,https://www.tff.org/Default.aspx?pageId=29&macId=223081,GÖZTEPE A.Ş.,0,VAVACARS FATİH KARAGÜMRÜK,1,GÜRSEL AKSEL STADYUMU - İZMİR,VOLKAN BAYARSLAN,19.12.2021 - 16:00
1168,https://www.tff.org/Default.aspx?pageId=29&macId=223080,FENERBAHÇE A.Ş.,2,BEŞİKTAŞ A.Ş.,2,ÜLKER STADYUMU FB ŞÜKRÜ SARACOĞLU SPOR KOMPLEKSİ -,FIRAT AYDINUS,19.12.2021 - 19:00
1175,https://www.tff.org/Default.aspx?pageId=29&macId=223087,FRAPORT TAV ANTALYASPOR,1,KASIMPAŞA A.Ş.,1,ANTALYA STADYUMU - ANTALYA,YAŞAR KEMAL UĞURLU,21.12.2021 - 17:00
1178,https://www.tff.org/Default.aspx?pageId=29&macId=223090,MEDİPOL BAŞAKŞEHİR FK,3,GZT GİRESUNSPOR,1,BAŞAKŞEHİR FATİH TERİM - İSTANBUL - BAŞAKŞEHİR,ALPER ULUSOY,21.12.2021 - 17:00
1177,https://www.tff.org/Default.aspx?pageId=29&macId=223089,ADANA DEMİRSPOR A.Ş.,2,GALATASARAY A.Ş.,0,YENİ ADANA STADYUMU - ADANA,ARDA KARDEŞLER,21.12.2021 - 20:00
1179,https://www.tff.org/Default.aspx?pageId=29&macId=223091,ALTAY,1,TRABZONSPOR A.Ş.,2,ALSANCAK MUSTAFA DENİZLİ STADI - İZMİR,ALİ ŞANSALAN,21.12.2021 - 20:00
1176,https://www.tff.org/Default.aspx?pageId=29&macId=223088,DEMİR GRUP SİVASSPOR,1,ÇAYKUR RİZESPOR A.Ş.,1,BAHÇEŞEHİR KOLEJİ SİVAS 4 EYLÜL STADYUMU - SİVAS,ATİLLA KARAOĞLAN,22.12.2021 - 17:00
1180,https://www.tff.org/Default.aspx?pageId=29&macId=223092,ATAKAŞ HATAYSPOR,1,İTTİFAK HOLDİNG KONYASPOR,3,YENİ HATAY STADYUMU - HATAY,HALİL UMUT MELER,22.12.2021 - 17:00
1171,https://www.tff.org/Default.aspx?pageId=29&macId=223083,GAZİANTEP FUTBOL KULÜBÜ A.Ş.,2,AYTEMİZ ALANYASPOR,1,KALYON STADYUMU - GAZİANTEP,TUGAY KAAN NUMANOĞLU,22.12.2021 - 20:00
1172,https://www.tff.org/Default.aspx?pageId=29&macId=223084,VAVACARS FATİH KARAGÜMRÜK,1,FENERBAHÇE A.Ş.,1,ATATÜRK OLİMPİYAT - İSTANBUL,ERKAN ÖZDAMAR,22.12.2021 - 20:00
1174,https://www.tff.org/Default.aspx?pageId=29&macId=223086,ÖZNUR KABLO YENİ MALATYASPOR,2,YUKATEL KAYSERİSPOR,2,YENİ MALATYA STADYUMU - MALATYA - MALATYA MERKEZ,HÜSEYİN GÖÇEK,23.12.2021 - 17:00
1173,https://www.tff.org/Default.aspx?pageId=29&macId=223085,BEŞİKTAŞ A.Ş.,2,GÖZTEPE A.Ş.,1,VODAFONE PARK - İSTANBUL - BEŞİKTAŞ,ÜMİT ÖZTÜRK,23.12.2021 - 20:00
1182,https://www.tff.org/Default.aspx?pageId=29&macId=223094,KASIMPAŞA A.Ş.,2,ALTAY,0,RECEP TAYYİP ERDOĞAN STADYUMU - İSTANBUL,TUGAY KAAN NUMANOĞLU,25.12.2021 - 13:30
1181,https://www.tff.org/Default.aspx?pageId=29&macId=223093,GZT GİRESUNSPOR,0,ATAKAŞ HATAYSPOR,1,ÇOTANAK SPOR KOMPLEKSİ - GİRESUN - GİRESUN MERKEZ,VOLKAN BAYARSLAN,25.12.2021 - 16:00
1183,https://www.tff.org/Default.aspx?pageId=29&macId=223095,GALATASARAY A.Ş.,2,FRAPORT TAV ANTALYASPOR,0,ALİ SAMİ YEN SPOR KOMPLEKSİ - İSTANBUL,ALİ ŞANSALAN,25.12.2021 - 16:00
1184,https://www.tff.org/Default.aspx?pageId=29&macId=223096,TRABZONSPOR A.Ş.,0,MEDİPOL BAŞAKŞEHİR FK,0,ŞENOL GÜNEŞ SPOR KOMPLEKSİ - TRABZON - TRABZON MER,HALİL UMUT MELER,25.12.2021 - 19:00
1190,https://www.tff.org/Default.aspx?pageId=29&macId=223102,ÇAYKUR RİZESPOR A.Ş.,0,GAZİANTEP FUTBOL KULÜBÜ A.Ş.,1,ÇAYKUR DİDİ - RİZE,CÜNEYT ÇAKIR,26.12.2021 - 13:30
1185,https://www.tff.org/Default.aspx?pageId=29&macId=223097,AYTEMİZ ALANYASPOR,1,VAVACARS FATİH KARAGÜMRÜK,1,BAHÇEŞEHİR OKULLARI STADYUMU - ANTALYA - ALANYA,ALPER ULUSOY,26.12.2021 - 16:00
1189,https://www.tff.org/Default.aspx?pageId=29&macId=223101,GÖZTEPE A.Ş.,1,ADANA DEMİRSPOR A.Ş.,1,GÜRSEL AKSEL STADYUMU - İZMİR,ATİLLA KARAOĞLAN,26.12.2021 - 16:00
1188,https://www.tff.org/Default.aspx?pageId=29&macId=223100,FENERBAHÇE A.Ş.,2,ÖZNUR KABLO YENİ MALATYASPOR,0,ÜLKER STADYUMU FB ŞÜKRÜ SARACOĞLU SPOR KOMPLEKSİ -,YAŞAR KEMAL UĞURLU,26.12.2021 - 19:00
1186,https://www.tff.org/Default.aspx?pageId=29&macId=223098,YUKATEL KAYSERİSPOR,3,DEMİR GRUP SİVASSPOR,0,BÜYÜKŞEHİR BELEDİYESİ KADİR HAS - KAYSERİ,ÜMİT ÖZTÜRK,27.12.2021 - 20:00
1187,https://www.tff.org/Default.aspx?pageId=29&macId=223099,İTTİFAK HOLDİNG KONYASPOR,1,BEŞİKTAŞ A.Ş.,0,MEDAŞ KONYA BÜYÜKŞEHİR STADYUMU - KONYA,METE KALKAVAN,27.12.2021 - 20:00
1194,https://www.tff.org/Default.aspx?pageId=29&macId=223106,TRABZONSPOR A.Ş.,1,ÖZNUR KABLO YENİ MALATYASPOR,0,ŞENOL GÜNEŞ SPOR KOMPLEKSİ - TRABZON - TRABZON MER,FIRAT AYDINUS,7.01.2022 - 20:00
1192,https://www.tff.org/Default.aspx?pageId=29&macId=223104,GAZİANTEP FUTBOL KULÜBÜ A.Ş.,3,VAVACARS FATİH KARAGÜMRÜK,1,KALYON STADYUMU - GAZİANTEP,ZORBAY KÜÇÜK,8.01.2022 - 13:30
1198,https://www.tff.org/Default.aspx?pageId=29&macId=223110,AYTEMİZ ALANYASPOR,1,MEDİPOL BAŞAKŞEHİR FK,1,BAHÇEŞEHİR OKULLARI STADYUMU - ANTALYA - ALANYA,MUSTAFA KÜRŞAD FİLİZ,8.01.2022 - 16:00
1200,https://www.tff.org/Default.aspx?pageId=29&macId=223112,KASIMPAŞA A.Ş.,3,ATAKAŞ HATAYSPOR,1,RECEP TAYYİP ERDOĞAN STADYUMU - İSTANBUL,SARPER BARIŞ SAKA,8.01.2022 - 16:00
1191,https://www.tff.org/Default.aspx?pageId=29&macId=223103,GALATASARAY A.Ş.,0,GZT GİRESUNSPOR,1,ALİ SAMİ YEN SPOR KOMPLEKSİ - İSTANBUL,ARDA KARDEŞLER,8.01.2022 - 19:00
1196,https://www.tff.org/Default.aspx?pageId=29&macId=223108,İTTİFAK HOLDİNG KONYASPOR,0,DEMİR GRUP SİVASSPOR,1,MEDAŞ KONYA BÜYÜKŞEHİR STADYUMU - KONYA,CÜNEYT ÇAKIR,9.01.2022 - 13:30
1195,https://www.tff.org/Default.aspx?pageId=29&macId=223107,GÖZTEPE A.Ş.,4,FRAPORT TAV ANTALYASPOR,0,GÜRSEL AKSEL STADYUMU - İZMİR,HÜSEYİN GÖÇEK,9.01.2022 - 16:00
1199,https://www.tff.org/Default.aspx?pageId=29&macId=223111,YUKATEL KAYSERİSPOR,1,ALTAY,0,BÜYÜKŞEHİR BELEDİYESİ KADİR HAS - KAYSERİ,YAŞAR KEMAL UĞURLU,9.01.2022 - 16:00
1193,https://www.tff.org/Default.aspx?pageId=29&macId=223105,ÇAYKUR RİZESPOR A.Ş.,2,BEŞİKTAŞ A.Ş.,2,ÇAYKUR DİDİ - RİZE,ALPER ULUSOY,9.01.2022 - 19:00
1197,https://www.tff.org/Default.aspx?pageId=29&macId=223109,FENERBAHÇE A.Ş.,1,ADANA DEMİRSPOR A.Ş.,2,ÜLKER STADYUMU FB ŞÜKRÜ SARACOĞLU SPOR KOMPLEKSİ -,HALİL UMUT MELER,10.01.2022 - 20:00
1201,https://www.tff.org/Default.aspx?pageId=29&macId=223113,BEŞİKTAŞ A.Ş.,1,GAZİANTEP FUTBOL KULÜBÜ A.Ş.,0,VODAFONE PARK - İSTANBUL - BEŞİKTAŞ,ARDA KARDEŞLER,14.01.2022 - 20:00
1209,https://www.tff.org/Default.aspx?pageId=29&macId=223121,ÖZNUR KABLO YENİ MALATYASPOR,1,GÖZTEPE A.Ş.,2,YENİ MALATYA STADYUMU - MALATYA - MALATYA MERKEZ,CÜNEYT ÇAKIR,14.01.2022 - 20:00
1206,https://www.tff.org/Default.aspx?pageId=29&macId=223118,ADANA DEMİRSPOR A.Ş.,1,YUKATEL KAYSERİSPOR,1,YENİ ADANA STADYUMU - ADANA,SARPER BARIŞ SAKA,15.01.2022 - 13:30
1204,https://www.tff.org/Default.aspx?pageId=29&macId=223116,DEMİR GRUP SİVASSPOR,1,TRABZONSPOR A.Ş.,1,BAHÇEŞEHİR KOLEJİ SİVAS 4 EYLÜL STADYUMU - SİVAS,METE KALKAVAN,15.01.2022 - 16:00
1210,https://www.tff.org/Default.aspx?pageId=29&macId=223122,VAVACARS FATİH KARAGÜMRÜK,2,ÇAYKUR RİZESPOR A.Ş.,0,ATATÜRK OLİMPİYAT - İSTANBUL,ÜMİT ÖZTÜRK,15.01.2022 - 16:00
1208,https://www.tff.org/Default.aspx?pageId=29&macId=223120,FRAPORT TAV ANTALYASPOR,1,FENERBAHÇE A.Ş.,1,ANTALYA STADYUMU - ANTALYA,ATİLLA KARAOĞLAN,15.01.2022 - 19:00
1205,https://www.tff.org/Default.aspx?pageId=29&macId=223117,ALTAY,0,AYTEMİZ ALANYASPOR,2,ALSANCAK MUSTAFA DENİZLİ STADI - İZMİR,VOLKAN BAYARSLAN,16.01.2022 - 13:30
1202,https://www.tff.org/Default.aspx?pageId=29&macId=223114,GZT GİRESUNSPOR,0,KASIMPAŞA A.Ş.,2,ÇOTANAK SPOR KOMPLEKSİ - GİRESUN - GİRESUN MERKEZ,YAŞAR KEMAL UĞURLU,16.01.2022 - 16:00
1203,https://www.tff.org/Default.aspx?pageId=29&macId=223115,ATAKAŞ HATAYSPOR,4,GALATASARAY A.Ş.,2,YENİ HATAY STADYUMU - HATAY,ERKAN ÖZDAMAR,16.01.2022 - 19:00
1382,https://www.tff.org/Default.aspx?pageId=29&macId=231357,MEDİPOL BAŞAKŞEHİR FK,2,İTTİFAK HOLDİNG KONYASPOR,1,BAŞAKŞEHİR FATİH TERİM - İSTANBUL - BAŞAKŞEHİR,SARPER BARIŞ SAKA,22.02.2022 - 20:00
1213,https://www.tff.org/Default.aspx?pageId=29&macId=223125,VAVACARS FATİH KARAGÜMRÜK,0,BEŞİKTAŞ A.Ş.,1,ATATÜRK OLİMPİYAT - İSTANBUL,HALİL UMUT MELER,18.01.2022 - 20:00
1217,https://www.tff.org/Default.aspx?pageId=29&macId=223129,İTTİFAK HOLDİNG KONYASPOR,1,ADANA DEMİRSPOR A.Ş.,0,MEDAŞ KONYA BÜYÜKŞEHİR STADYUMU - KONYA,YASİN KOL,18.01.2022 - 20:00
1216,https://www.tff.org/Default.aspx?pageId=29&macId=223128,GÖZTEPE A.Ş.,2,DEMİR GRUP SİVASSPOR,1,GÜRSEL AKSEL STADYUMU - İZMİR,SUAT ARSLANBOĞA,19.01.2022 - 17:00
1218,https://www.tff.org/Default.aspx?pageId=29&macId=223130,YUKATEL KAYSERİSPOR,1,MEDİPOL BAŞAKŞEHİR FK,0,BÜYÜKŞEHİR BELEDİYESİ KADİR HAS - KAYSERİ,VOLKAN BAYARSLAN,19.01.2022 - 18:00
1211,https://www.tff.org/Default.aspx?pageId=29&macId=223123,TRABZONSPOR A.Ş.,1,GZT GİRESUNSPOR,1,ŞENOL GÜNEŞ SPOR KOMPLEKSİ - TRABZON - TRABZON MER,ALPER ULUSOY,19.01.2022 - 20:00
1219,https://www.tff.org/Default.aspx?pageId=29&macId=223131,FENERBAHÇE A.Ş.,2,ALTAY,1,ÜLKER STADYUMU FB ŞÜKRÜ SARACOĞLU SPOR KOMPLEKSİ -,HÜSEYİN GÖÇEK,19.01.2022 - 20:00
1220,https://www.tff.org/Default.aspx?pageId=29&macId=223132,AYTEMİZ ALANYASPOR,6,ATAKAŞ HATAYSPOR,0,BAHÇEŞEHİR OKULLARI STADYUMU - ANTALYA - ALANYA,BAHATTİN ŞİMŞEK,20.01.2022 - 17:00
1381,https://www.tff.org/Default.aspx?pageId=29&macId=231356,ÇAYKUR RİZESPOR A.Ş.,2,FRAPORT TAV ANTALYASPOR,1,ÇAYKUR DİDİ - RİZE,YAŞAR KEMAL UĞURLU,20.01.2022 - 17:00
1212,https://www.tff.org/Default.aspx?pageId=29&macId=223124,GALATASARAY A.Ş.,1,KASIMPAŞA A.Ş.,3,ALİ SAMİ YEN SPOR KOMPLEKSİ - İSTANBUL,TUGAY KAAN NUMANOĞLU,20.01.2022 - 20:00
1383,https://www.tff.org/Default.aspx?pageId=29&macId=231365,GAZİANTEP FUTBOL KULÜBÜ A.Ş.,0,ÖZNUR KABLO YENİ MALATYASPOR,0,KALYON STADYUMU - GAZİANTEP,ÜMİT ÖZTÜRK,23.02.2022 - 20:00
1223,https://www.tff.org/Default.aspx?pageId=29&macId=223135,ÖZNUR KABLO YENİ MALATYASPOR,1,BEŞİKTAŞ A.Ş.,1,YENİ MALATYA STADYUMU - MALATYA - MALATYA MERKEZ,ZORBAY KÜÇÜK,22.01.2022 - 13:30
1222,https://www.tff.org/Default.aspx?pageId=29&macId=223134,ADANA DEMİRSPOR A.Ş.,5,VAVACARS FATİH KARAGÜMRÜK,0,YENİ ADANA STADYUMU - ADANA,SUAT ARSLANBOĞA,22.01.2022 - 16:00
1228,https://www.tff.org/Default.aspx?pageId=29&macId=223140,DEMİR GRUP SİVASSPOR,1,FENERBAHÇE A.Ş.,1,BAHÇEŞEHİR KOLEJİ SİVAS 4 EYLÜL STADYUMU - SİVAS,ALPER ULUSOY,22.01.2022 - 16:00
1229,https://www.tff.org/Default.aspx?pageId=29&macId=223141,MEDİPOL BAŞAKŞEHİR FK,1,GÖZTEPE A.Ş.,2,BAŞAKŞEHİR FATİH TERİM - İSTANBUL - BAŞAKŞEHİR,ARDA KARDEŞLER,22.01.2022 - 19:00
1226,https://www.tff.org/Default.aspx?pageId=29&macId=223138,KASIMPAŞA A.Ş.,3,YUKATEL KAYSERİSPOR,1,RECEP TAYYİP ERDOĞAN STADYUMU - İSTANBUL,HALİL UMUT MELER,23.01.2022 - 13:30
1230,https://www.tff.org/Default.aspx?pageId=29&macId=223142,ATAKAŞ HATAYSPOR,0,ÇAYKUR RİZESPOR A.Ş.,0,YENİ HATAY STADYUMU - HATAY,SARPER BARIŞ SAKA,23.01.2022 - 13:30
1221,https://www.tff.org/Default.aspx?pageId=29&macId=223133,FRAPORT TAV ANTALYASPOR,0,GAZİANTEP FUTBOL KULÜBÜ A.Ş.,0,ANTALYA STADYUMU - ANTALYA,YASİN KOL,23.01.2022 - 16:00
1225,https://www.tff.org/Default.aspx?pageId=29&macId=223137,GZT GİRESUNSPOR,1,AYTEMİZ ALANYASPOR,3,ÇOTANAK SPOR KOMPLEKSİ - GİRESUN - GİRESUN MERKEZ,MERT GÜZENGE,23.01.2022 - 16:00
1227,https://www.tff.org/Default.aspx?pageId=29&macId=223139,ALTAY,0,İTTİFAK HOLDİNG KONYASPOR,1,ALSANCAK MUSTAFA DENİZLİ STADI - İZMİR,ABDULKADİR BİTİGEN,23.01.2022 - 16:00
1224,https://www.tff.org/Default.aspx?pageId=29&macId=223136,GALATASARAY A.Ş.,1,TRABZONSPOR A.Ş.,2,ALİ SAMİ YEN SPOR KOMPLEKSİ - İSTANBUL,ATİLLA KARAOĞLAN,23.01.2022 - 19:00
1231,https://www.tff.org/Default.aspx?pageId=29&macId=223143,İTTİFAK HOLDİNG KONYASPOR,1,GZT GİRESUNSPOR,0,MEDAŞ KONYA BÜYÜKŞEHİR STADYUMU - KONYA,CÜNEYT ÇAKIR,4.02.2022 - 20:00
1240,https://www.tff.org/Default.aspx?pageId=29&macId=223152,YUKATEL KAYSERİSPOR,4,ATAKAŞ HATAYSPOR,3,BÜYÜKŞEHİR BELEDİYESİ KADİR HAS - KAYSERİ,KADİR SAĞLAM,4.02.2022 - 20:00
1236,https://www.tff.org/Default.aspx?pageId=29&macId=223148,GAZİANTEP FUTBOL KULÜBÜ A.Ş.,5,DEMİR GRUP SİVASSPOR,1,KALYON STADYUMU - GAZİANTEP,MUSTAFA KÜRŞAD FİLİZ,5.02.2022 - 13:30
1232,https://www.tff.org/Default.aspx?pageId=29&macId=223144,TRABZONSPOR A.Ş.,1,KASIMPAŞA A.Ş.,0,ŞENOL GÜNEŞ SPOR KOMPLEKSİ - TRABZON - TRABZON MER,ZORBAY KÜÇÜK,5.02.2022 - 16:00
1234,https://www.tff.org/Default.aspx?pageId=29&macId=223146,VAVACARS FATİH KARAGÜMRÜK,1,ÖZNUR KABLO YENİ MALATYASPOR,0,ATATÜRK OLİMPİYAT - İSTANBUL,ALİ PALABIYIK,5.02.2022 - 16:00
1238,https://www.tff.org/Default.aspx?pageId=29&macId=223150,FENERBAHÇE A.Ş.,0,MEDİPOL BAŞAKŞEHİR FK,1,ÜLKER STADYUMU FB ŞÜKRÜ SARACOĞLU SPOR KOMPLEKSİ -,YAŞAR KEMAL UĞURLU,5.02.2022 - 19:00
1233,https://www.tff.org/Default.aspx?pageId=29&macId=223145,AYTEMİZ ALANYASPOR,1,GALATASARAY A.Ş.,1,BAHÇEŞEHİR OKULLARI STADYUMU - ANTALYA - ALANYA,METE KALKAVAN,6.02.2022 - 16:00
1237,https://www.tff.org/Default.aspx?pageId=29&macId=223149,ÇAYKUR RİZESPOR A.Ş.,1,ADANA DEMİRSPOR A.Ş.,3,ÇAYKUR DİDİ - RİZE,HALİL UMUT MELER,6.02.2022 - 16:00
1235,https://www.tff.org/Default.aspx?pageId=29&macId=223147,BEŞİKTAŞ A.Ş.,0,FRAPORT TAV ANTALYASPOR,0,VODAFONE PARK - İSTANBUL - BEŞİKTAŞ,ABDULKADİR BİTİGEN,6.02.2022 - 19:00
1239,https://www.tff.org/Default.aspx?pageId=29&macId=223151,GÖZTEPE A.Ş.,0,ALTAY,2,GÜRSEL AKSEL STADYUMU - İZMİR,SARPER BARIŞ SAKA,6.02.2022 - 19:00
1250,https://www.tff.org/Default.aspx?pageId=29&macId=223162,ALTAY,0,ÇAYKUR RİZESPOR A.Ş.,0,ALSANCAK MUSTAFA DENİZLİ STADI - İZMİR,FIRAT AYDINUS,11.02.2022 - 20:00
1241,https://www.tff.org/Default.aspx?pageId=29&macId=223153,MEDİPOL BAŞAKŞEHİR FK,2,GAZİANTEP FUTBOL KULÜBÜ A.Ş.,0,BAŞAKŞEHİR FATİH TERİM - İSTANBUL - BAŞAKŞEHİR,CÜNEYT ÇAKIR,12.02.2022 - 16:00
1248,https://www.tff.org/Default.aspx?pageId=29&macId=223160,GZT GİRESUNSPOR,1,FENERBAHÇE A.Ş.,2,ÇOTANAK SPOR KOMPLEKSİ - GİRESUN - GİRESUN MERKEZ,ZORBAY KÜÇÜK,12.02.2022 - 16:00
1246,https://www.tff.org/Default.aspx?pageId=29&macId=223158,GALATASARAY A.Ş.,1,YUKATEL KAYSERİSPOR,1,ALİ SAMİ YEN SPOR KOMPLEKSİ - İSTANBUL,SARPER BARIŞ SAKA,12.02.2022 - 19:00
1244,https://www.tff.org/Default.aspx?pageId=29&macId=223156,DEMİR GRUP SİVASSPOR,2,ÖZNUR KABLO YENİ MALATYASPOR,1,BAHÇEŞEHİR KOLEJİ SİVAS 4 EYLÜL STADYUMU - SİVAS,ARDA KARDEŞLER,13.02.2022 - 13:30
1242,https://www.tff.org/Default.aspx?pageId=29&macId=223154,FRAPORT TAV ANTALYASPOR,3,VAVACARS FATİH KARAGÜMRÜK,0,ANTALYA STADYUMU - ANTALYA,HALİL UMUT MELER,13.02.2022 - 16:00
1245,https://www.tff.org/Default.aspx?pageId=29&macId=223157,KASIMPAŞA A.Ş.,2,AYTEMİZ ALANYASPOR,2,RECEP TAYYİP ERDOĞAN STADYUMU - İSTANBUL,YAŞAR KEMAL UĞURLU,13.02.2022 - 19:00
1247,https://www.tff.org/Default.aspx?pageId=29&macId=223159,TRABZONSPOR A.Ş.,2,İTTİFAK HOLDİNG KONYASPOR,1,ŞENOL GÜNEŞ SPOR KOMPLEKSİ - TRABZON - TRABZON MER,METE KALKAVAN,13.02.2022 - 19:00
1243,https://www.tff.org/Default.aspx?pageId=29&macId=223155,ADANA DEMİRSPOR A.Ş.,1,BEŞİKTAŞ A.Ş.,1,YENİ ADANA STADYUMU - ADANA,ALİ ŞANSALAN,14.02.2022 - 20:00
1249,https://www.tff.org/Default.aspx?pageId=29&macId=223161,ATAKAŞ HATAYSPOR,2,GÖZTEPE A.Ş.,1,YENİ HATAY STADYUMU - HATAY,ATİLLA KARAOĞLAN,14.02.2022 - 20:00
1252,https://www.tff.org/Default.aspx?pageId=29&macId=223164,İTTİFAK HOLDİNG KONYASPOR,4,KASIMPAŞA A.Ş.,4,MEDAŞ KONYA BÜYÜKŞEHİR STADYUMU - KONYA,ÜMİT ÖZTÜRK,18.02.2022 - 20:00
1258,https://www.tff.org/Default.aspx?pageId=29&macId=223170,ÇAYKUR RİZESPOR A.Ş.,0,MEDİPOL BAŞAKŞEHİR FK,2,ÇAYKUR DİDİ - RİZE,SUAT ARSLANBOĞA,18.02.2022 - 20:00
1255,https://www.tff.org/Default.aspx?pageId=29&macId=223167,ÖZNUR KABLO YENİ MALATYASPOR,1,FRAPORT TAV ANTALYASPOR,2,YENİ MALATYA STADYUMU - MALATYA - MALATYA MERKEZ,ATİLLA KARAOĞLAN,19.02.2022 - 13:30
1251,https://www.tff.org/Default.aspx?pageId=29&macId=223163,YUKATEL KAYSERİSPOR,2,GZT GİRESUNSPOR,1,BÜYÜKŞEHİR BELEDİYESİ KADİR HAS - KAYSERİ,ALİ PALABIYIK,19.02.2022 - 16:00
1259,https://www.tff.org/Default.aspx?pageId=29&macId=223171,BEŞİKTAŞ A.Ş.,1,ALTAY,0,VODAFONE PARK - İSTANBUL - BEŞİKTAŞ,VOLKAN BAYARSLAN,19.02.2022 - 19:00
1257,https://www.tff.org/Default.aspx?pageId=29&macId=223169,GAZİANTEP FUTBOL KULÜBÜ A.Ş.,0,ADANA DEMİRSPOR A.Ş.,3,KALYON STADYUMU - GAZİANTEP,KADİR SAĞLAM,20.02.2022 - 13:30
1254,https://www.tff.org/Default.aspx?pageId=29&macId=223166,AYTEMİZ ALANYASPOR,0,TRABZONSPOR A.Ş.,4,BAHÇEŞEHİR OKULLARI STADYUMU - ANTALYA - ALANYA,HALİL UMUT MELER,20.02.2022 - 16:00
1256,https://www.tff.org/Default.aspx?pageId=29&macId=223168,VAVACARS FATİH KARAGÜMRÜK,1,DEMİR GRUP SİVASSPOR,0,ATATÜRK OLİMPİYAT - İSTANBUL,MERT GÜZENGE,20.02.2022 - 16:00
1260,https://www.tff.org/Default.aspx?pageId=29&macId=223172,FENERBAHÇE A.Ş.,2,ATAKAŞ HATAYSPOR,0,ÜLKER STADYUMU FB ŞÜKRÜ SARACOĞLU SPOR KOMPLEKSİ -,YASİN KOL,20.02.2022 - 19:00
1253,https://www.tff.org/Default.aspx?pageId=29&macId=223165,GÖZTEPE A.Ş.,2,GALATASARAY A.Ş.,3,GÜRSEL AKSEL STADYUMU - İZMİR,ARDA KARDEŞLER,21.02.2022 - 20:00
1265,https://www.tff.org/Default.aspx?pageId=29&macId=223177,ADANA DEMİRSPOR A.Ş.,0,FRAPORT TAV ANTALYASPOR,0,YENİ ADANA STADYUMU - ADANA,ALPER ULUSOY,25.02.2022 - 20:00
1266,https://www.tff.org/Default.aspx?pageId=29&macId=223178,TRABZONSPOR A.Ş.,3,YUKATEL KAYSERİSPOR,2,ŞENOL GÜNEŞ SPOR KOMPLEKSİ - TRABZON - TRABZON MER,ERKAN ÖZDAMAR,25.02.2022 - 20:00
1262,https://www.tff.org/Default.aspx?pageId=29&macId=223174,MEDİPOL BAŞAKŞEHİR FK,1,VAVACARS FATİH KARAGÜMRÜK,2,BAŞAKŞEHİR FATİH TERİM - İSTANBUL - BAŞAKŞEHİR,YASİN KOL,26.02.2022 - 16:00
1263,https://www.tff.org/Default.aspx?pageId=29&macId=223175,DEMİR GRUP SİVASSPOR,2,BEŞİKTAŞ A.Ş.,3,BAHÇEŞEHİR KOLEJİ SİVAS 4 EYLÜL STADYUMU - SİVAS,SARPER BARIŞ SAKA,26.02.2022 - 19:00
1261,https://www.tff.org/Default.aspx?pageId=29&macId=223173,ALTAY,3,GAZİANTEP FUTBOL KULÜBÜ A.Ş.,2,ALSANCAK MUSTAFA DENİZLİ STADI - İZMİR,YAŞAR KEMAL UĞURLU,27.02.2022 - 13:30
1269,https://www.tff.org/Default.aspx?pageId=29&macId=223181,GZT GİRESUNSPOR,3,GÖZTEPE A.Ş.,1,ÇOTANAK SPOR KOMPLEKSİ - GİRESUN - GİRESUN MERKEZ,CÜNEYT ÇAKIR,27.02.2022 - 13:30
1264,https://www.tff.org/Default.aspx?pageId=29&macId=223176,ATAKAŞ HATAYSPOR,5,ÖZNUR KABLO YENİ MALATYASPOR,2,YENİ HATAY STADYUMU - HATAY,ÇAĞDAŞ ALTAY,27.02.2022 - 16:00
1267,https://www.tff.org/Default.aspx?pageId=29&macId=223179,AYTEMİZ ALANYASPOR,5,İTTİFAK HOLDİNG KONYASPOR,1,BAHÇEŞEHİR OKULLARI STADYUMU - ANTALYA - ALANYA,VOLKAN BAYARSLAN,27.02.2022 - 16:00
1270,https://www.tff.org/Default.aspx?pageId=29&macId=223182,GALATASARAY A.Ş.,4,ÇAYKUR RİZESPOR A.Ş.,2,ALİ SAMİ YEN SPOR KOMPLEKSİ - İSTANBUL,ÜMİT ÖZTÜRK,27.02.2022 - 19:00
1268,https://www.tff.org/Default.aspx?pageId=29&macId=223180,KASIMPAŞA A.Ş.,1,FENERBAHÇE A.Ş.,2,RECEP TAYYİP ERDOĞAN STADYUMU - İSTANBUL,METE KALKAVAN,28.02.2022 - 20:00
1277,https://www.tff.org/Default.aspx?pageId=29&macId=223189,ÖZNUR KABLO YENİ MALATYASPOR,1,ADANA DEMİRSPOR A.Ş.,0,YENİ MALATYA STADYUMU - MALATYA - MALATYA MERKEZ,YASİN KOL,4.03.2022 - 20:00
1271,https://www.tff.org/Default.aspx?pageId=29&macId=223183,ÇAYKUR RİZESPOR A.Ş.,1,GZT GİRESUNSPOR,2,ÇAYKUR DİDİ - RİZE,YAŞAR KEMAL UĞURLU,5.03.2022 - 16:00
1272,https://www.tff.org/Default.aspx?pageId=29&macId=223184,GÖZTEPE A.Ş.,2,KASIMPAŞA A.Ş.,3,GÜRSEL AKSEL STADYUMU - İZMİR,ATİLLA KARAOĞLAN,5.03.2022 - 16:00
1273,https://www.tff.org/Default.aspx?pageId=29&macId=223185,İTTİFAK HOLDİNG KONYASPOR,2,GALATASARAY A.Ş.,0,MEDAŞ KONYA BÜYÜKŞEHİR STADYUMU - KONYA,ALİ ŞANSALAN,5.03.2022 - 19:00
1279,https://www.tff.org/Default.aspx?pageId=29&macId=223191,VAVACARS FATİH KARAGÜMRÜK,0,ALTAY,0,ATATÜRK OLİMPİYAT - İSTANBUL,SARPER BARIŞ SAKA,6.03.2022 - 16:00
1274,https://www.tff.org/Default.aspx?pageId=29&macId=223186,FENERBAHÇE A.Ş.,1,TRABZONSPOR A.Ş.,1,ÜLKER STADYUMU FB ŞÜKRÜ SARACOĞLU SPOR KOMPLEKSİ -,ZORBAY KÜÇÜK,6.03.2022 - 19:00
1276,https://www.tff.org/Default.aspx?pageId=29&macId=223188,FRAPORT TAV ANTALYASPOR,1,DEMİR GRUP SİVASSPOR,0,ANTALYA STADYUMU - ANTALYA,CÜNEYT ÇAKIR,6.03.2022 - 19:00
1275,https://www.tff.org/Default.aspx?pageId=29&macId=223187,YUKATEL KAYSERİSPOR,1,AYTEMİZ ALANYASPOR,2,BÜYÜKŞEHİR BELEDİYESİ KADİR HAS - KAYSERİ,SUAT ARSLANBOĞA,7.03.2022 - 20:00
1278,https://www.tff.org/Default.aspx?pageId=29&macId=223190,BEŞİKTAŞ A.Ş.,2,MEDİPOL BAŞAKŞEHİR FK,2,VODAFONE PARK - İSTANBUL - BEŞİKTAŞ,ERKAN ÖZDAMAR,7.03.2022 - 20:00
1280,https://www.tff.org/Default.aspx?pageId=29&macId=223192,GAZİANTEP FUTBOL KULÜBÜ A.Ş.,2,ATAKAŞ HATAYSPOR,2,KALYON STADYUMU - GAZİANTEP,HÜSEYİN GÖÇEK,7.03.2022 - 20:00
1282,https://www.tff.org/Default.aspx?pageId=29&macId=223194,ATAKAŞ HATAYSPOR,3,VAVACARS FATİH KARAGÜMRÜK,0,YENİ HATAY STADYUMU - HATAY,YAŞAR KEMAL UĞURLU,12.03.2022 - 13:30
1284,https://www.tff.org/Default.aspx?pageId=29&macId=223196,ALTAY,1,ÖZNUR KABLO YENİ MALATYASPOR,0,ALSANCAK MUSTAFA DENİZLİ STADI - İZMİR,ERKAN ÖZDAMAR,12.03.2022 - 16:00
1290,https://www.tff.org/Default.aspx?pageId=29&macId=223202,KASIMPAŞA A.Ş.,3,ÇAYKUR RİZESPOR A.Ş.,1,RECEP TAYYİP ERDOĞAN STADYUMU - İSTANBUL,SARPER BARIŞ SAKA,12.03.2022 - 16:00
1289,https://www.tff.org/Default.aspx?pageId=29&macId=223201,TRABZONSPOR A.Ş.,4,GÖZTEPE A.Ş.,2,ŞENOL GÜNEŞ SPOR KOMPLEKSİ - TRABZON - TRABZON MER,ALİ ŞANSALAN,12.03.2022 - 19:00
1287,https://www.tff.org/Default.aspx?pageId=29&macId=223199,YUKATEL KAYSERİSPOR,2,İTTİFAK HOLDİNG KONYASPOR,3,BÜYÜKŞEHİR BELEDİYESİ KADİR HAS - KAYSERİ,YASİN KOL,13.03.2022 - 13:30
1286,https://www.tff.org/Default.aspx?pageId=29&macId=223198,ADANA DEMİRSPOR A.Ş.,2,DEMİR GRUP SİVASSPOR,3,YENİ ADANA STADYUMU - ADANA,ÇAĞDAŞ ALTAY,13.03.2022 - 16:00
1288,https://www.tff.org/Default.aspx?pageId=29&macId=223200,AYTEMİZ ALANYASPOR,2,FENERBAHÇE A.Ş.,5,BAHÇEŞEHİR OKULLARI STADYUMU - ANTALYA - ALANYA,VOLKAN BAYARSLAN,13.03.2022 - 19:00
1384,https://www.tff.org/Default.aspx?pageId=29&macId=232741,MEDİPOL BAŞAKŞEHİR FK,0,FRAPORT TAV ANTALYASPOR,1,BAŞAKŞEHİR FATİH TERİM - İSTANBUL - BAŞAKŞEHİR,ZORBAY KÜÇÜK,14.03.2022 - 16:00
1281,https://www.tff.org/Default.aspx?pageId=29&macId=223193,GZT GİRESUNSPOR,2,GAZİANTEP FUTBOL KULÜBÜ A.Ş.,1,ÇOTANAK SPOR KOMPLEKSİ - GİRESUN - GİRESUN MERKEZ,KADİR SAĞLAM,14.03.2022 - 20:00
1283,https://www.tff.org/Default.aspx?pageId=29&macId=223195,GALATASARAY A.Ş.,2,BEŞİKTAŞ A.Ş.,1,ALİ SAMİ YEN SPOR KOMPLEKSİ - İSTANBUL,ATİLLA KARAOĞLAN,14.03.2022 - 20:00
1296,https://www.tff.org/Default.aspx?pageId=29&macId=223208,VAVACARS FATİH KARAGÜMRÜK,3,YUKATEL KAYSERİSPOR,0,ATATÜRK OLİMPİYAT - İSTANBUL,KADİR SAĞLAM,18.03.2022 - 20:00
1294,https://www.tff.org/Default.aspx?pageId=29&macId=223206,ÇAYKUR RİZESPOR A.Ş.,3,TRABZONSPOR A.Ş.,2,ÇAYKUR DİDİ - RİZE,VOLKAN BAYARSLAN,18.03.2022 - 20:20
1292,https://www.tff.org/Default.aspx?pageId=29&macId=223204,ÖZNUR KABLO YENİ MALATYASPOR,0,KASIMPAŞA A.Ş.,2,YENİ MALATYA STADYUMU - MALATYA - MALATYA MERKEZ,ALİ ŞANSALAN,19.03.2022 - 13:30
1295,https://www.tff.org/Default.aspx?pageId=29&macId=223207,GÖZTEPE A.Ş.,0,AYTEMİZ ALANYASPOR,2,GÜRSEL AKSEL STADYUMU - İZMİR,ZORBAY KÜÇÜK,19.03.2022 - 16:00
1298,https://www.tff.org/Default.aspx?pageId=29&macId=223210,ADANA DEMİRSPOR A.Ş.,2,MEDİPOL BAŞAKŞEHİR FK,1,YENİ ADANA STADYUMU - ADANA,YAŞAR KEMAL UĞURLU,19.03.2022 - 16:00
1300,https://www.tff.org/Default.aspx?pageId=29&macId=223212,BEŞİKTAŞ A.Ş.,1,ATAKAŞ HATAYSPOR,1,VODAFONE PARK - İSTANBUL - BEŞİKTAŞ,YASİN KOL,19.03.2022 - 19:00
1291,https://www.tff.org/Default.aspx?pageId=29&macId=223203,FRAPORT TAV ANTALYASPOR,4,GZT GİRESUNSPOR,1,ANTALYA STADYUMU - ANTALYA,MUSTAFA KÜRŞAD FİLİZ,20.03.2022 - 13:30
1299,https://www.tff.org/Default.aspx?pageId=29&macId=223211,DEMİR GRUP SİVASSPOR,2,ALTAY,1,BAHÇEŞEHİR KOLEJİ SİVAS 4 EYLÜL STADYUMU - SİVAS,ATİLLA KARAOĞLAN,20.03.2022 - 13:30
1293,https://www.tff.org/Default.aspx?pageId=29&macId=223205,GAZİANTEP FUTBOL KULÜBÜ A.Ş.,3,GALATASARAY A.Ş.,1,KALYON STADYUMU - GAZİANTEP,ARDA KARDEŞLER,20.03.2022 - 16:00
1297,https://www.tff.org/Default.aspx?pageId=29&macId=223209,FENERBAHÇE A.Ş.,2,İTTİFAK HOLDİNG KONYASPOR,1,ÜLKER STADYUMU FB ŞÜKRÜ SARACOĞLU SPOR KOMPLEKSİ -,HALİL UMUT MELER,20.03.2022 - 19:00
1306,https://www.tff.org/Default.aspx?pageId=29&macId=223218,GZT GİRESUNSPOR,2,DEMİR GRUP SİVASSPOR,2,ÇOTANAK SPOR KOMPLEKSİ - GİRESUN - GİRESUN MERKEZ,ARDA KARDEŞLER,2.04.2022 - 13:30
1305,https://www.tff.org/Default.aspx?pageId=29&macId=223217,ALTAY,1,FRAPORT TAV ANTALYASPOR,2,ALSANCAK MUSTAFA DENİZLİ STADI - İZMİR,YASİN KOL,2.04.2022 - 16:00
1308,https://www.tff.org/Default.aspx?pageId=29&macId=223220,YUKATEL KAYSERİSPOR,0,FENERBAHÇE A.Ş.,4,BÜYÜKŞEHİR BELEDİYESİ KADİR HAS - KAYSERİ,ATİLLA KARAOĞLAN,2.04.2022 - 16:00
1302,https://www.tff.org/Default.aspx?pageId=29&macId=223214,GALATASARAY A.Ş.,2,VAVACARS FATİH KARAGÜMRÜK,0,ALİ SAMİ YEN SPOR KOMPLEKSİ - İSTANBUL,ALİ ŞANSALAN,2.04.2022 - 20:30
1301,https://www.tff.org/Default.aspx?pageId=29&macId=223213,KASIMPAŞA A.Ş.,2,GAZİANTEP FUTBOL KULÜBÜ A.Ş.,1,RECEP TAYYİP ERDOĞAN STADYUMU - İSTANBUL,YAŞAR KEMAL UĞURLU,3.04.2022 - 13:30
1309,https://www.tff.org/Default.aspx?pageId=29&macId=223221,İTTİFAK HOLDİNG KONYASPOR,3,GÖZTEPE A.Ş.,0,MEDAŞ KONYA BÜYÜKŞEHİR STADYUMU - KONYA,ERKAN ÖZDAMAR,3.04.2022 - 16:00
1310,https://www.tff.org/Default.aspx?pageId=29&macId=223222,AYTEMİZ ALANYASPOR,2,ÇAYKUR RİZESPOR A.Ş.,1,BAHÇEŞEHİR OKULLARI STADYUMU - ANTALYA - ALANYA,HALİL UMUT MELER,3.04.2022 - 16:00
1303,https://www.tff.org/Default.aspx?pageId=29&macId=223215,TRABZONSPOR A.Ş.,1,BEŞİKTAŞ A.Ş.,1,ŞENOL GÜNEŞ SPOR KOMPLEKSİ - TRABZON - TRABZON MER,ZORBAY KÜÇÜK,3.04.2022 - 20:30
1304,https://www.tff.org/Default.aspx?pageId=29&macId=223216,MEDİPOL BAŞAKŞEHİR FK,1,ÖZNUR KABLO YENİ MALATYASPOR,0,BAŞAKŞEHİR FATİH TERİM - İSTANBUL - BAŞAKŞEHİR,SARPER BARIŞ SAKA,4.04.2022 - 20:30
1307,https://www.tff.org/Default.aspx?pageId=29&macId=223219,ATAKAŞ HATAYSPOR,0,ADANA DEMİRSPOR A.Ş.,0,YENİ HATAY STADYUMU - HATAY,MUSTAFA KÜRŞAD FİLİZ,4.04.2022 - 20:30
1312,https://www.tff.org/Default.aspx?pageId=29&macId=223224,VAVACARS FATİH KARAGÜMRÜK,3,KASIMPAŞA A.Ş.,2,ATATÜRK OLİMPİYAT - İSTANBUL,MUSTAFA KÜRŞAD FİLİZ,9.04.2022 - 13:30
1316,https://www.tff.org/Default.aspx?pageId=29&macId=223228,GÖZTEPE A.Ş.,1,YUKATEL KAYSERİSPOR,2,GÜRSEL AKSEL STADYUMU - İZMİR,YAŞAR KEMAL UĞURLU,9.04.2022 - 16:00
1317,https://www.tff.org/Default.aspx?pageId=29&macId=223229,ÇAYKUR RİZESPOR A.Ş.,2,İTTİFAK HOLDİNG KONYASPOR,1,ÇAYKUR DİDİ - RİZE,ALİ ŞANSALAN,9.04.2022 - 16:00
1314,https://www.tff.org/Default.aspx?pageId=29&macId=223226,GAZİANTEP FUTBOL KULÜBÜ A.Ş.,0,TRABZONSPOR A.Ş.,0,KALYON STADYUMU - GAZİANTEP,ERKAN ÖZDAMAR,9.04.2022 - 20:30
1315,https://www.tff.org/Default.aspx?pageId=29&macId=223227,BEŞİKTAŞ A.Ş.,4,AYTEMİZ ALANYASPOR,1,VODAFONE PARK - İSTANBUL - BEŞİKTAŞ,VOLKAN BAYARSLAN,9.04.2022 - 20:30
1311,https://www.tff.org/Default.aspx?pageId=29&macId=223223,ÖZNUR KABLO YENİ MALATYASPOR,0,GZT GİRESUNSPOR,1,YENİ MALATYA STADYUMU - MALATYA - MALATYA MERKEZ,YASİN KOL,10.04.2022 - 13:30
1318,https://www.tff.org/Default.aspx?pageId=29&macId=223230,DEMİR GRUP SİVASSPOR,0,MEDİPOL BAŞAKŞEHİR FK,2,BAHÇEŞEHİR KOLEJİ SİVAS 4 EYLÜL STADYUMU - SİVAS,HALİL UMUT MELER,10.04.2022 - 16:00
1319,https://www.tff.org/Default.aspx?pageId=29&macId=223231,ADANA DEMİRSPOR A.Ş.,3,ALTAY,1,YENİ ADANA STADYUMU - ADANA,ARDA KARDEŞLER,10.04.2022 - 16:00
1313,https://www.tff.org/Default.aspx?pageId=29&macId=223225,FENERBAHÇE A.Ş.,2,GALATASARAY A.Ş.,0,ÜLKER STADYUMU FB ŞÜKRÜ SARACOĞLU SPOR KOMPLEKSİ -,ATİLLA KARAOĞLAN,10.04.2022 - 20:30
1320,https://www.tff.org/Default.aspx?pageId=29&macId=223232,FRAPORT TAV ANTALYASPOR,4,ATAKAŞ HATAYSPOR,1,ANTALYA STADYUMU - ANTALYA,KADİR SAĞLAM,11.04.2022 - 20:30
1322,https://www.tff.org/Default.aspx?pageId=29&macId=223234,TRABZONSPOR A.Ş.,1,VAVACARS FATİH KARAGÜMRÜK,1,ŞENOL GÜNEŞ SPOR KOMPLEKSİ - TRABZON - TRABZON MER,HALİL UMUT MELER,15.04.2022 - 20:30
1330,https://www.tff.org/Default.aspx?pageId=29&macId=223242,YUKATEL KAYSERİSPOR,1,ÇAYKUR RİZESPOR A.Ş.,1,BÜYÜKŞEHİR BELEDİYESİ KADİR HAS - KAYSERİ,ERKAN ÖZDAMAR,15.04.2022 - 20:30
1326,https://www.tff.org/Default.aspx?pageId=29&macId=223238,ATAKAŞ HATAYSPOR,1,DEMİR GRUP SİVASSPOR,1,YENİ HATAY STADYUMU - HATAY,OZAN ERGÜN,16.04.2022 - 13:30
1325,https://www.tff.org/Default.aspx?pageId=29&macId=223237,AYTEMİZ ALANYASPOR,1,FRAPORT TAV ANTALYASPOR,3,BAHÇEŞEHİR OKULLARI STADYUMU - ANTALYA - ALANYA,YAŞAR KEMAL UĞURLU,16.04.2022 - 16:00
1328,https://www.tff.org/Default.aspx?pageId=29&macId=223240,ALTAY,1,MEDİPOL BAŞAKŞEHİR FK,1,ALSANCAK MUSTAFA DENİZLİ STADI - İZMİR,SARPER BARIŞ SAKA,16.04.2022 - 16:00
1329,https://www.tff.org/Default.aspx?pageId=29&macId=223241,FENERBAHÇE A.Ş.,2,GÖZTEPE A.Ş.,0,ÜLKER STADYUMU FB ŞÜKRÜ SARACOĞLU SPOR KOMPLEKSİ -,YASİN KOL,16.04.2022 - 20:30
1321,https://www.tff.org/Default.aspx?pageId=29&macId=223233,İTTİFAK HOLDİNG KONYASPOR,4,GAZİANTEP FUTBOL KULÜBÜ A.Ş.,1,MEDAŞ KONYA BÜYÜKŞEHİR STADYUMU - KONYA,VOLKAN BAYARSLAN,17.04.2022 - 13:30
1327,https://www.tff.org/Default.aspx?pageId=29&macId=223239,KASIMPAŞA A.Ş.,4,ADANA DEMİRSPOR A.Ş.,0,RECEP TAYYİP ERDOĞAN STADYUMU - İSTANBUL,KADİR SAĞLAM,17.04.2022 - 16:00
1323,https://www.tff.org/Default.aspx?pageId=29&macId=223235,GZT GİRESUNSPOR,0,BEŞİKTAŞ A.Ş.,0,ÇOTANAK SPOR KOMPLEKSİ - GİRESUN - GİRESUN MERKEZ,ARDA KARDEŞLER,17.04.2022 - 20:30
1324,https://www.tff.org/Default.aspx?pageId=29&macId=223236,GALATASARAY A.Ş.,2,ÖZNUR KABLO YENİ MALATYASPOR,0,ALİ SAMİ YEN SPOR KOMPLEKSİ - İSTANBUL,MUSTAFA KÜRŞAD FİLİZ,18.04.2022 - 20:30
1338,https://www.tff.org/Default.aspx?pageId=29&macId=223250,ÇAYKUR RİZESPOR A.Ş.,0,FENERBAHÇE A.Ş.,6,ÇAYKUR DİDİ - RİZE,HALİL UMUT MELER,22.04.2022 - 20:30
1331,https://www.tff.org/Default.aspx?pageId=29&macId=223243,VAVACARS FATİH KARAGÜMRÜK,2,GZT GİRESUNSPOR,1,ATATÜRK OLİMPİYAT - İSTANBUL,ERKAN ÖZDAMAR,23.04.2022 - 16:00
1339,https://www.tff.org/Default.aspx?pageId=29&macId=223251,GAZİANTEP FUTBOL KULÜBÜ A.Ş.,1,GÖZTEPE A.Ş.,1,KALYON STADYUMU - GAZİANTEP,MUSTAFA KÜRŞAD FİLİZ,23.04.2022 - 16:00
1334,https://www.tff.org/Default.aspx?pageId=29&macId=223246,ADANA DEMİRSPOR A.Ş.,1,TRABZONSPOR A.Ş.,3,YENİ ADANA STADYUMU - ADANA,YAŞAR KEMAL UĞURLU,23.04.2022 - 20:30
1337,https://www.tff.org/Default.aspx?pageId=29&macId=223249,ÖZNUR KABLO YENİ MALATYASPOR,2,İTTİFAK HOLDİNG KONYASPOR,3,YENİ MALATYA STADYUMU - MALATYA - MALATYA MERKEZ,SARPER BARIŞ SAKA,24.04.2022 - 16:00
1340,https://www.tff.org/Default.aspx?pageId=29&macId=223252,MEDİPOL BAŞAKŞEHİR FK,3,ATAKAŞ HATAYSPOR,0,BAŞAKŞEHİR FATİH TERİM - İSTANBUL - BAŞAKŞEHİR,ARDA KARDEŞLER,24.04.2022 - 16:00
1333,https://www.tff.org/Default.aspx?pageId=29&macId=223245,ALTAY,0,GALATASARAY A.Ş.,1,ALSANCAK MUSTAFA DENİZLİ STADI - İZMİR,VOLKAN BAYARSLAN,24.04.2022 - 20:30
1336,https://www.tff.org/Default.aspx?pageId=29&macId=223248,FRAPORT TAV ANTALYASPOR,1,YUKATEL KAYSERİSPOR,1,ANTALYA STADYUMU - ANTALYA,CÜNEYT ÇAKIR,24.04.2022 - 20:30
1332,https://www.tff.org/Default.aspx?pageId=29&macId=223244,BEŞİKTAŞ A.Ş.,0,KASIMPAŞA A.Ş.,3,VODAFONE PARK - İSTANBUL - BEŞİKTAŞ,YASİN KOL,25.04.2022 - 20:30
1335,https://www.tff.org/Default.aspx?pageId=29&macId=223247,DEMİR GRUP SİVASSPOR,1,AYTEMİZ ALANYASPOR,0,BAHÇEŞEHİR KOLEJİ SİVAS 4 EYLÜL STADYUMU - SİVAS,ÜMİT ÖZTÜRK,25.04.2022 - 20:30
1341,https://www.tff.org/Default.aspx?pageId=29&macId=223253,FENERBAHÇE A.Ş.,3,GAZİANTEP FUTBOL KULÜBÜ A.Ş.,2,ÜLKER STADYUMU FB ŞÜKRÜ SARACOĞLU SPOR KOMPLEKSİ -,SARPER BARIŞ SAKA,29.04.2022 - 20:30
1347,https://www.tff.org/Default.aspx?pageId=29&macId=223259,GZT GİRESUNSPOR,2,ADANA DEMİRSPOR A.Ş.,0,ÇOTANAK SPOR KOMPLEKSİ - GİRESUN - GİRESUN MERKEZ,HALİL UMUT MELER,29.04.2022 - 20:30
1342,https://www.tff.org/Default.aspx?pageId=29&macId=223254,İTTİFAK HOLDİNG KONYASPOR,1,VAVACARS FATİH KARAGÜMRÜK,2,MEDAŞ KONYA BÜYÜKŞEHİR STADYUMU - KONYA,ARDA KARDEŞLER,30.04.2022 - 16:00
1348,https://www.tff.org/Default.aspx?pageId=29&macId=223260,KASIMPAŞA A.Ş.,2,MEDİPOL BAŞAKŞEHİR FK,3,RECEP TAYYİP ERDOĞAN STADYUMU - İSTANBUL,ALPER ULUSOY,30.04.2022 - 16:00
1345,https://www.tff.org/Default.aspx?pageId=29&macId=223257,TRABZONSPOR A.Ş.,2,FRAPORT TAV ANTALYASPOR,2,ŞENOL GÜNEŞ SPOR KOMPLEKSİ - TRABZON - TRABZON MER,ATİLLA KARAOĞLAN,30.04.2022 - 20:30
1349,https://www.tff.org/Default.aspx?pageId=29&macId=223261,ATAKAŞ HATAYSPOR,0,ALTAY,1,YENİ HATAY STADYUMU - HATAY,ABDULKADİR BİTİGEN,30.04.2022 - 20:30
1343,https://www.tff.org/Default.aspx?pageId=29&macId=223255,YUKATEL KAYSERİSPOR,2,BEŞİKTAŞ A.Ş.,3,BÜYÜKŞEHİR BELEDİYESİ KADİR HAS - KAYSERİ,ERKAN ÖZDAMAR,1.05.2022 - 16:00
1344,https://www.tff.org/Default.aspx?pageId=29&macId=223256,AYTEMİZ ALANYASPOR,2,ÖZNUR KABLO YENİ MALATYASPOR,1,BAHÇEŞEHİR OKULLARI STADYUMU - ANTALYA - ALANYA,TURGUT DOMAN,1.05.2022 - 16:00
1346,https://www.tff.org/Default.aspx?pageId=29&macId=223258,GALATASARAY A.Ş.,2,DEMİR GRUP SİVASSPOR,3,ALİ SAMİ YEN SPOR KOMPLEKSİ - İSTANBUL,KADİR SAĞLAM,1.05.2022 - 20:30
1350,https://www.tff.org/Default.aspx?pageId=29&macId=223262,GÖZTEPE A.Ş.,1,ÇAYKUR RİZESPOR A.Ş.,7,GÜRSEL AKSEL STADYUMU - İZMİR,VOLKAN BAYARSLAN,1.05.2022 - 20:30
1354,https://www.tff.org/Default.aspx?pageId=29&macId=223266,ATAKAŞ HATAYSPOR,1,TRABZONSPOR A.Ş.,1,YENİ HATAY STADYUMU - HATAY,VOLKAN BAYARSLAN,6.05.2022 - 20:00
1356,https://www.tff.org/Default.aspx?pageId=29&macId=223268,GAZİANTEP FUTBOL KULÜBÜ A.Ş.,1,YUKATEL KAYSERİSPOR,1,KALYON STADYUMU - GAZİANTEP,ATİLLA KARAOĞLAN,6.05.2022 - 20:00
1352,https://www.tff.org/Default.aspx?pageId=29&macId=223264,DEMİR GRUP SİVASSPOR,1,KASIMPAŞA A.Ş.,3,BAHÇEŞEHİR KOLEJİ SİVAS 4 EYLÜL STADYUMU - SİVAS,ALİ ŞANSALAN,7.05.2022 - 16:00
1359,https://www.tff.org/Default.aspx?pageId=29&macId=223271,VAVACARS FATİH KARAGÜMRÜK,3,GÖZTEPE A.Ş.,1,ATATÜRK OLİMPİYAT - İSTANBUL,MUSTAFA KÜRŞAD FİLİZ,7.05.2022 - 16:00
1353,https://www.tff.org/Default.aspx?pageId=29&macId=223265,MEDİPOL BAŞAKŞEHİR FK,0,GALATASARAY A.Ş.,0,BAŞAKŞEHİR FATİH TERİM - İSTANBUL - BAŞAKŞEHİR,FIRAT AYDINUS,7.05.2022 - 19:00
1355,https://www.tff.org/Default.aspx?pageId=29&macId=223267,ADANA DEMİRSPOR A.Ş.,1,AYTEMİZ ALANYASPOR,2,YENİ ADANA STADYUMU - ADANA,ÜMİT ÖZTÜRK,7.05.2022 - 19:00
1351,https://www.tff.org/Default.aspx?pageId=29&macId=223263,ALTAY,1,GZT GİRESUNSPOR,1,ALSANCAK MUSTAFA DENİZLİ STADI - İZMİR,CÜNEYT ÇAKIR,8.05.2022 - 16:00
1360,https://www.tff.org/Default.aspx?pageId=29&macId=223272,ÖZNUR KABLO YENİ MALATYASPOR,1,ÇAYKUR RİZESPOR A.Ş.,3,YENİ MALATYA STADYUMU - MALATYA - MALATYA MERKEZ,SARPER BARIŞ SAKA,8.05.2022 - 16:00
1358,https://www.tff.org/Default.aspx?pageId=29&macId=223270,BEŞİKTAŞ A.Ş.,1,FENERBAHÇE A.Ş.,1,VODAFONE PARK - İSTANBUL - BEŞİKTAŞ,ARDA KARDEŞLER,8.05.2022 - 19:00
1357,https://www.tff.org/Default.aspx?pageId=29&macId=223269,FRAPORT TAV ANTALYASPOR,3,İTTİFAK HOLDİNG KONYASPOR,2,ANTALYA STADYUMU - ANTALYA,METE KALKAVAN,9.05.2022 - 20:00
1364,https://www.tff.org/Default.aspx?pageId=29&macId=223276,YUKATEL KAYSERİSPOR,3,ÖZNUR KABLO YENİ MALATYASPOR,0,BÜYÜKŞEHİR BELEDİYESİ KADİR HAS - KAYSERİ,CİHAN AYDIN,14.05.2022 - 19:00
1363,https://www.tff.org/Default.aspx?pageId=29&macId=223275,GÖZTEPE A.Ş.,0,BEŞİKTAŞ A.Ş.,2,GÜRSEL AKSEL STADYUMU - İZMİR,ÜMİT ÖZTÜRK,15.05.2022 - 16:00
1369,https://www.tff.org/Default.aspx?pageId=29&macId=223281,TRABZONSPOR A.Ş.,2,ALTAY,1,ATATÜRK OLİMPİYAT - İSTANBUL,KADİR SAĞLAM,15.05.2022 - 16:00
1361,https://www.tff.org/Default.aspx?pageId=29&macId=223273,AYTEMİZ ALANYASPOR,3,GAZİANTEP FUTBOL KULÜBÜ A.Ş.,0,BAHÇEŞEHİR OKULLARI STADYUMU - ANTALYA - ALANYA,BAHATTİN ŞİMŞEK,15.05.2022 - 19:00
1362,https://www.tff.org/Default.aspx?pageId=29&macId=223274,FENERBAHÇE A.Ş.,0,VAVACARS FATİH KARAGÜMRÜK,0,ÜLKER STADYUMU FB ŞÜKRÜ SARACOĞLU SPOR KOMPLEKSİ -,HALİL UMUT MELER,15.05.2022 - 19:00
1365,https://www.tff.org/Default.aspx?pageId=29&macId=223277,KASIMPAŞA A.Ş.,2,FRAPORT TAV ANTALYASPOR,4,RECEP TAYYİP ERDOĞAN STADYUMU - İSTANBUL,MERT GÜZENGE,15.05.2022 - 19:00
1368,https://www.tff.org/Default.aspx?pageId=29&macId=223280,GZT GİRESUNSPOR,1,MEDİPOL BAŞAKŞEHİR FK,1,ÇOTANAK SPOR KOMPLEKSİ - GİRESUN - GİRESUN MERKEZ,TUGAY KAAN NUMANOĞLU,15.05.2022 - 19:00
1370,https://www.tff.org/Default.aspx?pageId=29&macId=223282,İTTİFAK HOLDİNG KONYASPOR,3,ATAKAŞ HATAYSPOR,1,MEDAŞ KONYA BÜYÜKŞEHİR STADYUMU - KONYA,ERKAN ÖZDAMAR,15.05.2022 - 19:00
1366,https://www.tff.org/Default.aspx?pageId=29&macId=223278,ÇAYKUR RİZESPOR A.Ş.,1,DEMİR GRUP SİVASSPOR,2,ÇAYKUR DİDİ - RİZE,SUAT ARSLANBOĞA,16.05.2022 - 20:00
1367,https://www.tff.org/Default.aspx?pageId=29&macId=223279,GALATASARAY A.Ş.,3,ADANA DEMİRSPOR A.Ş.,2,ALİ SAMİ YEN SPOR KOMPLEKSİ - İSTANBUL,SARPER BARIŞ SAKA,16.05.2022 - 20:00
1373,https://www.tff.org/Default.aspx?pageId=29&macId=223285,FRAPORT TAV ANTALYASPOR,1,GALATASARAY A.Ş.,1,ANTALYA STADYUMU - ANTALYA,YASİN KOL,20.05.2022 - 20:00
1380,https://www.tff.org/Default.aspx?pageId=29&macId=223292,GAZİANTEP FUTBOL KULÜBÜ A.Ş.,2,ÇAYKUR RİZESPOR A.Ş.,0,KALYON STADYUMU - GAZİANTEP,EMRE KARGIN,20.05.2022 - 20:00
1372,https://www.tff.org/Default.aspx?pageId=29&macId=223284,ALTAY,2,KASIMPAŞA A.Ş.,4,ALSANCAK MUSTAFA DENİZLİ STADI - İZMİR,ÇAĞDAŞ ALTAY,21.05.2022 - 16:00
1376,https://www.tff.org/Default.aspx?pageId=29&macId=223288,DEMİR GRUP SİVASSPOR,2,YUKATEL KAYSERİSPOR,1,BAHÇEŞEHİR KOLEJİ SİVAS 4 EYLÜL STADYUMU - SİVAS,YAŞAR KEMAL UĞURLU,21.05.2022 - 16:00
1377,https://www.tff.org/Default.aspx?pageId=29&macId=223289,BEŞİKTAŞ A.Ş.,1,İTTİFAK HOLDİNG KONYASPOR,1,VODAFONE PARK - İSTANBUL - BEŞİKTAŞ,SARPER BARIŞ SAKA,21.05.2022 - 19:00
1378,https://www.tff.org/Default.aspx?pageId=29&macId=223290,ÖZNUR KABLO YENİ MALATYASPOR,0,FENERBAHÇE A.Ş.,5,YENİ MALATYA STADYUMU - MALATYA - MALATYA MERKEZ,VOLKAN BAYARSLAN,21.05.2022 - 19:00
1374,https://www.tff.org/Default.aspx?pageId=29&macId=223286,MEDİPOL BAŞAKŞEHİR FK,3,TRABZONSPOR A.Ş.,1,BAŞAKŞEHİR FATİH TERİM - İSTANBUL - BAŞAKŞEHİR,ATİLLA KARAOĞLAN,22.05.2022 - 16:00
1375,https://www.tff.org/Default.aspx?pageId=29&macId=223287,VAVACARS FATİH KARAGÜMRÜK,0,AYTEMİZ ALANYASPOR,1,ATATÜRK OLİMPİYAT - İSTANBUL,FIRAT AYDINUS,22.05.2022 - 16:00
1371,https://www.tff.org/Default.aspx?pageId=29&macId=223283,ATAKAŞ HATAYSPOR,4,GZT GİRESUNSPOR,1,YENİ HATAY STADYUMU - HATAY,ALİ PALABIYIK,22.05.2022 - 19:00
1379,https://www.tff.org/Default.aspx?pageId=29&macId=223291,ADANA DEMİRSPOR A.Ş.,7,GÖZTEPE A.Ş.,0,YENİ ADANA STADYUMU - ADANA,ADEM CİNEK,22.05.2022 - 19:00
