Takim_adi,Oynadigi_mac_sayisi,Galibiyet_sayisi,Beraberlik_sayisi,Maglubiyet_sayisi,Attigi_gol_sayisi,Yedigi_gol_sayisi,Averaj,Puan
BURSASPOR,34,23,6,5,65,26,39,75
FENERBAHÇE,34,23,5,6,61,28,33,74
GALATASARAY A.Ş,34,19,7,8,61,35,26,64
BEŞİKTAŞ A.Ş,34,18,10,6,47,25,22,64
TRABZONSPOR A.Ş,34,16,9,9,53,32,21,57
BÜYÜKŞEHİR BLD,34,16,8,10,47,44,3,56
ESKİŞEHİRSPOR,34,15,10,9,44,34,10,55
KAYSERİSPOR,34,14,9,11,45,37,8,51
ANTALYASPOR A.Ş,34,14,7,13,49,38,11,49
GENÇLERBİRLİĞİ,34,12,11,11,38,35,3,47
KASIMPAŞA,34,10,11,13,50,53,-3,41
MKE ANKARAGÜCÜ,34,9,14,11,39,40,-1,41
GAZİANTEPSPOR,34,9,13,12,38,39,-1,40
MANİSASPOR,34,8,13,13,27,34,-7,37
SİVASSPOR,34,8,10,16,42,59,-17,34
DİYARBAKIRSPOR,34,6,9,19,28,54,-26,27
DENİZLİSPOR,34,6,8,20,30,49,-19,26
ANKARASPOR A.Ş,34,0,0,34,0,102,-102,0
