Mac_kodu,TFF_mac_linki,Ev_sahibi,Ev_sahibi_gol,Misafir_takim,Misafir_takim_gol,Stat,Ana_hakem,Tarih_saat
1003,https://www.tff.org/Default.aspx?pageId=397&macId=79504,BÜYÜKŞEHİR BLD.SPOR,1,BEŞİKTAŞ A.Ş.,1,ATATÜRK OLİMPİYAT,TOLGA ÖZKALFA,7.08.2009 - 21:00
1002,https://www.tff.org/Default.aspx?pageId=397&macId=79503,ANTALYASPOR A.Ş.,3,ANKARASPOR A.Ş.,0,ANTALYA ATATÜRK,GÖKHAN GÜNEŞER,8.08.2009 - 21:00
1007,https://www.tff.org/Default.aspx?pageId=397&macId=79508,DİYARBAKIRSPOR,2,MKE ANKARAGÜCÜ,2,DİYARBAKIR ATATÜRK,KORAY GENÇERLER,8.08.2009 - 21:00
1008,https://www.tff.org/Default.aspx?pageId=397&macId=79509,SİVASSPOR,1,TRABZONSPOR A.Ş.,2,SİVAS 4 EYLÜL,HALİS ÖZKAHYA,8.08.2009 - 21:00
1001,https://www.tff.org/Default.aspx?pageId=397&macId=79502,GAZİANTEPSPOR,2,GALATASARAY A.Ş.,3,KAMİL OCAK,BÜNYAMİN GEZER,9.08.2009 - 19:30
1004,https://www.tff.org/Default.aspx?pageId=397&macId=79505,GENÇLERBİRLİĞİ,0,KAYSERİSPOR,0,ANKARA 19 MAYIS,FIRAT AYDINUS,9.08.2009 - 21:00
1005,https://www.tff.org/Default.aspx?pageId=397&macId=79506,BURSASPOR,2,KASIMPAŞA,1,BURSA ATATÜRK,TANER GİZLENCİ,9.08.2009 - 21:00
1006,https://www.tff.org/Default.aspx?pageId=397&macId=79507,MANİSASPOR,0,ESKİŞEHİRSPOR,0,MANİSA 19 MAYIS,MUSTAFA İLKER COŞKUN,9.08.2009 - 21:00
1009,https://www.tff.org/Default.aspx?pageId=397&macId=79510,DENİZLİSPOR,0,FENERBAHÇE,2,DENİZLİ ATATÜRK,BÜLENT YILDIRIM,9.08.2009 - 21:45
1011,https://www.tff.org/Default.aspx?pageId=397&macId=79512,TRABZONSPOR A.Ş.,1,DİYARBAKIRSPOR,2,HÜSEYİN AVNİ AKER,KUDDUSİ MÜFTÜOĞLU,15.08.2009 - 19:30
1012,https://www.tff.org/Default.aspx?pageId=397&macId=79513,MKE ANKARAGÜCÜ,1,MANİSASPOR,1,ANKARA 19 MAYIS,ABDULLAH YILMAZ,15.08.2009 - 21:00
1016,https://www.tff.org/Default.aspx?pageId=397&macId=79517,GALATASARAY A.Ş.,4,DENİZLİSPOR,1,ALİ SAMİ YEN,DENİZ ÇOBAN,15.08.2009 - 21:45
1010,https://www.tff.org/Default.aspx?pageId=397&macId=79511,ANKARASPOR A.Ş.,0,GENÇLERBİRLİĞİ,3,YENİKENT ASAŞ,SELÇUK DERELİ,16.08.2009 - 21:00
1013,https://www.tff.org/Default.aspx?pageId=397&macId=79514,ESKİŞEHİRSPOR,3,BURSASPOR,2,ESKİŞEHİR ATATÜRK,CÜNEYT ÇAKIR,16.08.2009 - 21:00
1015,https://www.tff.org/Default.aspx?pageId=397&macId=79516,KAYSERİSPOR,1,GAZİANTEPSPOR,1,BÜYÜKŞEHİR BELEDİYESİ KADİR HAS,HÜSEYİN GÖÇEK,16.08.2009 - 21:00
1017,https://www.tff.org/Default.aspx?pageId=397&macId=79518,KASIMPAŞA,1,BÜYÜKŞEHİR BLD.SPOR,3,RECEP TAYYİP ERDOĞAN,SERKAN ÇINAR,16.08.2009 - 21:00
1018,https://www.tff.org/Default.aspx?pageId=397&macId=79519,FENERBAHÇE,3,SİVASSPOR,0,FB ŞÜKRÜ SARACOĞLU,MUSTAFA KAMİL ABİTOĞLU,16.08.2009 - 21:00
1014,https://www.tff.org/Default.aspx?pageId=397&macId=79515,BEŞİKTAŞ A.Ş.,2,ANTALYASPOR A.Ş.,0,BEŞİKTAŞ İNÖNÜ,İLKER MERAL,17.08.2009 - 21:00
1020,https://www.tff.org/Default.aspx?pageId=397&macId=79521,GENÇLERBİRLİĞİ,0,BEŞİKTAŞ A.Ş.,0,ANKARA 19 MAYIS,KORAY GENÇERLER,22.08.2009 - 21:00
1021,https://www.tff.org/Default.aspx?pageId=397&macId=79522,BURSASPOR,1,MKE ANKARAGÜCÜ,0,BURSA ATATÜRK,ÖZGÜR YANKAYA,22.08.2009 - 21:00
1024,https://www.tff.org/Default.aspx?pageId=397&macId=79525,BÜYÜKŞEHİR BLD.SPOR,0,ESKİŞEHİRSPOR,0,ATATÜRK OLİMPİYAT,AYTEKİN DURMAZ,22.08.2009 - 21:00
1022,https://www.tff.org/Default.aspx?pageId=397&macId=79523,GAZİANTEPSPOR,3,ANKARASPOR A.Ş.,0,KAMİL OCAK,SÜLEYMAN ABAY,23.08.2009 - 21:00
1023,https://www.tff.org/Default.aspx?pageId=397&macId=79524,ANTALYASPOR A.Ş.,2,KASIMPAŞA,0,ANTALYA ATATÜRK,HAKAN ÖZKAN,23.08.2009 - 21:00
1026,https://www.tff.org/Default.aspx?pageId=397&macId=79527,GALATASARAY A.Ş.,4,KAYSERİSPOR,1,ALİ SAMİ YEN,HALİS ÖZKAHYA,23.08.2009 - 21:00
1027,https://www.tff.org/Default.aspx?pageId=397&macId=79528,MANİSASPOR,1,TRABZONSPOR A.Ş.,0,MANİSA 19 MAYIS,ÖZGÜÇ TÜRKALP,23.08.2009 - 21:00
1025,https://www.tff.org/Default.aspx?pageId=397&macId=79526,DİYARBAKIRSPOR,1,FENERBAHÇE,3,DİYARBAKIR ATATÜRK,SUAT ARSLANBOĞA,24.08.2009 - 21:00
1019,https://www.tff.org/Default.aspx?pageId=397&macId=79520,DENİZLİSPOR,1,SİVASSPOR,1,DENİZLİ ATATÜRK,ABDULLAH YILMAZ,16.09.2009 - 21:00
1029,https://www.tff.org/Default.aspx?pageId=397&macId=79530,BEŞİKTAŞ A.Ş.,0,GAZİANTEPSPOR,0,BEŞİKTAŞ İNÖNÜ,DENİZ ÇOBAN,28.08.2009 - 21:03
1028,https://www.tff.org/Default.aspx?pageId=397&macId=79529,ESKİŞEHİRSPOR,2,ANTALYASPOR A.Ş.,1,ESKİŞEHİR ATATÜRK,HÜSEYİN GÖÇEK,29.08.2009 - 21:00
1031,https://www.tff.org/Default.aspx?pageId=397&macId=79532,MKE ANKARAGÜCÜ,2,BÜYÜKŞEHİR BLD.SPOR,2,ANKARA 19 MAYIS,MUSTAFA KAMİL ABİTOĞLU,29.08.2009 - 21:00
1034,https://www.tff.org/Default.aspx?pageId=397&macId=79535,KAYSERİSPOR,3,DENİZLİSPOR,0,BÜYÜKŞEHİR BELEDİYESİ KADİR HAS,CÜNEYT ÇAKIR,29.08.2009 - 21:00
1030,https://www.tff.org/Default.aspx?pageId=397&macId=79531,SİVASSPOR,0,DİYARBAKIRSPOR,2,SİVAS 4 EYLÜL,YUNUS YILDIRIM,30.08.2009 - 21:00
1032,https://www.tff.org/Default.aspx?pageId=397&macId=79533,KASIMPAŞA,0,GENÇLERBİRLİĞİ,4,RECEP TAYYİP ERDOĞAN,ABDULLAH YILMAZ,30.08.2009 - 21:00
1035,https://www.tff.org/Default.aspx?pageId=397&macId=79536,TRABZONSPOR A.Ş.,1,BURSASPOR,1,HÜSEYİN AVNİ AKER,BÜLENT YILDIRIM,30.08.2009 - 21:00
1036,https://www.tff.org/Default.aspx?pageId=397&macId=79537,FENERBAHÇE,2,MANİSASPOR,1,FB ŞÜKRÜ SARACOĞLU,TOLGA ÖZKALFA,30.08.2009 - 21:00
1033,https://www.tff.org/Default.aspx?pageId=397&macId=79534,ANKARASPOR A.Ş.,0,GALATASARAY A.Ş.,3,YENİKENT ASAŞ,KUDDUSİ MÜFTÜOĞLU,31.08.2009 - 21:00
1038,https://www.tff.org/Default.aspx?pageId=397&macId=79539,KAYSERİSPOR,3,ANKARASPOR A.Ş.,0,BÜYÜKŞEHİR BELEDİYESİ KADİR HAS,ABDULLAH YILMAZ,12.09.2009 - 21:00
1039,https://www.tff.org/Default.aspx?pageId=397&macId=79540,GALATASARAY A.Ş.,3,BEŞİKTAŞ A.Ş.,0,ALİ SAMİ YEN,BÜLENT YILDIRIM,12.09.2009 - 21:00
1040,https://www.tff.org/Default.aspx?pageId=397&macId=79541,DENİZLİSPOR,0,DİYARBAKIRSPOR,0,DENİZLİ ATATÜRK,HÜSEYİN GÖÇEK,12.09.2009 - 21:00
1045,https://www.tff.org/Default.aspx?pageId=397&macId=79546,MANİSASPOR,3,SİVASSPOR,1,MANİSA 19 MAYIS,FIRAT AYDINUS,12.09.2009 - 21:00
1043,https://www.tff.org/Default.aspx?pageId=397&macId=79544,BÜYÜKŞEHİR BLD.SPOR,1,TRABZONSPOR A.Ş.,6,ATATÜRK OLİMPİYAT,BÜNYAMİN GEZER,13.09.2009 - 17:00
1037,https://www.tff.org/Default.aspx?pageId=397&macId=79538,GAZİANTEPSPOR,1,KASIMPAŞA,0,KAMİL OCAK,AYTEKİN DURMAZ,13.09.2009 - 21:00
1041,https://www.tff.org/Default.aspx?pageId=397&macId=79542,GENÇLERBİRLİĞİ,2,ESKİŞEHİRSPOR,2,ANKARA 19 MAYIS,MUSTAFA KAMİL ABİTOĞLU,13.09.2009 - 21:00
1042,https://www.tff.org/Default.aspx?pageId=397&macId=79543,ANTALYASPOR A.Ş.,1,MKE ANKARAGÜCÜ,0,ANTALYA ATATÜRK,CÜNEYT ÇAKIR,13.09.2009 - 21:00
1044,https://www.tff.org/Default.aspx?pageId=397&macId=79545,BURSASPOR,0,FENERBAHÇE,1,BURSA ATATÜRK,DENİZ ÇOBAN,13.09.2009 - 21:00
1054,https://www.tff.org/Default.aspx?pageId=397&macId=79555,TRABZONSPOR A.Ş.,3,ANTALYASPOR A.Ş.,1,HÜSEYİN AVNİ AKER,KORAY GENÇERLER,18.09.2009 - 21:00
1046,https://www.tff.org/Default.aspx?pageId=397&macId=79547,BEŞİKTAŞ A.Ş.,0,KAYSERİSPOR,1,BEŞİKTAŞ İNÖNÜ,BÜNYAMİN GEZER,19.09.2009 - 21:00
1047,https://www.tff.org/Default.aspx?pageId=397&macId=79548,ANKARASPOR A.Ş.,0,Kulüpler,3,YENİKENT ASAŞ,,19.09.2009 - 21:00
1049,https://www.tff.org/Default.aspx?pageId=397&macId=79550,MKE ANKARAGÜCÜ,1,GENÇLERBİRLİĞİ,2,ANKARA 19 MAYIS,YUNUS YILDIRIM,19.09.2009 - 21:00
1050,https://www.tff.org/Default.aspx?pageId=397&macId=79551,ESKİŞEHİRSPOR,3,GAZİANTEPSPOR,2,ESKİŞEHİR ATATÜRK,TANER GİZLENCİ,19.09.2009 - 21:00
1052,https://www.tff.org/Default.aspx?pageId=397&macId=79553,DİYARBAKIRSPOR,0,MANİSASPOR,0,DİYARBAKIR ATATÜRK,SÜLEYMAN ABAY,19.09.2009 - 21:00
1053,https://www.tff.org/Default.aspx?pageId=397&macId=79554,SİVASSPOR,1,BURSASPOR,3,SİVAS 4 EYLÜL,KUDDUSİ MÜFTÜOĞLU,19.09.2009 - 21:00
1048,https://www.tff.org/Default.aspx?pageId=397&macId=79549,FENERBAHÇE,1,BÜYÜKŞEHİR BLD.SPOR,0,FB ŞÜKRÜ SARACOĞLU,HÜSEYİN GÖÇEK,20.09.2009 - 21:00
1051,https://www.tff.org/Default.aspx?pageId=397&macId=79552,KASIMPAŞA,1,GALATASARAY A.Ş.,3,RECEP TAYYİP ERDOĞAN,İLKER MERAL,21.09.2009 - 21:00
1057,https://www.tff.org/Default.aspx?pageId=397&macId=79558,ANKARASPOR A.Ş.,0,Kulüpler,3,YENİKENT ASAŞ,,25.09.2009 - 20:00
1058,https://www.tff.org/Default.aspx?pageId=397&macId=79559,GENÇLERBİRLİĞİ,2,TRABZONSPOR A.Ş.,2,ANKARA 19 MAYIS,HÜSEYİN GÖÇEK,25.09.2009 - 20:00
1055,https://www.tff.org/Default.aspx?pageId=397&macId=79556,GAZİANTEPSPOR,1,MKE ANKARAGÜCÜ,3,KAMİL OCAK,KUDDUSİ MÜFTÜOĞLU,26.09.2009 - 20:00
1056,https://www.tff.org/Default.aspx?pageId=397&macId=79557,BÜYÜKŞEHİR BLD.SPOR,1,SİVASSPOR,0,ATATÜRK OLİMPİYAT,SELÇUK DERELİ,26.09.2009 - 20:00
1059,https://www.tff.org/Default.aspx?pageId=397&macId=79560,ANTALYASPOR A.Ş.,1,FENERBAHÇE,2,ANTALYA ATATÜRK,YUNUS YILDIRIM,26.09.2009 - 20:00
1060,https://www.tff.org/Default.aspx?pageId=397&macId=79561,BURSASPOR,4,DİYARBAKIRSPOR,0,BURSA ATATÜRK,ÖZGÜÇ TÜRKALP,26.09.2009 - 20:00
1061,https://www.tff.org/Default.aspx?pageId=397&macId=79562,KAYSERİSPOR,0,KASIMPAŞA,0,BÜYÜKŞEHİR BELEDİYESİ KADİR HAS,ÖZGÜR YANKAYA,27.09.2009 - 20:00
1062,https://www.tff.org/Default.aspx?pageId=397&macId=79563,GALATASARAY A.Ş.,1,ESKİŞEHİRSPOR,1,ALİ SAMİ YEN,CÜNEYT ÇAKIR,27.09.2009 - 20:00
1063,https://www.tff.org/Default.aspx?pageId=397&macId=79564,DENİZLİSPOR,1,MANİSASPOR,1,DENİZLİ ATATÜRK,HALİS ÖZKAHYA,27.09.2009 - 20:00
1072,https://www.tff.org/Default.aspx?pageId=397&macId=79573,TRABZONSPOR A.Ş.,0,GAZİANTEPSPOR,0,HÜSEYİN AVNİ AKER,TOLGA ÖZKALFA,2.10.2009 - 20:00
1071,https://www.tff.org/Default.aspx?pageId=397&macId=79572,DİYARBAKIRSPOR,1,BÜYÜKŞEHİR BLD.SPOR,3,5 OCAK,BÜLENT YILDIRIM,3.10.2009 - 15:00
1070,https://www.tff.org/Default.aspx?pageId=397&macId=79571,MANİSASPOR,0,BURSASPOR,2,MANİSA 19 MAYIS,AYTEKİN DURMAZ,3.10.2009 - 17:00
1069,https://www.tff.org/Default.aspx?pageId=397&macId=79570,BEŞİKTAŞ A.Ş.,1,DENİZLİSPOR,0,BEŞİKTAŞ İNÖNÜ,FIRAT AYDINUS,3.10.2009 - 20:00
1068,https://www.tff.org/Default.aspx?pageId=397&macId=79569,KASIMPAŞA,3,Kulüpler,0,RECEP TAYYİP ERDOĞAN,,4.10.2009 
1065,https://www.tff.org/Default.aspx?pageId=397&macId=79566,ESKİŞEHİRSPOR,0,KAYSERİSPOR,1,ESKİŞEHİR ATATÜRK,SELÇUK DERELİ,4.10.2009 - 15:00
1066,https://www.tff.org/Default.aspx?pageId=397&macId=79567,SİVASSPOR,2,ANTALYASPOR A.Ş.,0,SİVAS 4 EYLÜL,BÜNYAMİN GEZER,4.10.2009 - 15:00
1067,https://www.tff.org/Default.aspx?pageId=397&macId=79568,MKE ANKARAGÜCÜ,3,GALATASARAY A.Ş.,0,ANKARA 19 MAYIS,KORAY GENÇERLER,4.10.2009 - 16:00
1064,https://www.tff.org/Default.aspx?pageId=397&macId=79565,FENERBAHÇE,3,GENÇLERBİRLİĞİ,0,FB ŞÜKRÜ SARACOĞLU,KUDDUSİ MÜFTÜOĞLU,4.10.2009 - 20:00
1081,https://www.tff.org/Default.aspx?pageId=397&macId=79582,DENİZLİSPOR,2,BURSASPOR,3,DENİZLİ ATATÜRK,BÜNYAMİN GEZER,17.10.2009 - 16:00
1074,https://www.tff.org/Default.aspx?pageId=397&macId=79575,BEŞİKTAŞ A.Ş.,2,KASIMPAŞA,1,BEŞİKTAŞ İNÖNÜ,HÜSEYİN GÖÇEK,17.10.2009 - 20:00
1077,https://www.tff.org/Default.aspx?pageId=397&macId=79578,GENÇLERBİRLİĞİ,2,SİVASSPOR,0,ANKARA 19 MAYIS,AYTEKİN DURMAZ,18.10.2009 - 15:00
1078,https://www.tff.org/Default.aspx?pageId=397&macId=79579,BÜYÜKŞEHİR BLD.SPOR,1,MANİSASPOR,0,ATATÜRK OLİMPİYAT,MUSTAFA İLKER COŞKUN,18.10.2009 - 15:00
1080,https://www.tff.org/Default.aspx?pageId=397&macId=79581,KAYSERİSPOR,3,MKE ANKARAGÜCÜ,0,BÜYÜKŞEHİR BELEDİYESİ KADİR HAS,FIRAT AYDINUS,18.10.2009 - 15:00
1076,https://www.tff.org/Default.aspx?pageId=397&macId=79577,GAZİANTEPSPOR,2,FENERBAHÇE,1,KAMİL OCAK,BÜLENT YILDIRIM,18.10.2009 - 16:00
1073,https://www.tff.org/Default.aspx?pageId=397&macId=79574,ANTALYASPOR A.Ş.,4,DİYARBAKIRSPOR,1,ANTALYA ATATÜRK,SELÇUK DERELİ,18.10.2009 - 18:00
1075,https://www.tff.org/Default.aspx?pageId=397&macId=79576,GALATASARAY A.Ş.,4,TRABZONSPOR A.Ş.,3,ALİ SAMİ YEN,MUSTAFA KAMİL ABİTOĞLU,18.10.2009 - 20:03
1083,https://www.tff.org/Default.aspx?pageId=397&macId=79584,TRABZONSPOR A.Ş.,2,KAYSERİSPOR,1,HÜSEYİN AVNİ AKER,CÜNEYT ÇAKIR,23.10.2009 - 20:00
1088,https://www.tff.org/Default.aspx?pageId=397&macId=79589,BURSASPOR,6,BÜYÜKŞEHİR BLD.SPOR,0,BURSA ATATÜRK,KORAY GENÇERLER,24.10.2009 - 16:00
1086,https://www.tff.org/Default.aspx?pageId=397&macId=79587,ESKİŞEHİRSPOR,0,BEŞİKTAŞ A.Ş.,1,ESKİŞEHİR ATATÜRK,TOLGA ÖZKALFA,24.10.2009 - 20:00
1082,https://www.tff.org/Default.aspx?pageId=397&macId=79583,DİYARBAKIRSPOR,1,GENÇLERBİRLİĞİ,0,DİYARBAKIR ATATÜRK,FIRAT AYDINUS,25.10.2009 - 15:00
1087,https://www.tff.org/Default.aspx?pageId=397&macId=79588,KASIMPAŞA,3,DENİZLİSPOR,1,RECEP TAYYİP ERDOĞAN,YUNUS YILDIRIM,25.10.2009 - 15:00
1089,https://www.tff.org/Default.aspx?pageId=397&macId=79590,MANİSASPOR,1,ANTALYASPOR A.Ş.,2,MANİSA 19 MAYIS,BÜLENT YILDIRIM,25.10.2009 - 15:00
1090,https://www.tff.org/Default.aspx?pageId=397&macId=79591,SİVASSPOR,3,GAZİANTEPSPOR,0,SİVAS 4 EYLÜL,HÜSEYİN GÖÇEK,25.10.2009 - 15:00
1084,https://www.tff.org/Default.aspx?pageId=397&macId=79585,FENERBAHÇE,3,GALATASARAY A.Ş.,1,FB ŞÜKRÜ SARACOĞLU,BÜNYAMİN GEZER,25.10.2009 - 20:10
1096,https://www.tff.org/Default.aspx?pageId=397&macId=79597,ANTALYASPOR A.Ş.,1,BURSASPOR,1,ANTALYA ATATÜRK,FIRAT AYDINUS,31.10.2009 - 16:00
1091,https://www.tff.org/Default.aspx?pageId=397&macId=79592,BEŞİKTAŞ A.Ş.,1,MKE ANKARAGÜCÜ,0,BEŞİKTAŞ İNÖNÜ,HALİS ÖZKAHYA,31.10.2009 - 20:00
1093,https://www.tff.org/Default.aspx?pageId=397&macId=79594,DENİZLİSPOR,0,BÜYÜKŞEHİR BLD.SPOR,1,DENİZLİ ATATÜRK,SELÇUK DERELİ,1.11.2009 - 14:00
1094,https://www.tff.org/Default.aspx?pageId=397&macId=79595,GAZİANTEPSPOR,2,DİYARBAKIRSPOR,1,KAMİL OCAK,SÜLEYMAN ABAY,1.11.2009 - 14:00
1095,https://www.tff.org/Default.aspx?pageId=397&macId=79596,GENÇLERBİRLİĞİ,0,MANİSASPOR,2,ANKARA 19 MAYIS,CÜNEYT ÇAKIR,1.11.2009 - 14:00
1097,https://www.tff.org/Default.aspx?pageId=397&macId=79598,KASIMPAŞA,1,ESKİŞEHİRSPOR,1,RECEP TAYYİP ERDOĞAN,KUDDUSİ MÜFTÜOĞLU,1.11.2009 - 14:00
1099,https://www.tff.org/Default.aspx?pageId=397&macId=79600,GALATASARAY A.Ş.,2,SİVASSPOR,0,ALİ SAMİ YEN,BÜLENT YILDIRIM,1.11.2009 - 16:00
1098,https://www.tff.org/Default.aspx?pageId=397&macId=79599,KAYSERİSPOR,1,FENERBAHÇE,1,BÜYÜKŞEHİR BELEDİYESİ KADİR HAS,TOLGA ÖZKALFA,1.11.2009 - 20:00
1100,https://www.tff.org/Default.aspx?pageId=397&macId=79601,BURSASPOR,1,GENÇLERBİRLİĞİ,2,BURSA ATATÜRK,YUNUS YILDIRIM,6.11.2009 - 20:00
1106,https://www.tff.org/Default.aspx?pageId=397&macId=79607,BÜYÜKŞEHİR BLD.SPOR,1,ANTALYASPOR A.Ş.,0,ATATÜRK OLİMPİYAT,DENİZ ÇOBAN,7.11.2009 - 14:00
1102,https://www.tff.org/Default.aspx?pageId=397&macId=79603,TRABZONSPOR A.Ş.,0,BEŞİKTAŞ A.Ş.,2,HÜSEYİN AVNİ AKER,KUDDUSİ MÜFTÜOĞLU,7.11.2009 - 20:00
1104,https://www.tff.org/Default.aspx?pageId=397&macId=79605,MKE ANKARAGÜCÜ,2,KASIMPAŞA,2,ANKARA 19 MAYIS,AYTEKİN DURMAZ,8.11.2009 - 14:00
1105,https://www.tff.org/Default.aspx?pageId=397&macId=79606,ESKİŞEHİRSPOR,2,DENİZLİSPOR,0,ESKİŞEHİR ATATÜRK,HÜSEYİN GÖÇEK,8.11.2009 - 14:00
1107,https://www.tff.org/Default.aspx?pageId=397&macId=79608,MANİSASPOR,0,GAZİANTEPSPOR,3,MANİSA 19 MAYIS,ÖZGÜÇ TÜRKALP,8.11.2009 - 14:00
1108,https://www.tff.org/Default.aspx?pageId=397&macId=79609,SİVASSPOR,2,KAYSERİSPOR,4,SİVAS 4 EYLÜL,ÖZGÜR YANKAYA,8.11.2009 - 16:00
1101,https://www.tff.org/Default.aspx?pageId=397&macId=79602,DİYARBAKIRSPOR,1,GALATASARAY A.Ş.,2,DİYARBAKIR ATATÜRK,TOLGA ÖZKALFA,8.11.2009 - 20:00
1109,https://www.tff.org/Default.aspx?pageId=397&macId=79610,GAZİANTEPSPOR,0,BURSASPOR,1,KAMİL OCAK,MUSTAFA KAMİL ABİTOĞLU,21.11.2009 - 16:00
1115,https://www.tff.org/Default.aspx?pageId=397&macId=79616,BEŞİKTAŞ A.Ş.,3,FENERBAHÇE,0,BEŞİKTAŞ İNÖNÜ,FIRAT AYDINUS,21.11.2009 - 20:00
1111,https://www.tff.org/Default.aspx?pageId=397&macId=79612,KAYSERİSPOR,2,DİYARBAKIRSPOR,0,BÜYÜKŞEHİR BELEDİYESİ KADİR HAS,SERKAN ÇINAR,22.11.2009 - 14:00
1112,https://www.tff.org/Default.aspx?pageId=397&macId=79613,GENÇLERBİRLİĞİ,3,BÜYÜKŞEHİR BLD.SPOR,1,ANKARA 19 MAYIS,ABDULLAH YILMAZ,22.11.2009 - 14:00
1113,https://www.tff.org/Default.aspx?pageId=397&macId=79614,ESKİŞEHİRSPOR,0,MKE ANKARAGÜCÜ,0,ESKİŞEHİR ATATÜRK,CÜNEYT ÇAKIR,22.11.2009 - 14:00
1117,https://www.tff.org/Default.aspx?pageId=397&macId=79618,DENİZLİSPOR,1,ANTALYASPOR A.Ş.,1,DENİZLİ ATATÜRK,HALİS ÖZKAHYA,22.11.2009 - 14:00
1114,https://www.tff.org/Default.aspx?pageId=397&macId=79615,KASIMPAŞA,3,TRABZONSPOR A.Ş.,1,RECEP TAYYİP ERDOĞAN,SELÇUK DERELİ,22.11.2009 - 16:00
1116,https://www.tff.org/Default.aspx?pageId=397&macId=79617,GALATASARAY A.Ş.,1,MANİSASPOR,1,ALİ SAMİ YEN,KUDDUSİ MÜFTÜOĞLU,22.11.2009 - 20:00
1123,https://www.tff.org/Default.aspx?pageId=397&macId=79624,BURSASPOR,1,GALATASARAY A.Ş.,0,BURSA ATATÜRK,HALİS ÖZKAHYA,27.11.2009 - 20:00
1121,https://www.tff.org/Default.aspx?pageId=397&macId=79622,FENERBAHÇE,1,KASIMPAŞA,3,FB ŞÜKRÜ SARACOĞLU,HÜSEYİN GÖÇEK,28.11.2009 - 20:00
1118,https://www.tff.org/Default.aspx?pageId=397&macId=79619,ANTALYASPOR A.Ş.,2,GENÇLERBİRLİĞİ,0,ANTALYA ATATÜRK,AYTEKİN DURMAZ,29.11.2009 - 13:30
1119,https://www.tff.org/Default.aspx?pageId=397&macId=79620,BÜYÜKŞEHİR BLD.SPOR,1,GAZİANTEPSPOR,1,ATATÜRK OLİMPİYAT,YUNUS YILDIRIM,29.11.2009 - 14:00
1122,https://www.tff.org/Default.aspx?pageId=397&macId=79623,MKE ANKARAGÜCÜ,1,DENİZLİSPOR,0,ANKARA 19 MAYIS,TOLGA ÖZKALFA,29.11.2009 - 14:00
1124,https://www.tff.org/Default.aspx?pageId=397&macId=79625,MANİSASPOR,0,KAYSERİSPOR,1,MANİSA 19 MAYIS,SUAT ARSLANBOĞA,29.11.2009 - 14:00
1120,https://www.tff.org/Default.aspx?pageId=397&macId=79621,TRABZONSPOR A.Ş.,2,ESKİŞEHİRSPOR,1,HÜSEYİN AVNİ AKER,DENİZ ÇOBAN,29.11.2009 - 16:00
1126,https://www.tff.org/Default.aspx?pageId=397&macId=79627,SİVASSPOR,0,BEŞİKTAŞ A.Ş.,1,SİVAS 4 EYLÜL,BÜNYAMİN GEZER,29.11.2009 - 20:00
1132,https://www.tff.org/Default.aspx?pageId=397&macId=79633,BEŞİKTAŞ A.Ş.,0,DİYARBAKIRSPOR,0,BEŞİKTAŞ İNÖNÜ,BÜLENT YILDIRIM,4.12.2009 - 20:00
1128,https://www.tff.org/Default.aspx?pageId=397&macId=79629,KASIMPAŞA,2,SİVASSPOR,2,RECEP TAYYİP ERDOĞAN,CÜNEYT ÇAKIR,5.12.2009 - 13:30
1131,https://www.tff.org/Default.aspx?pageId=397&macId=79632,ESKİŞEHİRSPOR,2,FENERBAHÇE,1,ESKİŞEHİR ATATÜRK,MUSTAFA KAMİL ABİTOĞLU,5.12.2009 - 20:00
1127,https://www.tff.org/Default.aspx?pageId=397&macId=79628,GAZİANTEPSPOR,1,ANTALYASPOR A.Ş.,1,KAMİL OCAK,ABDULLAH YILMAZ,6.12.2009 - 13:30
1129,https://www.tff.org/Default.aspx?pageId=397&macId=79630,KAYSERİSPOR,3,BURSASPOR,0,BÜYÜKŞEHİR BELEDİYESİ KADİR HAS,SELÇUK DERELİ,6.12.2009 - 13:30
1130,https://www.tff.org/Default.aspx?pageId=397&macId=79631,GENÇLERBİRLİĞİ,2,DENİZLİSPOR,0,ANKARA 19 MAYIS,FIRAT AYDINUS,6.12.2009 - 13:30
1135,https://www.tff.org/Default.aspx?pageId=397&macId=79636,TRABZONSPOR A.Ş.,3,MKE ANKARAGÜCÜ,0,HÜSEYİN AVNİ AKER,YUNUS YILDIRIM,6.12.2009 - 16:00
1134,https://www.tff.org/Default.aspx?pageId=397&macId=79635,GALATASARAY A.Ş.,1,BÜYÜKŞEHİR BLD.SPOR,1,ALİ SAMİ YEN,HÜSEYİN GÖÇEK,6.12.2009 - 20:00
1141,https://www.tff.org/Default.aspx?pageId=397&macId=79642,ANTALYASPOR A.Ş.,2,GALATASARAY A.Ş.,3,ANTALYA ATATÜRK,DENİZ ÇOBAN,11.12.2009 - 20:00
1139,https://www.tff.org/Default.aspx?pageId=397&macId=79640,FENERBAHÇE,3,MKE ANKARAGÜCÜ,2,FB ŞÜKRÜ SARACOĞLU,HALİS ÖZKAHYA,12.12.2009 - 20:00
1136,https://www.tff.org/Default.aspx?pageId=397&macId=79637,BÜYÜKŞEHİR BLD.SPOR,1,KAYSERİSPOR,2,ATATÜRK OLİMPİYAT,TOLGA ÖZKALFA,13.12.2009 - 13:30
1137,https://www.tff.org/Default.aspx?pageId=397&macId=79638,DİYARBAKIRSPOR,2,KASIMPAŞA,2,DİYARBAKIR ATATÜRK,BÜNYAMİN GEZER,13.12.2009 - 13:30
1140,https://www.tff.org/Default.aspx?pageId=397&macId=79641,GENÇLERBİRLİĞİ,1,GAZİANTEPSPOR,1,ANKARA 19 MAYIS,SERKAN ÇINAR,13.12.2009 - 13:30
1144,https://www.tff.org/Default.aspx?pageId=397&macId=79645,SİVASSPOR,2,ESKİŞEHİRSPOR,1,SİVAS 4 EYLÜL,AYTEKİN DURMAZ,13.12.2009 - 13:30
1138,https://www.tff.org/Default.aspx?pageId=397&macId=79639,DENİZLİSPOR,0,TRABZONSPOR A.Ş.,1,DENİZLİ ATATÜRK,KUDDUSİ MÜFTÜOĞLU,13.12.2009 - 16:00
1143,https://www.tff.org/Default.aspx?pageId=397&macId=79644,MANİSASPOR,1,BEŞİKTAŞ A.Ş.,1,MANİSA 19 MAYIS,SELÇUK DERELİ,13.12.2009 - 20:00
1146,https://www.tff.org/Default.aspx?pageId=397&macId=79647,BEŞİKTAŞ A.Ş.,2,BURSASPOR,3,BEŞİKTAŞ İNÖNÜ,TOLGA ÖZKALFA,18.12.2009 - 20:00
1145,https://www.tff.org/Default.aspx?pageId=397&macId=79646,GAZİANTEPSPOR,2,DENİZLİSPOR,1,KAMİL OCAK,ÖZGÜR YANKAYA,19.12.2009 - 13:30
1149,https://www.tff.org/Default.aspx?pageId=397&macId=79650,ESKİŞEHİRSPOR,0,DİYARBAKIRSPOR,0,ESKİŞEHİR ATATÜRK,İLKER MERAL,19.12.2009 - 13:30
1150,https://www.tff.org/Default.aspx?pageId=397&macId=79651,KASIMPAŞA,3,MANİSASPOR,1,RECEP TAYYİP ERDOĞAN,DENİZ ÇOBAN,19.12.2009 - 13:30
1152,https://www.tff.org/Default.aspx?pageId=397&macId=79653,KAYSERİSPOR,1,ANTALYASPOR A.Ş.,2,BÜYÜKŞEHİR BELEDİYESİ KADİR HAS,YUNUS YILDIRIM,19.12.2009 - 13:30
1148,https://www.tff.org/Default.aspx?pageId=397&macId=79649,MKE ANKARAGÜCÜ,2,SİVASSPOR,3,ANKARA 19 MAYIS,ABDULLAH YILMAZ,19.12.2009 - 16:00
1147,https://www.tff.org/Default.aspx?pageId=397&macId=79648,GALATASARAY A.Ş.,1,GENÇLERBİRLİĞİ,0,ALİ SAMİ YEN,KUDDUSİ MÜFTÜOĞLU,19.12.2009 - 20:00
1153,https://www.tff.org/Default.aspx?pageId=397&macId=79654,TRABZONSPOR A.Ş.,0,FENERBAHÇE,1,HÜSEYİN AVNİ AKER,BÜLENT YILDIRIM,20.12.2009 - 20:00
1162,https://www.tff.org/Default.aspx?pageId=397&macId=79663,FENERBAHÇE,3,DENİZLİSPOR,1,FB ŞÜKRÜ SARACOĞLU,BÜNYAMİN GEZER,22.01.2010 - 20:00
1159,https://www.tff.org/Default.aspx?pageId=397&macId=79660,ESKİŞEHİRSPOR,1,MANİSASPOR,0,ESKİŞEHİR ATATÜRK,ABDULLAH YILMAZ,23.01.2010 - 14:00
1157,https://www.tff.org/Default.aspx?pageId=397&macId=79658,KAYSERİSPOR,1,GENÇLERBİRLİĞİ,1,BÜYÜKŞEHİR BELEDİYESİ KADİR HAS,MUSTAFA KAMİL ABİTOĞLU,24.01.2010 - 14:00
1160,https://www.tff.org/Default.aspx?pageId=397&macId=79661,MKE ANKARAGÜCÜ,0,DİYARBAKIRSPOR,0,ANKARA 19 MAYIS,SERKAN ÇINAR,24.01.2010 - 14:00
1161,https://www.tff.org/Default.aspx?pageId=397&macId=79662,TRABZONSPOR A.Ş.,3,SİVASSPOR,1,HÜSEYİN AVNİ AKER,TOLGA ÖZKALFA,24.01.2010 - 15:00
1154,https://www.tff.org/Default.aspx?pageId=397&macId=79655,GALATASARAY A.Ş.,1,GAZİANTEPSPOR,0,ALİ SAMİ YEN,AYTEKİN DURMAZ,24.01.2010 - 19:00
1309,https://www.tff.org/Default.aspx?pageId=397&macId=86613,KASIMPAŞA,0,BURSASPOR,2,RECEP TAYYİP ERDOĞAN,HALİS ÖZKAHYA,10.03.2010 - 16:00
1308,https://www.tff.org/Default.aspx?pageId=397&macId=86612,BEŞİKTAŞ A.Ş.,2,BÜYÜKŞEHİR BLD.SPOR,0,BEŞİKTAŞ İNÖNÜ,YUNUS YILDIRIM,10.03.2010 - 20:00
1167,https://www.tff.org/Default.aspx?pageId=397&macId=79668,ANTALYASPOR A.Ş.,0,BEŞİKTAŞ A.Ş.,1,ANTALYA ATATÜRK,ÖZGÜÇ TÜRKALP,29.01.2010 - 20:00
1170,https://www.tff.org/Default.aspx?pageId=397&macId=79671,BÜYÜKŞEHİR BLD.SPOR,4,KASIMPAŞA,2,ATATÜRK OLİMPİYAT,SERKAN ÇINAR,30.01.2010 - 14:00
1164,https://www.tff.org/Default.aspx?pageId=397&macId=79665,DİYARBAKIRSPOR,1,TRABZONSPOR A.Ş.,2,DİYARBAKIR ATATÜRK,MUSTAFA KAMİL ABİTOĞLU,30.01.2010 - 19:00
1165,https://www.tff.org/Default.aspx?pageId=397&macId=79666,MANİSASPOR,0,MKE ANKARAGÜCÜ,0,MANİSA 19 MAYIS,SÜLEYMAN ABAY,31.01.2010 - 14:00
1166,https://www.tff.org/Default.aspx?pageId=397&macId=79667,BURSASPOR,3,ESKİŞEHİRSPOR,1,BURSA ATATÜRK,BÜNYAMİN GEZER,31.01.2010 - 14:00
1168,https://www.tff.org/Default.aspx?pageId=397&macId=79669,GAZİANTEPSPOR,0,KAYSERİSPOR,1,KAMİL OCAK,BARIŞ ŞİMŞEK,31.01.2010 - 14:00
1171,https://www.tff.org/Default.aspx?pageId=397&macId=79672,SİVASSPOR,1,FENERBAHÇE,5,SİVAS 4 EYLÜL,KUDDUSİ MÜFTÜOĞLU,31.01.2010 - 15:00
1169,https://www.tff.org/Default.aspx?pageId=397&macId=79670,DENİZLİSPOR,1,GALATASARAY A.Ş.,2,DENİZLİ ATATÜRK,HALİS ÖZKAHYA,31.01.2010 - 19:00
1173,https://www.tff.org/Default.aspx?pageId=397&macId=79674,BEŞİKTAŞ A.Ş.,4,GENÇLERBİRLİĞİ,1,BEŞİKTAŞ İNÖNÜ,BÜNYAMİN GEZER,5.02.2010 - 20:00
1177,https://www.tff.org/Default.aspx?pageId=397&macId=79678,ESKİŞEHİRSPOR,2,BÜYÜKŞEHİR BLD.SPOR,1,ESKİŞEHİR ATATÜRK,İLKER MERAL,6.02.2010 - 14:00
1179,https://www.tff.org/Default.aspx?pageId=397&macId=79680,KAYSERİSPOR,0,GALATASARAY A.Ş.,0,BÜYÜKŞEHİR BELEDİYESİ KADİR HAS,TOLGA ÖZKALFA,6.02.2010 - 19:00
1172,https://www.tff.org/Default.aspx?pageId=397&macId=79673,SİVASSPOR,2,DENİZLİSPOR,0,SİVAS 4 EYLÜL,YUNUS YILDIRIM,7.02.2010 - 14:00
1174,https://www.tff.org/Default.aspx?pageId=397&macId=79675,MKE ANKARAGÜCÜ,0,BURSASPOR,0,YENİKENT ASAŞ,BARIŞ ŞİMŞEK,7.02.2010 - 14:00
1176,https://www.tff.org/Default.aspx?pageId=397&macId=79677,KASIMPAŞA,2,ANTALYASPOR A.Ş.,2,RECEP TAYYİP ERDOĞAN,ABDULLAH YILMAZ,7.02.2010 - 14:00
1180,https://www.tff.org/Default.aspx?pageId=397&macId=79681,TRABZONSPOR A.Ş.,3,MANİSASPOR,0,ATATÜRK OLİMPİYAT,CÜNEYT ÇAKIR,7.02.2010 - 15:00
1178,https://www.tff.org/Default.aspx?pageId=397&macId=79679,FENERBAHÇE,1,DİYARBAKIRSPOR,1,FB ŞÜKRÜ SARACOĞLU,KORAY GENÇERLER,7.02.2010 - 19:00
1183,https://www.tff.org/Default.aspx?pageId=397&macId=79684,DİYARBAKIRSPOR,1,SİVASSPOR,1,DİYARBAKIR ATATÜRK,BÜLENT YILDIRIM,13.02.2010 - 14:00
1182,https://www.tff.org/Default.aspx?pageId=397&macId=79683,GAZİANTEPSPOR,2,BEŞİKTAŞ A.Ş.,0,KAMİL OCAK,KUDDUSİ MÜFTÜOĞLU,13.02.2010 - 19:00
1181,https://www.tff.org/Default.aspx?pageId=397&macId=79682,ANTALYASPOR A.Ş.,1,ESKİŞEHİRSPOR,2,ANTALYA ATATÜRK,MUSTAFA İLKER COŞKUN,14.02.2010 - 14:00
1184,https://www.tff.org/Default.aspx?pageId=397&macId=79685,BÜYÜKŞEHİR BLD.SPOR,1,MKE ANKARAGÜCÜ,1,ATATÜRK OLİMPİYAT,TOLGA ÖZKALFA,14.02.2010 - 14:00
1185,https://www.tff.org/Default.aspx?pageId=397&macId=79686,GENÇLERBİRLİĞİ,0,KASIMPAŞA,2,YENİKENT ASAŞ,İLKER MERAL,14.02.2010 - 14:00
1187,https://www.tff.org/Default.aspx?pageId=397&macId=79688,DENİZLİSPOR,1,KAYSERİSPOR,0,DENİZLİ ATATÜRK,ABDULLAH YILMAZ,14.02.2010 - 14:00
1189,https://www.tff.org/Default.aspx?pageId=397&macId=79690,MANİSASPOR,2,FENERBAHÇE,2,MANİSA 19 MAYIS,MUSTAFA KAMİL ABİTOĞLU,14.02.2010 - 19:00
1188,https://www.tff.org/Default.aspx?pageId=397&macId=79689,BURSASPOR,1,TRABZONSPOR A.Ş.,1,BURSA ATATÜRK,FIRAT AYDINUS,15.02.2010 - 20:00
1198,https://www.tff.org/Default.aspx?pageId=397&macId=79699,SİVASSPOR,1,MANİSASPOR,0,SİVAS 4 EYLÜL,BÜNYAMİN GEZER,20.02.2010 - 14:00
1194,https://www.tff.org/Default.aspx?pageId=397&macId=79695,ESKİŞEHİRSPOR,0,GENÇLERBİRLİĞİ,0,ESKİŞEHİR ATATÜRK,HALİS ÖZKAHYA,20.02.2010 - 15:00
1196,https://www.tff.org/Default.aspx?pageId=397&macId=79697,TRABZONSPOR A.Ş.,0,BÜYÜKŞEHİR BLD.SPOR,0,HÜSEYİN AVNİ AKER,YUNUS YILDIRIM,20.02.2010 - 19:00
1190,https://www.tff.org/Default.aspx?pageId=397&macId=79691,KASIMPAŞA,3,GAZİANTEPSPOR,0,RECEP TAYYİP ERDOĞAN,HAKAN ÖZKAN,21.02.2010 - 14:00
1193,https://www.tff.org/Default.aspx?pageId=397&macId=79694,DİYARBAKIRSPOR,0,DENİZLİSPOR,2,DİYARBAKIR ATATÜRK,CÜNEYT ÇAKIR,21.02.2010 - 14:00
1195,https://www.tff.org/Default.aspx?pageId=397&macId=79696,MKE ANKARAGÜCÜ,2,ANTALYASPOR A.Ş.,2,YENİKENT ASAŞ,HÜSEYİN GÖÇEK,21.02.2010 - 14:00
1192,https://www.tff.org/Default.aspx?pageId=397&macId=79693,BEŞİKTAŞ A.Ş.,1,GALATASARAY A.Ş.,1,BEŞİKTAŞ İNÖNÜ,FIRAT AYDINUS,21.02.2010 - 19:00
1197,https://www.tff.org/Default.aspx?pageId=397&macId=79698,FENERBAHÇE,2,BURSASPOR,3,FB ŞÜKRÜ SARACOĞLU,BÜLENT YILDIRIM,22.02.2010 - 20:00
1207,https://www.tff.org/Default.aspx?pageId=397&macId=79708,ANTALYASPOR A.Ş.,1,TRABZONSPOR A.Ş.,1,ANTALYA ATATÜRK,HALİS ÖZKAHYA,26.02.2010 - 20:00
1206,https://www.tff.org/Default.aspx?pageId=397&macId=79707,BURSASPOR,3,SİVASSPOR,0,SAKARYA ATATÜRK,ABDULLAH YILMAZ,27.02.2010 - 14:00
1199,https://www.tff.org/Default.aspx?pageId=397&macId=79700,KAYSERİSPOR,1,BEŞİKTAŞ A.Ş.,2,BÜYÜKŞEHİR BELEDİYESİ KADİR HAS,İLKER MERAL,27.02.2010 - 19:00
1202,https://www.tff.org/Default.aspx?pageId=397&macId=79703,GENÇLERBİRLİĞİ,0,MKE ANKARAGÜCÜ,1,ANKARA 19 MAYIS,YUNUS YILDIRIM,28.02.2010 - 14:00
1203,https://www.tff.org/Default.aspx?pageId=397&macId=79704,GAZİANTEPSPOR,1,ESKİŞEHİRSPOR,1,KAMİL OCAK,TOLGA ÖZKALFA,28.02.2010 - 14:00
1205,https://www.tff.org/Default.aspx?pageId=397&macId=79706,MANİSASPOR,2,DİYARBAKIRSPOR,1,MANİSA 19 MAYIS,KUDDUSİ MÜFTÜOĞLU,28.02.2010 - 14:00
1201,https://www.tff.org/Default.aspx?pageId=397&macId=79702,BÜYÜKŞEHİR BLD.SPOR,2,FENERBAHÇE,1,ATATÜRK OLİMPİYAT,FIRAT AYDINUS,28.02.2010 - 15:00
1204,https://www.tff.org/Default.aspx?pageId=397&macId=79705,GALATASARAY A.Ş.,4,KASIMPAŞA,1,ALİ SAMİ YEN,MUSTAFA KAMİL ABİTOĞLU,28.02.2010 - 19:00
1209,https://www.tff.org/Default.aspx?pageId=397&macId=79710,SİVASSPOR,0,BÜYÜKŞEHİR BLD.SPOR,1,SİVAS 4 EYLÜL,KUDDUSİ MÜFTÜOĞLU,6.03.2010 - 14:00
1214,https://www.tff.org/Default.aspx?pageId=397&macId=79715,KASIMPAŞA,2,KAYSERİSPOR,2,RECEP TAYYİP ERDOĞAN,BARIŞ ŞİMŞEK,6.03.2010 - 14:00
1213,https://www.tff.org/Default.aspx?pageId=397&macId=79714,DİYARBAKIRSPOR,0,BURSASPOR,3,DİYARBAKIR ATATÜRK,MUSTAFA KAMİL ABİTOĞLU,6.03.2010 - 15:06
1211,https://www.tff.org/Default.aspx?pageId=397&macId=79712,TRABZONSPOR A.Ş.,3,GENÇLERBİRLİĞİ,1,HÜSEYİN AVNİ AKER,TOLGA ÖZKALFA,6.03.2010 - 19:00
1208,https://www.tff.org/Default.aspx?pageId=397&macId=79709,MKE ANKARAGÜCÜ,0,GAZİANTEPSPOR,0,YENİKENT ASAŞ,ABDULLAH YILMAZ,7.03.2010 - 14:00
1216,https://www.tff.org/Default.aspx?pageId=397&macId=79717,MANİSASPOR,0,DENİZLİSPOR,0,MANİSA 19 MAYIS,HÜSEYİN GÖÇEK,7.03.2010 - 14:00
1212,https://www.tff.org/Default.aspx?pageId=397&macId=79713,FENERBAHÇE,1,ANTALYASPOR A.Ş.,0,FB ŞÜKRÜ SARACOĞLU,BÜNYAMİN GEZER,7.03.2010 - 19:00
1215,https://www.tff.org/Default.aspx?pageId=397&macId=79716,ESKİŞEHİRSPOR,2,GALATASARAY A.Ş.,1,ESKİŞEHİR ATATÜRK,BÜLENT YILDIRIM,8.03.2010 - 20:00
1225,https://www.tff.org/Default.aspx?pageId=397&macId=79726,GAZİANTEPSPOR,1,TRABZONSPOR A.Ş.,1,KAMİL OCAK,CÜNEYT ÇAKIR,12.03.2010 - 20:00
1217,https://www.tff.org/Default.aspx?pageId=397&macId=79718,GENÇLERBİRLİĞİ,0,FENERBAHÇE,0,ANKARA 19 MAYIS,MUSTAFA KAMİL ABİTOĞLU,13.03.2010 - 19:00
1218,https://www.tff.org/Default.aspx?pageId=397&macId=79719,KAYSERİSPOR,1,ESKİŞEHİRSPOR,2,BÜYÜKŞEHİR BELEDİYESİ KADİR HAS,SERKAN ÇINAR,14.03.2010 - 14:00
1219,https://www.tff.org/Default.aspx?pageId=397&macId=79720,ANTALYASPOR A.Ş.,3,SİVASSPOR,0,ANTALYA ATATÜRK,SÜLEYMAN ABAY,14.03.2010 - 14:00
1224,https://www.tff.org/Default.aspx?pageId=397&macId=79725,BÜYÜKŞEHİR BLD.SPOR,1,DİYARBAKIRSPOR,0,ATATÜRK OLİMPİYAT,HÜSEYİN GÖÇEK,14.03.2010 - 14:00
1223,https://www.tff.org/Default.aspx?pageId=397&macId=79724,BURSASPOR,2,MANİSASPOR,0,BURSA ATATÜRK,İLKER MERAL,14.03.2010 - 15:00
1220,https://www.tff.org/Default.aspx?pageId=397&macId=79721,GALATASARAY A.Ş.,3,MKE ANKARAGÜCÜ,0,ALİ SAMİ YEN,KUDDUSİ MÜFTÜOĞLU,14.03.2010 - 19:00
1222,https://www.tff.org/Default.aspx?pageId=397&macId=79723,DENİZLİSPOR,0,BEŞİKTAŞ A.Ş.,1,DENİZLİ ATATÜRK,ABDULLAH YILMAZ,15.03.2010 - 20:00
1227,https://www.tff.org/Default.aspx?pageId=397&macId=79728,KASIMPAŞA,2,BEŞİKTAŞ A.Ş.,2,RECEP TAYYİP ERDOĞAN,ÖZGÜR YANKAYA,19.03.2010 - 20:00
1226,https://www.tff.org/Default.aspx?pageId=397&macId=79727,DİYARBAKIRSPOR,1,ANTALYASPOR A.Ş.,0, İSMETPAŞA,İLKER MERAL,20.03.2010 - 14:00
1231,https://www.tff.org/Default.aspx?pageId=397&macId=79732,MANİSASPOR,1,BÜYÜKŞEHİR BLD.SPOR,0,MANİSA 19 MAYIS,HALİS ÖZKAHYA,20.03.2010 - 14:00
1229,https://www.tff.org/Default.aspx?pageId=397&macId=79730,FENERBAHÇE,1,GAZİANTEPSPOR,0,FB ŞÜKRÜ SARACOĞLU,KUDDUSİ MÜFTÜOĞLU,20.03.2010 - 19:00
1230,https://www.tff.org/Default.aspx?pageId=397&macId=79731,SİVASSPOR,0,GENÇLERBİRLİĞİ,2,SİVAS 4 EYLÜL,BARIŞ ŞİMŞEK,21.03.2010 - 14:00
1233,https://www.tff.org/Default.aspx?pageId=397&macId=79734,MKE ANKARAGÜCÜ,3,KAYSERİSPOR,0,ANKARA 19 MAYIS,AYTEKİN DURMAZ,21.03.2010 - 14:00
1228,https://www.tff.org/Default.aspx?pageId=397&macId=79729,TRABZONSPOR A.Ş.,1,GALATASARAY A.Ş.,0,HÜSEYİN AVNİ AKER,YUNUS YILDIRIM,21.03.2010 - 19:00
1234,https://www.tff.org/Default.aspx?pageId=397&macId=79735,BURSASPOR,2,DENİZLİSPOR,1,BURSA ATATÜRK,SERKAN ÇINAR,22.03.2010 - 20:00
1241,https://www.tff.org/Default.aspx?pageId=397&macId=79742,BÜYÜKŞEHİR BLD.SPOR,2,BURSASPOR,1,ATATÜRK OLİMPİYAT,BÜNYAMİN GEZER,26.03.2010 - 20:00
1235,https://www.tff.org/Default.aspx?pageId=397&macId=79736,GENÇLERBİRLİĞİ,1,DİYARBAKIRSPOR,0,ANKARA 19 MAYIS,AYTEKİN DURMAZ,27.03.2010 - 14:00
1239,https://www.tff.org/Default.aspx?pageId=397&macId=79740,BEŞİKTAŞ A.Ş.,3,ESKİŞEHİRSPOR,2,BEŞİKTAŞ İNÖNÜ,HALİS ÖZKAHYA,27.03.2010 - 19:00
1240,https://www.tff.org/Default.aspx?pageId=397&macId=79741,DENİZLİSPOR,3,KASIMPAŞA,3,DENİZLİ ATATÜRK,TOLGA ÖZKALFA,28.03.2010 - 14:00
1242,https://www.tff.org/Default.aspx?pageId=397&macId=79743,ANTALYASPOR A.Ş.,0,MANİSASPOR,0,ANTALYA ATATÜRK,ÖZGÜR YANKAYA,28.03.2010 - 14:00
1243,https://www.tff.org/Default.aspx?pageId=397&macId=79744,GAZİANTEPSPOR,2,SİVASSPOR,2,KAMİL OCAK,MUSTAFA KAMİL ABİTOĞLU,28.03.2010 - 14:00
1237,https://www.tff.org/Default.aspx?pageId=397&macId=79738,GALATASARAY A.Ş.,0,FENERBAHÇE,1,ALİ SAMİ YEN,CÜNEYT ÇAKIR,28.03.2010 - 19:00
1236,https://www.tff.org/Default.aspx?pageId=397&macId=79737,KAYSERİSPOR,1,TRABZONSPOR A.Ş.,0,BÜYÜKŞEHİR BELEDİYESİ KADİR HAS,FIRAT AYDINUS,29.03.2010 - 20:00
1244,https://www.tff.org/Default.aspx?pageId=397&macId=79745,MKE ANKARAGÜCÜ,0,BEŞİKTAŞ A.Ş.,0,ANKARA 19 MAYIS,BARIŞ ŞİMŞEK,2.04.2010 - 20:00
1246,https://www.tff.org/Default.aspx?pageId=397&macId=79747,BÜYÜKŞEHİR BLD.SPOR,3,DENİZLİSPOR,1,ATATÜRK OLİMPİYAT,KUDDUSİ MÜFTÜOĞLU,3.04.2010 - 14:00
1249,https://www.tff.org/Default.aspx?pageId=397&macId=79750,BURSASPOR,2,ANTALYASPOR A.Ş.,1,BURSA ATATÜRK,BÜLENT YILDIRIM,3.04.2010 - 19:00
1247,https://www.tff.org/Default.aspx?pageId=397&macId=79748,DİYARBAKIRSPOR,1,GAZİANTEPSPOR,3,YENİKENT ASAŞ,TOLGA ÖZKALFA,4.04.2010 - 14:00
1248,https://www.tff.org/Default.aspx?pageId=397&macId=79749,MANİSASPOR,0,GENÇLERBİRLİĞİ,0,MANİSA 19 MAYIS,SÜLEYMAN ABAY,4.04.2010 - 14:00
1250,https://www.tff.org/Default.aspx?pageId=397&macId=79751,ESKİŞEHİRSPOR,2,KASIMPAŞA,0,ESKİŞEHİR ATATÜRK,ABDULLAH YILMAZ,4.04.2010 - 14:00
1251,https://www.tff.org/Default.aspx?pageId=397&macId=79752,FENERBAHÇE,2,KAYSERİSPOR,0,FB ŞÜKRÜ SARACOĞLU,YUNUS YILDIRIM,4.04.2010 - 19:00
1252,https://www.tff.org/Default.aspx?pageId=397&macId=79753,SİVASSPOR,1,GALATASARAY A.Ş.,1,SİVAS 4 EYLÜL,HALİS ÖZKAHYA,5.04.2010 - 20:00
1260,https://www.tff.org/Default.aspx?pageId=397&macId=79761,GAZİANTEPSPOR,0,MANİSASPOR,0,KAMİL OCAK,BARIŞ ŞİMŞEK,9.04.2010 - 20:00
1259,https://www.tff.org/Default.aspx?pageId=397&macId=79760,ANTALYASPOR A.Ş.,1,BÜYÜKŞEHİR BLD.SPOR,3,ANTALYA ATATÜRK,AYTEKİN DURMAZ,10.04.2010 - 15:00
1255,https://www.tff.org/Default.aspx?pageId=397&macId=79756,BEŞİKTAŞ A.Ş.,0,TRABZONSPOR A.Ş.,0,BEŞİKTAŞ İNÖNÜ,BÜNYAMİN GEZER,10.04.2010 - 19:00
1253,https://www.tff.org/Default.aspx?pageId=397&macId=79754,GENÇLERBİRLİĞİ,0,BURSASPOR,0,ANKARA 19 MAYIS,FIRAT AYDINUS,11.04.2010 - 15:00
1257,https://www.tff.org/Default.aspx?pageId=397&macId=79758,KASIMPAŞA,2,MKE ANKARAGÜCÜ,0,RECEP TAYYİP ERDOĞAN,SERDAR KARAKAŞ,11.04.2010 - 15:00
1258,https://www.tff.org/Default.aspx?pageId=397&macId=79759,DENİZLİSPOR,1,ESKİŞEHİRSPOR,0,DENİZLİ ATATÜRK,ÖZGÜR YANKAYA,11.04.2010 - 17:00
1254,https://www.tff.org/Default.aspx?pageId=397&macId=79755,GALATASARAY A.Ş.,4,DİYARBAKIRSPOR,1,ALİ SAMİ YEN,KUDDUSİ MÜFTÜOĞLU,11.04.2010 - 19:00
1261,https://www.tff.org/Default.aspx?pageId=397&macId=79762,KAYSERİSPOR,2,SİVASSPOR,2,BÜYÜKŞEHİR BELEDİYESİ KADİR HAS,CÜNEYT ÇAKIR,12.04.2010 - 20:00
1262,https://www.tff.org/Default.aspx?pageId=397&macId=79763,BURSASPOR,2,GAZİANTEPSPOR,0,BURSA ATATÜRK,CÜNEYT ÇAKIR,16.04.2010 - 20:00
1265,https://www.tff.org/Default.aspx?pageId=397&macId=79766,BÜYÜKŞEHİR BLD.SPOR,1,GENÇLERBİRLİĞİ,3,ATATÜRK OLİMPİYAT,MUSTAFA KAMİL ABİTOĞLU,17.04.2010 - 15:00
1269,https://www.tff.org/Default.aspx?pageId=397&macId=79770,MANİSASPOR,1,GALATASARAY A.Ş.,2,MANİSA 19 MAYIS,ABDULLAH YILMAZ,17.04.2010 - 19:00
1266,https://www.tff.org/Default.aspx?pageId=397&macId=79767,MKE ANKARAGÜCÜ,3,ESKİŞEHİRSPOR,1,ANKARA 19 MAYIS,HAKAN ÖZKAN,18.04.2010 - 13:00
1264,https://www.tff.org/Default.aspx?pageId=397&macId=79765,DİYARBAKIRSPOR,0,KAYSERİSPOR,3,YENİKENT ASAŞ,BÜNYAMİN GEZER,18.04.2010 - 15:00
1270,https://www.tff.org/Default.aspx?pageId=397&macId=79771,ANTALYASPOR A.Ş.,2,DENİZLİSPOR,1,ANTALYA ATATÜRK,FIRAT AYDINUS,18.04.2010 - 15:00
1268,https://www.tff.org/Default.aspx?pageId=397&macId=79769,FENERBAHÇE,1,BEŞİKTAŞ A.Ş.,0,FB ŞÜKRÜ SARACOĞLU,HÜSEYİN GÖÇEK,18.04.2010 - 19:00
1267,https://www.tff.org/Default.aspx?pageId=397&macId=79768,TRABZONSPOR A.Ş.,2,KASIMPAŞA,0,HÜSEYİN AVNİ AKER,ÖZGÜÇ TÜRKALP,19.04.2010 - 20:00
1271,https://www.tff.org/Default.aspx?pageId=397&macId=79772,GENÇLERBİRLİĞİ,0,ANTALYASPOR A.Ş.,2,ANKARA 19 MAYIS,BARIŞ ŞİMŞEK,24.04.2010 - 19:00
1275,https://www.tff.org/Default.aspx?pageId=397&macId=79776,DENİZLİSPOR,0,MKE ANKARAGÜCÜ,0,DENİZLİ ATATÜRK,YUNUS YILDIRIM,24.04.2010 - 19:00
1277,https://www.tff.org/Default.aspx?pageId=397&macId=79778,KAYSERİSPOR,1,MANİSASPOR,2,BÜYÜKŞEHİR BELEDİYESİ KADİR HAS,FIRAT AYDINUS,24.04.2010 - 19:00
1279,https://www.tff.org/Default.aspx?pageId=397&macId=79780,BEŞİKTAŞ A.Ş.,2,SİVASSPOR,2,BEŞİKTAŞ İNÖNÜ,KUDDUSİ MÜFTÜOĞLU,24.04.2010 - 19:00
1272,https://www.tff.org/Default.aspx?pageId=397&macId=79773,GAZİANTEPSPOR,2,BÜYÜKŞEHİR BLD.SPOR,3,KAMİL OCAK,BÜLENT YILDIRIM,25.04.2010 - 15:00
1274,https://www.tff.org/Default.aspx?pageId=397&macId=79775,KASIMPAŞA,0,FENERBAHÇE,1,RECEP TAYYİP ERDOĞAN,CÜNEYT ÇAKIR,25.04.2010 - 15:00
1276,https://www.tff.org/Default.aspx?pageId=397&macId=79777,GALATASARAY A.Ş.,0,BURSASPOR,0,ALİ SAMİ YEN,BÜNYAMİN GEZER,25.04.2010 - 19:00
1273,https://www.tff.org/Default.aspx?pageId=397&macId=79774,ESKİŞEHİRSPOR,1,TRABZONSPOR A.Ş.,0,ESKİŞEHİR ATATÜRK,SERKAN ÇINAR,26.04.2010 - 20:00
1288,https://www.tff.org/Default.aspx?pageId=397&macId=79789,MKE ANKARAGÜCÜ,1,TRABZONSPOR A.Ş.,0,ANKARA 19 MAYIS,MUSTAFA KAMİL ABİTOĞLU,1.05.2010 - 16:00
1282,https://www.tff.org/Default.aspx?pageId=397&macId=79783,BURSASPOR,2,KAYSERİSPOR,0,BURSA ATATÜRK,ABDULLAH YILMAZ,1.05.2010 - 20:00
1284,https://www.tff.org/Default.aspx?pageId=397&macId=79785,FENERBAHÇE,2,ESKİŞEHİRSPOR,0,FB ŞÜKRÜ SARACOĞLU,BÜLENT YILDIRIM,1.05.2010 - 20:00
1287,https://www.tff.org/Default.aspx?pageId=397&macId=79788,BÜYÜKŞEHİR BLD.SPOR,0,GALATASARAY A.Ş.,1,ATATÜRK OLİMPİYAT,FIRAT AYDINUS,1.05.2010 - 20:00
1280,https://www.tff.org/Default.aspx?pageId=397&macId=79781,ANTALYASPOR A.Ş.,1,GAZİANTEPSPOR,0,ANTALYA ATATÜRK,SÜLEYMAN ABAY,2.05.2010 - 16:00
1283,https://www.tff.org/Default.aspx?pageId=397&macId=79784,DENİZLİSPOR,2,GENÇLERBİRLİĞİ,0,DENİZLİ ATATÜRK,AYTEKİN DURMAZ,2.05.2010 - 16:00
1281,https://www.tff.org/Default.aspx?pageId=397&macId=79782,SİVASSPOR,1,KASIMPAŞA,1,SİVAS 4 EYLÜL,YUNUS YILDIRIM,2.05.2010 - 20:00
1285,https://www.tff.org/Default.aspx?pageId=397&macId=79786,DİYARBAKIRSPOR,1,BEŞİKTAŞ A.Ş.,3,DİYARBAKIR ATATÜRK,HALİS ÖZKAHYA,2.05.2010 - 20:00
1296,https://www.tff.org/Default.aspx?pageId=397&macId=79797,BEŞİKTAŞ A.Ş.,2,MANİSASPOR,0,BEŞİKTAŞ İNÖNÜ,ÖZGÜR YANKAYA,7.05.2010 - 20:00
1293,https://www.tff.org/Default.aspx?pageId=397&macId=79794,GAZİANTEPSPOR,1,GENÇLERBİRLİĞİ,1,KAMİL OCAK,SERKAN ÇINAR,8.05.2010 - 16:00
1294,https://www.tff.org/Default.aspx?pageId=397&macId=79795,GALATASARAY A.Ş.,1,ANTALYASPOR A.Ş.,2,ALİ SAMİ YEN,TOLGA ÖZKALFA,8.05.2010 - 20:00
1289,https://www.tff.org/Default.aspx?pageId=397&macId=79790,KAYSERİSPOR,1,BÜYÜKŞEHİR BLD.SPOR,1,BÜYÜKŞEHİR BELEDİYESİ KADİR HAS,TANER GİZLENCİ,9.05.2010 - 16:00
1290,https://www.tff.org/Default.aspx?pageId=397&macId=79791,KASIMPAŞA,1,DİYARBAKIRSPOR,0,RECEP TAYYİP ERDOĞAN,FIRAT AYDINUS,9.05.2010 - 20:00
1292,https://www.tff.org/Default.aspx?pageId=397&macId=79793,MKE ANKARAGÜCÜ,0,FENERBAHÇE,3,ANKARA 19 MAYIS,KUDDUSİ MÜFTÜOĞLU,9.05.2010 - 20:00
1297,https://www.tff.org/Default.aspx?pageId=397&macId=79798,ESKİŞEHİRSPOR,1,SİVASSPOR,1,ESKİŞEHİR ATATÜRK,BARIŞ ŞİMŞEK,9.05.2010 - 20:00
1291,https://www.tff.org/Default.aspx?pageId=397&macId=79792,TRABZONSPOR A.Ş.,2,DENİZLİSPOR,1,ATATÜRK OLİMPİYAT,HAKAN ÖZKAN,10.05.2010 - 20:00
1298,https://www.tff.org/Default.aspx?pageId=397&macId=79799,DENİZLİSPOR,1,GAZİANTEPSPOR,1,DENİZLİ ATATÜRK,HÜSEYİN GÖÇEK,15.05.2010 - 19:00
1301,https://www.tff.org/Default.aspx?pageId=397&macId=79802,SİVASSPOR,3,MKE ANKARAGÜCÜ,3,SİVAS 4 EYLÜL,AYTEKİN DURMAZ,15.05.2010 - 19:00
1302,https://www.tff.org/Default.aspx?pageId=397&macId=79803,DİYARBAKIRSPOR,0,ESKİŞEHİRSPOR,2,DİYARBAKIR ATATÜRK,MUSTAFA İLKER COŞKUN,15.05.2010 - 19:00
1305,https://www.tff.org/Default.aspx?pageId=397&macId=79806,ANTALYASPOR A.Ş.,4,KAYSERİSPOR,0,ANTALYA ATATÜRK,SERKAN ÇINAR,15.05.2010 - 19:00
1303,https://www.tff.org/Default.aspx?pageId=397&macId=79804,MANİSASPOR,0,KASIMPAŞA,0,MANİSA 19 MAYIS,MUSTAFA KAMİL ABİTOĞLU,16.05.2010 - 18:00
1299,https://www.tff.org/Default.aspx?pageId=397&macId=79800,BURSASPOR,2,BEŞİKTAŞ A.Ş.,1,BURSA ATATÜRK,CÜNEYT ÇAKIR,16.05.2010 - 20:00
1300,https://www.tff.org/Default.aspx?pageId=397&macId=79801,GENÇLERBİRLİĞİ,2,GALATASARAY A.Ş.,1,ANKARA 19 MAYIS,HALİS ÖZKAHYA,16.05.2010 - 20:00
1306,https://www.tff.org/Default.aspx?pageId=397&macId=79807,FENERBAHÇE,1,TRABZONSPOR A.Ş.,1,FB ŞÜKRÜ SARACOĞLU,YUNUS YILDIRIM,16.05.2010 - 20:00
