Takim_adi,Oynadigi_mac_sayisi,Galibiyet_sayisi,Beraberlik_sayisi,Maglubiyet_sayisi,Attigi_gol_sayisi,Yedigi_gol_sayisi,Averaj,Puan
GALATASARAY,34,23,6,5,86,43,43,75
FENERBAHÇE,34,21,8,5,61,25,36,71
TRABZONSPOR,34,19,9,6,68,42,26,66
İSTANBULSPOR A.Ş,34,14,12,8,60,42,18,54
SAMSUNSPOR,34,14,7,13,42,42,0,49
BEŞİKTAŞ,34,13,9,12,56,40,16,48
ALTAY,34,12,11,11,45,52,-7,47
BURSASPOR,34,12,9,13,46,50,-4,45
KARDEMİR D,34,13,5,16,34,50,-16,44
KOCAELİSPOR,34,12,7,15,46,46,0,43
DARDANELSPOR A.Ş,34,10,11,13,37,40,-3,41
ANTALYASPOR,34,10,11,13,51,55,-4,41
MKE ANKARAGÜCÜ,34,11,8,15,40,47,-7,41
GENÇLERBİRLİĞİ,34,9,11,14,41,46,-5,38
GAZİANTEPSPOR,34,9,11,14,39,44,-5,38
KAYSERİSPOR,34,11,5,18,42,60,-18,38
ŞEKERSPOR,34,9,9,16,41,67,-26,36
VANSPOR A.Ş,34,5,9,20,26,70,-44,24
