Mac_kodu,TFF_mac_linki,Ev_sahibi,Ev_sahibi_gol,Misafir_takim,Misafir_takim_gol,Stat,Ana_hakem,Tarih_saat
1007,https://www.tff.org/Default.aspx?pageId=397&macId=36345,MKE ANKARAGÜCÜ                                    ,0,GALATASARAY                                       ,0,ANKARA 19 MAYIS,İLHAMİ KAPLAN,1.08.1997 - 20:00
1002,https://www.tff.org/Default.aspx?pageId=397&macId=36346,FENERBAHÇE                                        ,3,GAZİANTEPSPOR                                     ,0,FB ŞÜKRÜ SARACOĞLU,ÜNSAL ÇİMEN,2.08.1997 - 16:00
1004,https://www.tff.org/Default.aspx?pageId=397&macId=36347,GENÇLERBİRLİĞİ                                    ,0,ANTALYASPOR                                       ,0,ANKARA 19 MAYIS,BÜLENT UZUN,2.08.1997 - 16:00
1005,https://www.tff.org/Default.aspx?pageId=397&macId=36348,KOCAELİSPOR                                       ,1,TRABZONSPOR                                       ,3, İSMETPAŞA,ORHAN ERDEMİR,2.08.1997 - 20:00
1001,https://www.tff.org/Default.aspx?pageId=397&macId=36349,BEŞİKTAŞ                                          ,2,ŞEKERSPOR                                         ,1,BEŞİKTAŞ İNÖNÜ,OĞUZ SARVAN,3.08.1997 - 16:00
1003,https://www.tff.org/Default.aspx?pageId=397&macId=36350,SAMSUNSPOR                                        ,2,VANSPOR A.Ş.                                      ,0,SAMSUN 19 MAYIS,SERDAR ÇAKIR,3.08.1997 - 16:00
1008,https://www.tff.org/Default.aspx?pageId=397&macId=36352,KARDEMİR D.Ç. KARABÜKSPOR                         ,3,KAYSERİSPOR                                       ,0,KARABÜK YENİŞEHİR,OSMAN AVCI,3.08.1997 - 16:00
1009,https://www.tff.org/Default.aspx?pageId=397&macId=36353,DARDANELSPOR A.Ş.                                 ,1,İSTANBULSPOR A.Ş                                  ,1,18 MART,GALİP BİTİGEN,3.08.1997 - 16:00
1006,https://www.tff.org/Default.aspx?pageId=397&macId=36351,BURSASPOR                                         ,1,ALTAY                                             ,0,BURSA ATATÜRK,YILNUR ÖNEN,3.08.1997 - 19:00
1017,https://www.tff.org/Default.aspx?pageId=397&macId=36369,TRABZONSPOR                                       ,2,VANSPOR A.Ş.                                      ,0,HÜSEYİN AVNİ AKER,AHMET ÇAKAR,8.08.1997 - 20:00
1016,https://www.tff.org/Default.aspx?pageId=397&macId=36372,ŞEKERSPOR                                         ,1,DARDANELSPOR A.Ş.                                 ,4,ANKARA 19 MAYIS,KADİR TOZLU,9.08.1997 - 17:00
1014,https://www.tff.org/Default.aspx?pageId=397&macId=36371,SAMSUNSPOR                                        ,0,FENERBAHÇE                                        ,2,SAMSUN 19 MAYIS,METİN TOKAT,9.08.1997 - 19:00
1018,https://www.tff.org/Default.aspx?pageId=397&macId=36373,İSTANBULSPOR A.Ş                                  ,2,KARDEMİR D.Ç. KARABÜKSPOR                         ,1,BEŞİKTAŞ İNÖNÜ,İBRAHİM AKSOY,9.08.1997 - 19:00
1012,https://www.tff.org/Default.aspx?pageId=397&macId=36370,GALATASARAY                                       ,4,BURSASPOR                                         ,0,ALİ SAMİ YEN,EROL ERSOY,9.08.1997 - 20:00
1011,https://www.tff.org/Default.aspx?pageId=397&macId=36375,KAYSERİSPOR                                       ,1,MKE ANKARAGÜCÜ                                    ,1,KAYSERİ ATATÜRK,ADNAN ŞEKER,10.08.1997 - 17:00
1013,https://www.tff.org/Default.aspx?pageId=397&macId=36376,ALTAY                                             ,1,KOCAELİSPOR                                       ,0,İZMİR ALSANCAK,MUHİTTİN BOŞAT,10.08.1997 - 17:00
1010,https://www.tff.org/Default.aspx?pageId=397&macId=36374,GAZİANTEPSPOR                                     ,1,ANTALYASPOR                                       ,3,KAMİL OCAK,ALİ ULUYOL,10.08.1997 - 19:00
1015,https://www.tff.org/Default.aspx?pageId=397&macId=36377,GENÇLERBİRLİĞİ                                    ,2,BEŞİKTAŞ                                          ,2,ANKARA 19 MAYIS,MUSTAFA ÇULCU,10.08.1997 - 19:00
1027,https://www.tff.org/Default.aspx?pageId=397&macId=36462,BURSASPOR                                         ,1,KAYSERİSPOR                                       ,0,BURSA ATATÜRK,NECDET ERDİLEK,22.08.1997 - 20:00
1022,https://www.tff.org/Default.aspx?pageId=397&macId=36463,BEŞİKTAŞ                                          ,2,GAZİANTEPSPOR                                     ,1,BEŞİKTAŞ İNÖNÜ,İLHAMİ KAPLAN,23.08.1997 - 19:00
1023,https://www.tff.org/Default.aspx?pageId=397&macId=36464,FENERBAHÇE                                        ,1,TRABZONSPOR                                       ,3,FB ŞÜKRÜ SARACOĞLU,EROL ERSOY,23.08.1997 - 19:00
1025,https://www.tff.org/Default.aspx?pageId=397&macId=36465,MKE ANKARAGÜCÜ                                    ,0,İSTANBULSPOR A.Ş                                  ,5,ANKARA 19 MAYIS,SADIK İLHAN,23.08.1997 - 19:00
1019,https://www.tff.org/Default.aspx?pageId=397&macId=36466,DARDANELSPOR A.Ş.                                 ,1,KARDEMİR D.Ç. KARABÜKSPOR                         ,1,18 MART,VAHAP BEYAZ,24.08.1997 - 17:00
1024,https://www.tff.org/Default.aspx?pageId=397&macId=36469,ALTAY                                             ,3,VANSPOR A.Ş.                                      ,2,İZMİR ALSANCAK,GALİP BİTİGEN,24.08.1997 - 17:00
1026,https://www.tff.org/Default.aspx?pageId=397&macId=36470,ŞEKERSPOR                                         ,0,GENÇLERBİRLİĞİ                                    ,0,ANKARA 19 MAYIS,MUSTAFA KALKANDELEN,24.08.1997 - 17:00
1020,https://www.tff.org/Default.aspx?pageId=397&macId=36467,SAMSUNSPOR                                        ,2,ANTALYASPOR                                       ,2,SAMSUN 19 MAYIS,MURAT ILGAZ,24.08.1997 - 19:00
1021,https://www.tff.org/Default.aspx?pageId=397&macId=36468,KOCAELİSPOR                                       ,1,GALATASARAY                                       ,1, İSMETPAŞA,AHMET ÇAKAR,24.08.1997 - 19:00
1036,https://www.tff.org/Default.aspx?pageId=397&macId=36598,İSTANBULSPOR A.Ş                                  ,1,BURSASPOR                                         ,1,ALİ SAMİ YEN,BÜLENT UZUN,29.08.1997 - 20:00
1028,https://www.tff.org/Default.aspx?pageId=397&macId=36599,ALTAY                                             ,0,FENERBAHÇE                                        ,2,İZMİR ATATÜRK,MUSTAFA ÇULCU,30.08.1997 - 19:00
1032,https://www.tff.org/Default.aspx?pageId=397&macId=36600,TRABZONSPOR                                       ,2,ANTALYASPOR                                       ,2,HÜSEYİN AVNİ AKER,MUHİTTİN BOŞAT,30.08.1997 - 19:00
1030,https://www.tff.org/Default.aspx?pageId=397&macId=36602,KARDEMİR D.Ç. KARABÜKSPOR                         ,1,MKE ANKARAGÜCÜ                                    ,0,KARABÜK YENİŞEHİR,KADİR TOZLU,31.08.1997 - 17:00
1034,https://www.tff.org/Default.aspx?pageId=397&macId=36605,GENÇLERBİRLİĞİ                                    ,3,DARDANELSPOR A.Ş.                                 ,0,ANKARA 19 MAYIS,OSMAN AVCI,31.08.1997 - 17:00
1035,https://www.tff.org/Default.aspx?pageId=397&macId=36606,KAYSERİSPOR                                       ,2,KOCAELİSPOR                                       ,1,KAYSERİ ATATÜRK,MEHMET ÇAYAN,31.08.1997 - 17:00
1029,https://www.tff.org/Default.aspx?pageId=397&macId=36601,SAMSUNSPOR                                        ,0,BEŞİKTAŞ                                          ,0,SAMSUN 19 MAYIS,ÜNSAL ÇİMEN,31.08.1997 - 19:00
1031,https://www.tff.org/Default.aspx?pageId=397&macId=36603,GALATASARAY                                       ,6,VANSPOR A.Ş.                                      ,2,ALİ SAMİ YEN,YILNUR ÖNEN,31.08.1997 - 19:00
1033,https://www.tff.org/Default.aspx?pageId=397&macId=36604,GAZİANTEPSPOR                                     ,1,ŞEKERSPOR                                         ,1,KAMİL OCAK,ORHAN ERDEMİR,31.08.1997 - 19:00
1037,https://www.tff.org/Default.aspx?pageId=397&macId=36711,BEŞİKTAŞ                                          ,3,TRABZONSPOR                                       ,0,BEŞİKTAŞ İNÖNÜ,OĞUZ SARVAN,5.09.1997 - 20:00
1045,https://www.tff.org/Default.aspx?pageId=397&macId=36713,BURSASPOR                                         ,4,KARDEMİR D.Ç. KARABÜKSPOR                         ,0,BURSA ATATÜRK,ALİ ULUYOL,5.09.1997 - 20:00
1042,https://www.tff.org/Default.aspx?pageId=397&macId=36712,FENERBAHÇE                                        ,3,GALATASARAY                                       ,1,FB ŞÜKRÜ SARACOĞLU,MUHİTTİN BOŞAT,5.09.1997 - 20:08
1039,https://www.tff.org/Default.aspx?pageId=397&macId=36714,ŞEKERSPOR                                         ,2,SAMSUNSPOR                                        ,1,ANKARA 19 MAYIS,SERDAR TATLI,6.09.1997 - 16:00
1043,https://www.tff.org/Default.aspx?pageId=397&macId=36717,KAYSERİSPOR                                       ,1,VANSPOR A.Ş.                                      ,1,KAYSERİ ATATÜRK,MURAT ILGAZ,6.09.1997 - 16:00
1040,https://www.tff.org/Default.aspx?pageId=397&macId=36715,DARDANELSPOR A.Ş.                                 ,1,MKE ANKARAGÜCÜ                                    ,1,18 MART,ÖZCAN PEHLİVANOĞLU,6.09.1997 - 16:30
1041,https://www.tff.org/Default.aspx?pageId=397&macId=36716,ALTAY                                             ,0,ANTALYASPOR                                       ,3,İZMİR ALSANCAK,HASAN BAŞDEMİR,6.09.1997 - 16:30
1044,https://www.tff.org/Default.aspx?pageId=397&macId=36718,KOCAELİSPOR                                       ,3,İSTANBULSPOR A.Ş                                  ,0, İSMETPAŞA,İLHAMİ KAPLAN,6.09.1997 - 19:00
1038,https://www.tff.org/Default.aspx?pageId=397&macId=36719,GENÇLERBİRLİĞİ                                    ,0,GAZİANTEPSPOR                                     ,1,ANKARA 19 MAYIS,ALİ AYDIN,7.09.1997 - 19:00
1047,https://www.tff.org/Default.aspx?pageId=397&macId=36825,GAZİANTEPSPOR                                     ,2,DARDANELSPOR A.Ş.                                 ,2,KAMİL OCAK,NAMIK KEMAL DEMİROĞLU,12.09.1997 - 20:00
1054,https://www.tff.org/Default.aspx?pageId=397&macId=36829,KAYSERİSPOR                                       ,0,FENERBAHÇE                                        ,3,KAYSERİ ATATÜRK,ÜNSAL ÇİMEN,13.09.1997 - 16:00
1048,https://www.tff.org/Default.aspx?pageId=397&macId=36826,İSTANBULSPOR A.Ş                                  ,6,VANSPOR A.Ş.                                      ,3,ALİ SAMİ YEN,ADNAN ŞEKER,13.09.1997 - 19:00
1050,https://www.tff.org/Default.aspx?pageId=397&macId=36827,ALTAY                                             ,1,BEŞİKTAŞ                                          ,2,İZMİR ATATÜRK,SADIK İLHAN,13.09.1997 - 19:00
1051,https://www.tff.org/Default.aspx?pageId=397&macId=36828,TRABZONSPOR                                       ,6,ŞEKERSPOR                                         ,3,HÜSEYİN AVNİ AKER,SERDAR ÇAKIR,13.09.1997 - 19:00
1052,https://www.tff.org/Default.aspx?pageId=397&macId=36832,MKE ANKARAGÜCÜ                                    ,1,BURSASPOR                                         ,2,ANKARA 19 MAYIS,AHMET ÇAKAR,14.09.1997 - 16:00
1053,https://www.tff.org/Default.aspx?pageId=397&macId=36833,KARDEMİR D.Ç. KARABÜKSPOR                         ,1,KOCAELİSPOR                                       ,0,KARABÜK YENİŞEHİR,ALİCAN LAKOT,14.09.1997 - 16:00
1046,https://www.tff.org/Default.aspx?pageId=397&macId=36830,SAMSUNSPOR                                        ,3,GENÇLERBİRLİĞİ                                    ,1,SAMSUN 19 MAYIS,EROL ERSOY,14.09.1997 - 19:00
1049,https://www.tff.org/Default.aspx?pageId=397&macId=36831,GALATASARAY                                       ,2,ANTALYASPOR                                       ,1,ALİ SAMİ YEN,METİN TOKAT,14.09.1997 - 19:00
1062,https://www.tff.org/Default.aspx?pageId=397&macId=36947,ŞEKERSPOR                                         ,0,ALTAY                                             ,0,ANKARA 19 MAYIS,MEHMET ÇAYAN,19.09.1997 - 20:00
1059,https://www.tff.org/Default.aspx?pageId=397&macId=36939,FENERBAHÇE                                        ,3,İSTANBULSPOR A.Ş                                  ,0,FB ŞÜKRÜ SARACOĞLU,ORHAN ERDEMİR,20.09.1997 - 19:00
1061,https://www.tff.org/Default.aspx?pageId=397&macId=36940,GENÇLERBİRLİĞİ                                    ,0,TRABZONSPOR                                       ,1,ANKARA 19 MAYIS,İLHAMİ KAPLAN,20.09.1997 - 19:00
1056,https://www.tff.org/Default.aspx?pageId=397&macId=36942,VANSPOR A.Ş.                                      ,0,KARDEMİR D.Ç. KARABÜKSPOR                         ,1,GENÇLİK VE SPOR,NECDET ERDİLEK,21.09.1997 - 15:30
1058,https://www.tff.org/Default.aspx?pageId=397&macId=36944,KAYSERİSPOR                                       ,3,ANTALYASPOR                                       ,1,KAYSERİ ATATÜRK,İBRAHİM AKSOY,21.09.1997 - 16:00
1063,https://www.tff.org/Default.aspx?pageId=397&macId=36946,DARDANELSPOR A.Ş.                                 ,0,BURSASPOR                                         ,0,18 MART,MUSTAFA KALKANDELEN,21.09.1997 - 16:30
1055,https://www.tff.org/Default.aspx?pageId=397&macId=36941,BEŞİKTAŞ                                          ,2,GALATASARAY                                       ,1,BEŞİKTAŞ İNÖNÜ,MUSTAFA ÇULCU,21.09.1997 - 19:00
1057,https://www.tff.org/Default.aspx?pageId=397&macId=36943,GAZİANTEPSPOR                                     ,2,SAMSUNSPOR                                        ,0,KAMİL OCAK,OSMAN AVCI,21.09.1997 - 19:00
1060,https://www.tff.org/Default.aspx?pageId=397&macId=36945,KOCAELİSPOR                                       ,2,MKE ANKARAGÜCÜ                                    ,0, İSMETPAŞA,VAHAP BEYAZ,21.09.1997 - 19:00
1068,https://www.tff.org/Default.aspx?pageId=397&macId=37060,TRABZONSPOR                                       ,1,GAZİANTEPSPOR                                     ,0,HÜSEYİN AVNİ AKER,ÜNSAL ÇİMEN,26.09.1997 - 20:00
1066,https://www.tff.org/Default.aspx?pageId=397&macId=37061,KARDEMİR D.Ç. KARABÜKSPOR                         ,1,FENERBAHÇE                                        ,2,KARABÜK YENİŞEHİR,OĞUZ SARVAN,27.09.1997 - 16:00
1072,https://www.tff.org/Default.aspx?pageId=397&macId=37063,KAYSERİSPOR                                       ,1,BEŞİKTAŞ                                          ,0,KAYSERİ ATATÜRK,EROL ERSOY,27.09.1997 - 16:00
1067,https://www.tff.org/Default.aspx?pageId=397&macId=37062,GALATASARAY                                       ,4,ŞEKERSPOR                                         ,1,ALİ SAMİ YEN,SADIK İLHAN,27.09.1997 - 19:00
1071,https://www.tff.org/Default.aspx?pageId=397&macId=37068,MKE ANKARAGÜCÜ                                    ,2,VANSPOR A.Ş.                                      ,0,ANKARA 19 MAYIS,GALİP BİTİGEN,28.09.1997 - 16:00
1065,https://www.tff.org/Default.aspx?pageId=397&macId=37065,ALTAY                                             ,0,GENÇLERBİRLİĞİ                                    ,0,İZMİR ALSANCAK,KADİR TOZLU,28.09.1997 - 16:30
1064,https://www.tff.org/Default.aspx?pageId=397&macId=37064,İSTANBULSPOR A.Ş                                  ,5,ANTALYASPOR                                       ,2,FB ŞÜKRÜ SARACOĞLU,MURAT ILGAZ,28.09.1997 - 19:00
1069,https://www.tff.org/Default.aspx?pageId=397&macId=37066,SAMSUNSPOR                                        ,3,DARDANELSPOR A.Ş.                                 ,0,SAMSUN 19 MAYIS,ALİ ULUYOL,28.09.1997 - 19:00
1070,https://www.tff.org/Default.aspx?pageId=397&macId=37067,BURSASPOR                                         ,1,KOCAELİSPOR                                       ,2,BURSA ATATÜRK,SERDAR ÇAKIR,28.09.1997 - 19:00
1079,https://www.tff.org/Default.aspx?pageId=397&macId=37174,GAZİANTEPSPOR                                     ,3,ALTAY                                             ,0,KAMİL OCAK,ALİCAN LAKOT,3.10.1997 - 20:00
1078,https://www.tff.org/Default.aspx?pageId=397&macId=37179,VANSPOR A.Ş.                                      ,1,BURSASPOR                                         ,1,GENÇLİK VE SPOR,HASAN BAŞDEMİR,4.10.1997 - 13:30
1075,https://www.tff.org/Default.aspx?pageId=397&macId=37177,ŞEKERSPOR                                         ,0,KAYSERİSPOR                                       ,1,ANKARA 19 MAYIS,BÜLENT UZUN,4.10.1997 - 15:00
1077,https://www.tff.org/Default.aspx?pageId=397&macId=37178,KARDEMİR D.Ç. KARABÜKSPOR                         ,3,ANTALYASPOR                                       ,0,KARABÜK YENİŞEHİR,YILNUR ÖNEN,4.10.1997 - 15:00
1073,https://www.tff.org/Default.aspx?pageId=397&macId=37175,FENERBAHÇE                                        ,0,MKE ANKARAGÜCÜ                                    ,0,FB ŞÜKRÜ SARACOĞLU,İLHAMİ KAPLAN,4.10.1997 - 19:00
1074,https://www.tff.org/Default.aspx?pageId=397&macId=37176,SAMSUNSPOR                                        ,2,TRABZONSPOR                                       ,1,SAMSUN 19 MAYIS,ORHAN ERDEMİR,4.10.1997 - 19:00
1081,https://www.tff.org/Default.aspx?pageId=397&macId=37182,DARDANELSPOR A.Ş.                                 ,2,KOCAELİSPOR                                       ,0,18 MART,ALİ AYDIN,5.10.1997 - 15:30
1076,https://www.tff.org/Default.aspx?pageId=397&macId=37180,BEŞİKTAŞ                                          ,0,İSTANBULSPOR A.Ş                                  ,0,BEŞİKTAŞ İNÖNÜ,MUHİTTİN BOŞAT,5.10.1997 - 19:00
1080,https://www.tff.org/Default.aspx?pageId=397&macId=37181,GENÇLERBİRLİĞİ                                    ,3,GALATASARAY                                       ,2,ANKARA 19 MAYIS,İBRAHİM AKSOY,5.10.1997 - 19:00
1084,https://www.tff.org/Default.aspx?pageId=397&macId=37414,İSTANBULSPOR A.Ş                                  ,4,ŞEKERSPOR                                         ,1,BEŞİKTAŞ İNÖNÜ,SELÇUK ŞAHİN,17.10.1997 - 20:00
1090,https://www.tff.org/Default.aspx?pageId=397&macId=37417,KARDEMİR D.Ç. KARABÜKSPOR                         ,0,BEŞİKTAŞ                                          ,5,KARABÜK YENİŞEHİR,İLHAMİ KAPLAN,18.10.1997 - 15:00
1085,https://www.tff.org/Default.aspx?pageId=397&macId=37415,GALATASARAY                                       ,1,GAZİANTEPSPOR                                     ,0,ALİ SAMİ YEN,OĞUZ SARVAN,18.10.1997 - 19:00
1088,https://www.tff.org/Default.aspx?pageId=397&macId=37416,KOCAELİSPOR                                       ,4,VANSPOR A.Ş.                                      ,2, İSMETPAŞA,ÖZCAN PEHLİVANOĞLU,18.10.1997 - 19:00
1082,https://www.tff.org/Default.aspx?pageId=397&macId=37418,MKE ANKARAGÜCÜ                                    ,2,ANTALYASPOR                                       ,0,ANKARA 19 MAYIS,MUSTAFA KALKANDELEN,19.10.1997 - 15:00
1083,https://www.tff.org/Default.aspx?pageId=397&macId=37419,KAYSERİSPOR                                       ,2,GENÇLERBİRLİĞİ                                    ,0,KAYSERİ ATATÜRK,SERDAR ÇAKIR,19.10.1997 - 15:00
1086,https://www.tff.org/Default.aspx?pageId=397&macId=37420,ALTAY                                             ,2,SAMSUNSPOR                                        ,5,İZMİR ALSANCAK,METİN TOKAT,19.10.1997 - 15:30
1087,https://www.tff.org/Default.aspx?pageId=397&macId=37421,TRABZONSPOR                                       ,0,DARDANELSPOR A.Ş.                                 ,2,HÜSEYİN AVNİ AKER,AHMET ÇAKAR,19.10.1997 - 19:00
1089,https://www.tff.org/Default.aspx?pageId=397&macId=37422,BURSASPOR                                         ,1,FENERBAHÇE                                        ,1,BURSA ATATÜRK,EROL ERSOY,19.10.1997 - 19:00
1098,https://www.tff.org/Default.aspx?pageId=397&macId=37640,GENÇLERBİRLİĞİ                                    ,1,İSTANBULSPOR A.Ş                                  ,0,ANKARA 19 MAYIS,ALİ AYDIN,31.10.1997 - 20:00
1091,https://www.tff.org/Default.aspx?pageId=397&macId=37641,SAMSUNSPOR                                        ,0,GALATASARAY                                       ,2,SAMSUN 19 MAYIS,EROL ERSOY,1.11.1997 - 19:00
1094,https://www.tff.org/Default.aspx?pageId=397&macId=37642,BEŞİKTAŞ                                          ,1,MKE ANKARAGÜCÜ                                    ,0,BEŞİKTAŞ İNÖNÜ,SADIK İLHAN,1.11.1997 - 19:00
1092,https://www.tff.org/Default.aspx?pageId=397&macId=37643,GAZİANTEPSPOR                                     ,3,KAYSERİSPOR                                       ,2,KAMİL OCAK,HASAN BAŞDEMİR,2.11.1997 - 13:30
1099,https://www.tff.org/Default.aspx?pageId=397&macId=37648,ŞEKERSPOR                                         ,1,KARDEMİR D.Ç. KARABÜKSPOR                         ,0,ANKARA 19 MAYIS,NAMIK KEMAL DEMİROĞLU,2.11.1997 - 13:30
1093,https://www.tff.org/Default.aspx?pageId=397&macId=37644,DARDANELSPOR A.Ş.                                 ,2,VANSPOR A.Ş.                                      ,0,18 MART,SERDAR TATLI,2.11.1997 - 14:00
1095,https://www.tff.org/Default.aspx?pageId=397&macId=37645,BURSASPOR                                         ,4,ANTALYASPOR                                       ,1,BURSA ATATÜRK,VAHAP BEYAZ,2.11.1997 - 19:00
1096,https://www.tff.org/Default.aspx?pageId=397&macId=37646,FENERBAHÇE                                        ,2,KOCAELİSPOR                                       ,0,FB ŞÜKRÜ SARACOĞLU,İBRAHİM AKSOY,2.11.1997 - 19:00
1097,https://www.tff.org/Default.aspx?pageId=397&macId=37647,TRABZONSPOR                                       ,3,ALTAY                                             ,0,HÜSEYİN AVNİ AKER,MURAT ILGAZ,2.11.1997 - 19:00
1103,https://www.tff.org/Default.aspx?pageId=397&macId=37782,İSTANBULSPOR A.Ş                                  ,4,GAZİANTEPSPOR                                     ,1,BEŞİKTAŞ İNÖNÜ,METİN TOKAT,7.11.1997 - 20:00
1104,https://www.tff.org/Default.aspx?pageId=397&macId=37783,GALATASARAY                                       ,2,TRABZONSPOR                                       ,2,ALİ SAMİ YEN,İLHAMİ KAPLAN,8.11.1997 - 19:00
1102,https://www.tff.org/Default.aspx?pageId=397&macId=37786,KAYSERİSPOR                                       ,0,SAMSUNSPOR                                        ,1,KAYSERİ ATATÜRK,KADİR TOZLU,9.11.1997 - 13:00
1106,https://www.tff.org/Default.aspx?pageId=397&macId=37788,VANSPOR A.Ş.                                      ,0,FENERBAHÇE                                        ,1,VALİ MAHMUT YILBAŞ,MUSTAFA ÇULCU,9.11.1997 - 13:00
1101,https://www.tff.org/Default.aspx?pageId=397&macId=37785,MKE ANKARAGÜCÜ                                    ,1,ŞEKERSPOR                                         ,1,ANKARA 19 MAYIS,ORHAN ERDEMİR,9.11.1997 - 13:30
1108,https://www.tff.org/Default.aspx?pageId=397&macId=37790,KARDEMİR D.Ç. KARABÜKSPOR                         ,1,GENÇLERBİRLİĞİ                                    ,0,KARABÜK YENİŞEHİR,BÜLENT UZUN,9.11.1997 - 13:30
1105,https://www.tff.org/Default.aspx?pageId=397&macId=37787,ALTAY                                             ,1,DARDANELSPOR A.Ş.                                 ,0,İZMİR ALSANCAK,MUHİTTİN BOŞAT,9.11.1997 - 14:00
1100,https://www.tff.org/Default.aspx?pageId=397&macId=37784,KOCAELİSPOR                                       ,2,ANTALYASPOR                                       ,1, İSMETPAŞA,GALİP BİTİGEN,9.11.1997 - 19:00
1107,https://www.tff.org/Default.aspx?pageId=397&macId=37789,BURSASPOR                                         ,2,BEŞİKTAŞ                                          ,1,BURSA ATATÜRK,OĞUZ SARVAN,9.11.1997 - 19:00
1115,https://www.tff.org/Default.aspx?pageId=397&macId=37894,SAMSUNSPOR                                        ,0,İSTANBULSPOR A.Ş                                  ,0,SAMSUN 19 MAYIS,ÜNSAL ÇİMEN,14.11.1997 - 20:00
1116,https://www.tff.org/Default.aspx?pageId=397&macId=37897,ŞEKERSPOR                                         ,3,BURSASPOR                                         ,1,ANKARA 19 MAYIS,OSMAN AVCI,15.11.1997 - 13:30
1109,https://www.tff.org/Default.aspx?pageId=397&macId=37895,BEŞİKTAŞ                                          ,1,KOCAELİSPOR                                       ,1,BEŞİKTAŞ İNÖNÜ,EROL ERSOY,15.11.1997 - 19:00
1114,https://www.tff.org/Default.aspx?pageId=397&macId=37896,TRABZONSPOR                                       ,2,KAYSERİSPOR                                       ,0,HÜSEYİN AVNİ AKER,ALİ ULUYOL,15.11.1997 - 19:00
1112,https://www.tff.org/Default.aspx?pageId=397&macId=37900,VANSPOR A.Ş.                                      ,0,ANTALYASPOR                                       ,3,VALİ MAHMUT YILBAŞ,ALİCAN LAKOT,16.11.1997 - 12:30
1110,https://www.tff.org/Default.aspx?pageId=397&macId=37898,GAZİANTEPSPOR                                     ,2,KARDEMİR D.Ç. KARABÜKSPOR                         ,2,KAMİL OCAK,SERDAR ÇAKIR,16.11.1997 - 13:30
1117,https://www.tff.org/Default.aspx?pageId=397&macId=37902,DARDANELSPOR A.Ş.                                 ,0,FENERBAHÇE                                        ,1,18 MART,MURAT ILGAZ,16.11.1997 - 14:00
1111,https://www.tff.org/Default.aspx?pageId=397&macId=37899,GENÇLERBİRLİĞİ                                    ,1,MKE ANKARAGÜCÜ                                    ,2,ANKARA 19 MAYIS,AHMET ÇAKAR,16.11.1997 - 19:00
1113,https://www.tff.org/Default.aspx?pageId=397&macId=37901,ALTAY                                             ,4,GALATASARAY                                       ,5,İZMİR ATATÜRK,AYHAN YÜCEBİLGİÇ,16.11.1997 - 19:00
1121,https://www.tff.org/Default.aspx?pageId=397&macId=38008,İSTANBULSPOR A.Ş                                  ,0,TRABZONSPOR                                       ,0,BEŞİKTAŞ İNÖNÜ,AYHAN YÜCEBİLGİÇ,21.11.1997 - 20:00
1119,https://www.tff.org/Default.aspx?pageId=397&macId=38010,VANSPOR A.Ş.                                      ,1,BEŞİKTAŞ                                          ,7,VALİ MAHMUT YILBAŞ,İBRAHİM AKSOY,22.11.1997 - 12:30
1118,https://www.tff.org/Default.aspx?pageId=397&macId=38009,FENERBAHÇE                                        ,2,ANTALYASPOR                                       ,1,FB ŞÜKRÜ SARACOĞLU,BÜLENT UZUN,22.11.1997 - 19:00
1124,https://www.tff.org/Default.aspx?pageId=397&macId=38011,BURSASPOR                                         ,2,GENÇLERBİRLİĞİ                                    ,1,BURSA ATATÜRK,MUSTAFA ÇULCU,22.11.1997 - 19:34
1120,https://www.tff.org/Default.aspx?pageId=397&macId=38012,KAYSERİSPOR                                       ,1,ALTAY                                             ,1,KAYSERİ ATATÜRK,MUSTAFA KALKANDELEN,23.11.1997 - 13:30
1125,https://www.tff.org/Default.aspx?pageId=397&macId=38015,MKE ANKARAGÜCÜ                                    ,2,GAZİANTEPSPOR                                     ,0,ANKARA 19 MAYIS,ÖZCAN PEHLİVANOĞLU,23.11.1997 - 13:30
1126,https://www.tff.org/Default.aspx?pageId=397&macId=38016,KARDEMİR D.Ç. KARABÜKSPOR                         ,2,SAMSUNSPOR                                        ,1,KARABÜK YENİŞEHİR,MUHİTTİN BOŞAT,23.11.1997 - 13:30
1122,https://www.tff.org/Default.aspx?pageId=397&macId=38013,GALATASARAY                                       ,1,DARDANELSPOR A.Ş.                                 ,0,ALİ SAMİ YEN,METİN TOKAT,23.11.1997 - 19:00
1123,https://www.tff.org/Default.aspx?pageId=397&macId=38014,KOCAELİSPOR                                       ,3,ŞEKERSPOR                                         ,0, İSMETPAŞA,ADNAN ŞEKER,23.11.1997 - 19:00
1130,https://www.tff.org/Default.aspx?pageId=397&macId=38225,ANTALYASPOR                                       ,0,DARDANELSPOR A.Ş.                                 ,0,ANTALYA ATATÜRK,AHMET ÇAKAR,5.12.1997 - 20:00
1127,https://www.tff.org/Default.aspx?pageId=397&macId=38226,BEŞİKTAŞ                                          ,2,FENERBAHÇE                                        ,2,BEŞİKTAŞ İNÖNÜ,MUHİTTİN BOŞAT,6.12.1997 - 19:00
1129,https://www.tff.org/Default.aspx?pageId=397&macId=38227,GENÇLERBİRLİĞİ                                    ,0,KOCAELİSPOR                                       ,0,ANKARA 19 MAYIS,EROL ERSOY,6.12.1997 - 19:00
1135,https://www.tff.org/Default.aspx?pageId=397&macId=38228,KAYSERİSPOR                                       ,1,GALATASARAY                                       ,2,5 OCAK,MURAT ILGAZ,6.12.1997 - 19:00
1128,https://www.tff.org/Default.aspx?pageId=397&macId=38229,TRABZONSPOR                                       ,2,KARDEMİR D.Ç. KARABÜKSPOR                         ,0,HÜSEYİN AVNİ AKER,SADIK İLHAN,7.12.1997 - 13:00
1132,https://www.tff.org/Default.aspx?pageId=397&macId=38231,SAMSUNSPOR                                        ,0,MKE ANKARAGÜCÜ                                    ,2,SAMSUN 19 MAYIS,MUSTAFA ÇULCU,7.12.1997 - 13:30
1134,https://www.tff.org/Default.aspx?pageId=397&macId=38233,ŞEKERSPOR                                         ,1,VANSPOR A.Ş.                                      ,1,ANKARA 19 MAYIS,SERDAR ÇAKIR,7.12.1997 - 13:30
1131,https://www.tff.org/Default.aspx?pageId=397&macId=38230,ALTAY                                             ,1,İSTANBULSPOR A.Ş                                  ,3,İZMİR ALSANCAK,İLHAMİ KAPLAN,7.12.1997 - 14:00
1133,https://www.tff.org/Default.aspx?pageId=397&macId=38232,GAZİANTEPSPOR                                     ,1,BURSASPOR                                         ,2,KAMİL OCAK,KADİR TOZLU,7.12.1997 - 19:00
1137,https://www.tff.org/Default.aspx?pageId=397&macId=38341,MKE ANKARAGÜCÜ                                    ,1,TRABZONSPOR                                       ,3,ANKARA 19 MAYIS,MUHİTTİN BOŞAT,12.12.1997 - 20:00
1136,https://www.tff.org/Default.aspx?pageId=397&macId=38342,VANSPOR A.Ş.                                      ,0,GENÇLERBİRLİĞİ                                    ,0,CEMAL GÜRSEL,ORHAN ERDEMİR,13.12.1997 - 12:00
1144,https://www.tff.org/Default.aspx?pageId=397&macId=38345,KARDEMİR D.Ç. KARABÜKSPOR                         ,1,ALTAY                                             ,1,KARABÜK YENİŞEHİR,ADNAN ŞEKER,13.12.1997 - 13:30
1139,https://www.tff.org/Default.aspx?pageId=397&macId=38343,İSTANBULSPOR A.Ş                                  ,2,GALATASARAY                                       ,1,BEŞİKTAŞ İNÖNÜ,EROL ERSOY,13.12.1997 - 19:00
1142,https://www.tff.org/Default.aspx?pageId=397&macId=38344,KOCAELİSPOR                                       ,1,GAZİANTEPSPOR                                     ,1, İSMETPAŞA,NAMIK KEMAL DEMİROĞLU,13.12.1997 - 19:00
1138,https://www.tff.org/Default.aspx?pageId=397&macId=38346,DARDANELSPOR A.Ş.                                 ,3,KAYSERİSPOR                                       ,0,18 MART,YILNUR ÖNEN,14.12.1997 - 14:00
1141,https://www.tff.org/Default.aspx?pageId=397&macId=38348,FENERBAHÇE                                        ,7,ŞEKERSPOR                                         ,0,FB ŞÜKRÜ SARACOĞLU,HASAN BAŞDEMİR,14.12.1997 - 19:00
1143,https://www.tff.org/Default.aspx?pageId=397&macId=38349,BURSASPOR                                         ,2,SAMSUNSPOR                                        ,3,BURSA ATATÜRK,İBRAHİM AKSOY,14.12.1997 - 19:00
1140,https://www.tff.org/Default.aspx?pageId=397&macId=38347,ANTALYASPOR                                       ,3,BEŞİKTAŞ                                          ,3,ANTALYA ATATÜRK,MUSTAFA ÇULCU,14.12.1997 - 19:03
1146,https://www.tff.org/Default.aspx?pageId=397&macId=38394,SAMSUNSPOR                                        ,1,KOCAELİSPOR                                       ,1,SAMSUN 19 MAYIS,ALİ AYDIN,19.12.1997 - 20:00
1145,https://www.tff.org/Default.aspx?pageId=397&macId=38395,BEŞİKTAŞ                                          ,1,DARDANELSPOR A.Ş.                                 ,2,BEŞİKTAŞ İNÖNÜ,KADİR TOZLU,20.12.1997 - 19:00
1150,https://www.tff.org/Default.aspx?pageId=397&macId=38396,TRABZONSPOR                                       ,1,BURSASPOR                                         ,0,HÜSEYİN AVNİ AKER,METİN TOKAT,20.12.1997 - 19:00
1152,https://www.tff.org/Default.aspx?pageId=397&macId=38397,GENÇLERBİRLİĞİ                                    ,3,FENERBAHÇE                                        ,0,ANKARA 19 MAYIS,AYHAN YÜCEBİLGİÇ,20.12.1997 - 19:00
1147,https://www.tff.org/Default.aspx?pageId=397&macId=38398,ŞEKERSPOR                                         ,2,ANTALYASPOR                                       ,1,ANKARA 19 MAYIS,OĞUZ SARVAN,21.12.1997 - 13:30
1151,https://www.tff.org/Default.aspx?pageId=397&macId=38401,GAZİANTEPSPOR                                     ,0,VANSPOR A.Ş.                                      ,0,KAMİL OCAK,ALİ ULUYOL,21.12.1997 - 13:30
1153,https://www.tff.org/Default.aspx?pageId=397&macId=38402,KAYSERİSPOR                                       ,0,İSTANBULSPOR A.Ş                                  ,0,KAYSERİ ATATÜRK,SADIK İLHAN,21.12.1997 - 13:30
1149,https://www.tff.org/Default.aspx?pageId=397&macId=38400,ALTAY                                             ,3,MKE ANKARAGÜCÜ                                    ,0,İZMİR ALSANCAK,AHMET ÇAKAR,21.12.1997 - 14:00
1148,https://www.tff.org/Default.aspx?pageId=397&macId=38399,GALATASARAY                                       ,3,KARDEMİR D.Ç. KARABÜKSPOR                         ,0,ALİ SAMİ YEN,SERDAR TATLI,21.12.1997 - 19:00
1154,https://www.tff.org/Default.aspx?pageId=397&macId=38506,ŞEKERSPOR                                         ,2,BEŞİKTAŞ                                          ,0,ANKARA 19 MAYIS,SERDAR TATLI,16.01.1998 - 20:00
1155,https://www.tff.org/Default.aspx?pageId=397&macId=38507,GAZİANTEPSPOR                                     ,2,FENERBAHÇE                                        ,0,KAMİL OCAK,METİN TOKAT,17.01.1998 - 19:00
1162,https://www.tff.org/Default.aspx?pageId=397&macId=38508,İSTANBULSPOR A.Ş                                  ,3,DARDANELSPOR A.Ş.                                 ,1,BEŞİKTAŞ İNÖNÜ,OĞUZ SARVAN,17.01.1998 - 19:00
1156,https://www.tff.org/Default.aspx?pageId=397&macId=38509,VANSPOR A.Ş.                                      ,1,SAMSUNSPOR                                        ,0,VALİ MAHMUT YILBAŞ,ÖZCAN PEHLİVANOĞLU,18.01.1998 - 12:30
1158,https://www.tff.org/Default.aspx?pageId=397&macId=38511,TRABZONSPOR                                       ,2,KOCAELİSPOR                                       ,2,HÜSEYİN AVNİ AKER,ALİ ULUYOL,18.01.1998 - 13:00
1157,https://www.tff.org/Default.aspx?pageId=397&macId=38510,ANTALYASPOR                                       ,2,GENÇLERBİRLİĞİ                                    ,1,ANTALYA ATATÜRK,MUHİTTİN BOŞAT,18.01.1998 - 13:30
1159,https://www.tff.org/Default.aspx?pageId=397&macId=38512,ALTAY                                             ,2,BURSASPOR                                         ,1,İZMİR ALSANCAK,ORHAN ERDEMİR,18.01.1998 - 13:30
1161,https://www.tff.org/Default.aspx?pageId=397&macId=38514,KAYSERİSPOR                                       ,0,KARDEMİR D.Ç. KARABÜKSPOR                         ,1,KAYSERİ ATATÜRK,ÜNSAL ÇİMEN,18.01.1998 - 13:35
1160,https://www.tff.org/Default.aspx?pageId=397&macId=38513,GALATASARAY                                       ,2,MKE ANKARAGÜCÜ                                    ,1,ALİ SAMİ YEN,AYHAN YÜCEBİLGİÇ,18.01.1998 - 19:00
1164,https://www.tff.org/Default.aspx?pageId=397&macId=38595,MKE ANKARAGÜCÜ                                    ,6,KAYSERİSPOR                                       ,3,ANKARA 19 MAYIS,SERDAR ÇAKIR,23.01.1998 - 20:00
1171,https://www.tff.org/Default.aspx?pageId=397&macId=38598,KARDEMİR D.Ç. KARABÜKSPOR                         ,0,İSTANBULSPOR A.Ş                                  ,1,KARABÜK YENİŞEHİR,BÜLENT UZUN,24.01.1998 - 13:30
1163,https://www.tff.org/Default.aspx?pageId=397&macId=38596,ANTALYASPOR                                       ,2,GAZİANTEPSPOR                                     ,1,ANTALYA ATATÜRK,AHMET ÇAKAR,24.01.1998 - 19:00
1168,https://www.tff.org/Default.aspx?pageId=397&macId=38597,BEŞİKTAŞ                                          ,3,GENÇLERBİRLİĞİ                                    ,0,BEŞİKTAŞ İNÖNÜ,EROL ERSOY,24.01.1998 - 19:00
1170,https://www.tff.org/Default.aspx?pageId=397&macId=38603,VANSPOR A.Ş.                                      ,0,TRABZONSPOR                                       ,2,VALİ MAHMUT YILBAŞ,MUSTAFA ÇULCU,25.01.1998 - 12:30
1169,https://www.tff.org/Default.aspx?pageId=397&macId=38602,DARDANELSPOR A.Ş.                                 ,4,ŞEKERSPOR                                         ,1,18 MART,MUSTAFA KALKANDELEN,25.01.1998 - 13:30
1165,https://www.tff.org/Default.aspx?pageId=397&macId=38599,BURSASPOR                                         ,3,GALATASARAY                                       ,2,BURSA ATATÜRK,İLHAMİ KAPLAN,25.01.1998 - 19:00
1166,https://www.tff.org/Default.aspx?pageId=397&macId=38600,KOCAELİSPOR                                       ,0,ALTAY                                             ,1, İSMETPAŞA,YILNUR ÖNEN,25.01.1998 - 19:00
1167,https://www.tff.org/Default.aspx?pageId=397&macId=38601,FENERBAHÇE                                        ,0,SAMSUNSPOR                                        ,0,FB ŞÜKRÜ SARACOĞLU,MURAT ILGAZ,25.01.1998 - 19:00
1173,https://www.tff.org/Default.aspx?pageId=397&macId=38696,ANTALYASPOR                                       ,1,SAMSUNSPOR                                        ,2,ANTALYA ATATÜRK,NAMIK KEMAL DEMİROĞLU,30.01.1998 - 20:00
1175,https://www.tff.org/Default.aspx?pageId=397&macId=38697,GAZİANTEPSPOR                                     ,1,BEŞİKTAŞ                                          ,1,KAMİL OCAK,AYHAN YÜCEBİLGİÇ,31.01.1998 - 19:00
1178,https://www.tff.org/Default.aspx?pageId=397&macId=38698,İSTANBULSPOR A.Ş                                  ,1,MKE ANKARAGÜCÜ                                    ,1,FB ŞÜKRÜ SARACOĞLU,HASAN BAŞDEMİR,31.01.1998 - 19:00
1177,https://www.tff.org/Default.aspx?pageId=397&macId=38702,VANSPOR A.Ş.                                      ,0,ALTAY                                             ,0,VALİ MAHMUT YILBAŞ,KADİR TOZLU,1.02.1998 - 12:30
1172,https://www.tff.org/Default.aspx?pageId=397&macId=38699,KARDEMİR D.Ç. KARABÜKSPOR                         ,0,DARDANELSPOR A.Ş.                                 ,0,KARABÜK YENİŞEHİR,OSMAN AVCI,1.02.1998 - 13:30
1179,https://www.tff.org/Default.aspx?pageId=397&macId=38703,GENÇLERBİRLİĞİ                                    ,3,ŞEKERSPOR                                         ,0,ANKARA 19 MAYIS,GALİP BİTİGEN,1.02.1998 - 13:30
1180,https://www.tff.org/Default.aspx?pageId=397&macId=38704,KAYSERİSPOR                                       ,2,BURSASPOR                                         ,1,KAYSERİ ATATÜRK,ALİ AYDIN,1.02.1998 - 13:30
1174,https://www.tff.org/Default.aspx?pageId=397&macId=38700,GALATASARAY                                       ,2,KOCAELİSPOR                                       ,0,ALİ SAMİ YEN,METİN TOKAT,1.02.1998 - 19:00
1176,https://www.tff.org/Default.aspx?pageId=397&macId=38701,TRABZONSPOR                                       ,0,FENERBAHÇE                                        ,0,HÜSEYİN AVNİ AKER,İBRAHİM AKSOY,1.02.1998 - 19:00
1189,https://www.tff.org/Default.aspx?pageId=397&macId=38791,BURSASPOR                                         ,1,İSTANBULSPOR A.Ş                                  ,1,BURSA ATATÜRK,ADNAN ŞEKER,6.02.1998 - 20:00
1184,https://www.tff.org/Default.aspx?pageId=397&macId=38793,VANSPOR A.Ş.                                      ,0,GALATASARAY                                       ,3,VALİ MAHMUT YILBAŞ,AYHAN YÜCEBİLGİÇ,7.02.1998 - 12:30
1186,https://www.tff.org/Default.aspx?pageId=397&macId=38794,ŞEKERSPOR                                         ,4,GAZİANTEPSPOR                                     ,3,ANKARA 19 MAYIS,İLHAMİ KAPLAN,7.02.1998 - 13:30
1182,https://www.tff.org/Default.aspx?pageId=397&macId=38792,BEŞİKTAŞ                                          ,0,SAMSUNSPOR                                        ,1,BEŞİKTAŞ İNÖNÜ,MUSTAFA ÇULCU,7.02.1998 - 14:00
1188,https://www.tff.org/Default.aspx?pageId=397&macId=38795,KOCAELİSPOR                                       ,3,KAYSERİSPOR                                       ,1, İSMETPAŞA,NECDET ERDİLEK,7.02.1998 - 19:00
1183,https://www.tff.org/Default.aspx?pageId=397&macId=38797,MKE ANKARAGÜCÜ                                    ,3,KARDEMİR D.Ç. KARABÜKSPOR                         ,2,ANKARA 19 MAYIS,MEHMET ÇAYAN,8.02.1998 - 13:30
1187,https://www.tff.org/Default.aspx?pageId=397&macId=38799,DARDANELSPOR A.Ş.                                 ,1,GENÇLERBİRLİĞİ                                    ,2,18 MART,SELÇUK ŞAHİN,8.02.1998 - 13:30
1181,https://www.tff.org/Default.aspx?pageId=397&macId=38796,FENERBAHÇE                                        ,2,ALTAY                                             ,0,FB ŞÜKRÜ SARACOĞLU,MUHİTTİN BOŞAT,8.02.1998 - 14:00
1185,https://www.tff.org/Default.aspx?pageId=397&macId=38798,ANTALYASPOR                                       ,1,TRABZONSPOR                                       ,1,ANTALYA ATATÜRK,EROL ERSOY,8.02.1998 - 19:00
1197,https://www.tff.org/Default.aspx?pageId=397&macId=38892,İSTANBULSPOR A.Ş                                  ,0,KOCAELİSPOR                                       ,1,BEŞİKTAŞ İNÖNÜ,GALİP BİTİGEN,13.02.1998 - 20:00
1190,https://www.tff.org/Default.aspx?pageId=397&macId=38893,TRABZONSPOR                                       ,3,BEŞİKTAŞ                                          ,1,HÜSEYİN AVNİ AKER,AYHAN YÜCEBİLGİÇ,14.02.1998 - 19:00
1196,https://www.tff.org/Default.aspx?pageId=397&macId=38899,VANSPOR A.Ş.                                      ,1,KAYSERİSPOR                                       ,2,VALİ MAHMUT YILBAŞ,SERDAR TATLI,15.02.1998 - 12:30
1191,https://www.tff.org/Default.aspx?pageId=397&macId=38894,GAZİANTEPSPOR                                     ,1,GENÇLERBİRLİĞİ                                    ,1,KAMİL OCAK,SERDAR ÇAKIR,15.02.1998 - 13:30
1192,https://www.tff.org/Default.aspx?pageId=397&macId=38895,SAMSUNSPOR                                        ,3,ŞEKERSPOR                                         ,0,SAMSUN 19 MAYIS,KADİR TOZLU,15.02.1998 - 13:30
1193,https://www.tff.org/Default.aspx?pageId=397&macId=38896,MKE ANKARAGÜCÜ                                    ,1,DARDANELSPOR A.Ş.                                 ,0,ANKARA 19 MAYIS,BÜLENT UZUN,15.02.1998 - 13:30
1194,https://www.tff.org/Default.aspx?pageId=397&macId=38897,ANTALYASPOR                                       ,0,ALTAY                                             ,0,ANTALYA ATATÜRK,MUSTAFA KALKANDELEN,15.02.1998 - 13:30
1198,https://www.tff.org/Default.aspx?pageId=397&macId=38900,KARDEMİR D.Ç. KARABÜKSPOR                         ,2,BURSASPOR                                         ,0,KARABÜK YENİŞEHİR,YILNUR ÖNEN,15.02.1998 - 13:30
1195,https://www.tff.org/Default.aspx?pageId=397&macId=38898,GALATASARAY                                       ,2,FENERBAHÇE                                        ,2,ALİ SAMİ YEN,OĞUZ SARVAN,15.02.1998 - 19:00
1205,https://www.tff.org/Default.aspx?pageId=397&macId=39004,BURSASPOR                                         ,1,MKE ANKARAGÜCÜ                                    ,0,BURSA ATATÜRK,ÖZCAN PEHLİVANOĞLU,20.02.1998 - 20:00
1203,https://www.tff.org/Default.aspx?pageId=397&macId=39005,BEŞİKTAŞ                                          ,0,ALTAY                                             ,1,BEŞİKTAŞ İNÖNÜ,İLHAMİ KAPLAN,21.02.1998 - 19:00
1204,https://www.tff.org/Default.aspx?pageId=397&macId=39006,ŞEKERSPOR                                         ,0,TRABZONSPOR                                       ,2,ANKARA 19 MAYIS,ORHAN ERDEMİR,21.02.1998 - 19:00
1201,https://www.tff.org/Default.aspx?pageId=397&macId=39009,VANSPOR A.Ş.                                      ,1,İSTANBULSPOR A.Ş                                  ,1,VALİ MAHMUT YILBAŞ,ALİ ULUYOL,22.02.1998 - 12:30
1199,https://www.tff.org/Default.aspx?pageId=397&macId=39007,GENÇLERBİRLİĞİ                                    ,1,SAMSUNSPOR                                        ,1,ANKARA 19 MAYIS,OĞUZ SARVAN,22.02.1998 - 13:30
1200,https://www.tff.org/Default.aspx?pageId=397&macId=39008,DARDANELSPOR A.Ş.                                 ,1,GAZİANTEPSPOR                                     ,0,18 MART,METİN TOKAT,22.02.1998 - 13:30
1206,https://www.tff.org/Default.aspx?pageId=397&macId=39011,KOCAELİSPOR                                       ,2,KARDEMİR D.Ç. KARABÜKSPOR                         ,3, İSMETPAŞA,ÜNSAL ÇİMEN,22.02.1998 - 13:30
1202,https://www.tff.org/Default.aspx?pageId=397&macId=39010,ANTALYASPOR                                       ,1,GALATASARAY                                       ,3,ANTALYA ATATÜRK,SADIK İLHAN,22.02.1998 - 19:00
1207,https://www.tff.org/Default.aspx?pageId=397&macId=39012,FENERBAHÇE                                        ,1,KAYSERİSPOR                                       ,2,FB ŞÜKRÜ SARACOĞLU,MUSTAFA ÇULCU,22.02.1998 - 19:00
1211,https://www.tff.org/Default.aspx?pageId=397&macId=39119,ANTALYASPOR                                       ,2,KAYSERİSPOR                                       ,1,ANTALYA ATATÜRK,ORHAN ERDEMİR,27.02.1998 - 20:00
1212,https://www.tff.org/Default.aspx?pageId=397&macId=39120,İSTANBULSPOR A.Ş                                  ,0,FENERBAHÇE                                        ,1,BEŞİKTAŞ İNÖNÜ,İBRAHİM AKSOY,28.02.1998 - 19:00
1214,https://www.tff.org/Default.aspx?pageId=397&macId=39125,TRABZONSPOR                                       ,4,GENÇLERBİRLİĞİ                                    ,5,HÜSEYİN AVNİ AKER,BÜLENT UZUN,1.03.1998 - 13:00
1209,https://www.tff.org/Default.aspx?pageId=397&macId=39122,KARDEMİR D.Ç. KARABÜKSPOR                         ,2,VANSPOR A.Ş.                                      ,1,KARABÜK YENİŞEHİR,ALİ AYDIN,1.03.1998 - 13:30
1210,https://www.tff.org/Default.aspx?pageId=397&macId=39123,SAMSUNSPOR                                        ,1,GAZİANTEPSPOR                                     ,0,SAMSUN 19 MAYIS,MUSTAFA KALKANDELEN,1.03.1998 - 13:30
1213,https://www.tff.org/Default.aspx?pageId=397&macId=39124,MKE ANKARAGÜCÜ                                    ,2,KOCAELİSPOR                                       ,0,ANKARA 19 MAYIS,SERDAR TATLI,1.03.1998 - 13:30
1215,https://www.tff.org/Default.aspx?pageId=397&macId=39126,ALTAY                                             ,2,ŞEKERSPOR                                         ,0,İZMİR ALSANCAK,AYHAN YÜCEBİLGİÇ,1.03.1998 - 13:30
1216,https://www.tff.org/Default.aspx?pageId=397&macId=39127,BURSASPOR                                         ,0,DARDANELSPOR A.Ş.                                 ,0,BURSA ATATÜRK,NAMIK KEMAL DEMİROĞLU,1.03.1998 - 13:30
1208,https://www.tff.org/Default.aspx?pageId=397&macId=39121,GALATASARAY                                       ,3,BEŞİKTAŞ                                          ,2,ALİ SAMİ YEN,EROL ERSOY,1.03.1998 - 19:04
1223,https://www.tff.org/Default.aspx?pageId=397&macId=39233,KOCAELİSPOR                                       ,1,BURSASPOR                                         ,2, İSMETPAŞA,ALİCAN LAKOT,6.03.1998 - 20:00
1220,https://www.tff.org/Default.aspx?pageId=397&macId=39234,ŞEKERSPOR                                         ,2,GALATASARAY                                       ,4,ANKARA 19 MAYIS,ÜNSAL ÇİMEN,7.03.1998 - 19:00
1225,https://www.tff.org/Default.aspx?pageId=397&macId=39235,BEŞİKTAŞ                                          ,4,KAYSERİSPOR                                       ,1,BEŞİKTAŞ İNÖNÜ,YILNUR ÖNEN,7.03.1998 - 19:00
1224,https://www.tff.org/Default.aspx?pageId=397&macId=39241,VANSPOR A.Ş.                                      ,1,MKE ANKARAGÜCÜ                                    ,0,VALİ MAHMUT YILBAŞ,ADNAN ŞEKER,8.03.1998 - 12:30
1217,https://www.tff.org/Default.aspx?pageId=397&macId=39236,ANTALYASPOR                                       ,1,İSTANBULSPOR A.Ş                                  ,3,ANTALYA ATATÜRK,KADİR TOZLU,8.03.1998 - 13:30
1218,https://www.tff.org/Default.aspx?pageId=397&macId=39237,GENÇLERBİRLİĞİ                                    ,1,ALTAY                                             ,3,ANKARA 19 MAYIS,MUSTAFA KALKANDELEN,8.03.1998 - 13:30
1222,https://www.tff.org/Default.aspx?pageId=397&macId=39240,DARDANELSPOR A.Ş.                                 ,0,SAMSUNSPOR                                        ,0,18 MART,GALİP BİTİGEN,8.03.1998 - 13:30
1219,https://www.tff.org/Default.aspx?pageId=397&macId=39238,FENERBAHÇE                                        ,2,KARDEMİR D.Ç. KARABÜKSPOR                         ,0,FB ŞÜKRÜ SARACOĞLU,ALİ ULUYOL,8.03.1998 - 19:00
1221,https://www.tff.org/Default.aspx?pageId=397&macId=39239,GAZİANTEPSPOR                                     ,1,TRABZONSPOR                                       ,3,KAMİL OCAK,MUSTAFA ÇULCU,8.03.1998 - 19:00
1226,https://www.tff.org/Default.aspx?pageId=397&macId=39348,MKE ANKARAGÜCÜ                                    ,0,FENERBAHÇE                                        ,2,ANKARA 19 MAYIS,EROL ERSOY,13.03.1998 - 19:00
1229,https://www.tff.org/Default.aspx?pageId=397&macId=39349,İSTANBULSPOR A.Ş                                  ,1,BEŞİKTAŞ                                          ,2,FB ŞÜKRÜ SARACOĞLU,OĞUZ SARVAN,14.03.1998 - 19:00
1227,https://www.tff.org/Default.aspx?pageId=397&macId=39350,TRABZONSPOR                                       ,4,SAMSUNSPOR                                        ,0,HÜSEYİN AVNİ AKER,MURAT ILGAZ,15.03.1998 - 13:00
1228,https://www.tff.org/Default.aspx?pageId=397&macId=39351,KAYSERİSPOR                                       ,0,ŞEKERSPOR                                         ,1,KAYSERİ ATATÜRK,İLHAMİ KAPLAN,15.03.1998 - 13:30
1230,https://www.tff.org/Default.aspx?pageId=397&macId=39352,ANTALYASPOR                                       ,4,KARDEMİR D.Ç. KARABÜKSPOR                         ,0,ANTALYA ATATÜRK,MUHİTTİN BOŞAT,15.03.1998 - 13:30
1231,https://www.tff.org/Default.aspx?pageId=397&macId=39353,BURSASPOR                                         ,6,VANSPOR A.Ş.                                      ,0,BURSA ATATÜRK,SELÇUK ŞAHİN,15.03.1998 - 13:30
1232,https://www.tff.org/Default.aspx?pageId=397&macId=39354,ALTAY                                             ,0,GAZİANTEPSPOR                                     ,0,İZMİR ALSANCAK,ORHAN ERDEMİR,15.03.1998 - 13:30
1234,https://www.tff.org/Default.aspx?pageId=397&macId=39356,KOCAELİSPOR                                       ,3,DARDANELSPOR A.Ş.                                 ,1, İSMETPAŞA,MEHMET ÇAYAN,15.03.1998 - 13:30
1233,https://www.tff.org/Default.aspx?pageId=397&macId=39355,GALATASARAY                                       ,3,GENÇLERBİRLİĞİ                                    ,1,ALİ SAMİ YEN,KADİR TOZLU,15.03.1998 - 19:00
1236,https://www.tff.org/Default.aspx?pageId=397&macId=39461,GENÇLERBİRLİĞİ                                    ,2,KAYSERİSPOR                                       ,1,ANKARA 19 MAYIS,SADIK İLHAN,20.03.1998 - 20:00
1238,https://www.tff.org/Default.aspx?pageId=397&macId=39462,GAZİANTEPSPOR                                     ,1,GALATASARAY                                       ,1,KAMİL OCAK,MURAT ILGAZ,21.03.1998 - 19:00
1243,https://www.tff.org/Default.aspx?pageId=397&macId=39463,BEŞİKTAŞ                                          ,1,KARDEMİR D.Ç. KARABÜKSPOR                         ,0,BEŞİKTAŞ İNÖNÜ,ALİ AYDIN,21.03.1998 - 19:00
1241,https://www.tff.org/Default.aspx?pageId=397&macId=39468,VANSPOR A.Ş.                                      ,2,KOCAELİSPOR                                       ,1,VALİ MAHMUT YILBAŞ,GALİP BİTİGEN,22.03.1998 - 12:30
1235,https://www.tff.org/Default.aspx?pageId=397&macId=39464,ANTALYASPOR                                       ,1,MKE ANKARAGÜCÜ                                    ,1,ANTALYA ATATÜRK,SERDAR ÇAKIR,22.03.1998 - 13:30
1239,https://www.tff.org/Default.aspx?pageId=397&macId=39466,SAMSUNSPOR                                        ,2,ALTAY                                             ,3,SAMSUN 19 MAYIS,NAMIK KEMAL DEMİROĞLU,22.03.1998 - 13:30
1240,https://www.tff.org/Default.aspx?pageId=397&macId=39467,DARDANELSPOR A.Ş.                                 ,2,TRABZONSPOR                                       ,1,18 MART,İLHAMİ KAPLAN,22.03.1998 - 13:30
1237,https://www.tff.org/Default.aspx?pageId=397&macId=39465,ŞEKERSPOR                                         ,0,İSTANBULSPOR A.Ş                                  ,2,ANKARA 19 MAYIS,SERDAR TATLI,22.03.1998 - 19:00
1242,https://www.tff.org/Default.aspx?pageId=397&macId=39469,FENERBAHÇE                                        ,3,BURSASPOR                                         ,0,FB ŞÜKRÜ SARACOĞLU,BÜLENT UZUN,22.03.1998 - 19:05
1249,https://www.tff.org/Default.aspx?pageId=397&macId=39575,KOCAELİSPOR                                       ,2,FENERBAHÇE                                        ,1, İSMETPAŞA,OĞUZ SARVAN,27.03.1998 - 20:00
1251,https://www.tff.org/Default.aspx?pageId=397&macId=39577,İSTANBULSPOR A.Ş                                  ,3,GENÇLERBİRLİĞİ                                    ,3,BEŞİKTAŞ İNÖNÜ,AYHAN YÜCEBİLGİÇ,28.03.1998 - 14:30
1250,https://www.tff.org/Default.aspx?pageId=397&macId=39576,ALTAY                                             ,1,TRABZONSPOR                                       ,1,İZMİR ATATÜRK,KADİR TOZLU,28.03.1998 - 19:00
1246,https://www.tff.org/Default.aspx?pageId=397&macId=39580,VANSPOR A.Ş.                                      ,3,DARDANELSPOR A.Ş.                                 ,0,VALİ MAHMUT YILBAŞ,HASAN BAŞDEMİR,29.03.1998 - 13:30
1245,https://www.tff.org/Default.aspx?pageId=397&macId=39579,KAYSERİSPOR                                       ,1,GAZİANTEPSPOR                                     ,0,KAYSERİ ATATÜRK,MUHİTTİN BOŞAT,29.03.1998 - 14:30
1247,https://www.tff.org/Default.aspx?pageId=397&macId=39581,MKE ANKARAGÜCÜ                                    ,2,BEŞİKTAŞ                                          ,1,ANKARA 19 MAYIS,İBRAHİM AKSOY,29.03.1998 - 14:30
1248,https://www.tff.org/Default.aspx?pageId=397&macId=39582,ANTALYASPOR                                       ,2,BURSASPOR                                         ,2,ANTALYA ATATÜRK,YILNUR ÖNEN,29.03.1998 - 14:30
1252,https://www.tff.org/Default.aspx?pageId=397&macId=39583,KARDEMİR D.Ç. KARABÜKSPOR                         ,1,ŞEKERSPOR                                         ,0,KARABÜK YENİŞEHİR,MUSTAFA KALKANDELEN,29.03.1998 - 14:30
1244,https://www.tff.org/Default.aspx?pageId=397&macId=39578,GALATASARAY                                       ,2,SAMSUNSPOR                                        ,1,ALİ SAMİ YEN,METİN TOKAT,29.03.1998 - 19:00
1253,https://www.tff.org/Default.aspx?pageId=397&macId=39687,ANTALYASPOR                                       ,2,KOCAELİSPOR                                       ,0,ANTALYA ATATÜRK,ÜNSAL ÇİMEN,3.04.1998 - 20:00
1261,https://www.tff.org/Default.aspx?pageId=397&macId=39690,GENÇLERBİRLİĞİ                                    ,2,KARDEMİR D.Ç. KARABÜKSPOR                         ,0,ANKARA 19 MAYIS,ORHAN ERDEMİR,4.04.1998 - 14:30
1257,https://www.tff.org/Default.aspx?pageId=397&macId=39688,TRABZONSPOR                                       ,1,GALATASARAY                                       ,1,HÜSEYİN AVNİ AKER,OĞUZ SARVAN,4.04.1998 - 19:00
1260,https://www.tff.org/Default.aspx?pageId=397&macId=39689,BEŞİKTAŞ                                          ,1,BURSASPOR                                         ,1,BEŞİKTAŞ İNÖNÜ,İLHAMİ KAPLAN,4.04.1998 - 19:00
1254,https://www.tff.org/Default.aspx?pageId=397&macId=39691,ŞEKERSPOR                                         ,1,MKE ANKARAGÜCÜ                                    ,1,ANKARA 19 MAYIS,METİN TOKAT,5.04.1998 - 14:30
1255,https://www.tff.org/Default.aspx?pageId=397&macId=39692,SAMSUNSPOR                                        ,2,KAYSERİSPOR                                       ,0,SAMSUN 19 MAYIS,SERDAR ÇAKIR,5.04.1998 - 14:30
1258,https://www.tff.org/Default.aspx?pageId=397&macId=39694,DARDANELSPOR A.Ş.                                 ,2,ALTAY                                             ,2,18 MART,ADNAN ŞEKER,5.04.1998 - 14:30
1256,https://www.tff.org/Default.aspx?pageId=397&macId=39693,GAZİANTEPSPOR                                     ,0,İSTANBULSPOR A.Ş                                  ,0,KAMİL OCAK,SADIK İLHAN,5.04.1998 - 19:00
1259,https://www.tff.org/Default.aspx?pageId=397&macId=39695,FENERBAHÇE                                        ,4,VANSPOR A.Ş.                                      ,1,FB ŞÜKRÜ SARACOĞLU,SERDAR TATLI,5.04.1998 - 19:00
1268,https://www.tff.org/Default.aspx?pageId=397&macId=39800,İSTANBULSPOR A.Ş                                  ,4,SAMSUNSPOR                                        ,2,BEŞİKTAŞ İNÖNÜ,SELÇUK ŞAHİN,10.04.1998 - 20:00
1262,https://www.tff.org/Default.aspx?pageId=397&macId=39801,KOCAELİSPOR                                       ,3,BEŞİKTAŞ                                          ,2, İSMETPAŞA,ALİ ULUYOL,11.04.1998 - 19:00
1270,https://www.tff.org/Default.aspx?pageId=397&macId=39802,FENERBAHÇE                                        ,2,DARDANELSPOR A.Ş.                                 ,1,FB ŞÜKRÜ SARACOĞLU,KADİR TOZLU,11.04.1998 - 19:00
1263,https://www.tff.org/Default.aspx?pageId=397&macId=39803,KARDEMİR D.Ç. KARABÜKSPOR                         ,0,GAZİANTEPSPOR                                     ,1,KARABÜK YENİŞEHİR,AYHAN YÜCEBİLGİÇ,12.04.1998 - 14:30
1264,https://www.tff.org/Default.aspx?pageId=397&macId=39804,MKE ANKARAGÜCÜ                                    ,2,GENÇLERBİRLİĞİ                                    ,0,ANKARA 19 MAYIS,MURAT ILGAZ,12.04.1998 - 14:30
1265,https://www.tff.org/Default.aspx?pageId=397&macId=39805,ANTALYASPOR                                       ,2,VANSPOR A.Ş.                                      ,0,ANTALYA ATATÜRK,MEHMET ÇAYAN,12.04.1998 - 14:30
1267,https://www.tff.org/Default.aspx?pageId=397&macId=39807,KAYSERİSPOR                                       ,5,TRABZONSPOR                                       ,6,KAYSERİ ATATÜRK,İBRAHİM AKSOY,12.04.1998 - 14:30
1269,https://www.tff.org/Default.aspx?pageId=397&macId=39808,BURSASPOR                                         ,0,ŞEKERSPOR                                         ,6,BURSA ATATÜRK,ALİCAN LAKOT,12.04.1998 - 14:30
1266,https://www.tff.org/Default.aspx?pageId=397&macId=39806,GALATASARAY                                       ,6,ALTAY                                             ,1,ALİ SAMİ YEN,ALİ AYDIN,12.04.1998 - 19:00
1277,https://www.tff.org/Default.aspx?pageId=397&macId=39913,GENÇLERBİRLİĞİ                                    ,1,BURSASPOR                                         ,1,ANKARA 19 MAYIS,SERDAR ÇAKIR,17.04.1998 - 20:00
1273,https://www.tff.org/Default.aspx?pageId=397&macId=39914,ALTAY                                             ,1,KAYSERİSPOR                                       ,1,İZMİR ALSANCAK,MUSTAFA ÇULCU,18.04.1998 - 15:30
1275,https://www.tff.org/Default.aspx?pageId=397&macId=39916,DARDANELSPOR A.Ş.                                 ,1,GALATASARAY                                       ,2,18 MART,EROL ERSOY,18.04.1998 - 15:30
1276,https://www.tff.org/Default.aspx?pageId=397&macId=39917,ŞEKERSPOR                                         ,2,KOCAELİSPOR                                       ,1,ANKARA 19 MAYIS,OĞUZ SARVAN,18.04.1998 - 15:30
1278,https://www.tff.org/Default.aspx?pageId=397&macId=39918,GAZİANTEPSPOR                                     ,4,MKE ANKARAGÜCÜ                                    ,2,KAMİL OCAK,ORHAN ERDEMİR,18.04.1998 - 15:30
1279,https://www.tff.org/Default.aspx?pageId=397&macId=39919,SAMSUNSPOR                                        ,0,KARDEMİR D.Ç. KARABÜKSPOR                         ,1,SAMSUN 19 MAYIS,BÜLENT UZUN,18.04.1998 - 15:30
1274,https://www.tff.org/Default.aspx?pageId=397&macId=39915,TRABZONSPOR                                       ,0,İSTANBULSPOR A.Ş                                  ,3,HÜSEYİN AVNİ AKER,METİN TOKAT,18.04.1998 - 19:00
1271,https://www.tff.org/Default.aspx?pageId=397&macId=39920,ANTALYASPOR                                       ,1,FENERBAHÇE                                        ,1,ANTALYA ATATÜRK,SADIK İLHAN,19.04.1998 - 19:00
1272,https://www.tff.org/Default.aspx?pageId=397&macId=39921,BEŞİKTAŞ                                          ,4,VANSPOR A.Ş.                                      ,0,BEŞİKTAŞ İNÖNÜ,GALİP BİTİGEN,19.04.1998 - 19:00
1285,https://www.tff.org/Default.aspx?pageId=397&macId=40026,MKE ANKARAGÜCÜ                                    ,0,SAMSUNSPOR                                        ,1,ANKARA 19 MAYIS,MUSTAFA KALKANDELEN,24.04.1998 - 20:00
1284,https://www.tff.org/Default.aspx?pageId=397&macId=40027,İSTANBULSPOR A.Ş                                  ,2,ALTAY                                             ,2,BEŞİKTAŞ İNÖNÜ,AYHAN YÜCEBİLGİÇ,25.04.1998 - 19:00
1281,https://www.tff.org/Default.aspx?pageId=397&macId=40029,KARDEMİR D.Ç. KARABÜKSPOR                         ,1,TRABZONSPOR                                       ,1,KARABÜK YENİŞEHİR,NAMIK KEMAL DEMİROĞLU,26.04.1998 - 15:30
1282,https://www.tff.org/Default.aspx?pageId=397&macId=40030,KOCAELİSPOR                                       ,1,GENÇLERBİRLİĞİ                                    ,1, İSMETPAŞA,SERDAR TATLI,26.04.1998 - 15:30
1283,https://www.tff.org/Default.aspx?pageId=397&macId=40031,DARDANELSPOR A.Ş.                                 ,3,ANTALYASPOR                                       ,1,18 MART,OĞUZ SARVAN,26.04.1998 - 15:30
1286,https://www.tff.org/Default.aspx?pageId=397&macId=40032,BURSASPOR                                         ,1,GAZİANTEPSPOR                                     ,2,BURSA ATATÜRK,METİN TOKAT,26.04.1998 - 15:30
1287,https://www.tff.org/Default.aspx?pageId=397&macId=40033,VANSPOR A.Ş.                                      ,0,ŞEKERSPOR                                         ,0,VALİ MAHMUT YILBAŞ,İBRAHİM AKSOY,26.04.1998 - 15:30
1280,https://www.tff.org/Default.aspx?pageId=397&macId=40028,FENERBAHÇE                                        ,2,BEŞİKTAŞ                                          ,0,FB ŞÜKRÜ SARACOĞLU,İLHAMİ KAPLAN,26.04.1998 - 19:00
1288,https://www.tff.org/Default.aspx?pageId=397&macId=40034,GALATASARAY                                       ,5,KAYSERİSPOR                                       ,1,ALİ SAMİ YEN,ALİ ULUYOL,26.04.1998 - 19:00
1296,https://www.tff.org/Default.aspx?pageId=397&macId=40138,SAMSUNSPOR                                        ,2,BURSASPOR                                         ,0,SAMSUN 19 MAYIS,MEHMET ÇAYAN,1.05.1998 - 20:00
1289,https://www.tff.org/Default.aspx?pageId=397&macId=40139,GENÇLERBİRLİĞİ                                    ,1,VANSPOR A.Ş.                                      ,2,ANKARA 19 MAYIS,HASAN BAŞDEMİR,2.05.1998 - 16:30
1290,https://www.tff.org/Default.aspx?pageId=397&macId=40140,TRABZONSPOR                                       ,3,MKE ANKARAGÜCÜ                                    ,1,HÜSEYİN AVNİ AKER,SERDAR ÇAKIR,2.05.1998 - 19:00
1291,https://www.tff.org/Default.aspx?pageId=397&macId=40141,KAYSERİSPOR                                       ,3,DARDANELSPOR A.Ş.                                 ,0,KAYSERİ ATATÜRK,AYHAN YÜCEBİLGİÇ,3.05.1998 - 16:30
1293,https://www.tff.org/Default.aspx?pageId=397&macId=40143,BEŞİKTAŞ                                          ,0,ANTALYASPOR                                       ,1,BEŞİKTAŞ İNÖNÜ,KADİR TOZLU,3.05.1998 - 16:30
1295,https://www.tff.org/Default.aspx?pageId=397&macId=40145,GAZİANTEPSPOR                                     ,3,KOCAELİSPOR                                       ,0,KAMİL OCAK,BÜLENT UZUN,3.05.1998 - 16:30
1297,https://www.tff.org/Default.aspx?pageId=397&macId=40146,ALTAY                                             ,5,KARDEMİR D.Ç. KARABÜKSPOR                         ,1,İZMİR ATATÜRK,YILNUR ÖNEN,3.05.1998 - 16:30
1294,https://www.tff.org/Default.aspx?pageId=397&macId=40144,ŞEKERSPOR                                         ,1,FENERBAHÇE                                        ,1,ANKARA 19 MAYIS,MUSTAFA ÇULCU,3.05.1998 - 16:33
1292,https://www.tff.org/Default.aspx?pageId=397&macId=40142,GALATASARAY                                       ,4,İSTANBULSPOR A.Ş                                  ,1,ALİ SAMİ YEN,MUHİTTİN BOŞAT,3.05.1998 - 16:40
1302,https://www.tff.org/Default.aspx?pageId=397&macId=40253,MKE ANKARAGÜCÜ                                    ,2,ALTAY                                             ,3,ANKARA 19 MAYIS,SADIK İLHAN,8.05.1998 - 20:00
1299,https://www.tff.org/Default.aspx?pageId=397&macId=40255,KOCAELİSPOR                                       ,4,SAMSUNSPOR                                        ,0, İSMETPAŞA,ÖZCAN PEHLİVANOĞLU,9.05.1998 - 19:00
1301,https://www.tff.org/Default.aspx?pageId=397&macId=40256,KARDEMİR D.Ç. KARABÜKSPOR                         ,2,GALATASARAY                                       ,3,İZMİR ATATÜRK,İBRAHİM AKSOY,9.05.1998 - 19:00
1298,https://www.tff.org/Default.aspx?pageId=397&macId=40259,DARDANELSPOR A.Ş.                                 ,0,BEŞİKTAŞ                                          ,0,18 MART,ALİCAN LAKOT,10.05.1998 - 15:30
1300,https://www.tff.org/Default.aspx?pageId=397&macId=40260,ANTALYASPOR                                       ,3,ŞEKERSPOR                                         ,3,ANTALYA ATATÜRK,SELÇUK ŞAHİN,10.05.1998 - 15:30
1304,https://www.tff.org/Default.aspx?pageId=397&macId=40262,VANSPOR A.Ş.                                      ,0,GAZİANTEPSPOR                                     ,0,VALİ MAHMUT YILBAŞ,İLHAMİ KAPLAN,10.05.1998 - 15:30
1305,https://www.tff.org/Default.aspx?pageId=397&macId=40263,FENERBAHÇE                                        ,2,GENÇLERBİRLİĞİ                                    ,1,FB ŞÜKRÜ SARACOĞLU,SERDAR TATLI,10.05.1998 - 15:30
1306,https://www.tff.org/Default.aspx?pageId=397&macId=40264,İSTANBULSPOR A.Ş                                  ,1,KAYSERİSPOR                                       ,3,ALİ SAMİ YEN,ADNAN ŞEKER,10.05.1998 - 15:30
1303,https://www.tff.org/Default.aspx?pageId=397&macId=40261,BURSASPOR                                         ,1,TRABZONSPOR                                       ,2,BURSA ATATÜRK,ALİ AYDIN,10.05.1998 - 19:00
