Mac_kodu,TFF_mac_linki,Ev_sahibi,Ev_sahibi_gol,Misafir_takim,Misafir_takim_gol,Stat,Ana_hakem,Tarih_saat
1001,https://www.tff.org/Default.aspx?pageId=397&macId=10838,SAMSUNSPOR                                        ,1,BEŞİKTAŞ A.Ş.                                     ,3,SAMSUN 19 MAYIS,İSMET ARZUMAN,8.08.2003 - 20:00
1006,https://www.tff.org/Default.aspx?pageId=397&macId=10839,KONYASPOR                                         ,3,TRABZONSPOR                                       ,3,KONYA ATATÜRK,YILNUR ÖNEN,9.08.2003 - 19:00
1007,https://www.tff.org/Default.aspx?pageId=397&macId=10840,GENÇLERBİRLİĞİ                                    ,2,ELAZIĞSPOR                                        ,3,ANKARA 19 MAYIS,ÜNSAL ÇİMEN,9.08.2003 - 19:00
1008,https://www.tff.org/Default.aspx?pageId=397&macId=10841,GALATASARAY                                       ,2,DİYARBAKIRSPOR                                    ,1,ATATÜRK OLİMPİYAT,HAMZA MISIR,9.08.2003 - 19:00
1009,https://www.tff.org/Default.aspx?pageId=397&macId=10842,BURSASPOR                                         ,0,GAZİANTEPSPOR                                     ,0,BURSA ATATÜRK,MUSA ERYILMAZ,9.08.2003 - 19:00
1002,https://www.tff.org/Default.aspx?pageId=397&macId=10843,A.SEBATSPOR                                       ,0,DENİZLİSPOR                                       ,2,HÜSEYİN AVNİ AKER,CÜNEYT ÇAKIR,10.08.2003 - 19:00
1003,https://www.tff.org/Default.aspx?pageId=397&macId=10844,ADANASPOR A.Ş.                                    ,0,MALATYASPOR                                       ,1,5 OCAK,YUNUS YILDIRIM,10.08.2003 - 19:00
1004,https://www.tff.org/Default.aspx?pageId=397&macId=10845,ÇAYKUR RİZESPOR                                   ,2,MKE ANKARAGÜCÜ                                    ,1,RİZE ATATÜRK,MUTLU ÇELİK,10.08.2003 - 19:00
1005,https://www.tff.org/Default.aspx?pageId=397&macId=10846,FENERBAHÇE                                        ,0,İSTANBULSPOR A.Ş.                                 ,3,FB ŞÜKRÜ SARACOĞLU,MUHİTTİN BOŞAT,10.08.2003 - 19:00
1013,https://www.tff.org/Default.aspx?pageId=397&macId=10856,TRABZONSPOR                                       ,0,FENERBAHÇE                                        ,1,HÜSEYİN AVNİ AKER,BÜLENT UZUN,15.08.2003 - 20:00
1017,https://www.tff.org/Default.aspx?pageId=397&macId=10860,İSTANBULSPOR A.Ş.                                 ,1,ADANASPOR A.Ş.                                    ,0,MİMAR YAHYA BAŞ,CEM DEDA,16.08.2003 - 17:00
1010,https://www.tff.org/Default.aspx?pageId=397&macId=10857,DENİZLİSPOR                                       ,1,ÇAYKUR RİZESPOR                                   ,1,DENİZLİ ATATÜRK,METİN TOKAT,16.08.2003 - 19:00
1015,https://www.tff.org/Default.aspx?pageId=397&macId=10858,MKE ANKARAGÜCÜ                                    ,4,SAMSUNSPOR                                        ,2,ANKARA 19 MAYIS,CEM PAPİLA,16.08.2003 - 19:00
1016,https://www.tff.org/Default.aspx?pageId=397&macId=10859,BEŞİKTAŞ A.Ş.                                     ,1,BURSASPOR                                         ,0,BEŞİKTAŞ İNÖNÜ,ALİ AYDIN,16.08.2003 - 19:00
1012,https://www.tff.org/Default.aspx?pageId=397&macId=10862,ELAZIĞSPOR                                        ,0,KONYASPOR                                         ,0,ELAZIĞ ATATÜRK,FIRAT AYDINUS,17.08.2003 - 17:00
1011,https://www.tff.org/Default.aspx?pageId=397&macId=10861,DİYARBAKIRSPOR                                    ,3,GENÇLERBİRLİĞİ                                    ,2,DİYARBAKIR ATATÜRK,KUDDUSİ MÜFTÜOĞLU,17.08.2003 - 19:00
1014,https://www.tff.org/Default.aspx?pageId=397&macId=10863,MALATYASPOR                                       ,3,A.SEBATSPOR                                       ,1,MALATYA İNÖNÜ,OKTAY DEMİRAY,17.08.2003 - 19:00
1018,https://www.tff.org/Default.aspx?pageId=397&macId=10864,GAZİANTEPSPOR                                     ,1,GALATASARAY                                       ,2,KAMİL OCAK,SELÇUK DERELİ,17.08.2003 - 19:00
1023,https://www.tff.org/Default.aspx?pageId=397&macId=10877,A.SEBATSPOR                                       ,1,İSTANBULSPOR A.Ş.                                 ,3,AKÇAABAT FATİH ,ÇETİN SARIGÜL,23.08.2003 - 16:30
1019,https://www.tff.org/Default.aspx?pageId=397&macId=10874,BURSASPOR                                         ,2,GALATASARAY                                       ,2,BURSA ATATÜRK,SERDAR TATLI,23.08.2003 - 19:00
1020,https://www.tff.org/Default.aspx?pageId=397&macId=10875,ÇAYKUR RİZESPOR                                   ,2,MALATYASPOR                                       ,1,RİZE ATATÜRK,EROL ERSOY,23.08.2003 - 19:00
1024,https://www.tff.org/Default.aspx?pageId=397&macId=10878,ADANASPOR A.Ş.                                    ,0,TRABZONSPOR                                       ,1,5 OCAK,ZAFER ÖNDER İPEK,23.08.2003 - 19:00
1021,https://www.tff.org/Default.aspx?pageId=397&macId=10876,FENERBAHÇE                                        ,7,ELAZIĞSPOR                                        ,1,FB ŞÜKRÜ SARACOĞLU,BÜLENT DEMİRLEK,23.08.2003 - 21:00
1022,https://www.tff.org/Default.aspx?pageId=397&macId=10879,SAMSUNSPOR                                        ,2,DENİZLİSPOR                                       ,1,SAMSUN 19 MAYIS,METİN AYDOĞAN,24.08.2003 - 19:00
1025,https://www.tff.org/Default.aspx?pageId=397&macId=10880,GENÇLERBİRLİĞİ                                    ,1,GAZİANTEPSPOR                                     ,0,ANKARA 19 MAYIS,ORHAN ERDEMİR,24.08.2003 - 19:00
1026,https://www.tff.org/Default.aspx?pageId=397&macId=10881,BEŞİKTAŞ A.Ş.                                     ,3,MKE ANKARAGÜCÜ                                    ,0,BEŞİKTAŞ İNÖNÜ,MUSTAFA ÇULCU,24.08.2003 - 19:00
1027,https://www.tff.org/Default.aspx?pageId=397&macId=10882,KONYASPOR                                         ,3,DİYARBAKIRSPOR                                    ,1,KONYA ATATÜRK,SABİT HACIÖMEROĞLU,24.08.2003 - 19:00
1033,https://www.tff.org/Default.aspx?pageId=397&macId=10928,DENİZLİSPOR                                       ,2,BEŞİKTAŞ A.Ş.                                     ,3,DENİZLİ ATATÜRK,SELÇUK DERELİ,29.08.2003 - 20:00
1031,https://www.tff.org/Default.aspx?pageId=397&macId=10930,ELAZIĞSPOR                                        ,3,ADANASPOR A.Ş.                                    ,4,ELAZIĞ ATATÜRK,BÜLENT YILDIRIM,30.08.2003 - 17:00
1029,https://www.tff.org/Default.aspx?pageId=397&macId=10929,MALATYASPOR                                       ,5,SAMSUNSPOR                                        ,0,MALATYA İNÖNÜ,MUHİTTİN BOŞAT,30.08.2003 - 19:00
1035,https://www.tff.org/Default.aspx?pageId=397&macId=10931,DİYARBAKIRSPOR                                    ,1,FENERBAHÇE                                        ,2,DİYARBAKIR ATATÜRK,ALİ AYDIN,30.08.2003 - 19:00
1036,https://www.tff.org/Default.aspx?pageId=397&macId=10932,GAZİANTEPSPOR                                     ,3,KONYASPOR                                         ,1,KAMİL OCAK,CÜNEYT ÇAKIR,30.08.2003 - 19:00
1032,https://www.tff.org/Default.aspx?pageId=397&macId=10935,İSTANBULSPOR A.Ş.                                 ,3,ÇAYKUR RİZESPOR                                   ,0,MİMAR YAHYA BAŞ,VEDAT TAN,31.08.2003 - 17:00
1028,https://www.tff.org/Default.aspx?pageId=397&macId=10933,TRABZONSPOR                                       ,2,A.SEBATSPOR                                       ,1,HÜSEYİN AVNİ AKER,MUTLU ÇELİK,31.08.2003 - 19:00
1030,https://www.tff.org/Default.aspx?pageId=397&macId=10934,GALATASARAY                                       ,2,GENÇLERBİRLİĞİ                                    ,1,ATATÜRK OLİMPİYAT,İSMET ARZUMAN,31.08.2003 - 19:00
1034,https://www.tff.org/Default.aspx?pageId=397&macId=10936,MKE ANKARAGÜCÜ                                    ,2,BURSASPOR                                         ,0,ANKARA 19 MAYIS,BÜLENT UZUN,31.08.2003 - 19:00
1039,https://www.tff.org/Default.aspx?pageId=397&macId=11090,BEŞİKTAŞ A.Ş.                                     ,3,MALATYASPOR                                       ,1,BEŞİKTAŞ İNÖNÜ,KUDDUSİ MÜFTÜOĞLU,12.09.2003 - 20:00
1041,https://www.tff.org/Default.aspx?pageId=397&macId=11092,ÇAYKUR RİZESPOR                                   ,0,TRABZONSPOR                                       ,3,RİZE ATATÜRK,İSMET ARZUMAN,13.09.2003 - 16:30
1037,https://www.tff.org/Default.aspx?pageId=397&macId=11091,SAMSUNSPOR                                        ,3,İSTANBULSPOR A.Ş.                                 ,3,SAMSUN 19 MAYIS,EROL ERSOY,13.09.2003 - 19:00
1043,https://www.tff.org/Default.aspx?pageId=397&macId=11093,ADANASPOR A.Ş.                                    ,2,DİYARBAKIRSPOR                                    ,1,5 OCAK,ÜNSAL ÇİMEN,13.09.2003 - 19:00
1045,https://www.tff.org/Default.aspx?pageId=397&macId=11094,KONYASPOR                                         ,1,GALATASARAY                                       ,0,KONYA ATATÜRK,METİN TOKAT,13.09.2003 - 19:00
1042,https://www.tff.org/Default.aspx?pageId=397&macId=11097,A.SEBATSPOR                                       ,3,ELAZIĞSPOR                                        ,1,HÜSEYİN AVNİ AKER,METİN AYDOĞAN,14.09.2003 - 16:00
1038,https://www.tff.org/Default.aspx?pageId=397&macId=11095,MKE ANKARAGÜCÜ                                    ,1,DENİZLİSPOR                                       ,1,ANKARA 19 MAYIS,HAKAN SİVRİSERVİ,14.09.2003 - 19:00
1040,https://www.tff.org/Default.aspx?pageId=397&macId=11096,BURSASPOR                                         ,0,GENÇLERBİRLİĞİ                                    ,0,BURSA ATATÜRK,MUHİTTİN BOŞAT,14.09.2003 - 19:00
1044,https://www.tff.org/Default.aspx?pageId=397&macId=11098,FENERBAHÇE                                        ,3,GAZİANTEPSPOR                                     ,1,FB ŞÜKRÜ SARACOĞLU,SELÇUK DERELİ,14.09.2003 - 19:00
1050,https://www.tff.org/Default.aspx?pageId=397&macId=11180,TRABZONSPOR                                       ,2,SAMSUNSPOR                                        ,1,HÜSEYİN AVNİ AKER,ZAFER ÖNDER İPEK,19.09.2003 - 20:00
1051,https://www.tff.org/Default.aspx?pageId=397&macId=11183,İSTANBULSPOR A.Ş.                                 ,1,BEŞİKTAŞ A.Ş.                                     ,1,MİMAR YAHYA BAŞ,ALİ AYDIN,20.09.2003 - 16:00
1046,https://www.tff.org/Default.aspx?pageId=397&macId=11181,MALATYASPOR                                       ,1,MKE ANKARAGÜCÜ                                    ,0,MALATYA İNÖNÜ,HAMZA MISIR,20.09.2003 - 19:00
1048,https://www.tff.org/Default.aspx?pageId=397&macId=11182,GAZİANTEPSPOR                                     ,1,ADANASPOR A.Ş.                                    ,0,KAMİL OCAK,YILNUR ÖNEN,20.09.2003 - 19:00
1052,https://www.tff.org/Default.aspx?pageId=397&macId=11184,GENÇLERBİRLİĞİ                                    ,4,KONYASPOR                                         ,0,ANKARA 19 MAYIS,BÜLENT DEMİRLEK,20.09.2003 - 19:00
1047,https://www.tff.org/Default.aspx?pageId=397&macId=11185,DENİZLİSPOR                                       ,4,BURSASPOR                                         ,0,İZMİR ATATÜRK,SERDAR TATLI,21.09.2003 - 16:00
1049,https://www.tff.org/Default.aspx?pageId=397&macId=11186,ELAZIĞSPOR                                        ,1,ÇAYKUR RİZESPOR                                   ,1,ELAZIĞ ATATÜRK,ORHAN ERDEMİR,21.09.2003 - 16:00
1053,https://www.tff.org/Default.aspx?pageId=397&macId=11187,GALATASARAY                                       ,2,FENERBAHÇE                                        ,2,ATATÜRK OLİMPİYAT,MUHİTTİN BOŞAT,21.09.2003 - 16:12
1054,https://www.tff.org/Default.aspx?pageId=397&macId=11188,DİYARBAKIRSPOR                                    ,1,A.SEBATSPOR                                       ,0,DİYARBAKIR ATATÜRK,AYTEKİN DURMAZ,21.09.2003 - 19:00
1056,https://www.tff.org/Default.aspx?pageId=397&macId=11270,ADANASPOR A.Ş.                                    ,0,GALATASARAY                                       ,2,5 OCAK,ALİ AYDIN,26.09.2003 - 20:00
1055,https://www.tff.org/Default.aspx?pageId=397&macId=11271,SAMSUNSPOR                                        ,2,ELAZIĞSPOR                                        ,0,SAMSUN 19 MAYIS,CÜNEYT ÇAKIR,27.09.2003 - 19:00
1060,https://www.tff.org/Default.aspx?pageId=397&macId=11272,FENERBAHÇE                                        ,1,GENÇLERBİRLİĞİ                                    ,0,İZMİR ATATÜRK,İSMET ARZUMAN,27.09.2003 - 19:00
1061,https://www.tff.org/Default.aspx?pageId=397&macId=11273,MKE ANKARAGÜCÜ                                    ,2,İSTANBULSPOR A.Ş.                                 ,1,ANKARA 19 MAYIS,KUDDUSİ MÜFTÜOĞLU,27.09.2003 - 19:00
1063,https://www.tff.org/Default.aspx?pageId=397&macId=11274,BURSASPOR                                         ,2,KONYASPOR                                         ,1,BURSA ATATÜRK,ÇETİN SARIGÜL,27.09.2003 - 19:00
1059,https://www.tff.org/Default.aspx?pageId=397&macId=11277,A.SEBATSPOR                                       ,1,GAZİANTEPSPOR                                     ,2,AKÇAABAT FATİH ,BÜLENT UZUN,28.09.2003 - 16:00
1057,https://www.tff.org/Default.aspx?pageId=397&macId=11275,DENİZLİSPOR                                       ,1,MALATYASPOR                                       ,0,DENİZLİ ATATÜRK,CEM DEDA,28.09.2003 - 19:00
1058,https://www.tff.org/Default.aspx?pageId=397&macId=11276,ÇAYKUR RİZESPOR                                   ,2,DİYARBAKIRSPOR                                    ,1,RİZE ATATÜRK,SELÇUK DERELİ,28.09.2003 - 19:00
1062,https://www.tff.org/Default.aspx?pageId=397&macId=11278,BEŞİKTAŞ A.Ş.                                     ,5,TRABZONSPOR                                       ,0,BEŞİKTAŞ İNÖNÜ,SERDAR TATLI,28.09.2003 - 19:00
1070,https://www.tff.org/Default.aspx?pageId=397&macId=11360,KONYASPOR                                         ,2,FENERBAHÇE                                        ,4,KONYA ATATÜRK,KUDDUSİ MÜFTÜOĞLU,3.10.2003 - 20:00
1068,https://www.tff.org/Default.aspx?pageId=397&macId=11362,İSTANBULSPOR A.Ş.                                 ,0,DENİZLİSPOR                                       ,3,MİMAR YAHYA BAŞ,CEM PAPİLA,4.10.2003 - 15:00
1066,https://www.tff.org/Default.aspx?pageId=397&macId=11361,GALATASARAY                                       ,4,A.SEBATSPOR                                       ,3,ATATÜRK OLİMPİYAT,ZAFER ÖNDER İPEK,4.10.2003 - 19:00
1069,https://www.tff.org/Default.aspx?pageId=397&macId=11363,MALATYASPOR                                       ,2,BURSASPOR                                         ,1,MALATYA İNÖNÜ,ALİ AYDIN,4.10.2003 - 19:00
1071,https://www.tff.org/Default.aspx?pageId=397&macId=11364,GENÇLERBİRLİĞİ                                    ,6,ADANASPOR A.Ş.                                    ,0,ANKARA 19 MAYIS,SABİT HACIÖMEROĞLU,4.10.2003 - 19:00
1067,https://www.tff.org/Default.aspx?pageId=397&macId=11367,ELAZIĞSPOR                                        ,1,BEŞİKTAŞ A.Ş.                                     ,5,ELAZIĞ ATATÜRK,İSMET ARZUMAN,5.10.2003 - 15:00
1064,https://www.tff.org/Default.aspx?pageId=397&macId=11365,GAZİANTEPSPOR                                     ,2,ÇAYKUR RİZESPOR                                   ,0,KAMİL OCAK,BÜLENT YILDIRIM,5.10.2003 - 19:00
1065,https://www.tff.org/Default.aspx?pageId=397&macId=11366,TRABZONSPOR                                       ,3,MKE ANKARAGÜCÜ                                    ,0,HÜSEYİN AVNİ AKER,BÜLENT DEMİRLEK,5.10.2003 - 19:00
1072,https://www.tff.org/Default.aspx?pageId=397&macId=11368,DİYARBAKIRSPOR                                    ,2,SAMSUNSPOR                                        ,2,DİYARBAKIR ATATÜRK,MUSA ERYILMAZ,5.10.2003 - 19:00
1077,https://www.tff.org/Default.aspx?pageId=397&macId=11522,ÇAYKUR RİZESPOR                                   ,0,GALATASARAY                                       ,1,RİZE ATATÜRK,SERDAR TATLI,17.10.2003 - 20:00
1075,https://www.tff.org/Default.aspx?pageId=397&macId=11523,BEŞİKTAŞ A.Ş.                                     ,1,DİYARBAKIRSPOR                                    ,0,BEŞİKTAŞ İNÖNÜ,BÜLENT DEMİRLEK,18.10.2003 - 19:00
1078,https://www.tff.org/Default.aspx?pageId=397&macId=11524,ADANASPOR A.Ş.                                    ,1,KONYASPOR                                         ,1,5 OCAK,CÜNEYT ÇAKIR,18.10.2003 - 19:00
1080,https://www.tff.org/Default.aspx?pageId=397&macId=11525,MKE ANKARAGÜCÜ                                    ,1,ELAZIĞSPOR                                        ,0,ANKARA 19 MAYIS,ÇETİN SARIGÜL,18.10.2003 - 19:00
1073,https://www.tff.org/Default.aspx?pageId=397&macId=11526,A.SEBATSPOR                                       ,0,GENÇLERBİRLİĞİ                                    ,3,AKÇAABAT FATİH ,ORHAN ERDEMİR,19.10.2003 - 15:00
1074,https://www.tff.org/Default.aspx?pageId=397&macId=11527,MALATYASPOR                                       ,2,İSTANBULSPOR A.Ş.                                 ,1,MALATYA İNÖNÜ,METİN TOKAT,19.10.2003 - 19:00
1076,https://www.tff.org/Default.aspx?pageId=397&macId=11528,SAMSUNSPOR                                        ,1,GAZİANTEPSPOR                                     ,2,SAMSUN 19 MAYIS,SELÇUK DERELİ,19.10.2003 - 19:00
1079,https://www.tff.org/Default.aspx?pageId=397&macId=11529,DENİZLİSPOR                                       ,0,TRABZONSPOR                                       ,1,DENİZLİ ATATÜRK,MUSTAFA ÇULCU,19.10.2003 - 19:00
1081,https://www.tff.org/Default.aspx?pageId=397&macId=11530,BURSASPOR                                         ,2,FENERBAHÇE                                        ,2,BURSA ATATÜRK,İSMET ARZUMAN,19.10.2003 - 19:00
1088,https://www.tff.org/Default.aspx?pageId=397&macId=11612,FENERBAHÇE                                        ,3,ADANASPOR A.Ş.                                    ,0,FB ŞÜKRÜ SARACOĞLU,BÜLENT UZUN,24.10.2003 - 20:00
1085,https://www.tff.org/Default.aspx?pageId=397&macId=11614,ELAZIĞSPOR                                        ,2,DENİZLİSPOR                                       ,4,ELAZIĞ ATATÜRK,ZAFER ÖNDER İPEK,25.10.2003 - 13:30
1083,https://www.tff.org/Default.aspx?pageId=397&macId=11613,DİYARBAKIRSPOR                                    ,1,MKE ANKARAGÜCÜ                                    ,1,DİYARBAKIR ATATÜRK,KUDDUSİ MÜFTÜOĞLU,25.10.2003 - 19:00
1086,https://www.tff.org/Default.aspx?pageId=397&macId=11615,TRABZONSPOR                                       ,0,MALATYASPOR                                       ,0,HÜSEYİN AVNİ AKER,ÜNSAL ÇİMEN,25.10.2003 - 19:00
1090,https://www.tff.org/Default.aspx?pageId=397&macId=11616,GALATASARAY                                       ,1,SAMSUNSPOR                                        ,0,ATATÜRK OLİMPİYAT,METİN TOKAT,25.10.2003 - 19:03
1087,https://www.tff.org/Default.aspx?pageId=397&macId=11619,İSTANBULSPOR A.Ş.                                 ,3,BURSASPOR                                         ,0,MİMAR YAHYA BAŞ,HAMZA MISIR,26.10.2003 - 13:30
1082,https://www.tff.org/Default.aspx?pageId=397&macId=11617,GENÇLERBİRLİĞİ                                    ,1,ÇAYKUR RİZESPOR                                   ,0,ANKARA 19 MAYIS,CEM PAPİLA,26.10.2003 - 19:00
1084,https://www.tff.org/Default.aspx?pageId=397&macId=11618,GAZİANTEPSPOR                                     ,0,BEŞİKTAŞ A.Ş.                                     ,3,KAMİL OCAK,ALİ AYDIN,26.10.2003 - 19:00
1089,https://www.tff.org/Default.aspx?pageId=397&macId=11620,KONYASPOR                                         ,0,A.SEBATSPOR                                       ,0,KONYA ATATÜRK,YUNUS YILDIRIM,26.10.2003 - 19:00
1099,https://www.tff.org/Default.aspx?pageId=397&macId=11702,BEŞİKTAŞ A.Ş.                                     ,0,GALATASARAY                                       ,0,BEŞİKTAŞ İNÖNÜ,İSMET ARZUMAN,31.10.2003 - 21:05
1092,https://www.tff.org/Default.aspx?pageId=397&macId=11703,DENİZLİSPOR                                       ,1,DİYARBAKIRSPOR                                    ,2,DENİZLİ ATATÜRK,YILNUR ÖNEN,1.11.2003 - 13:30
1094,https://www.tff.org/Default.aspx?pageId=397&macId=11704,SAMSUNSPOR                                        ,2,GENÇLERBİRLİĞİ                                    ,1,YOZGAT BOZOK,SERDAR TATLI,1.11.2003 - 13:30
1097,https://www.tff.org/Default.aspx?pageId=397&macId=11705,İSTANBULSPOR A.Ş.                                 ,0,TRABZONSPOR                                       ,2,MİMAR YAHYA BAŞ,KUDDUSİ MÜFTÜOĞLU,1.11.2003 - 13:30
1098,https://www.tff.org/Default.aspx?pageId=397&macId=11706,MKE ANKARAGÜCÜ                                    ,1,GAZİANTEPSPOR                                     ,4,ANKARA 19 MAYIS,BÜLENT UZUN,1.11.2003 - 19:00
1091,https://www.tff.org/Default.aspx?pageId=397&macId=11707,MALATYASPOR                                       ,3,ELAZIĞSPOR                                        ,0,MALATYA İNÖNÜ,EROL ERSOY,2.11.2003 - 13:30
1093,https://www.tff.org/Default.aspx?pageId=397&macId=11708,BURSASPOR                                         ,6,ADANASPOR A.Ş.                                    ,0,BURSA ATATÜRK,ORHAN ERDEMİR,2.11.2003 - 13:30
1095,https://www.tff.org/Default.aspx?pageId=397&macId=11709,ÇAYKUR RİZESPOR                                   ,1,KONYASPOR                                         ,1,RİZE ATATÜRK,MUSTAFA ÇULCU,2.11.2003 - 13:30
1096,https://www.tff.org/Default.aspx?pageId=397&macId=11710,A.SEBATSPOR                                       ,1,FENERBAHÇE                                        ,1,HÜSEYİN AVNİ AKER,METİN TOKAT,2.11.2003 - 19:00
1105,https://www.tff.org/Default.aspx?pageId=397&macId=11792,TRABZONSPOR                                       ,2,BURSASPOR                                         ,0,HÜSEYİN AVNİ AKER,İSMET ARZUMAN,7.11.2003 - 20:00
1106,https://www.tff.org/Default.aspx?pageId=397&macId=11793,ADANASPOR A.Ş.                                    ,1,A.SEBATSPOR                                       ,2,5 OCAK,MUHİTTİN BOŞAT,8.11.2003 - 13:30
1107,https://www.tff.org/Default.aspx?pageId=397&macId=11794,KONYASPOR                                         ,0,SAMSUNSPOR                                        ,0,KONYA ATATÜRK,ÜNSAL ÇİMEN,8.11.2003 - 13:30
1104,https://www.tff.org/Default.aspx?pageId=397&macId=11798,ELAZIĞSPOR                                        ,1,İSTANBULSPOR A.Ş.                                 ,1,ELAZIĞ ATATÜRK,SELÇUK DERELİ,9.11.2003 - 13:00
1102,https://www.tff.org/Default.aspx?pageId=397&macId=11796,DİYARBAKIRSPOR                                    ,2,MALATYASPOR                                       ,0,DİYARBAKIR ATATÜRK,MUSTAFA ÇULCU,9.11.2003 - 13:30
1103,https://www.tff.org/Default.aspx?pageId=397&macId=11797,GAZİANTEPSPOR                                     ,1,DENİZLİSPOR                                       ,2,KAMİL OCAK,CÜNEYT ÇAKIR,9.11.2003 - 13:30
1101,https://www.tff.org/Default.aspx?pageId=397&macId=11795,GENÇLERBİRLİĞİ                                    ,1,BEŞİKTAŞ A.Ş.                                     ,2,ANKARA 19 MAYIS,EROL ERSOY,9.11.2003 - 17:45
1108,https://www.tff.org/Default.aspx?pageId=397&macId=11799,GALATASARAY                                       ,2,MKE ANKARAGÜCÜ                                    ,1,ATATÜRK OLİMPİYAT,KUDDUSİ MÜFTÜOĞLU,9.11.2003 - 20:30
1100,https://www.tff.org/Default.aspx?pageId=397&macId=12400,FENERBAHÇE                                        ,4,ÇAYKUR RİZESPOR                                   ,1,FB ŞÜKRÜ SARACOĞLU,BÜLENT DEMİRLEK,18.01.2004 - 19:00
1111,https://www.tff.org/Default.aspx?pageId=397&macId=11970,MKE ANKARAGÜCÜ                                    ,2,GENÇLERBİRLİĞİ                                    ,3,ANKARA 19 MAYIS,SELÇUK DERELİ,22.11.2003 - 13:30
1115,https://www.tff.org/Default.aspx?pageId=397&macId=11971,MALATYASPOR                                       ,0,GAZİANTEPSPOR                                     ,0,MALATYA İNÖNÜ,YILNUR ÖNEN,22.11.2003 - 13:30
1110,https://www.tff.org/Default.aspx?pageId=397&macId=11969,DENİZLİSPOR                                       ,2,GALATASARAY                                       ,1,DENİZLİ ATATÜRK,METİN TOKAT,22.11.2003 - 17:45
1116,https://www.tff.org/Default.aspx?pageId=397&macId=11972,BEŞİKTAŞ A.Ş.                                     ,1,KONYASPOR                                         ,1,İZMİR ATATÜRK,ZAFER ÖNDER İPEK,22.11.2003 - 20:30
1112,https://www.tff.org/Default.aspx?pageId=397&macId=11974,ÇAYKUR RİZESPOR                                   ,0,ADANASPOR A.Ş.                                    ,2,RİZE ATATÜRK,CÜNEYT ÇAKIR,23.11.2003 - 13:30
1113,https://www.tff.org/Default.aspx?pageId=397&macId=11975,TRABZONSPOR                                       ,2,ELAZIĞSPOR                                        ,2,HÜSEYİN AVNİ AKER,MUSA ERYILMAZ,23.11.2003 - 13:30
1114,https://www.tff.org/Default.aspx?pageId=397&macId=11976,İSTANBULSPOR A.Ş.                                 ,1,DİYARBAKIRSPOR                                    ,3,MİMAR YAHYA BAŞ,ÜNSAL ÇİMEN,23.11.2003 - 13:30
1117,https://www.tff.org/Default.aspx?pageId=397&macId=11977,BURSASPOR                                         ,1,A.SEBATSPOR                                       ,1,BURSA ATATÜRK,FIRAT AYDINUS,23.11.2003 - 13:30
1109,https://www.tff.org/Default.aspx?pageId=397&macId=11973,SAMSUNSPOR                                        ,3,FENERBAHÇE                                        ,0,SAMSUN 19 MAYIS,EROL ERSOY,23.11.2003 - 19:00
1126,https://www.tff.org/Default.aspx?pageId=397&macId=12131,GALATASARAY                                       ,2,MALATYASPOR                                       ,2,ATATÜRK OLİMPİYAT,İSMET ARZUMAN,28.11.2003 - 20:00
1118,https://www.tff.org/Default.aspx?pageId=397&macId=12132,A.SEBATSPOR                                       ,1,ÇAYKUR RİZESPOR                                   ,0,AKÇAABAT FATİH ,METİN TOKAT,29.11.2003 - 13:30
1122,https://www.tff.org/Default.aspx?pageId=397&macId=12134,ELAZIĞSPOR                                        ,1,BURSASPOR                                         ,0,ELAZIĞ ATATÜRK,CEM PAPİLA,29.11.2003 - 13:30
1124,https://www.tff.org/Default.aspx?pageId=397&macId=12135,KONYASPOR                                         ,1,MKE ANKARAGÜCÜ                                    ,1,KONYA ATATÜRK,MUSTAFA ÇULCU,29.11.2003 - 13:30
1120,https://www.tff.org/Default.aspx?pageId=397&macId=12133,DİYARBAKIRSPOR                                    ,2,TRABZONSPOR                                       ,2,DİYARBAKIR ATATÜRK,MUHİTTİN BOŞAT,29.11.2003 - 19:00
1119,https://www.tff.org/Default.aspx?pageId=397&macId=12136,ADANASPOR A.Ş.                                    ,2,SAMSUNSPOR                                        ,3,5 OCAK,BÜLENT DEMİRLEK,30.11.2003 - 13:30
1121,https://www.tff.org/Default.aspx?pageId=397&macId=12137,GAZİANTEPSPOR                                     ,2,İSTANBULSPOR A.Ş.                                 ,1,KAMİL OCAK,MUTLU ÇELİK,30.11.2003 - 13:30
1125,https://www.tff.org/Default.aspx?pageId=397&macId=12139,GENÇLERBİRLİĞİ                                    ,1,DENİZLİSPOR                                       ,3,ANKARA 19 MAYIS,ÇETİN SARIGÜL,30.11.2003 - 13:30
1123,https://www.tff.org/Default.aspx?pageId=397&macId=12138,FENERBAHÇE                                        ,2,BEŞİKTAŞ A.Ş.                                     ,2,FB ŞÜKRÜ SARACOĞLU,SERDAR TATLI,30.11.2003 - 19:00
1134,https://www.tff.org/Default.aspx?pageId=397&macId=12149,BEŞİKTAŞ A.Ş.                                     ,2,ADANASPOR A.Ş.                                    ,1,BEŞİKTAŞ İNÖNÜ,ÜNSAL ÇİMEN,5.12.2003 - 20:00
1127,https://www.tff.org/Default.aspx?pageId=397&macId=12150,SAMSUNSPOR                                        ,1,A.SEBATSPOR                                       ,1,SAMSUN 19 MAYIS,YILNUR ÖNEN,6.12.2003 - 13:30
1128,https://www.tff.org/Default.aspx?pageId=397&macId=12151,İSTANBULSPOR A.Ş.                                 ,3,GALATASARAY                                       ,1,MİMAR YAHYA BAŞ,SELÇUK DERELİ,6.12.2003 - 13:30
1135,https://www.tff.org/Default.aspx?pageId=397&macId=12153,DİYARBAKIRSPOR                                    ,2,ELAZIĞSPOR                                        ,0,DİYARBAKIR ATATÜRK,METİN TOKAT,6.12.2003 - 13:30
1131,https://www.tff.org/Default.aspx?pageId=397&macId=12152,TRABZONSPOR                                       ,3,GAZİANTEPSPOR                                     ,0,HÜSEYİN AVNİ AKER,İSMET ARZUMAN,6.12.2003 - 19:00
1130,https://www.tff.org/Default.aspx?pageId=397&macId=12155,ÇAYKUR RİZESPOR                                   ,1,BURSASPOR                                         ,0,RİZE ATATÜRK,BÜLENT UZUN,7.12.2003 - 13:30
1132,https://www.tff.org/Default.aspx?pageId=397&macId=12156,MALATYASPOR                                       ,1,GENÇLERBİRLİĞİ                                    ,1,MALATYA İNÖNÜ,SABİT HACIÖMEROĞLU,7.12.2003 - 13:30
1133,https://www.tff.org/Default.aspx?pageId=397&macId=12157,DENİZLİSPOR                                       ,3,KONYASPOR                                         ,2,DENİZLİ ATATÜRK,ORHAN ERDEMİR,7.12.2003 - 13:30
1129,https://www.tff.org/Default.aspx?pageId=397&macId=12154,MKE ANKARAGÜCÜ                                    ,1,FENERBAHÇE                                        ,4,ANKARA 19 MAYIS,ALİ AYDIN,7.12.2003 - 19:00
1137,https://www.tff.org/Default.aspx?pageId=397&macId=12239,GENÇLERBİRLİĞİ                                    ,1,İSTANBULSPOR A.Ş.                                 ,0,ANKARA 19 MAYIS,METİN AYDOĞAN,13.12.2003 - 13:30
1139,https://www.tff.org/Default.aspx?pageId=397&macId=12240,GAZİANTEPSPOR                                     ,3,ELAZIĞSPOR                                        ,1,KAMİL OCAK,BÜLENT UZUN,13.12.2003 - 13:30
1141,https://www.tff.org/Default.aspx?pageId=397&macId=12241,A.SEBATSPOR                                       ,1,BEŞİKTAŞ A.Ş.                                     ,2,HÜSEYİN AVNİ AKER,SELÇUK DERELİ,13.12.2003 - 16:30
1142,https://www.tff.org/Default.aspx?pageId=397&macId=12242,FENERBAHÇE                                        ,2,DENİZLİSPOR                                       ,0,FB ŞÜKRÜ SARACOĞLU,ZAFER ÖNDER İPEK,13.12.2003 - 19:00
1136,https://www.tff.org/Default.aspx?pageId=397&macId=12243,ADANASPOR A.Ş.                                    ,1,MKE ANKARAGÜCÜ                                    ,3,5 OCAK,MUTLU ÇELİK,14.12.2003 - 13:30
1138,https://www.tff.org/Default.aspx?pageId=397&macId=12244,BURSASPOR                                         ,0,DİYARBAKIRSPOR                                    ,0,BURSA ATATÜRK,CÜNEYT ÇAKIR,14.12.2003 - 13:30
1140,https://www.tff.org/Default.aspx?pageId=397&macId=12245,ÇAYKUR RİZESPOR                                   ,1,SAMSUNSPOR                                        ,2,RİZE ATATÜRK,EROL ERSOY,14.12.2003 - 13:30
1143,https://www.tff.org/Default.aspx?pageId=397&macId=12246,KONYASPOR                                         ,3,MALATYASPOR                                       ,3,KONYA ATATÜRK,MUHİTTİN BOŞAT,14.12.2003 - 13:30
1144,https://www.tff.org/Default.aspx?pageId=397&macId=12247,GALATASARAY                                       ,1,TRABZONSPOR                                       ,2,ATATÜRK OLİMPİYAT,MUSTAFA ÇULCU,14.12.2003 - 19:00
1148,https://www.tff.org/Default.aspx?pageId=397&macId=12346,ELAZIĞSPOR                                        ,2,GALATASARAY                                       ,2,ELAZIĞ ATATÜRK,ALİ AYDIN,20.12.2003 - 13:30
1149,https://www.tff.org/Default.aspx?pageId=397&macId=12347,TRABZONSPOR                                       ,1,GENÇLERBİRLİĞİ                                    ,3,HÜSEYİN AVNİ AKER,MUHİTTİN BOŞAT,20.12.2003 - 16:15
1147,https://www.tff.org/Default.aspx?pageId=397&macId=12345,BEŞİKTAŞ A.Ş.                                     ,5,ÇAYKUR RİZESPOR                                   ,3,BEŞİKTAŞ İNÖNÜ,İSMET ARZUMAN,20.12.2003 - 19:00
1145,https://www.tff.org/Default.aspx?pageId=397&macId=12348,SAMSUNSPOR                                        ,0,BURSASPOR                                         ,0,SAMSUN 19 MAYIS,METİN TOKAT,21.12.2003 - 13:30
1150,https://www.tff.org/Default.aspx?pageId=397&macId=12350,İSTANBULSPOR A.Ş.                                 ,2,KONYASPOR                                         ,3,MİMAR YAHYA BAŞ,HAMZA MISIR,21.12.2003 - 13:30
1151,https://www.tff.org/Default.aspx?pageId=397&macId=12351,DENİZLİSPOR                                       ,1,ADANASPOR A.Ş.                                    ,1,DENİZLİ ATATÜRK,KUDDUSİ MÜFTÜOĞLU,21.12.2003 - 13:30
1152,https://www.tff.org/Default.aspx?pageId=397&macId=12352,MKE ANKARAGÜCÜ                                    ,1,A.SEBATSPOR                                       ,1,ANKARA 19 MAYIS,ÇETİN SARIGÜL,21.12.2003 - 13:30
1153,https://www.tff.org/Default.aspx?pageId=397&macId=12353,DİYARBAKIRSPOR                                    ,2,GAZİANTEPSPOR                                     ,1,DİYARBAKIR ATATÜRK,SELÇUK DERELİ,21.12.2003 - 13:30
1146,https://www.tff.org/Default.aspx?pageId=397&macId=12349,MALATYASPOR                                       ,2,FENERBAHÇE                                        ,2,MALATYA İNÖNÜ,ÜNSAL ÇİMEN,21.12.2003 - 19:00
1161,https://www.tff.org/Default.aspx?pageId=397&macId=12401,DİYARBAKIRSPOR                                    ,0,GALATASARAY                                       ,0,DİYARBAKIR ATATÜRK,ZAFER ÖNDER İPEK,23.01.2004 - 20:00
1155,https://www.tff.org/Default.aspx?pageId=397&macId=12402,DENİZLİSPOR                                       ,1,A.SEBATSPOR                                       ,2,DENİZLİ ATATÜRK,HAKAN SİVRİSERVİ,24.01.2004 - 13:30
1156,https://www.tff.org/Default.aspx?pageId=397&macId=12407,MALATYASPOR                                       ,2,ADANASPOR A.Ş.                                    ,0,MALATYA İNÖNÜ,BÜLENT YILDIRIM,25.01.2004 - 13:30
1157,https://www.tff.org/Default.aspx?pageId=397&macId=12403,MKE ANKARAGÜCÜ                                    ,4,ÇAYKUR RİZESPOR                                   ,1,ANKARA 19 MAYIS,MUSTAFA ÇULCU,25.01.2004 - 13:30
1159,https://www.tff.org/Default.aspx?pageId=397&macId=12408,TRABZONSPOR                                       ,0,KONYASPOR                                         ,3,HÜSEYİN AVNİ AKER,FIRAT AYDINUS,25.01.2004 - 13:30
1160,https://www.tff.org/Default.aspx?pageId=397&macId=12409,ELAZIĞSPOR                                        ,1,GENÇLERBİRLİĞİ                                    ,1,ELAZIĞ ATATÜRK,OKTAY DEMİRAY,25.01.2004 - 13:30
1162,https://www.tff.org/Default.aspx?pageId=397&macId=12405,GAZİANTEPSPOR                                     ,3,BURSASPOR                                         ,2,KAMİL OCAK,ÇETİN SARIGÜL,25.01.2004 - 13:30
1158,https://www.tff.org/Default.aspx?pageId=397&macId=12404,İSTANBULSPOR A.Ş.                                 ,0,FENERBAHÇE                                        ,1,MİMAR YAHYA BAŞ,CÜNEYT ÇAKIR,25.01.2004 - 14:00
1154,https://www.tff.org/Default.aspx?pageId=397&macId=12406,BEŞİKTAŞ A.Ş.                                     ,0,SAMSUNSPOR                                        ,4,BEŞİKTAŞ İNÖNÜ,CEM PAPİLA,25.01.2004 - 19:00
1171,https://www.tff.org/Default.aspx?pageId=397&macId=12522,GALATASARAY                                       ,3,GAZİANTEPSPOR                                     ,0,ATATÜRK OLİMPİYAT,İSMET ARZUMAN,31.01.2004 - 18:30
1163,https://www.tff.org/Default.aspx?pageId=397&macId=12523,ÇAYKUR RİZESPOR                                   ,1,DENİZLİSPOR                                       ,2,RİZE ATATÜRK,ORHAN ERDEMİR,1.02.2004 - 13:30
1164,https://www.tff.org/Default.aspx?pageId=397&macId=12524,GENÇLERBİRLİĞİ                                    ,3,DİYARBAKIRSPOR                                    ,4,ANKARA 19 MAYIS,CEM DEDA,1.02.2004 - 13:30
1165,https://www.tff.org/Default.aspx?pageId=397&macId=12525,KONYASPOR                                         ,2,ELAZIĞSPOR                                        ,0,KONYA ATATÜRK,ÜNSAL ÇİMEN,1.02.2004 - 13:30
1167,https://www.tff.org/Default.aspx?pageId=397&macId=12527,A.SEBATSPOR                                       ,2,MALATYASPOR                                       ,2,AKÇAABAT FATİH ,YILNUR ÖNEN,1.02.2004 - 13:30
1168,https://www.tff.org/Default.aspx?pageId=397&macId=12528,SAMSUNSPOR                                        ,3,MKE ANKARAGÜCÜ                                    ,2,SAMSUN 19 MAYIS,HAMZA MISIR,1.02.2004 - 13:30
1170,https://www.tff.org/Default.aspx?pageId=397&macId=12530,ADANASPOR A.Ş.                                    ,1,İSTANBULSPOR A.Ş.                                 ,1,5 OCAK,METİN AYDOĞAN,1.02.2004 - 13:30
1169,https://www.tff.org/Default.aspx?pageId=397&macId=12529,BURSASPOR                                         ,0,BEŞİKTAŞ A.Ş.                                     ,1,BURSA ATATÜRK,SELÇUK DERELİ,1.02.2004 - 16:30
1166,https://www.tff.org/Default.aspx?pageId=397&macId=12526,FENERBAHÇE                                        ,3,TRABZONSPOR                                       ,1,FB ŞÜKRÜ SARACOĞLU,KUDDUSİ MÜFTÜOĞLU,1.02.2004 - 19:00
1179,https://www.tff.org/Default.aspx?pageId=397&macId=12585,MKE ANKARAGÜCÜ                                    ,1,BEŞİKTAŞ A.Ş.                                     ,1,ANKARA 19 MAYIS,BÜLENT UZUN,6.02.2004 - 20:00
1173,https://www.tff.org/Default.aspx?pageId=397&macId=12586,MALATYASPOR                                       ,0,ÇAYKUR RİZESPOR                                   ,1,MALATYA İNÖNÜ,ÇETİN SARIGÜL,7.02.2004 - 13:30
1175,https://www.tff.org/Default.aspx?pageId=397&macId=12588,DENİZLİSPOR                                       ,1,SAMSUNSPOR                                        ,0,DENİZLİ ATATÜRK,OKTAY DEMİRAY,7.02.2004 - 13:30
1180,https://www.tff.org/Default.aspx?pageId=397&macId=12590,DİYARBAKIRSPOR                                    ,1,KONYASPOR                                         ,1,DİYARBAKIR ATATÜRK,METİN TOKAT,7.02.2004 - 13:30
1174,https://www.tff.org/Default.aspx?pageId=397&macId=12587,ELAZIĞSPOR                                        ,0,FENERBAHÇE                                        ,1,ELAZIĞ ATATÜRK,ZAFER ÖNDER İPEK,7.02.2004 - 14:00
1178,https://www.tff.org/Default.aspx?pageId=397&macId=12589,GAZİANTEPSPOR                                     ,2,GENÇLERBİRLİĞİ                                    ,0,KAMİL OCAK,FIRAT AYDINUS,7.02.2004 - 19:00
1176,https://www.tff.org/Default.aspx?pageId=397&macId=12592,İSTANBULSPOR A.Ş.                                 ,1,A.SEBATSPOR                                       ,3,MİMAR YAHYA BAŞ,CEM PAPİLA,8.02.2004 - 13:30
1177,https://www.tff.org/Default.aspx?pageId=397&macId=12593,TRABZONSPOR                                       ,2,ADANASPOR A.Ş.                                    ,1,HÜSEYİN AVNİ AKER,BÜLENT DEMİRLEK,8.02.2004 - 13:30
1172,https://www.tff.org/Default.aspx?pageId=397&macId=12591,GALATASARAY                                       ,0,BURSASPOR                                         ,0,ATATÜRK OLİMPİYAT,MUTLU ÇELİK,8.02.2004 - 19:00
1182,https://www.tff.org/Default.aspx?pageId=397&macId=12679,SAMSUNSPOR                                        ,1,MALATYASPOR                                       ,0,SAMSUN 19 MAYIS,HAKAN SİVRİSERVİ,14.02.2004 - 13:30
1184,https://www.tff.org/Default.aspx?pageId=397&macId=12680,ADANASPOR A.Ş.                                    ,1,ELAZIĞSPOR                                        ,2,5 OCAK,ORHAN ERDEMİR,14.02.2004 - 13:30
1181,https://www.tff.org/Default.aspx?pageId=397&macId=12683,A.SEBATSPOR                                       ,0,TRABZONSPOR                                       ,0,AKÇAABAT FATİH ,MUSTAFA ÇULCU,15.02.2004 - 13:30
1189,https://www.tff.org/Default.aspx?pageId=397&macId=12687,KONYASPOR                                         ,0,GAZİANTEPSPOR                                     ,3,KONYA ATATÜRK,MUSA ERYILMAZ,15.02.2004 - 13:30
1186,https://www.tff.org/Default.aspx?pageId=397&macId=12681,BEŞİKTAŞ A.Ş.                                     ,3,DENİZLİSPOR                                       ,1,BEŞİKTAŞ İNÖNÜ,HAMZA MISIR,15.02.2004 - 14:00
1187,https://www.tff.org/Default.aspx?pageId=397&macId=12682,BURSASPOR                                         ,1,MKE ANKARAGÜCÜ                                    ,0,BURSA ATATÜRK,İSMET ARZUMAN,15.02.2004 - 14:45
1183,https://www.tff.org/Default.aspx?pageId=397&macId=12684,GENÇLERBİRLİĞİ                                    ,2,GALATASARAY                                       ,2,ANKARA 19 MAYIS,ALİ AYDIN,15.02.2004 - 16:30
1188,https://www.tff.org/Default.aspx?pageId=397&macId=12686,FENERBAHÇE                                        ,2,DİYARBAKIRSPOR                                    ,2,FB ŞÜKRÜ SARACOĞLU,SELÇUK DERELİ,15.02.2004 - 19:00
1185,https://www.tff.org/Default.aspx?pageId=397&macId=12685,ÇAYKUR RİZESPOR                                   ,1,İSTANBULSPOR A.Ş.                                 ,0,RİZE ATATÜRK,YILNUR ÖNEN,16.02.2004 - 13:30
1193,https://www.tff.org/Default.aspx?pageId=397&macId=12701,GENÇLERBİRLİĞİ                                    ,2,BURSASPOR                                         ,0,ANKARA 19 MAYIS,ÜNSAL ÇİMEN,21.02.2004 - 13:30
1192,https://www.tff.org/Default.aspx?pageId=397&macId=12700,MALATYASPOR                                       ,0,BEŞİKTAŞ A.Ş.                                     ,0,MALATYA İNÖNÜ,SELÇUK DERELİ,21.02.2004 - 16:00
1198,https://www.tff.org/Default.aspx?pageId=397&macId=12702,GALATASARAY                                       ,2,KONYASPOR                                         ,1,ATATÜRK OLİMPİYAT,MUSTAFA ÇULCU,21.02.2004 - 19:00
1190,https://www.tff.org/Default.aspx?pageId=397&macId=12703,İSTANBULSPOR A.Ş.                                 ,0,SAMSUNSPOR                                        ,0,MİMAR YAHYA BAŞ,SERDAR TATLI,22.02.2004 - 13:30
1191,https://www.tff.org/Default.aspx?pageId=397&macId=12704,DENİZLİSPOR                                       ,0,MKE ANKARAGÜCÜ                                    ,1,DENİZLİ ATATÜRK,MUTLU ÇELİK,22.02.2004 - 13:30
1196,https://www.tff.org/Default.aspx?pageId=397&macId=12707,DİYARBAKIRSPOR                                    ,3,ADANASPOR A.Ş.                                    ,1,DİYARBAKIR ATATÜRK,SABİT HACIÖMEROĞLU,22.02.2004 - 14:05
1194,https://www.tff.org/Default.aspx?pageId=397&macId=12705,TRABZONSPOR                                       ,1,ÇAYKUR RİZESPOR                                   ,0,HÜSEYİN AVNİ AKER,METİN TOKAT,22.02.2004 - 16:30
1197,https://www.tff.org/Default.aspx?pageId=397&macId=12708,GAZİANTEPSPOR                                     ,1,FENERBAHÇE                                        ,5,KAMİL OCAK,ALİ AYDIN,22.02.2004 - 19:00
1195,https://www.tff.org/Default.aspx?pageId=397&macId=12706,ELAZIĞSPOR                                        ,3,A.SEBATSPOR                                       ,1,ELAZIĞ ATATÜRK,EROL ERSOY,23.02.2004 - 13:30
1199,https://www.tff.org/Default.aspx?pageId=397&macId=12788,MKE ANKARAGÜCÜ                                    ,0,MALATYASPOR                                       ,0,ANKARA 19 MAYIS,BÜLENT DEMİRLEK,28.02.2004 - 13:30
1200,https://www.tff.org/Default.aspx?pageId=397&macId=12789,BURSASPOR                                         ,0,DENİZLİSPOR                                       ,1,BURSA ATATÜRK,ORHAN ERDEMİR,28.02.2004 - 13:30
1201,https://www.tff.org/Default.aspx?pageId=397&macId=12790,ADANASPOR A.Ş.                                    ,2,GAZİANTEPSPOR                                     ,3,5 OCAK,HAMZA MISIR,28.02.2004 - 13:30
1202,https://www.tff.org/Default.aspx?pageId=397&macId=12786,ÇAYKUR RİZESPOR                                   ,5,ELAZIĞSPOR                                        ,4,RİZE ATATÜRK,CEM PAPİLA,28.02.2004 - 13:30
1205,https://www.tff.org/Default.aspx?pageId=397&macId=12792,KONYASPOR                                         ,4,GENÇLERBİRLİĞİ                                    ,1,KONYA ATATÜRK,SERDAR TATLI,28.02.2004 - 13:30
1207,https://www.tff.org/Default.aspx?pageId=397&macId=12794,A.SEBATSPOR                                       ,0,DİYARBAKIRSPOR                                    ,1,AKÇAABAT FATİH ,ZAFER ÖNDER İPEK,28.02.2004 - 13:30
1204,https://www.tff.org/Default.aspx?pageId=397&macId=12791,BEŞİKTAŞ A.Ş.                                     ,1,İSTANBULSPOR A.Ş.                                 ,2, İSMETPAŞA,CÜNEYT ÇAKIR,28.02.2004 - 15:00
1203,https://www.tff.org/Default.aspx?pageId=397&macId=12787,SAMSUNSPOR                                        ,1,TRABZONSPOR                                       ,3,SAMSUN 19 MAYIS,EROL ERSOY,28.02.2004 - 19:00
1206,https://www.tff.org/Default.aspx?pageId=397&macId=12793,FENERBAHÇE                                        ,2,GALATASARAY                                       ,1,FB ŞÜKRÜ SARACOĞLU,İSMET ARZUMAN,28.02.2004 - 19:00
1208,https://www.tff.org/Default.aspx?pageId=397&macId=12876,ELAZIĞSPOR                                        ,1,SAMSUNSPOR                                        ,0,ELAZIĞ ATATÜRK,METİN TOKAT,6.03.2004 - 13:30
1211,https://www.tff.org/Default.aspx?pageId=397&macId=12877,DİYARBAKIRSPOR                                    ,0,ÇAYKUR RİZESPOR                                   ,1,DİYARBAKIR ATATÜRK,ALİ AYDIN,6.03.2004 - 13:30
1216,https://www.tff.org/Default.aspx?pageId=397&macId=12879,KONYASPOR                                         ,1,BURSASPOR                                         ,1,KONYA ATATÜRK,BÜLENT UZUN,6.03.2004 - 13:30
1213,https://www.tff.org/Default.aspx?pageId=397&macId=12878,GENÇLERBİRLİĞİ                                    ,0,FENERBAHÇE                                        ,1,ANKARA 19 MAYIS,KUDDUSİ MÜFTÜOĞLU,6.03.2004 - 19:00
1210,https://www.tff.org/Default.aspx?pageId=397&macId=12881,MALATYASPOR                                       ,0,DENİZLİSPOR                                       ,1,MALATYA İNÖNÜ,FIRAT AYDINUS,7.03.2004 - 13:30
1212,https://www.tff.org/Default.aspx?pageId=397&macId=12882,GAZİANTEPSPOR                                     ,2,A.SEBATSPOR                                       ,2,KAMİL OCAK,METİN AYDOĞAN,7.03.2004 - 13:30
1214,https://www.tff.org/Default.aspx?pageId=397&macId=12883,İSTANBULSPOR A.Ş.                                 ,2,MKE ANKARAGÜCÜ                                    ,3,MİMAR YAHYA BAŞ,ÇETİN SARIGÜL,7.03.2004 - 13:30
1209,https://www.tff.org/Default.aspx?pageId=397&macId=12880,GALATASARAY                                       ,3,ADANASPOR A.Ş.                                    ,2,ATATÜRK OLİMPİYAT,OKTAY DEMİRAY,7.03.2004 - 16:00
1215,https://www.tff.org/Default.aspx?pageId=397&macId=12884,TRABZONSPOR                                       ,3,BEŞİKTAŞ A.Ş.                                     ,0,HÜSEYİN AVNİ AKER,MUSTAFA ÇULCU,7.03.2004 - 19:05
1218,https://www.tff.org/Default.aspx?pageId=397&macId=12966,MKE ANKARAGÜCÜ                                    ,1,TRABZONSPOR                                       ,2,ANKARA 19 MAYIS,İSMET ARZUMAN,12.03.2004 - 20:00
1221,https://www.tff.org/Default.aspx?pageId=397&macId=12968,DENİZLİSPOR                                       ,2,İSTANBULSPOR A.Ş.                                 ,0,İZMİR ATATÜRK,ZAFER ÖNDER İPEK,13.03.2004 - 13:30
1222,https://www.tff.org/Default.aspx?pageId=397&macId=12969,BURSASPOR                                         ,3,MALATYASPOR                                       ,2,BURSA ATATÜRK,KUDDUSİ MÜFTÜOĞLU,13.03.2004 - 13:30
1219,https://www.tff.org/Default.aspx?pageId=397&macId=12967,A.SEBATSPOR                                       ,2,GALATASARAY                                       ,1,AKÇAABAT FATİH ,METİN TOKAT,13.03.2004 - 14:00
1223,https://www.tff.org/Default.aspx?pageId=397&macId=12970,FENERBAHÇE                                        ,5,KONYASPOR                                         ,2,FB ŞÜKRÜ SARACOĞLU,CEM PAPİLA,13.03.2004 - 19:00
1217,https://www.tff.org/Default.aspx?pageId=397&macId=12971,ÇAYKUR RİZESPOR                                   ,1,GAZİANTEPSPOR                                     ,2,RİZE ATATÜRK,SELÇUK DERELİ,14.03.2004 - 13:30
1225,https://www.tff.org/Default.aspx?pageId=397&macId=12973,SAMSUNSPOR                                        ,3,DİYARBAKIRSPOR                                    ,1,SAMSUN 19 MAYIS,YILNUR ÖNEN,14.03.2004 - 13:30
1220,https://www.tff.org/Default.aspx?pageId=397&macId=12972,BEŞİKTAŞ A.Ş.                                     ,5,ELAZIĞSPOR                                        ,3,BEŞİKTAŞ İNÖNÜ,SERDAR TATLI,14.03.2004 - 19:00
1224,https://www.tff.org/Default.aspx?pageId=397&macId=13240,ADANASPOR A.Ş.                                    ,2,GENÇLERBİRLİĞİ                                    ,2,5 OCAK,AYTEKİN DURMAZ,31.03.2004 - 18:00
1228,https://www.tff.org/Default.aspx?pageId=397&macId=13060,DİYARBAKIRSPOR                                    ,3,BEŞİKTAŞ A.Ş.                                     ,1,DİYARBAKIR ATATÜRK,KUDDUSİ MÜFTÜOĞLU,19.03.2004 - 20:00
1229,https://www.tff.org/Default.aspx?pageId=397&macId=13061,GAZİANTEPSPOR                                     ,1,SAMSUNSPOR                                        ,0,KAMİL OCAK,MUTLU ÇELİK,20.03.2004 - 13:30
1231,https://www.tff.org/Default.aspx?pageId=397&macId=13063,KONYASPOR                                         ,4,ADANASPOR A.Ş.                                    ,1,KONYA ATATÜRK,CEM DEDA,20.03.2004 - 13:30
1230,https://www.tff.org/Default.aspx?pageId=397&macId=13062,GALATASARAY                                       ,1,ÇAYKUR RİZESPOR                                   ,2,ATATÜRK OLİMPİYAT,CEM PAPİLA,20.03.2004 - 19:00
1226,https://www.tff.org/Default.aspx?pageId=397&macId=13064,GENÇLERBİRLİĞİ                                    ,3,A.SEBATSPOR                                       ,1,ANKARA 19 MAYIS,CÜNEYT ÇAKIR,21.03.2004 - 13:30
1227,https://www.tff.org/Default.aspx?pageId=397&macId=13065,İSTANBULSPOR A.Ş.                                 ,0,MALATYASPOR                                       ,0,MİMAR YAHYA BAŞ,EROL ERSOY,21.03.2004 - 13:30
1232,https://www.tff.org/Default.aspx?pageId=397&macId=13066,TRABZONSPOR                                       ,1,DENİZLİSPOR                                       ,0,HÜSEYİN AVNİ AKER,SELÇUK DERELİ,21.03.2004 - 13:30
1233,https://www.tff.org/Default.aspx?pageId=397&macId=13067,ELAZIĞSPOR                                        ,1,MKE ANKARAGÜCÜ                                    ,2,ELAZIĞ ATATÜRK,MUSTAFA ÇULCU,21.03.2004 - 13:30
1234,https://www.tff.org/Default.aspx?pageId=397&macId=13068,FENERBAHÇE                                        ,3,BURSASPOR                                         ,1,FB ŞÜKRÜ SARACOĞLU,METİN TOKAT,21.03.2004 - 19:00
1243,https://www.tff.org/Default.aspx?pageId=397&macId=13150,SAMSUNSPOR                                        ,1,GALATASARAY                                       ,0,SAMSUN 19 MAYIS,BÜLENT UZUN,26.03.2004 - 20:00
1236,https://www.tff.org/Default.aspx?pageId=397&macId=13152,MKE ANKARAGÜCÜ                                    ,3,DİYARBAKIRSPOR                                    ,1,ANKARA 19 MAYIS,HAMZA MISIR,27.03.2004 - 13:30
1238,https://www.tff.org/Default.aspx?pageId=397&macId=13154,DENİZLİSPOR                                       ,3,ELAZIĞSPOR                                        ,0,DENİZLİ ATATÜRK,METİN TOKAT,27.03.2004 - 13:30
1240,https://www.tff.org/Default.aspx?pageId=397&macId=13156,BURSASPOR                                         ,1,İSTANBULSPOR A.Ş.                                 ,1,BURSA ATATÜRK,MUSTAFA ÇULCU,27.03.2004 - 13:30
1242,https://www.tff.org/Default.aspx?pageId=397&macId=13158,A.SEBATSPOR                                       ,1,KONYASPOR                                         ,1,AKÇAABAT FATİH ,ÜNSAL ÇİMEN,27.03.2004 - 13:30
1239,https://www.tff.org/Default.aspx?pageId=397&macId=13155,MALATYASPOR                                       ,2,TRABZONSPOR                                       ,3,MALATYA İNÖNÜ,CEM PAPİLA,27.03.2004 - 14:00
1241,https://www.tff.org/Default.aspx?pageId=397&macId=13157,ADANASPOR A.Ş.                                    ,1,FENERBAHÇE                                        ,2,5 OCAK,SERDAR TATLI,27.03.2004 - 16:00
1235,https://www.tff.org/Default.aspx?pageId=397&macId=13151,ÇAYKUR RİZESPOR                                   ,2,GENÇLERBİRLİĞİ                                    ,0,RİZE ATATÜRK,ORHAN ERDEMİR,27.03.2004 - 19:00
1237,https://www.tff.org/Default.aspx?pageId=397&macId=13153,BEŞİKTAŞ A.Ş.                                     ,4,GAZİANTEPSPOR                                     ,1,BEŞİKTAŞ İNÖNÜ,İSMET ARZUMAN,27.03.2004 - 19:00
1245,https://www.tff.org/Default.aspx?pageId=397&macId=13307,DİYARBAKIRSPOR                                    ,0,DENİZLİSPOR                                       ,1,DİYARBAKIR ATATÜRK,YUNUS YILDIRIM,3.04.2004 - 14:30
1251,https://www.tff.org/Default.aspx?pageId=397&macId=13310,GAZİANTEPSPOR                                     ,2,MKE ANKARAGÜCÜ                                    ,1,KAMİL OCAK,FIRAT AYDINUS,3.04.2004 - 14:30
1250,https://www.tff.org/Default.aspx?pageId=397&macId=13309,TRABZONSPOR                                       ,2,İSTANBULSPOR A.Ş.                                 ,0,HÜSEYİN AVNİ AKER,İSMET ARZUMAN,3.04.2004 - 16:00
1249,https://www.tff.org/Default.aspx?pageId=397&macId=13308,FENERBAHÇE                                        ,4,A.SEBATSPOR                                       ,2,FB ŞÜKRÜ SARACOĞLU,MUSTAFA ÇULCU,3.04.2004 - 19:00
1244,https://www.tff.org/Default.aspx?pageId=397&macId=13311,ELAZIĞSPOR                                        ,0,MALATYASPOR                                       ,0,ELAZIĞ ATATÜRK,SELÇUK DERELİ,4.04.2004 - 14:30
1246,https://www.tff.org/Default.aspx?pageId=397&macId=13312,ADANASPOR A.Ş.                                    ,0,BURSASPOR                                         ,3,5 OCAK,KUDDUSİ MÜFTÜOĞLU,4.04.2004 - 14:30
1247,https://www.tff.org/Default.aspx?pageId=397&macId=13313,GENÇLERBİRLİĞİ                                    ,2,SAMSUNSPOR                                        ,1,ANKARA 19 MAYIS,VEDAT TAN,4.04.2004 - 14:30
1248,https://www.tff.org/Default.aspx?pageId=397&macId=13314,KONYASPOR                                         ,2,ÇAYKUR RİZESPOR                                   ,1,KONYA ATATÜRK,ZAFER ÖNDER İPEK,4.04.2004 - 14:30
1252,https://www.tff.org/Default.aspx?pageId=397&macId=13315,GALATASARAY                                       ,1,BEŞİKTAŞ A.Ş.                                     ,2,ATATÜRK OLİMPİYAT,ALİ AYDIN,4.04.2004 - 19:00
1253,https://www.tff.org/Default.aspx?pageId=397&macId=13399,ÇAYKUR RİZESPOR                                   ,1,FENERBAHÇE                                        ,0,RİZE ATATÜRK,CEM PAPİLA,9.04.2004 - 20:00
1257,https://www.tff.org/Default.aspx?pageId=397&macId=13400,İSTANBULSPOR A.Ş.                                 ,3,ELAZIĞSPOR                                        ,1,MİMAR YAHYA BAŞ,EROL ERSOY,10.04.2004 - 14:30
1258,https://www.tff.org/Default.aspx?pageId=397&macId=13401,BURSASPOR                                         ,1,TRABZONSPOR                                       ,2,BURSA ATATÜRK,SELÇUK DERELİ,10.04.2004 - 14:30
1259,https://www.tff.org/Default.aspx?pageId=397&macId=13402,A.SEBATSPOR                                       ,4,ADANASPOR A.Ş.                                    ,3,AKÇAABAT FATİH ,İSMET ARZUMAN,10.04.2004 - 14:30
1261,https://www.tff.org/Default.aspx?pageId=397&macId=13403,MKE ANKARAGÜCÜ                                    ,1,GALATASARAY                                       ,0,ANKARA 19 MAYIS,HAMZA MISIR,10.04.2004 - 19:00
1255,https://www.tff.org/Default.aspx?pageId=397&macId=13405,MALATYASPOR                                       ,5,DİYARBAKIRSPOR                                    ,0,MALATYA İNÖNÜ,MUTLU ÇELİK,11.04.2004 - 14:30
1256,https://www.tff.org/Default.aspx?pageId=397&macId=13406,DENİZLİSPOR                                       ,2,GAZİANTEPSPOR                                     ,0,DENİZLİ ATATÜRK,OKTAY DEMİRAY,11.04.2004 - 14:30
1254,https://www.tff.org/Default.aspx?pageId=397&macId=13404,BEŞİKTAŞ A.Ş.                                     ,2,GENÇLERBİRLİĞİ                                    ,2,BEŞİKTAŞ İNÖNÜ,BÜLENT DEMİRLEK,11.04.2004 - 19:00
1260,https://www.tff.org/Default.aspx?pageId=397&macId=13576,SAMSUNSPOR                                        ,2,KONYASPOR                                         ,3,SAMSUN 19 MAYIS,METİN AYDOĞAN,21.04.2004 - 19:00
1263,https://www.tff.org/Default.aspx?pageId=397&macId=13487,GALATASARAY                                       ,4,DENİZLİSPOR                                       ,3,ATATÜRK OLİMPİYAT,SELÇUK DERELİ,16.04.2004 - 20:00
1264,https://www.tff.org/Default.aspx?pageId=397&macId=13488,GENÇLERBİRLİĞİ                                    ,1,MKE ANKARAGÜCÜ                                    ,2,ANKARA 19 MAYIS,CÜNEYT ÇAKIR,17.04.2004 - 14:30
1266,https://www.tff.org/Default.aspx?pageId=397&macId=13489,ELAZIĞSPOR                                        ,0,TRABZONSPOR                                       ,3,ELAZIĞ ATATÜRK,KUDDUSİ MÜFTÜOĞLU,17.04.2004 - 14:30
1268,https://www.tff.org/Default.aspx?pageId=397&macId=13490,GAZİANTEPSPOR                                     ,1,MALATYASPOR                                       ,3,KAMİL OCAK,ÜNSAL ÇİMEN,17.04.2004 - 14:30
1269,https://www.tff.org/Default.aspx?pageId=397&macId=13491,KONYASPOR                                         ,2,BEŞİKTAŞ A.Ş.                                     ,2,KONYA ATATÜRK,İSMET ARZUMAN,17.04.2004 - 19:00
1265,https://www.tff.org/Default.aspx?pageId=397&macId=13493,ADANASPOR A.Ş.                                    ,0,ÇAYKUR RİZESPOR                                   ,1,5 OCAK,BÜLENT YILDIRIM,18.04.2004 - 14:30
1267,https://www.tff.org/Default.aspx?pageId=397&macId=13494,DİYARBAKIRSPOR                                    ,1,İSTANBULSPOR A.Ş.                                 ,2,DİYARBAKIR ATATÜRK,MUSTAFA ÇULCU,18.04.2004 - 14:30
1270,https://www.tff.org/Default.aspx?pageId=397&macId=13495,A.SEBATSPOR                                       ,0,BURSASPOR                                         ,1,AKÇAABAT FATİH ,CEM PAPİLA,18.04.2004 - 14:30
1262,https://www.tff.org/Default.aspx?pageId=397&macId=13492,FENERBAHÇE                                        ,1,SAMSUNSPOR                                        ,1,FB ŞÜKRÜ SARACOĞLU,METİN TOKAT,18.04.2004 - 19:00
1279,https://www.tff.org/Default.aspx?pageId=397&macId=13580,MALATYASPOR                                       ,1,GALATASARAY                                       ,2,MALATYA İNÖNÜ,ZAFER ÖNDER İPEK,23.04.2004 - 20:00
1271,https://www.tff.org/Default.aspx?pageId=397&macId=13581,ÇAYKUR RİZESPOR                                   ,0,A.SEBATSPOR                                       ,1,RİZE ATATÜRK,ÜNSAL ÇİMEN,24.04.2004 - 15:30
1274,https://www.tff.org/Default.aspx?pageId=397&macId=13583,İSTANBULSPOR A.Ş.                                 ,0,GAZİANTEPSPOR                                     ,1,MİMAR YAHYA BAŞ,HAKAN SİVRİSERVİ,24.04.2004 - 15:30
1275,https://www.tff.org/Default.aspx?pageId=397&macId=13584,BURSASPOR                                         ,4,ELAZIĞSPOR                                        ,0,BURSA ATATÜRK,OKTAY DEMİRAY,24.04.2004 - 15:30
1273,https://www.tff.org/Default.aspx?pageId=397&macId=13582,TRABZONSPOR                                       ,2,DİYARBAKIRSPOR                                    ,0,HÜSEYİN AVNİ AKER,İSMET ARZUMAN,24.04.2004 - 19:00
1272,https://www.tff.org/Default.aspx?pageId=397&macId=13585,SAMSUNSPOR                                        ,2,ADANASPOR A.Ş.                                    ,1,SAMSUN 19 MAYIS,ÇETİN SARIGÜL,25.04.2004 - 15:30
1277,https://www.tff.org/Default.aspx?pageId=397&macId=13587,MKE ANKARAGÜCÜ                                    ,1,KONYASPOR                                         ,0,ANKARA 19 MAYIS,ORHAN ERDEMİR,25.04.2004 - 15:30
1278,https://www.tff.org/Default.aspx?pageId=397&macId=13588,DENİZLİSPOR                                       ,1,GENÇLERBİRLİĞİ                                    ,2,DENİZLİ ATATÜRK,BÜLENT UZUN,25.04.2004 - 15:30
1276,https://www.tff.org/Default.aspx?pageId=397&macId=13586,BEŞİKTAŞ A.Ş.                                     ,1,FENERBAHÇE                                        ,3,BEŞİKTAŞ İNÖNÜ,SELÇUK DERELİ,25.04.2004 - 19:00
1287,https://www.tff.org/Default.aspx?pageId=397&macId=13669,ADANASPOR A.Ş.                                    ,1,BEŞİKTAŞ A.Ş.                                     ,0,5 OCAK,SERDAR TATLI,30.04.2004 - 20:00
1282,https://www.tff.org/Default.aspx?pageId=397&macId=13670,FENERBAHÇE                                        ,3,MKE ANKARAGÜCÜ                                    ,1,FB ŞÜKRÜ SARACOĞLU,CEM PAPİLA,1.05.2004 - 19:00
1284,https://www.tff.org/Default.aspx?pageId=397&macId=13671,GAZİANTEPSPOR                                     ,1,TRABZONSPOR                                       ,2,KAMİL OCAK,SELÇUK DERELİ,1.05.2004 - 19:00
1285,https://www.tff.org/Default.aspx?pageId=397&macId=13672,GENÇLERBİRLİĞİ                                    ,2,MALATYASPOR                                       ,2,ANKARA 19 MAYIS,YUNUS YILDIRIM,1.05.2004 - 19:00
1286,https://www.tff.org/Default.aspx?pageId=397&macId=13673,KONYASPOR                                         ,1,DENİZLİSPOR                                       ,1,KONYA ATATÜRK,SABİT HACIÖMEROĞLU,1.05.2004 - 19:00
1280,https://www.tff.org/Default.aspx?pageId=397&macId=13674,A.SEBATSPOR                                       ,1,SAMSUNSPOR                                        ,0,AKÇAABAT FATİH ,FIRAT AYDINUS,2.05.2004 - 17:00
1281,https://www.tff.org/Default.aspx?pageId=397&macId=13675,GALATASARAY                                       ,2,İSTANBULSPOR A.Ş.                                 ,2,ATATÜRK OLİMPİYAT,MUSTAFA ÇULCU,2.05.2004 - 17:00
1283,https://www.tff.org/Default.aspx?pageId=397&macId=13676,BURSASPOR                                         ,4,ÇAYKUR RİZESPOR                                   ,2,BURSA ATATÜRK,CÜNEYT ÇAKIR,2.05.2004 - 17:00
1288,https://www.tff.org/Default.aspx?pageId=397&macId=13677,ELAZIĞSPOR                                        ,0,DİYARBAKIRSPOR                                    ,1,ELAZIĞ ATATÜRK,AYTEKİN DURMAZ,2.05.2004 - 17:00
1289,https://www.tff.org/Default.aspx?pageId=397&macId=13763,MKE ANKARAGÜCÜ                                    ,1,ADANASPOR A.Ş.                                    ,2,ANKARA 19 MAYIS,CEM DEDA,8.05.2004 - 17:00
1292,https://www.tff.org/Default.aspx?pageId=397&macId=13764,ELAZIĞSPOR                                        ,1,GAZİANTEPSPOR                                     ,2,ELAZIĞ ATATÜRK,LALE ORTA,8.05.2004 - 17:00
1296,https://www.tff.org/Default.aspx?pageId=397&macId=13765,MALATYASPOR                                       ,1,KONYASPOR                                         ,3,MALATYA İNÖNÜ,BÜLENT YILDIRIM,8.05.2004 - 17:00
1290,https://www.tff.org/Default.aspx?pageId=397&macId=13766,İSTANBULSPOR A.Ş.                                 ,3,GENÇLERBİRLİĞİ                                    ,0,MİMAR YAHYA BAŞ,SERDAR TATLI,9.05.2004 - 17:00
1291,https://www.tff.org/Default.aspx?pageId=397&macId=13767,DİYARBAKIRSPOR                                    ,0,BURSASPOR                                         ,3,DİYARBAKIR ATATÜRK,SELÇUK DERELİ,9.05.2004 - 17:00
1293,https://www.tff.org/Default.aspx?pageId=397&macId=13768,SAMSUNSPOR                                        ,2,ÇAYKUR RİZESPOR                                   ,1,SAMSUN 19 MAYIS,METİN AYDOĞAN,9.05.2004 - 17:00
1294,https://www.tff.org/Default.aspx?pageId=397&macId=13769,BEŞİKTAŞ A.Ş.                                     ,0,A.SEBATSPOR                                       ,2,BEŞİKTAŞ İNÖNÜ,İSMET ARZUMAN,9.05.2004 - 17:00
1297,https://www.tff.org/Default.aspx?pageId=397&macId=13771,TRABZONSPOR                                       ,2,GALATASARAY                                       ,4,HÜSEYİN AVNİ AKER,CEM PAPİLA,9.05.2004 - 19:30
1295,https://www.tff.org/Default.aspx?pageId=397&macId=13770,DENİZLİSPOR                                       ,0,FENERBAHÇE                                        ,4,DENİZLİ ATATÜRK,MUSTAFA ÇULCU,9.05.2004 - 19:34
1299,https://www.tff.org/Default.aspx?pageId=397&macId=13856,FENERBAHÇE                                        ,2,MALATYASPOR                                       ,4,FB ŞÜKRÜ SARACOĞLU,BÜLENT DEMİRLEK,14.05.2004 - 20:30
1298,https://www.tff.org/Default.aspx?pageId=397&macId=13857,BURSASPOR                                         ,1,SAMSUNSPOR                                        ,0,SAKARYA ATATÜRK,İSMET ARZUMAN,15.05.2004 - 17:00
1303,https://www.tff.org/Default.aspx?pageId=397&macId=13861,KONYASPOR                                         ,0,İSTANBULSPOR A.Ş.                                 ,2,KONYA ATATÜRK,ZAFER ÖNDER İPEK,15.05.2004 - 17:00
1304,https://www.tff.org/Default.aspx?pageId=397&macId=13862,ADANASPOR A.Ş.                                    ,4,DENİZLİSPOR                                       ,1,5 OCAK,AYTEKİN DURMAZ,15.05.2004 - 17:00
1305,https://www.tff.org/Default.aspx?pageId=397&macId=13863,A.SEBATSPOR                                       ,3,MKE ANKARAGÜCÜ                                    ,2,AKÇAABAT FATİH ,SERDAR TATLI,15.05.2004 - 17:00
1306,https://www.tff.org/Default.aspx?pageId=397&macId=13864,GAZİANTEPSPOR                                     ,4,DİYARBAKIRSPOR                                    ,1,KAMİL OCAK,İSMET CENGİZ,15.05.2004 - 17:00
1300,https://www.tff.org/Default.aspx?pageId=397&macId=13858,ÇAYKUR RİZESPOR                                   ,1,BEŞİKTAŞ A.Ş.                                     ,0,RİZE ATATÜRK,MUSTAFA ÇULCU,15.05.2004 - 17:03
1301,https://www.tff.org/Default.aspx?pageId=397&macId=13859,GALATASARAY                                       ,3,ELAZIĞSPOR                                        ,1,ATATÜRK OLİMPİYAT,MUTLU ÇELİK,15.05.2004 - 19:00
1302,https://www.tff.org/Default.aspx?pageId=397&macId=13860,GENÇLERBİRLİĞİ                                    ,2,TRABZONSPOR                                       ,2,ANKARA 19 MAYIS,ORHAN ERDEMİR,15.05.2004 - 19:00
