Takim_adi,Oynadigi_mac_sayisi,Galibiyet_sayisi,Beraberlik_sayisi,Maglubiyet_sayisi,Attigi_gol_sayisi,Yedigi_gol_sayisi,Averaj,Puan
GALATASARAY A.Ş,34,24,7,3,64,23,41,79
FENERBAHÇE,34,22,7,5,72,37,35,73
BEŞİKTAŞ A.Ş,34,23,4,7,58,32,26,73
SİVASSPOR,34,23,4,7,57,29,28,73
KAYSERİSPOR,34,15,10,9,50,31,19,55
TRABZONSPOR A.Ş,34,14,7,13,44,39,5,49
DENİZLİSPOR,34,13,6,15,48,48,0,45
MKE ANKARAGÜCÜ,34,11,10,13,36,44,-8,43
GAZİANTEPSPOR,34,11,10,13,36,45,-9,43
ANKARASPOR A.Ş,34,10,11,13,35,38,-3,41
GENÇLERBİRLİĞİ OFTAŞSPOR,34,10,10,14,30,36,-6,40
BÜYÜKŞEHİR BLD,34,10,8,16,44,47,-3,38
BURSASPOR,34,9,11,14,31,40,-9,38
KONYASPOR,34,10,6,18,37,64,-27,36
GENÇLERBİRLİĞİ,34,9,8,17,44,51,-7,35
VESTEL MANİSASPOR,34,7,8,19,42,62,-20,29
ÇAYKUR RİZESPOR,34,7,8,19,32,64,-32,29
KASIMPAŞA,34,8,5,21,26,56,-30,29
