Mac_kodu,TFF_mac_linki,Ev_sahibi,Ev_sahibi_gol,Misafir_takim,Misafir_takim_gol,Stat,Ana_hakem,Tarih_saat
1001,https://www.tff.org/Default.aspx?pageId=397&macId=66262,BÜYÜKŞEHİR BLD.SPOR,2,FENERBAHÇE,0.0,ATATÜRK OLİMPİYAT,BÜLENT YILDIRIM,10.08.2007 - 21:45
1006,https://www.tff.org/Default.aspx?pageId=397&macId=66267,ANKARASPOR A.Ş.,1,MKE ANKARAGÜCÜ,2.0,YENİKENT ASAŞ,CÜNEYT ÇAKIR,11.08.2007 - 21:00
1008,https://www.tff.org/Default.aspx?pageId=397&macId=66269,BEŞİKTAŞ A.Ş.,1,KONYASPOR,0.0,BEŞİKTAŞ İNÖNÜ,SELÇUK DERELİ,11.08.2007 - 21:45
1004,https://www.tff.org/Default.aspx?pageId=397&macId=66265,TRABZONSPOR A.Ş.,0,SİVASSPOR,3.0,HÜSEYİN AVNİ AKER,BÜLENT DEMİRLEK,12.08.2007 - 18:45
1002,https://www.tff.org/Default.aspx?pageId=397&macId=66263,GENÇLERBİRLİĞİ,1,GENÇLERBİRLİĞİ OFTAŞSPOR,2.0,ANKARA 19 MAYIS,ÖZGÜÇ TÜRKALP,12.08.2007 - 21:00
1005,https://www.tff.org/Default.aspx?pageId=397&macId=66266,DENİZLİSPOR,0,BURSASPOR,0.0,DENİZLİ ATATÜRK,VEDAT YÜKSEL,12.08.2007 - 21:00
1007,https://www.tff.org/Default.aspx?pageId=397&macId=66268,KAYSERİSPOR,3,VESTEL MANİSASPOR,1.0,KAYSERİ ATATÜRK,CEM DEDA,12.08.2007 - 21:00
1009,https://www.tff.org/Default.aspx?pageId=397&macId=66270,GAZİANTEPSPOR,2,KASIMPAŞA,0.0,KAMİL OCAK,BARIŞ ŞİMŞEK,12.08.2007 - 21:00
1003,https://www.tff.org/Default.aspx?pageId=397&macId=66264,GALATASARAY A.Ş.,4,ÇAYKUR RİZESPOR,0.0,ATATÜRK OLİMPİYAT,KUDDUSİ MÜFTÜOĞLU,12.08.2007 - 21:45
1010,https://www.tff.org/Default.aspx?pageId=397&macId=66271,GENÇLERBİRLİĞİ OFTAŞSPOR,0,TRABZONSPOR A.Ş.,2.0,ANKARA 19 MAYIS,FIRAT AYDINUS,17.08.2007 - 21:45
1016,https://www.tff.org/Default.aspx?pageId=397&macId=66277,FENERBAHÇE,2,GAZİANTEPSPOR,1.0,FB ŞÜKRÜ SARACOĞLU,İSMET ARZUMAN,18.08.2007 - 21:45
1017,https://www.tff.org/Default.aspx?pageId=397&macId=66278,BURSASPOR,0,GALATASARAY A.Ş.,1.0,BURSA ATATÜRK,YUNUS YILDIRIM,19.08.2007 - 18:45
1011,https://www.tff.org/Default.aspx?pageId=397&macId=66272,KONYASPOR,1,KAYSERİSPOR,1.0,KONYA ATATÜRK,HALİS ÖZKAHYA,19.08.2007 - 21:00
1012,https://www.tff.org/Default.aspx?pageId=397&macId=66273,VESTEL MANİSASPOR,2,ANKARASPOR A.Ş.,1.0,MANİSA 19 MAYIS,SÜLEYMAN ABAY,19.08.2007 - 21:00
1013,https://www.tff.org/Default.aspx?pageId=397&macId=66274,MKE ANKARAGÜCÜ,3,DENİZLİSPOR,2.0,ANKARA 19 MAYIS,AYTEKİN DURMAZ,19.08.2007 - 21:00
1014,https://www.tff.org/Default.aspx?pageId=397&macId=66275,ÇAYKUR RİZESPOR,0,GENÇLERBİRLİĞİ,2.0,RİZE ATATÜRK,MUSTAFA KAMİL ABİTOĞLU,19.08.2007 - 21:00
1015,https://www.tff.org/Default.aspx?pageId=397&macId=66276,SİVASSPOR,2,BÜYÜKŞEHİR BLD.SPOR,1.0,SİVAS 4 EYLÜL,HAKAN SİVRİSERVİ,19.08.2007 - 21:00
1018,https://www.tff.org/Default.aspx?pageId=397&macId=66279,KASIMPAŞA,1,BEŞİKTAŞ A.Ş.,2.0,ATATÜRK OLİMPİYAT,HÜSEYİN GÖÇEK,19.08.2007 - 21:45
1026,https://www.tff.org/Default.aspx?pageId=397&macId=66287,FENERBAHÇE,1,SİVASSPOR,0.0,FB ŞÜKRÜ SARACOĞLU,FIRAT AYDINUS,25.08.2007 - 18:45
1022,https://www.tff.org/Default.aspx?pageId=397&macId=66283,BÜYÜKŞEHİR BLD.SPOR,1,GENÇLERBİRLİĞİ OFTAŞSPOR,0.0,ATATÜRK OLİMPİYAT,UĞUR SÖYLEMEZ,25.08.2007 - 21:00
1023,https://www.tff.org/Default.aspx?pageId=397&macId=66284,GENÇLERBİRLİĞİ,1,BURSASPOR,3.0,ANKARA 19 MAYIS,CEM DEDA,25.08.2007 - 21:00
1019,https://www.tff.org/Default.aspx?pageId=397&macId=66280,GAZİANTEPSPOR,0,BEŞİKTAŞ A.Ş.,1.0,KAMİL OCAK,BÜLENT YILDIRIM,25.08.2007 - 21:45
1020,https://www.tff.org/Default.aspx?pageId=397&macId=66281,TRABZONSPOR A.Ş.,5,ÇAYKUR RİZESPOR,1.0,HÜSEYİN AVNİ AKER,SELÇUK DERELİ,26.08.2007 - 18:45
1021,https://www.tff.org/Default.aspx?pageId=397&macId=66282,DENİZLİSPOR,3,VESTEL MANİSASPOR,2.0,DENİZLİ ATATÜRK,BÜNYAMİN GEZER,26.08.2007 - 21:00
1025,https://www.tff.org/Default.aspx?pageId=397&macId=66286,KAYSERİSPOR,2,KASIMPAŞA,0.0,KAYSERİ ATATÜRK,ÇETİN SARIGÜL,26.08.2007 - 21:00
1027,https://www.tff.org/Default.aspx?pageId=397&macId=66288,ANKARASPOR A.Ş.,1,KONYASPOR,1.0,YENİKENT ASAŞ,MEHMET FATİH GÖKÇE,26.08.2007 - 21:00
1024,https://www.tff.org/Default.aspx?pageId=397&macId=66285,GALATASARAY A.Ş.,1,MKE ANKARAGÜCÜ,0.0,ALİ SAMİ YEN,VEDAT YÜKSEL,26.08.2007 - 21:45
1032,https://www.tff.org/Default.aspx?pageId=397&macId=66293,BURSASPOR,1,TRABZONSPOR A.Ş.,1.0,BURSA ATATÜRK,İSMET ARZUMAN,31.08.2007 - 21:00
1028,https://www.tff.org/Default.aspx?pageId=397&macId=66289,MKE ANKARAGÜCÜ,2,GENÇLERBİRLİĞİ,2.0,ANKARA 19 MAYIS,HÜSEYİN GÖÇEK,1.09.2007 - 20:00
1029,https://www.tff.org/Default.aspx?pageId=397&macId=66290,ÇAYKUR RİZESPOR,3,BÜYÜKŞEHİR BLD.SPOR,1.0,RİZE ATATÜRK,YUNUS YILDIRIM,1.09.2007 - 20:00
1035,https://www.tff.org/Default.aspx?pageId=397&macId=66296,KONYASPOR,2,DENİZLİSPOR,2.0,KONYA ATATÜRK,HAKAN SİVRİSERVİ,1.09.2007 - 20:00
1030,https://www.tff.org/Default.aspx?pageId=397&macId=66291,BEŞİKTAŞ A.Ş.,0,KAYSERİSPOR,0.0,BEŞİKTAŞ İNÖNÜ,KUDDUSİ MÜFTÜOĞLU,1.09.2007 - 21:00
1033,https://www.tff.org/Default.aspx?pageId=397&macId=66294,GENÇLERBİRLİĞİ OFTAŞSPOR,1,FENERBAHÇE,1.0,ANKARA 19 MAYIS,BARIŞ ŞİMŞEK,2.09.2007 - 18:00
1034,https://www.tff.org/Default.aspx?pageId=397&macId=66295,SİVASSPOR,2,GAZİANTEPSPOR,0.0,SİVAS 4 EYLÜL,CÜNEYT ÇAKIR,2.09.2007 - 20:00
1036,https://www.tff.org/Default.aspx?pageId=397&macId=66297,KASIMPAŞA,3,ANKARASPOR A.Ş.,1.0,ATATÜRK OLİMPİYAT,AYTEKİN DURMAZ,2.09.2007 - 20:00
1031,https://www.tff.org/Default.aspx?pageId=397&macId=66292,VESTEL MANİSASPOR,2,GALATASARAY A.Ş.,2.0,MANİSA 19 MAYIS,MUSTAFA KAMİL ABİTOĞLU,2.09.2007 - 21:00
1045,https://www.tff.org/Default.aspx?pageId=397&macId=66306,ANKARASPOR A.Ş.,0,BEŞİKTAŞ A.Ş.,6.0,YENİKENT ASAŞ,VEDAT YÜKSEL,15.09.2007 - 18:00
1038,https://www.tff.org/Default.aspx?pageId=397&macId=66299,SİVASSPOR,1,GENÇLERBİRLİĞİ OFTAŞSPOR,61.0,SİVAS 4 EYLÜL,İSMET ARZUMAN,15.09.2007 - 20:30
1044,https://www.tff.org/Default.aspx?pageId=397&macId=66305,DENİZLİSPOR,0,KASIMPAŞA,2.0,DENİZLİ ATATÜRK,ÖZGÜÇ TÜRKALP,15.09.2007 - 20:30
1039,https://www.tff.org/Default.aspx?pageId=397&macId=66300,FENERBAHÇE,1,ÇAYKUR RİZESPOR,2.0,FB ŞÜKRÜ SARACOĞLU,BÜNYAMİN GEZER,15.09.2007 - 21:00
1041,https://www.tff.org/Default.aspx?pageId=397&macId=66302,TRABZONSPOR A.Ş.,0,MKE ANKARAGÜCÜ,30.0,HÜSEYİN AVNİ AKER,YUNUS YILDIRIM,16.09.2007 - 18:00
1042,https://www.tff.org/Default.aspx?pageId=397&macId=66303,GENÇLERBİRLİĞİ,0,VESTEL MANİSASPOR,6.0,ANKARA 19 MAYIS,HALİS ÖZKAHYA,16.09.2007 - 19:00
1037,https://www.tff.org/Default.aspx?pageId=397&macId=66298,BÜYÜKŞEHİR BLD.SPOR,1,BURSASPOR,6.0,ATATÜRK OLİMPİYAT,KORAY GENÇERLER,16.09.2007 - 20:30
1040,https://www.tff.org/Default.aspx?pageId=397&macId=66301,GAZİANTEPSPOR,4,KAYSERİSPOR,3.0,KAMİL OCAK,CEM DEDA,16.09.2007 - 20:30
1043,https://www.tff.org/Default.aspx?pageId=397&macId=66304,GALATASARAY A.Ş.,6,KONYASPOR,4.0,ALİ SAMİ YEN,BÜLENT YILDIRIM,16.09.2007 - 21:00
1049,https://www.tff.org/Default.aspx?pageId=397&macId=66310,VESTEL MANİSASPOR,1,TRABZONSPOR A.Ş.,2.0,MANİSA 19 MAYIS,FIRAT AYDINUS,21.09.2007 - 20:30
1050,https://www.tff.org/Default.aspx?pageId=397&macId=66311,MKE ANKARAGÜCÜ,1,BÜYÜKŞEHİR BLD.SPOR,2.0,ANKARA 19 MAYIS,OKTAY DEMİRAY,21.09.2007 - 20:30
1052,https://www.tff.org/Default.aspx?pageId=397&macId=66313,KAYSERİSPOR,3,ANKARASPOR A.Ş.,2.0,BŞ BLD ATATÜRK,GÖKHAN GÜNEŞER,22.09.2007 - 20:30
1053,https://www.tff.org/Default.aspx?pageId=397&macId=66314,BEŞİKTAŞ A.Ş.,3,DENİZLİSPOR,58.0,BEŞİKTAŞ İNÖNÜ,YUNUS YILDIRIM,22.09.2007 - 20:30
1054,https://www.tff.org/Default.aspx?pageId=397&macId=66315,KONYASPOR,1,GENÇLERBİRLİĞİ,3.0,BŞ BLD ATATÜRK,AYTEKİN DURMAZ,22.09.2007 - 20:30
1048,https://www.tff.org/Default.aspx?pageId=397&macId=66309,KASIMPAŞA,0,GALATASARAY A.Ş.,2.0,ATATÜRK OLİMPİYAT,CÜNEYT ÇAKIR,23.09.2007 - 17:00
1046,https://www.tff.org/Default.aspx?pageId=397&macId=66307,ÇAYKUR RİZESPOR,0,SİVASSPOR,2.0,RİZE ATATÜRK,ZAFER ÖNDER İPEK,23.09.2007 - 20:30
1047,https://www.tff.org/Default.aspx?pageId=397&macId=66308,GENÇLERBİRLİĞİ OFTAŞSPOR,1,GAZİANTEPSPOR,4.0,ANKARA 19 MAYIS,HAKAN SİVRİSERVİ,23.09.2007 - 20:30
1051,https://www.tff.org/Default.aspx?pageId=397&macId=66312,BURSASPOR,1,FENERBAHÇE,3.0,BURSA ATATÜRK,HÜSEYİN GÖÇEK,23.09.2007 - 20:30
1062,https://www.tff.org/Default.aspx?pageId=397&macId=66323,FENERBAHÇE,2,MKE ANKARAGÜCÜ,2.0,FB ŞÜKRÜ SARACOĞLU,AYTEKİN DURMAZ,28.09.2007 - 20:30
1056,https://www.tff.org/Default.aspx?pageId=397&macId=66317,GALATASARAY A.Ş.,2,BEŞİKTAŞ A.Ş.,4.0,ALİ SAMİ YEN,SELÇUK DERELİ,29.09.2007 - 20:30
1057,https://www.tff.org/Default.aspx?pageId=397&macId=66318,GENÇLERBİRLİĞİ OFTAŞSPOR,2,ÇAYKUR RİZESPOR,4.0,ANKARA 19 MAYIS,SÜLEYMAN ABAY,29.09.2007 - 20:30
1060,https://www.tff.org/Default.aspx?pageId=397&macId=66321,DENİZLİSPOR,2,KAYSERİSPOR,3.0,DENİZLİ ATATÜRK,CÜNEYT ÇAKIR,30.09.2007 - 17:00
1055,https://www.tff.org/Default.aspx?pageId=397&macId=66316,BÜYÜKŞEHİR BLD.SPOR,4,VESTEL MANİSASPOR,6.0,ATATÜRK OLİMPİYAT,BARIŞ ŞİMŞEK,30.09.2007 - 20:30
1058,https://www.tff.org/Default.aspx?pageId=397&macId=66319,TRABZONSPOR A.Ş.,1,KONYASPOR,85.0,HÜSEYİN AVNİ AKER,BÜNYAMİN GEZER,30.09.2007 - 20:30
1059,https://www.tff.org/Default.aspx?pageId=397&macId=66320,GENÇLERBİRLİĞİ,3,KASIMPAŞA,6.0,ANKARA 19 MAYIS,OKTAY DEMİRAY,30.09.2007 - 20:30
1061,https://www.tff.org/Default.aspx?pageId=397&macId=66322,SİVASSPOR,3,BURSASPOR,61.0,SİVAS 4 EYLÜL,HALİS ÖZKAHYA,30.09.2007 - 20:30
1063,https://www.tff.org/Default.aspx?pageId=397&macId=66324,GAZİANTEPSPOR,1,ANKARASPOR A.Ş.,5.0,KAMİL OCAK,FIRAT AYDINUS,30.09.2007 - 20:30
1064,https://www.tff.org/Default.aspx?pageId=397&macId=66325,KASIMPAŞA,0,TRABZONSPOR A.Ş.,5.0,ATATÜRK OLİMPİYAT,BÜLENT YILDIRIM,5.10.2007 - 20:00
1068,https://www.tff.org/Default.aspx?pageId=397&macId=66329,BURSASPOR,1,GENÇLERBİRLİĞİ OFTAŞSPOR,2.0,BURSA ATATÜRK,SUAT ARSLANBOĞA,6.10.2007 - 16:00
1070,https://www.tff.org/Default.aspx?pageId=397&macId=66331,ANKARASPOR A.Ş.,0,DENİZLİSPOR,4.0,YENİKENT ASAŞ,HÜSEYİN GÖÇEK,6.10.2007 - 16:00
1067,https://www.tff.org/Default.aspx?pageId=397&macId=66328,VESTEL MANİSASPOR,1,FENERBAHÇE,2.0,MANİSA 19 MAYIS,BÜNYAMİN GEZER,6.10.2007 - 20:00
1065,https://www.tff.org/Default.aspx?pageId=397&macId=66326,MKE ANKARAGÜCÜ,2,SİVASSPOR,8.0,ANKARA 19 MAYIS,MUSTAFA KAMİL ABİTOĞLU,7.10.2007 - 16:00
1066,https://www.tff.org/Default.aspx?pageId=397&macId=66327,BEŞİKTAŞ A.Ş.,1,GENÇLERBİRLİĞİ,58.0,BEŞİKTAŞ İNÖNÜ,BARIŞ ŞİMŞEK,7.10.2007 - 16:00
1069,https://www.tff.org/Default.aspx?pageId=397&macId=66330,ÇAYKUR RİZESPOR,2,GAZİANTEPSPOR,2.0,RİZE ATATÜRK,ÖZGÜÇ TÜRKALP,7.10.2007 - 16:00
1072,https://www.tff.org/Default.aspx?pageId=397&macId=66333,KONYASPOR,3,BÜYÜKŞEHİR BLD.SPOR,4.0,KONYA ATATÜRK,ÇETİN SARIGÜL,7.10.2007 - 16:00
1071,https://www.tff.org/Default.aspx?pageId=397&macId=66332,KAYSERİSPOR,1,GALATASARAY A.Ş.,2.0,KAYSERİ ATATÜRK,ZAFER ÖNDER İPEK,7.10.2007 - 20:00
1073,https://www.tff.org/Default.aspx?pageId=397&macId=66334,GENÇLERBİRLİĞİ,1,KAYSERİSPOR,6.0,ANKARA 19 MAYIS,HÜSEYİN GÖÇEK,20.10.2007 - 15:00
1074,https://www.tff.org/Default.aspx?pageId=397&macId=66335,ÇAYKUR RİZESPOR,2,BURSASPOR,2.0,RİZE ATATÜRK,FIRAT AYDINUS,20.10.2007 - 15:00
1076,https://www.tff.org/Default.aspx?pageId=397&macId=66337,BÜYÜKŞEHİR BLD.SPOR,2,KASIMPAŞA,3.0,ATATÜRK OLİMPİYAT,SÜLEYMAN ABAY,20.10.2007 - 15:00
1081,https://www.tff.org/Default.aspx?pageId=397&macId=66342,GAZİANTEPSPOR,1,DENİZLİSPOR,5.0,KAMİL OCAK,İLKER MERAL,20.10.2007 - 15:00
1077,https://www.tff.org/Default.aspx?pageId=397&macId=66338,TRABZONSPOR A.Ş.,2,BEŞİKTAŞ A.Ş.,30.0,HÜSEYİN AVNİ AKER,BÜLENT YILDIRIM,20.10.2007 - 16:00
1075,https://www.tff.org/Default.aspx?pageId=397&macId=66336,FENERBAHÇE,4,KONYASPOR,3.0,FB ŞÜKRÜ SARACOĞLU,YUNUS YILDIRIM,20.10.2007 - 20:00
1078,https://www.tff.org/Default.aspx?pageId=397&macId=66339,GALATASARAY A.Ş.,0,ANKARASPOR A.Ş.,33.0,ALİ SAMİ YEN,OKTAY DEMİRAY,21.10.2007 - 20:00
1079,https://www.tff.org/Default.aspx?pageId=397&macId=66340,GENÇLERBİRLİĞİ OFTAŞSPOR,2,MKE ANKARAGÜCÜ,4.0,ANKARA 19 MAYIS,ÖZGÜÇ TÜRKALP,22.10.2007 - 15:00
1080,https://www.tff.org/Default.aspx?pageId=397&macId=66341,SİVASSPOR,1,VESTEL MANİSASPOR,61.0,SİVAS 4 EYLÜL,SELÇUK DERELİ,22.10.2007 - 20:00
1082,https://www.tff.org/Default.aspx?pageId=397&macId=66343,KAYSERİSPOR,1,TRABZONSPOR A.Ş.,2.0,BŞ BLD ATATÜRK,YUNUS YILDIRIM,26.10.2007 - 20:00
1085,https://www.tff.org/Default.aspx?pageId=397&macId=66346,VESTEL MANİSASPOR,0,GENÇLERBİRLİĞİ OFTAŞSPOR,4.0,MANİSA 19 MAYIS,BÜLENT DEMİRLEK,27.10.2007 - 14:00
1087,https://www.tff.org/Default.aspx?pageId=397&macId=66348,BURSASPOR,1,GAZİANTEPSPOR,22.0,BURSA ATATÜRK,SELÇUK DERELİ,27.10.2007 - 14:00
1089,https://www.tff.org/Default.aspx?pageId=397&macId=66350,ANKARASPOR A.Ş.,2,GENÇLERBİRLİĞİ,3.0,YENİKENT ASAŞ,CÜNEYT ÇAKIR,27.10.2007 - 14:00
1084,https://www.tff.org/Default.aspx?pageId=397&macId=66345,KASIMPAŞA,1,FENERBAHÇE,5.0,ATATÜRK OLİMPİYAT,ZAFER ÖNDER İPEK,27.10.2007 - 19:00
1083,https://www.tff.org/Default.aspx?pageId=397&macId=66344,KONYASPOR,2,SİVASSPOR,3.0,BŞ BLD ATATÜRK,CEM DEDA,28.10.2007 - 14:00
1086,https://www.tff.org/Default.aspx?pageId=397&macId=66347,MKE ANKARAGÜCÜ,1,ÇAYKUR RİZESPOR,3.0,ANKARA 19 MAYIS,HAKAN SİVRİSERVİ,28.10.2007 - 14:00
1090,https://www.tff.org/Default.aspx?pageId=397&macId=66351,BEŞİKTAŞ A.Ş.,0,BÜYÜKŞEHİR BLD.SPOR,58.0,BEŞİKTAŞ İNÖNÜ,OKTAY DEMİRAY,28.10.2007 - 16:00
1088,https://www.tff.org/Default.aspx?pageId=397&macId=66349,DENİZLİSPOR,1,GALATASARAY A.Ş.,3.0,DENİZLİ ATATÜRK,BÜNYAMİN GEZER,28.10.2007 - 19:00
1095,https://www.tff.org/Default.aspx?pageId=397&macId=66356,TRABZONSPOR A.Ş.,2,ANKARASPOR A.Ş.,30.0,HÜSEYİN AVNİ AKER,HALİS ÖZKAHYA,2.11.2007 - 20:00
1092,https://www.tff.org/Default.aspx?pageId=397&macId=66353,GENÇLERBİRLİĞİ OFTAŞSPOR,0,KONYASPOR,5.0,ANKARA 19 MAYIS,YILDIRAY ARSLAN,3.11.2007 - 14:00
1099,https://www.tff.org/Default.aspx?pageId=397&macId=66360,FENERBAHÇE,2,BEŞİKTAŞ A.Ş.,2.0,FB ŞÜKRÜ SARACOĞLU,İSMET ARZUMAN,3.11.2007 - 19:00
1091,https://www.tff.org/Default.aspx?pageId=397&macId=66352,ÇAYKUR RİZESPOR,1,VESTEL MANİSASPOR,2.0,RİZE ATATÜRK,MEHMET FATİH GÖKÇE,4.11.2007 - 14:00
1094,https://www.tff.org/Default.aspx?pageId=397&macId=66355,BÜYÜKŞEHİR BLD.SPOR,1,KAYSERİSPOR,3.0,ATATÜRK OLİMPİYAT,CÜNEYT ÇAKIR,4.11.2007 - 14:00
1096,https://www.tff.org/Default.aspx?pageId=397&macId=66357,GENÇLERBİRLİĞİ,1,DENİZLİSPOR,4.0,ANKARA 19 MAYIS,FIRAT AYDINUS,4.11.2007 - 14:00
1097,https://www.tff.org/Default.aspx?pageId=397&macId=66358,BURSASPOR,2,MKE ANKARAGÜCÜ,22.0,BURSA ATATÜRK,CEM DEDA,4.11.2007 - 14:00
1098,https://www.tff.org/Default.aspx?pageId=397&macId=66359,SİVASSPOR,4,KASIMPAŞA,61.0,SİVAS 4 EYLÜL,AYTEKİN DURMAZ,4.11.2007 - 16:00
1093,https://www.tff.org/Default.aspx?pageId=397&macId=66354,GAZİANTEPSPOR,1,GALATASARAY A.Ş.,3.0,KAMİL OCAK,YUNUS YILDIRIM,4.11.2007 - 19:00
1100,https://www.tff.org/Default.aspx?pageId=397&macId=66361,DENİZLİSPOR,2,TRABZONSPOR A.Ş.,3.0,DENİZLİ ATATÜRK,MUSTAFA KAMİL ABİTOĞLU,9.11.2007 - 20:00
1102,https://www.tff.org/Default.aspx?pageId=397&macId=66363,KONYASPOR,2,ÇAYKUR RİZESPOR,3.0,BŞ BLD ATATÜRK,HÜSEYİN GÖÇEK,10.11.2007 - 14:00
1103,https://www.tff.org/Default.aspx?pageId=397&macId=66364,KASIMPAŞA,1,GENÇLERBİRLİĞİ OFTAŞSPOR,3.0,ATATÜRK OLİMPİYAT,HAKAN ÖZKAN,10.11.2007 - 14:00
1104,https://www.tff.org/Default.aspx?pageId=397&macId=66365,VESTEL MANİSASPOR,1,BURSASPOR,2.0,MANİSA 19 MAYIS,BARIŞ ŞİMŞEK,10.11.2007 - 14:00
1105,https://www.tff.org/Default.aspx?pageId=397&macId=66366,MKE ANKARAGÜCÜ,1,GAZİANTEPSPOR,3.0,ANKARA 19 MAYIS,FIRAT AYDINUS,10.11.2007 - 14:00
1107,https://www.tff.org/Default.aspx?pageId=397&macId=66368,ANKARASPOR A.Ş.,1,BÜYÜKŞEHİR BLD.SPOR,8.0,YENİKENT ASAŞ,BÜLENT DEMİRLEK,10.11.2007 - 14:00
1108,https://www.tff.org/Default.aspx?pageId=397&macId=66369,BEŞİKTAŞ A.Ş.,1,SİVASSPOR,58.0,BEŞİKTAŞ İNÖNÜ,BÜNYAMİN GEZER,10.11.2007 - 20:00
1101,https://www.tff.org/Default.aspx?pageId=397&macId=66362,KAYSERİSPOR,2,FENERBAHÇE,2.0,BŞ BLD ATATÜRK,OKTAY DEMİRAY,11.11.2007 - 16:00
1106,https://www.tff.org/Default.aspx?pageId=397&macId=66367,GALATASARAY A.Ş.,3,GENÇLERBİRLİĞİ,4.0,ALİ SAMİ YEN,AYTEKİN DURMAZ,11.11.2007 - 20:00
1109,https://www.tff.org/Default.aspx?pageId=397&macId=66370,BÜYÜKŞEHİR BLD.SPOR,0,DENİZLİSPOR,3.0,ATATÜRK OLİMPİYAT,ZAFER ÖNDER İPEK,24.11.2007 - 14:00
1110,https://www.tff.org/Default.aspx?pageId=397&macId=66371,GENÇLERBİRLİĞİ OFTAŞSPOR,0,BEŞİKTAŞ A.Ş.,4.0,ANKARA 19 MAYIS,HALİS ÖZKAHYA,24.11.2007 - 15:30
1116,https://www.tff.org/Default.aspx?pageId=397&macId=66377,FENERBAHÇE,4,ANKARASPOR A.Ş.,3.0,FB ŞÜKRÜ SARACOĞLU,CÜNEYT ÇAKIR,24.11.2007 - 19:00
1113,https://www.tff.org/Default.aspx?pageId=397&macId=66374,MKE ANKARAGÜCÜ,1,VESTEL MANİSASPOR,2.0,ANKARA 19 MAYIS,BÜLENT YILDIRIM,25.11.2007 - 14:00
1114,https://www.tff.org/Default.aspx?pageId=397&macId=66375,BURSASPOR,1,KONYASPOR,2.0,BURSA ATATÜRK,FIRAT AYDINUS,25.11.2007 - 14:00
1117,https://www.tff.org/Default.aspx?pageId=397&macId=66378,GAZİANTEPSPOR,2,GENÇLERBİRLİĞİ,7.0,KAMİL OCAK,BÜLENT DEMİRLEK,25.11.2007 - 14:00
1115,https://www.tff.org/Default.aspx?pageId=397&macId=66376,ÇAYKUR RİZESPOR,2,KASIMPAŞA,2.0,RİZE ATATÜRK,CEM DEDA,25.11.2007 - 14:10
1111,https://www.tff.org/Default.aspx?pageId=397&macId=66372,SİVASSPOR,1,KAYSERİSPOR,61.0,SİVAS 4 EYLÜL,VEDAT YÜKSEL,25.11.2007 - 15:30
1112,https://www.tff.org/Default.aspx?pageId=397&macId=66373,TRABZONSPOR A.Ş.,0,GALATASARAY A.Ş.,30.0,HÜSEYİN AVNİ AKER,SELÇUK DERELİ,25.11.2007 - 19:00
1118,https://www.tff.org/Default.aspx?pageId=397&macId=66379,GENÇLERBİRLİĞİ,2,TRABZONSPOR A.Ş.,4.0,ANKARA 19 MAYIS,VEDAT YÜKSEL,30.11.2007 - 20:00
1120,https://www.tff.org/Default.aspx?pageId=397&macId=66381,KONYASPOR,1,MKE ANKARAGÜCÜ,3.0,BŞ BLD ATATÜRK,MEHMET FATİH GÖKÇE,1.12.2007 - 14:00
1121,https://www.tff.org/Default.aspx?pageId=397&macId=66382,KASIMPAŞA,0,BURSASPOR,3.0,ATATÜRK OLİMPİYAT,KUDDUSİ MÜFTÜOĞLU,1.12.2007 - 14:00
1123,https://www.tff.org/Default.aspx?pageId=397&macId=66384,DENİZLİSPOR,0,FENERBAHÇE,3.0,DENİZLİ ATATÜRK,BÜLENT YILDIRIM,1.12.2007 - 19:00
1122,https://www.tff.org/Default.aspx?pageId=397&macId=66383,VESTEL MANİSASPOR,1,GAZİANTEPSPOR,4.0,MANİSA 19 MAYIS,HAKAN SİVRİSERVİ,2.12.2007 - 14:00
1124,https://www.tff.org/Default.aspx?pageId=397&macId=66385,ANKARASPOR A.Ş.,2,SİVASSPOR,3.0,YENİKENT ASAŞ,YUNUS YILDIRIM,2.12.2007 - 14:00
1125,https://www.tff.org/Default.aspx?pageId=397&macId=66386,KAYSERİSPOR,1,GENÇLERBİRLİĞİ OFTAŞSPOR,2.0,KAYSERİ ATATÜRK,ABDULLAH YILMAZ,2.12.2007 - 14:00
1119,https://www.tff.org/Default.aspx?pageId=397&macId=66380,GALATASARAY A.Ş.,2,BÜYÜKŞEHİR BLD.SPOR,33.0,ALİ SAMİ YEN,HÜSEYİN GÖÇEK,2.12.2007 - 15:30
1126,https://www.tff.org/Default.aspx?pageId=397&macId=66387,BEŞİKTAŞ A.Ş.,1,ÇAYKUR RİZESPOR,58.0,BEŞİKTAŞ İNÖNÜ,ZAFER ÖNDER İPEK,2.12.2007 - 19:00
1128,https://www.tff.org/Default.aspx?pageId=397&macId=66389,BURSASPOR,0,BEŞİKTAŞ A.Ş.,2.0,BURSA ATATÜRK,YUNUS YILDIRIM,7.12.2007 - 20:00
1131,https://www.tff.org/Default.aspx?pageId=397&macId=66392,MKE ANKARAGÜCÜ,2,KASIMPAŞA,2.0,ANKARA 19 MAYIS,SELÇUK DERELİ,8.12.2007 - 14:00
1132,https://www.tff.org/Default.aspx?pageId=397&macId=66393,ÇAYKUR RİZESPOR,0,KAYSERİSPOR,2.0,RİZE ATATÜRK,İSMET ARZUMAN,8.12.2007 - 14:00
1134,https://www.tff.org/Default.aspx?pageId=397&macId=66395,FENERBAHÇE,2,GALATASARAY A.Ş.,2.0,FB ŞÜKRÜ SARACOĞLU,FIRAT AYDINUS,8.12.2007 - 19:00
1127,https://www.tff.org/Default.aspx?pageId=397&macId=66388,BÜYÜKŞEHİR BLD.SPOR,0,GENÇLERBİRLİĞİ,5.0,ATATÜRK OLİMPİYAT,MUSTAFA KAMİL ABİTOĞLU,9.12.2007 - 14:00
1133,https://www.tff.org/Default.aspx?pageId=397&macId=66394,GENÇLERBİRLİĞİ OFTAŞSPOR,0,ANKARASPOR A.Ş.,4.0,ANKARA 19 MAYIS,BÜLENT DEMİRLEK,9.12.2007 - 14:00
1135,https://www.tff.org/Default.aspx?pageId=397&macId=66396,KONYASPOR,4,VESTEL MANİSASPOR,3.0,KONYA ATATÜRK,AYTEKİN DURMAZ,9.12.2007 - 14:00
1129,https://www.tff.org/Default.aspx?pageId=397&macId=66390,SİVASSPOR,2,DENİZLİSPOR,61.0,SİVAS 4 EYLÜL,ÖZGÜÇ TÜRKALP,9.12.2007 - 15:30
1130,https://www.tff.org/Default.aspx?pageId=397&macId=66391,TRABZONSPOR A.Ş.,3,GAZİANTEPSPOR,15.0,HÜSEYİN AVNİ AKER,BÜNYAMİN GEZER,9.12.2007 - 19:00
1136,https://www.tff.org/Default.aspx?pageId=397&macId=66397,GALATASARAY A.Ş.,2,SİVASSPOR,8.0,ALİ SAMİ YEN,BÜLENT YILDIRIM,14.12.2007 - 20:00
1138,https://www.tff.org/Default.aspx?pageId=397&macId=66399,GAZİANTEPSPOR,2,KONYASPOR,3.0,KAMİL OCAK,MUSTAFA KAMİL ABİTOĞLU,15.12.2007 - 14:00
1143,https://www.tff.org/Default.aspx?pageId=397&macId=66404,ANKARASPOR A.Ş.,1,ÇAYKUR RİZESPOR,3.0,YENİKENT ASAŞ,HALİS ÖZKAHYA,15.12.2007 - 14:00
1140,https://www.tff.org/Default.aspx?pageId=397&macId=66401,TRABZONSPOR A.Ş.,2,BÜYÜKŞEHİR BLD.SPOR,30.0,HÜSEYİN AVNİ AKER,İSMET ARZUMAN,15.12.2007 - 19:00
1137,https://www.tff.org/Default.aspx?pageId=397&macId=66398,KAYSERİSPOR,4,BURSASPOR,5.0,BŞ BLD ATATÜRK,CÜNEYT ÇAKIR,16.12.2007 - 14:00
1139,https://www.tff.org/Default.aspx?pageId=397&macId=66400,KASIMPAŞA,2,VESTEL MANİSASPOR,33.0,ATATÜRK OLİMPİYAT,UĞUR SÖYLEMEZ,16.12.2007 - 14:00
1142,https://www.tff.org/Default.aspx?pageId=397&macId=66403,DENİZLİSPOR,2,GENÇLERBİRLİĞİ OFTAŞSPOR,4.0,DENİZLİ ATATÜRK,BARIŞ ŞİMŞEK,16.12.2007 - 14:00
1141,https://www.tff.org/Default.aspx?pageId=397&macId=66402,GENÇLERBİRLİĞİ,1,FENERBAHÇE,4.0,ANKARA 19 MAYIS,YUNUS YILDIRIM,16.12.2007 - 15:30
1144,https://www.tff.org/Default.aspx?pageId=397&macId=66405,BEŞİKTAŞ A.Ş.,3,MKE ANKARAGÜCÜ,58.0,BEŞİKTAŞ İNÖNÜ,BÜLENT DEMİRLEK,16.12.2007 - 19:00
1148,https://www.tff.org/Default.aspx?pageId=397&macId=66409,VESTEL MANİSASPOR,1,BEŞİKTAŞ A.Ş.,4.0,MANİSA 19 MAYIS,MUSTAFA KAMİL ABİTOĞLU,21.12.2007 - 20:00
1149,https://www.tff.org/Default.aspx?pageId=397&macId=66410,MKE ANKARAGÜCÜ,1,KAYSERİSPOR,3.0,ANKARA 19 MAYIS,BARIŞ ŞİMŞEK,22.12.2007 - 14:00
1153,https://www.tff.org/Default.aspx?pageId=397&macId=66414,KONYASPOR,2,KASIMPAŞA,3.0,KONYA ATATÜRK,CÜNEYT BAKIROĞLU,22.12.2007 - 14:00
1147,https://www.tff.org/Default.aspx?pageId=397&macId=66408,FENERBAHÇE,3,TRABZONSPOR A.Ş.,3.0,FB ŞÜKRÜ SARACOĞLU,BÜLENT YILDIRIM,22.12.2007 - 19:00
1145,https://www.tff.org/Default.aspx?pageId=397&macId=66406,BÜYÜKŞEHİR BLD.SPOR,1,GAZİANTEPSPOR,6.0,ATATÜRK OLİMPİYAT,DENİZ ÇOBAN,23.12.2007 - 14:00
1146,https://www.tff.org/Default.aspx?pageId=397&macId=66407,ÇAYKUR RİZESPOR,2,DENİZLİSPOR,2.0,RİZE ATATÜRK,AYTEKİN DURMAZ,23.12.2007 - 14:00
1150,https://www.tff.org/Default.aspx?pageId=397&macId=66411,BURSASPOR,0,ANKARASPOR A.Ş.,2.0,BURSA ATATÜRK,HÜSEYİN GÖÇEK,23.12.2007 - 14:00
1152,https://www.tff.org/Default.aspx?pageId=397&macId=66413,SİVASSPOR,2,GENÇLERBİRLİĞİ,8.0,SİVAS 4 EYLÜL,FIRAT AYDINUS,23.12.2007 - 15:30
1151,https://www.tff.org/Default.aspx?pageId=397&macId=66412,GENÇLERBİRLİĞİ OFTAŞSPOR,0,GALATASARAY A.Ş.,4.0,ANKARA 19 MAYIS,KUDDUSİ MÜFTÜOĞLU,23.12.2007 - 19:00
1155,https://www.tff.org/Default.aspx?pageId=397&macId=66416,GENÇLERBİRLİĞİ OFTAŞSPOR,1,GENÇLERBİRLİĞİ,4.0,ANKARA 19 MAYIS,İLKER MERAL,12.01.2008 - 13:30
1162,https://www.tff.org/Default.aspx?pageId=397&macId=66423,KASIMPAŞA,0,GAZİANTEPSPOR,77.0,ATATÜRK OLİMPİYAT,BÜLENT DEMİRLEK,12.01.2008 - 13:30
1161,https://www.tff.org/Default.aspx?pageId=397&macId=66422,KONYASPOR,1,BEŞİKTAŞ A.Ş.,3.0,KONYA ATATÜRK,HALİS ÖZKAHYA,12.01.2008 - 15:00
1156,https://www.tff.org/Default.aspx?pageId=397&macId=66417,ÇAYKUR RİZESPOR,2,GALATASARAY A.Ş.,2.0,RİZE ATATÜRK,VEDAT YÜKSEL,12.01.2008 - 19:00
1158,https://www.tff.org/Default.aspx?pageId=397&macId=66419,BURSASPOR,1,DENİZLİSPOR,2.0,BURSA ATATÜRK,İSMET ARZUMAN,13.01.2008 - 13:30
1159,https://www.tff.org/Default.aspx?pageId=397&macId=66420,MKE ANKARAGÜCÜ,1,ANKARASPOR A.Ş.,3.0,ANKARA 19 MAYIS,FIRAT AYDINUS,13.01.2008 - 13:30
1160,https://www.tff.org/Default.aspx?pageId=397&macId=66421,VESTEL MANİSASPOR,0,KAYSERİSPOR,4.0,MANİSA 19 MAYIS,HÜSEYİN GÖÇEK,13.01.2008 - 13:30
1157,https://www.tff.org/Default.aspx?pageId=397&macId=66418,SİVASSPOR,2,TRABZONSPOR A.Ş.,61.0,SİVAS 4 EYLÜL,SELÇUK DERELİ,13.01.2008 - 15:15
1154,https://www.tff.org/Default.aspx?pageId=397&macId=66415,FENERBAHÇE,2,BÜYÜKŞEHİR BLD.SPOR,2.0,FB ŞÜKRÜ SARACOĞLU,CÜNEYT ÇAKIR,13.01.2008 - 19:00
1168,https://www.tff.org/Default.aspx?pageId=397&macId=66429,BÜYÜKŞEHİR BLD.SPOR,0,SİVASSPOR,8.0,ATATÜRK OLİMPİYAT,VEDAT YÜKSEL,19.01.2008 - 13:30
1163,https://www.tff.org/Default.aspx?pageId=397&macId=66424,TRABZONSPOR A.Ş.,1,GENÇLERBİRLİĞİ OFTAŞSPOR,85.0,HÜSEYİN AVNİ AKER,OKTAY DEMİRAY,19.01.2008 - 15:00
1171,https://www.tff.org/Default.aspx?pageId=397&macId=66432,BEŞİKTAŞ A.Ş.,4,KASIMPAŞA,58.0,BEŞİKTAŞ İNÖNÜ,AYTEKİN DURMAZ,19.01.2008 - 19:00
1164,https://www.tff.org/Default.aspx?pageId=397&macId=66425,KAYSERİSPOR,3,KONYASPOR,2.0,BŞ BLD ATATÜRK,KUDDUSİ MÜFTÜOĞLU,20.01.2008 - 13:30
1165,https://www.tff.org/Default.aspx?pageId=397&macId=66426,ANKARASPOR A.Ş.,1,VESTEL MANİSASPOR,2.0,YENİKENT ASAŞ,BÜLENT DEMİRLEK,20.01.2008 - 13:30
1166,https://www.tff.org/Default.aspx?pageId=397&macId=66427,DENİZLİSPOR,1,MKE ANKARAGÜCÜ,2.0,DENİZLİ ATATÜRK,HALİS ÖZKAHYA,20.01.2008 - 13:30
1167,https://www.tff.org/Default.aspx?pageId=397&macId=66428,GENÇLERBİRLİĞİ,4,ÇAYKUR RİZESPOR,3.0,ANKARA 19 MAYIS,CÜNEYT ÇAKIR,20.01.2008 - 13:30
1169,https://www.tff.org/Default.aspx?pageId=397&macId=66430,GAZİANTEPSPOR,0,FENERBAHÇE,3.0,KAMİL OCAK,MUSTAFA KAMİL ABİTOĞLU,20.01.2008 - 15:00
1170,https://www.tff.org/Default.aspx?pageId=397&macId=66431,GALATASARAY A.Ş.,1,BURSASPOR,2.0,ALİ SAMİ YEN,BÜLENT YILDIRIM,20.01.2008 - 19:00
1175,https://www.tff.org/Default.aspx?pageId=397&macId=66436,GENÇLERBİRLİĞİ OFTAŞSPOR,3,BÜYÜKŞEHİR BLD.SPOR,4.0,ANKARA 19 MAYIS,GÖKHAN GÜNEŞER,26.01.2008 - 13:30
1172,https://www.tff.org/Default.aspx?pageId=397&macId=66433,BEŞİKTAŞ A.Ş.,3,GAZİANTEPSPOR,58.0,BEŞİKTAŞ İNÖNÜ,CÜNEYT ÇAKIR,26.01.2008 - 19:00
1174,https://www.tff.org/Default.aspx?pageId=397&macId=66435,VESTEL MANİSASPOR,3,DENİZLİSPOR,4.0,MANİSA 19 MAYIS,SELÇUK DERELİ,27.01.2008 - 13:30
1178,https://www.tff.org/Default.aspx?pageId=397&macId=66439,KASIMPAŞA,0,KAYSERİSPOR,77.0,ATATÜRK OLİMPİYAT,ÖZGÜÇ TÜRKALP,27.01.2008 - 13:30
1180,https://www.tff.org/Default.aspx?pageId=397&macId=66441,KONYASPOR,1,ANKARASPOR A.Ş.,3.0,KONYA ATATÜRK,İSMET ARZUMAN,27.01.2008 - 13:30
1179,https://www.tff.org/Default.aspx?pageId=397&macId=66440,SİVASSPOR,1,FENERBAHÇE,61.0,SİVAS 4 EYLÜL,YUNUS YILDIRIM,27.01.2008 - 14:00
1177,https://www.tff.org/Default.aspx?pageId=397&macId=66438,MKE ANKARAGÜCÜ,0,GALATASARAY A.Ş.,8.0,ANKARA 19 MAYIS,BÜLENT DEMİRLEK,27.01.2008 - 19:00
1176,https://www.tff.org/Default.aspx?pageId=397&macId=66437,BURSASPOR,2,GENÇLERBİRLİĞİ,2.0,BURSA ATATÜRK,HÜSEYİN GÖÇEK,28.01.2008 - 19:00
1173,https://www.tff.org/Default.aspx?pageId=397&macId=66434,ÇAYKUR RİZESPOR,0,TRABZONSPOR A.Ş.,2.0,RİZE ATATÜRK,FIRAT AYDINUS,28.01.2008 - 20:00
1182,https://www.tff.org/Default.aspx?pageId=397&macId=66443,BÜYÜKŞEHİR BLD.SPOR,2,ÇAYKUR RİZESPOR,4.0,ATATÜRK OLİMPİYAT,UĞUR SÖYLEMEZ,9.02.2008 - 13:30
1183,https://www.tff.org/Default.aspx?pageId=397&macId=66444,KAYSERİSPOR,2,BEŞİKTAŞ A.Ş.,5.0,BŞ BLD ATATÜRK,BÜLENT DEMİRLEK,9.02.2008 - 14:00
1184,https://www.tff.org/Default.aspx?pageId=397&macId=66445,GALATASARAY A.Ş.,6,VESTEL MANİSASPOR,2.0,ALİ SAMİ YEN,BÜNYAMİN GEZER,9.02.2008 - 19:00
1181,https://www.tff.org/Default.aspx?pageId=397&macId=66442,GENÇLERBİRLİĞİ,1,MKE ANKARAGÜCÜ,5.0,ANKARA 19 MAYIS,AYTEKİN DURMAZ,10.02.2008 - 13:30
1187,https://www.tff.org/Default.aspx?pageId=397&macId=66448,GAZİANTEPSPOR,0,SİVASSPOR,4.0,KAMİL OCAK,KUDDUSİ MÜFTÜOĞLU,10.02.2008 - 13:30
1188,https://www.tff.org/Default.aspx?pageId=397&macId=66449,DENİZLİSPOR,2,KONYASPOR,4.0,DENİZLİ ATATÜRK,CÜNEYT ÇAKIR,10.02.2008 - 13:30
1189,https://www.tff.org/Default.aspx?pageId=397&macId=66450,ANKARASPOR A.Ş.,2,KASIMPAŞA,2.0,YENİKENT ASAŞ,HAKAN ÖZKAN,10.02.2008 - 13:30
1185,https://www.tff.org/Default.aspx?pageId=397&macId=66446,TRABZONSPOR A.Ş.,2,BURSASPOR,18.0,HÜSEYİN AVNİ AKER,SELÇUK DERELİ,10.02.2008 - 19:00
1186,https://www.tff.org/Default.aspx?pageId=397&macId=66447,FENERBAHÇE,3,GENÇLERBİRLİĞİ OFTAŞSPOR,3.0,FB ŞÜKRÜ SARACOĞLU,İSMET ARZUMAN,10.02.2008 - 19:00
1192,https://www.tff.org/Default.aspx?pageId=397&macId=66453,ÇAYKUR RİZESPOR,2,FENERBAHÇE,3.0,RİZE ATATÜRK,ZAFER ÖNDER İPEK,15.02.2008 - 20:00
1190,https://www.tff.org/Default.aspx?pageId=397&macId=66451,BURSASPOR,2,BÜYÜKŞEHİR BLD.SPOR,8.0,BURSA ATATÜRK,MUSTAFA KAMİL ABİTOĞLU,16.02.2008 - 13:30
1191,https://www.tff.org/Default.aspx?pageId=397&macId=66452,GENÇLERBİRLİĞİ OFTAŞSPOR,0,SİVASSPOR,4.0,ANKARA 19 MAYIS,HALİS ÖZKAHYA,16.02.2008 - 13:30
1198,https://www.tff.org/Default.aspx?pageId=397&macId=66459,BEŞİKTAŞ A.Ş.,3,ANKARASPOR A.Ş.,5.0,BEŞİKTAŞ İNÖNÜ,YUNUS YILDIRIM,16.02.2008 - 19:00
1193,https://www.tff.org/Default.aspx?pageId=397&macId=66454,KAYSERİSPOR,3,GAZİANTEPSPOR,5.0,BŞ BLD ATATÜRK,SELÇUK DERELİ,17.02.2008 - 13:30
1195,https://www.tff.org/Default.aspx?pageId=397&macId=66456,VESTEL MANİSASPOR,1,GENÇLERBİRLİĞİ,4.0,MANİSA 19 MAYIS,FIRAT AYDINUS,17.02.2008 - 13:30
1197,https://www.tff.org/Default.aspx?pageId=397&macId=66458,KASIMPAŞA,1,DENİZLİSPOR,14.0,ATATÜRK OLİMPİYAT,GÖKHAN GÜNEŞER,17.02.2008 - 13:30
1194,https://www.tff.org/Default.aspx?pageId=397&macId=66455,MKE ANKARAGÜCÜ,0,TRABZONSPOR A.Ş.,3.0,ANKARA 19 MAYIS,CÜNEYT ÇAKIR,17.02.2008 - 15:00
1196,https://www.tff.org/Default.aspx?pageId=397&macId=66457,KONYASPOR,0,GALATASARAY A.Ş.,3.0,BŞ BLD ATATÜRK,BARIŞ ŞİMŞEK,18.02.2008 - 13:00
1206,https://www.tff.org/Default.aspx?pageId=397&macId=66467,DENİZLİSPOR,1,BEŞİKTAŞ A.Ş.,2.0,DENİZLİ ATATÜRK,MUSTAFA KAMİL ABİTOĞLU,22.02.2008 - 20:00
1200,https://www.tff.org/Default.aspx?pageId=397&macId=66461,GAZİANTEPSPOR,1,GENÇLERBİRLİĞİ OFTAŞSPOR,4.0,KAMİL OCAK,HAKAN ÖZKAN,23.02.2008 - 13:30
1207,https://www.tff.org/Default.aspx?pageId=397&macId=66468,GENÇLERBİRLİĞİ,6,KONYASPOR,5.0,ANKARA 19 MAYIS,YUNUS YILDIRIM,23.02.2008 - 13:30
1204,https://www.tff.org/Default.aspx?pageId=397&macId=66465,FENERBAHÇE,0,BURSASPOR,5.0,FB ŞÜKRÜ SARACOĞLU,BÜNYAMİN GEZER,23.02.2008 - 19:00
1199,https://www.tff.org/Default.aspx?pageId=397&macId=66460,SİVASSPOR,0,ÇAYKUR RİZESPOR,61.0,SİVAS 4 EYLÜL,BÜLENT YILDIRIM,24.02.2008 - 13:30
1203,https://www.tff.org/Default.aspx?pageId=397&macId=66464,BÜYÜKŞEHİR BLD.SPOR,1,MKE ANKARAGÜCÜ,6.0,ATATÜRK OLİMPİYAT,KUDDUSİ MÜFTÜOĞLU,24.02.2008 - 13:30
1205,https://www.tff.org/Default.aspx?pageId=397&macId=66466,ANKARASPOR A.Ş.,0,KAYSERİSPOR,2.0,YENİKENT ASAŞ,FIRAT AYDINUS,24.02.2008 - 13:30
1202,https://www.tff.org/Default.aspx?pageId=397&macId=66463,TRABZONSPOR A.Ş.,2,VESTEL MANİSASPOR,38.0,HÜSEYİN AVNİ AKER,AYTEKİN DURMAZ,24.02.2008 - 15:00
1201,https://www.tff.org/Default.aspx?pageId=397&macId=66462,GALATASARAY A.Ş.,0,KASIMPAŞA,2.0,ALİ SAMİ YEN,SÜLEYMAN ABAY,24.02.2008 - 19:00
1211,https://www.tff.org/Default.aspx?pageId=397&macId=66472,KONYASPOR,1,TRABZONSPOR A.Ş.,3.0,KONYA ATATÜRK,FIRAT AYDINUS,29.02.2008 - 20:00
1208,https://www.tff.org/Default.aspx?pageId=397&macId=66469,VESTEL MANİSASPOR,1,BÜYÜKŞEHİR BLD.SPOR,4.0,MANİSA 19 MAYIS,BÜLENT YILDIRIM,1.03.2008 - 13:30
1212,https://www.tff.org/Default.aspx?pageId=397&macId=66473,KASIMPAŞA,0,GENÇLERBİRLİĞİ,33.0,ATATÜRK OLİMPİYAT,KUDDUSİ MÜFTÜOĞLU,1.03.2008 - 13:30
1215,https://www.tff.org/Default.aspx?pageId=397&macId=66476,MKE ANKARAGÜCÜ,0,FENERBAHÇE,3.0,ANKARA 19 MAYIS,HALİS ÖZKAHYA,1.03.2008 - 19:00
1210,https://www.tff.org/Default.aspx?pageId=397&macId=66471,ÇAYKUR RİZESPOR,0,GENÇLERBİRLİĞİ OFTAŞSPOR,11.0,RİZE ATATÜRK,MUSTAFA KAMİL ABİTOĞLU,2.03.2008 - 13:30
1213,https://www.tff.org/Default.aspx?pageId=397&macId=66474,KAYSERİSPOR,1,DENİZLİSPOR,5.0,BŞ BLD ATATÜRK,ZAFER ÖNDER İPEK,2.03.2008 - 13:30
1216,https://www.tff.org/Default.aspx?pageId=397&macId=66477,ANKARASPOR A.Ş.,1,GAZİANTEPSPOR,3.0,YENİKENT ASAŞ,SÜLEYMAN ABAY,2.03.2008 - 13:30
1214,https://www.tff.org/Default.aspx?pageId=397&macId=66475,BURSASPOR,0,SİVASSPOR,2.0,BURSA ATATÜRK,SELÇUK DERELİ,2.03.2008 - 15:00
1209,https://www.tff.org/Default.aspx?pageId=397&macId=66470,BEŞİKTAŞ A.Ş.,1,GALATASARAY A.Ş.,5.0,BEŞİKTAŞ İNÖNÜ,BÜNYAMİN GEZER,2.03.2008 - 19:00
1219,https://www.tff.org/Default.aspx?pageId=397&macId=66480,GENÇLERBİRLİĞİ,1,BEŞİKTAŞ A.Ş.,5.0,ANKARA 19 MAYIS,YUNUS YILDIRIM,7.03.2008 - 20:00
1223,https://www.tff.org/Default.aspx?pageId=397&macId=66484,DENİZLİSPOR,1,ANKARASPOR A.Ş.,2.0,DENİZLİ ATATÜRK,BARIŞ ŞİMŞEK,8.03.2008 - 13:30
1225,https://www.tff.org/Default.aspx?pageId=397&macId=66486,BÜYÜKŞEHİR BLD.SPOR,5,KONYASPOR,6.0,ATATÜRK OLİMPİYAT,HAKAN ÖZKAN,8.03.2008 - 13:30
1224,https://www.tff.org/Default.aspx?pageId=397&macId=66485,GALATASARAY A.Ş.,2,KAYSERİSPOR,2.0,ALİ SAMİ YEN,SELÇUK DERELİ,8.03.2008 - 19:00
1218,https://www.tff.org/Default.aspx?pageId=397&macId=66479,SİVASSPOR,3,MKE ANKARAGÜCÜ,61.0,SİVAS 4 EYLÜL,SÜLEYMAN ABAY,9.03.2008 - 13:30
1221,https://www.tff.org/Default.aspx?pageId=397&macId=66482,GENÇLERBİRLİĞİ OFTAŞSPOR,2,BURSASPOR,55.0,ANKARA 19 MAYIS,HAKAN SİVRİSERVİ,9.03.2008 - 13:30
1222,https://www.tff.org/Default.aspx?pageId=397&macId=66483,GAZİANTEPSPOR,1,ÇAYKUR RİZESPOR,8.0,KAMİL OCAK,HÜSEYİN GÖÇEK,9.03.2008 - 13:30
1217,https://www.tff.org/Default.aspx?pageId=397&macId=66478,TRABZONSPOR A.Ş.,2,KASIMPAŞA,18.0,HÜSEYİN AVNİ AKER,ÖZGÜÇ TÜRKALP,9.03.2008 - 15:00
1220,https://www.tff.org/Default.aspx?pageId=397&macId=66481,FENERBAHÇE,4,VESTEL MANİSASPOR,2.0,FB ŞÜKRÜ SARACOĞLU,KUDDUSİ MÜFTÜOĞLU,9.03.2008 - 19:00
1233,https://www.tff.org/Default.aspx?pageId=397&macId=66494,VESTEL MANİSASPOR,1,SİVASSPOR,5.0,MANİSA 19 MAYIS,HALİS ÖZKAHYA,14.03.2008 - 20:00
1226,https://www.tff.org/Default.aspx?pageId=397&macId=66487,KAYSERİSPOR,3,GENÇLERBİRLİĞİ,4.0,BŞ BLD ATATÜRK,DENİZ ÇOBAN,15.03.2008 - 13:30
1227,https://www.tff.org/Default.aspx?pageId=397&macId=66488,BURSASPOR,2,ÇAYKUR RİZESPOR,2.0,BURSA ATATÜRK,FIRAT AYDINUS,15.03.2008 - 13:30
1231,https://www.tff.org/Default.aspx?pageId=397&macId=66492,ANKARASPOR A.Ş.,0,GALATASARAY A.Ş.,3.0,YENİKENT ASAŞ,YUNUS YILDIRIM,15.03.2008 - 19:00
1229,https://www.tff.org/Default.aspx?pageId=397&macId=66490,KASIMPAŞA,1,BÜYÜKŞEHİR BLD.SPOR,33.0,RECEP TAYYİP ERDOĞAN,BARIŞ ŞİMŞEK,16.03.2008 - 13:30
1232,https://www.tff.org/Default.aspx?pageId=397&macId=66493,MKE ANKARAGÜCÜ,2,GENÇLERBİRLİĞİ OFTAŞSPOR,6.0,ANKARA 19 MAYIS,BÜNYAMİN GEZER,16.03.2008 - 13:30
1234,https://www.tff.org/Default.aspx?pageId=397&macId=66495,DENİZLİSPOR,2,GAZİANTEPSPOR,2.0,DENİZLİ ATATÜRK,SELÇUK DERELİ,16.03.2008 - 13:30
1228,https://www.tff.org/Default.aspx?pageId=397&macId=66489,KONYASPOR,1,FENERBAHÇE,4.0,BŞ BLD ATATÜRK,MUSTAFA KAMİL ABİTOĞLU,16.03.2008 - 15:00
1230,https://www.tff.org/Default.aspx?pageId=397&macId=66491,BEŞİKTAŞ A.Ş.,3,TRABZONSPOR A.Ş.,5.0,BEŞİKTAŞ İNÖNÜ,BÜLENT YILDIRIM,16.03.2008 - 19:00
1237,https://www.tff.org/Default.aspx?pageId=397&macId=66498,FENERBAHÇE,3,KASIMPAŞA,2.0,FB ŞÜKRÜ SARACOĞLU,HÜSEYİN GÖÇEK,21.03.2008 - 20:00
1238,https://www.tff.org/Default.aspx?pageId=397&macId=66499,GENÇLERBİRLİĞİ OFTAŞSPOR,1,VESTEL MANİSASPOR,55.0,ANKARA 19 MAYIS,BARIŞ ŞİMŞEK,22.03.2008 - 13:30
1240,https://www.tff.org/Default.aspx?pageId=397&macId=66501,GAZİANTEPSPOR,1,BURSASPOR,5.0,KAMİL OCAK,ZAFER ÖNDER İPEK,22.03.2008 - 19:00
1243,https://www.tff.org/Default.aspx?pageId=397&macId=66504,BÜYÜKŞEHİR BLD.SPOR,2,BEŞİKTAŞ A.Ş.,6.0,ATATÜRK OLİMPİYAT,HAKAN SİVRİSERVİ,22.03.2008 - 19:00
1236,https://www.tff.org/Default.aspx?pageId=397&macId=66497,SİVASSPOR,3,KONYASPOR,61.0,SİVAS 4 EYLÜL,BÜNYAMİN GEZER,23.03.2008 - 13:30
1239,https://www.tff.org/Default.aspx?pageId=397&macId=66500,ÇAYKUR RİZESPOR,0,MKE ANKARAGÜCÜ,7.0,RİZE ATATÜRK,CÜNEYT ÇAKIR,23.03.2008 - 13:30
1242,https://www.tff.org/Default.aspx?pageId=397&macId=66503,GENÇLERBİRLİĞİ,1,ANKARASPOR A.Ş.,7.0,ANKARA 19 MAYIS,MUSTAFA KAMİL ABİTOĞLU,23.03.2008 - 13:30
1235,https://www.tff.org/Default.aspx?pageId=397&macId=66496,TRABZONSPOR A.Ş.,2,KAYSERİSPOR,15.0,HÜSEYİN AVNİ AKER,KORAY GENÇERLER,23.03.2008 - 15:00
1241,https://www.tff.org/Default.aspx?pageId=397&macId=66502,GALATASARAY A.Ş.,2,DENİZLİSPOR,2.0,ALİ SAMİ YEN,AYTEKİN DURMAZ,23.03.2008 - 19:00
1248,https://www.tff.org/Default.aspx?pageId=397&macId=66509,ANKARASPOR A.Ş.,1,TRABZONSPOR A.Ş.,0.0,YENİKENT ASAŞ,CÜNEYT ÇAKIR,29.03.2008 - 15:00
1249,https://www.tff.org/Default.aspx?pageId=397&macId=66510,DENİZLİSPOR,3,GENÇLERBİRLİĞİ,2.0,DENİZLİ ATATÜRK,HAKAN SİVRİSERVİ,29.03.2008 - 15:00
1252,https://www.tff.org/Default.aspx?pageId=397&macId=66513,BEŞİKTAŞ A.Ş.,1,FENERBAHÇE,2.0,BEŞİKTAŞ İNÖNÜ,YUNUS YILDIRIM,29.03.2008 - 19:00
1244,https://www.tff.org/Default.aspx?pageId=397&macId=66505,VESTEL MANİSASPOR,2,ÇAYKUR RİZESPOR,1.0,MANİSA 19 MAYIS,SELÇUK DERELİ,30.03.2008 - 15:00
1245,https://www.tff.org/Default.aspx?pageId=397&macId=66506,KONYASPOR,0,GENÇLERBİRLİĞİ OFTAŞSPOR,1.0,BŞ BLD ATATÜRK,HÜSEYİN GÖÇEK,30.03.2008 - 15:00
1247,https://www.tff.org/Default.aspx?pageId=397&macId=66508,KAYSERİSPOR,1,BÜYÜKŞEHİR BLD.SPOR,2.0,BŞ BLD ATATÜRK,SUAT ARSLANBOĞA,30.03.2008 - 15:00
1250,https://www.tff.org/Default.aspx?pageId=397&macId=66511,MKE ANKARAGÜCÜ,2,BURSASPOR,0.0,ANKARA 19 MAYIS,KUDDUSİ MÜFTÜOĞLU,30.03.2008 - 15:00
1251,https://www.tff.org/Default.aspx?pageId=397&macId=66512,KASIMPAŞA,0,SİVASSPOR,4.0,RECEP TAYYİP ERDOĞAN,MUSTAFA KAMİL ABİTOĞLU,30.03.2008 - 15:00
1246,https://www.tff.org/Default.aspx?pageId=397&macId=66507,GALATASARAY A.Ş.,0,GAZİANTEPSPOR,0.0,ALİ SAMİ YEN,BARIŞ ŞİMŞEK,30.03.2008 - 19:00
1253,https://www.tff.org/Default.aspx?pageId=397&macId=66514,TRABZONSPOR A.Ş.,2,DENİZLİSPOR,0.0,HÜSEYİN AVNİ AKER,HAKAN ÖZKAN,4.04.2008 - 20:00
1256,https://www.tff.org/Default.aspx?pageId=397&macId=66517,GENÇLERBİRLİĞİ OFTAŞSPOR,0,KASIMPAŞA,1.0,ANKARA 19 MAYIS,GÖKHAN GÜNEŞER,5.04.2008 - 15:00
1254,https://www.tff.org/Default.aspx?pageId=397&macId=66515,FENERBAHÇE,2,KAYSERİSPOR,1.0,FB ŞÜKRÜ SARACOĞLU,HAKAN SİVRİSERVİ,5.04.2008 - 19:00
1255,https://www.tff.org/Default.aspx?pageId=397&macId=66516,ÇAYKUR RİZESPOR,2,KONYASPOR,2.0,RİZE ATATÜRK,HALİS ÖZKAHYA,6.04.2008 - 15:00
1257,https://www.tff.org/Default.aspx?pageId=397&macId=66518,BURSASPOR,1,VESTEL MANİSASPOR,0.0,BURSA ATATÜRK,BÜNYAMİN GEZER,6.04.2008 - 15:00
1258,https://www.tff.org/Default.aspx?pageId=397&macId=66519,GAZİANTEPSPOR,2,MKE ANKARAGÜCÜ,1.0,KAMİL OCAK,FIRAT AYDINUS,6.04.2008 - 15:00
1260,https://www.tff.org/Default.aspx?pageId=397&macId=66521,BÜYÜKŞEHİR BLD.SPOR,0,ANKARASPOR A.Ş.,1.0,ATATÜRK OLİMPİYAT,AYTEKİN DURMAZ,6.04.2008 - 15:00
1261,https://www.tff.org/Default.aspx?pageId=397&macId=66522,SİVASSPOR,1,BEŞİKTAŞ A.Ş.,2.0,SİVAS 4 EYLÜL,BARIŞ ŞİMŞEK,6.04.2008 - 15:00
1259,https://www.tff.org/Default.aspx?pageId=397&macId=66520,GENÇLERBİRLİĞİ,0,GALATASARAY A.Ş.,1.0,ANKARA 19 MAYIS,KUDDUSİ MÜFTÜOĞLU,6.04.2008 - 19:00
1263,https://www.tff.org/Default.aspx?pageId=397&macId=66524,BEŞİKTAŞ A.Ş.,0,GENÇLERBİRLİĞİ OFTAŞSPOR,1.0,BEŞİKTAŞ İNÖNÜ,MUSTAFA KAMİL ABİTOĞLU,11.04.2008 - 20:00
1262,https://www.tff.org/Default.aspx?pageId=397&macId=66523,DENİZLİSPOR,2,BÜYÜKŞEHİR BLD.SPOR,3.0,DENİZLİ ATATÜRK,ÖZGÜÇ TÜRKALP,12.04.2008 - 15:00
1270,https://www.tff.org/Default.aspx?pageId=397&macId=66531,GENÇLERBİRLİĞİ,2,GAZİANTEPSPOR,0.0,ANKARA 19 MAYIS,CÜNEYT ÇAKIR,12.04.2008 - 15:00
1265,https://www.tff.org/Default.aspx?pageId=397&macId=66526,GALATASARAY A.Ş.,1,TRABZONSPOR A.Ş.,0.0,ALİ SAMİ YEN,YUNUS YILDIRIM,12.04.2008 - 19:00
1264,https://www.tff.org/Default.aspx?pageId=397&macId=66525,KAYSERİSPOR,0,SİVASSPOR,1.0,BŞ BLD ATATÜRK,FIRAT AYDINUS,13.04.2008 - 15:00
1266,https://www.tff.org/Default.aspx?pageId=397&macId=66527,VESTEL MANİSASPOR,1,MKE ANKARAGÜCÜ,2.0,MANİSA 19 MAYIS,HÜSEYİN GÖÇEK,13.04.2008 - 15:00
1267,https://www.tff.org/Default.aspx?pageId=397&macId=66528,KONYASPOR,2,BURSASPOR,0.0,BŞ BLD ATATÜRK,BARIŞ ŞİMŞEK,13.04.2008 - 15:00
1268,https://www.tff.org/Default.aspx?pageId=397&macId=66529,KASIMPAŞA,0,ÇAYKUR RİZESPOR,1.0,RECEP TAYYİP ERDOĞAN,BÜNYAMİN GEZER,13.04.2008 - 15:00
1269,https://www.tff.org/Default.aspx?pageId=397&macId=66530,ANKARASPOR A.Ş.,2,FENERBAHÇE,2.0,YENİKENT ASAŞ,HALİS ÖZKAHYA,13.04.2008 - 19:00
1271,https://www.tff.org/Default.aspx?pageId=397&macId=66532,TRABZONSPOR A.Ş.,0,GENÇLERBİRLİĞİ,0.0,HÜSEYİN AVNİ AKER,SÜLEYMAN ABAY,19.04.2008 - 15:00
1273,https://www.tff.org/Default.aspx?pageId=397&macId=66534,MKE ANKARAGÜCÜ,0,KONYASPOR,3.0,ANKARA 19 MAYIS,CÜNEYT ÇAKIR,19.04.2008 - 15:00
1274,https://www.tff.org/Default.aspx?pageId=397&macId=66535,BURSASPOR,1,KASIMPAŞA,0.0,BURSA ATATÜRK,ÖZGÜÇ TÜRKALP,19.04.2008 - 15:00
1275,https://www.tff.org/Default.aspx?pageId=397&macId=66536,GAZİANTEPSPOR,1,VESTEL MANİSASPOR,0.0,KAMİL OCAK,HALİS ÖZKAHYA,19.04.2008 - 15:00
1277,https://www.tff.org/Default.aspx?pageId=397&macId=66538,SİVASSPOR,2,ANKARASPOR A.Ş.,1.0,SİVAS 4 EYLÜL,HÜSEYİN GÖÇEK,19.04.2008 - 15:00
1276,https://www.tff.org/Default.aspx?pageId=397&macId=66537,FENERBAHÇE,4,DENİZLİSPOR,1.0,FB ŞÜKRÜ SARACOĞLU,MUSTAFA KAMİL ABİTOĞLU,19.04.2008 - 19:00
1278,https://www.tff.org/Default.aspx?pageId=397&macId=66539,GENÇLERBİRLİĞİ OFTAŞSPOR,1,KAYSERİSPOR,1.0,ANKARA 19 MAYIS,TANER GİZLENCİ,20.04.2008 - 15:00
1279,https://www.tff.org/Default.aspx?pageId=397&macId=66540,ÇAYKUR RİZESPOR,1,BEŞİKTAŞ A.Ş.,2.0,RİZE ATATÜRK,BÜLENT YILDIRIM,20.04.2008 - 15:00
1272,https://www.tff.org/Default.aspx?pageId=397&macId=66533,BÜYÜKŞEHİR BLD.SPOR,0,GALATASARAY A.Ş.,3.0,ATATÜRK OLİMPİYAT,SELÇUK DERELİ,20.04.2008 - 19:00
1280,https://www.tff.org/Default.aspx?pageId=397&macId=66541,GENÇLERBİRLİĞİ,2,BÜYÜKŞEHİR BLD.SPOR,1.0,ANKARA 19 MAYIS,HALİS ÖZKAHYA,26.04.2008 - 19:00
1281,https://www.tff.org/Default.aspx?pageId=397&macId=66542,BEŞİKTAŞ A.Ş.,3,BURSASPOR,0.0,5 OCAK,BÜNYAMİN GEZER,26.04.2008 - 19:00
1282,https://www.tff.org/Default.aspx?pageId=397&macId=66543,DENİZLİSPOR,1,SİVASSPOR,2.0,DENİZLİ ATATÜRK,YUNUS YILDIRIM,26.04.2008 - 19:00
1283,https://www.tff.org/Default.aspx?pageId=397&macId=66544,GAZİANTEPSPOR,1,TRABZONSPOR A.Ş.,1.0,KAMİL OCAK,KORAY GENÇERLER,26.04.2008 - 19:00
1284,https://www.tff.org/Default.aspx?pageId=397&macId=66545,KASIMPAŞA,2,MKE ANKARAGÜCÜ,2.0,RECEP TAYYİP ERDOĞAN,DENİZ ÇOBAN,26.04.2008 - 19:00
1285,https://www.tff.org/Default.aspx?pageId=397&macId=66546,KAYSERİSPOR,3,ÇAYKUR RİZESPOR,0.0,BŞ BLD ATATÜRK,HÜSEYİN GÖÇEK,26.04.2008 - 19:00
1286,https://www.tff.org/Default.aspx?pageId=397&macId=66547,ANKARASPOR A.Ş.,1,GENÇLERBİRLİĞİ OFTAŞSPOR,0.0,YENİKENT ASAŞ,CÜNEYT ÇAKIR,26.04.2008 - 19:00
1288,https://www.tff.org/Default.aspx?pageId=397&macId=66549,VESTEL MANİSASPOR,2,KONYASPOR,0.0,MANİSA 19 MAYIS,BÜLENT YILDIRIM,26.04.2008 - 19:00
1287,https://www.tff.org/Default.aspx?pageId=397&macId=66548,GALATASARAY A.Ş.,1,FENERBAHÇE,0.0,ALİ SAMİ YEN,FIRAT AYDINUS,27.04.2008 - 19:00
1296,https://www.tff.org/Default.aspx?pageId=397&macId=66557,ÇAYKUR RİZESPOR,0,ANKARASPOR A.Ş.,1.0,RİZE ATATÜRK,SÜLEYMAN ABAY,3.05.2008 - 15:00
1293,https://www.tff.org/Default.aspx?pageId=397&macId=66554,BÜYÜKŞEHİR BLD.SPOR,1,TRABZONSPOR A.Ş.,2.0,ATATÜRK OLİMPİYAT,İLKER MERAL,3.05.2008 - 19:00
1295,https://www.tff.org/Default.aspx?pageId=397&macId=66556,GENÇLERBİRLİĞİ OFTAŞSPOR,0,DENİZLİSPOR,2.0,ANKARA 19 MAYIS,ABDULLAH YILMAZ,3.05.2008 - 19:00
1289,https://www.tff.org/Default.aspx?pageId=397&macId=66550,SİVASSPOR,3,GALATASARAY A.Ş.,5.0,SİVAS 4 EYLÜL,HALİS ÖZKAHYA,4.05.2008 - 19:00
1290,https://www.tff.org/Default.aspx?pageId=397&macId=66551,BURSASPOR,0,KAYSERİSPOR,1.0,BURSA ATATÜRK,HAKAN ÖZKAN,4.05.2008 - 19:00
1291,https://www.tff.org/Default.aspx?pageId=397&macId=66552,KONYASPOR,1,GAZİANTEPSPOR,1.0,BŞ BLD ATATÜRK,SELÇUK DERELİ,4.05.2008 - 19:00
1292,https://www.tff.org/Default.aspx?pageId=397&macId=66553,VESTEL MANİSASPOR,1,KASIMPAŞA,2.0,MANİSA 19 MAYIS,BÜNYAMİN GEZER,4.05.2008 - 19:00
1294,https://www.tff.org/Default.aspx?pageId=397&macId=66555,FENERBAHÇE,3,GENÇLERBİRLİĞİ,2.0,FB ŞÜKRÜ SARACOĞLU,MUSTAFA KAMİL ABİTOĞLU,4.05.2008 - 19:00
1297,https://www.tff.org/Default.aspx?pageId=397&macId=66558,MKE ANKARAGÜCÜ,0,BEŞİKTAŞ A.Ş.,2.0,ANKARA 19 MAYIS,HÜSEYİN GÖÇEK,4.05.2008 - 19:00
1298,https://www.tff.org/Default.aspx?pageId=397&macId=66559,GAZİANTEPSPOR,1,BÜYÜKŞEHİR BLD.SPOR,0,KAMİL OCAK,DENİZ ÇOBAN,10.05.2008 - 15:00
1299,https://www.tff.org/Default.aspx?pageId=397&macId=66560,DENİZLİSPOR,5,ÇAYKUR RİZESPOR,1,DENİZLİ ATATÜRK,GÖKHAN GÜNEŞER,10.05.2008 - 15:00
1302,https://www.tff.org/Default.aspx?pageId=397&macId=66563,KAYSERİSPOR,0,MKE ANKARAGÜCÜ,2,BŞ BLD ATATÜRK,SÜLEYMAN ABAY,10.05.2008 - 15:00
1303,https://www.tff.org/Default.aspx?pageId=397&macId=66564,ANKARASPOR A.Ş.,1,BURSASPOR,1,YENİKENT ASAŞ,SUAT ARSLANBOĞA,10.05.2008 - 15:00
1300,https://www.tff.org/Default.aspx?pageId=397&macId=66561,TRABZONSPOR A.Ş.,2,FENERBAHÇE,0,HÜSEYİN AVNİ AKER,BÜNYAMİN GEZER,10.05.2008 - 19:00
1304,https://www.tff.org/Default.aspx?pageId=397&macId=66565,GALATASARAY A.Ş.,2,GENÇLERBİRLİĞİ OFTAŞSPOR,0,ALİ SAMİ YEN,MUSTAFA KAMİL ABİTOĞLU,10.05.2008 - 19:00
1306,https://www.tff.org/Default.aspx?pageId=397&macId=66567,KASIMPAŞA,2,KONYASPOR,1,RECEP TAYYİP ERDOĞAN,MUSTAFA İLKER COŞKUN,10.05.2008 - 19:00
1301,https://www.tff.org/Default.aspx?pageId=397&macId=66562,BEŞİKTAŞ A.Ş.,5,VESTEL MANİSASPOR,1,BEŞİKTAŞ İNÖNÜ,ÖZGÜÇ TÜRKALP,10.05.2008 - 19:05
1305,https://www.tff.org/Default.aspx?pageId=397&macId=66566,GENÇLERBİRLİĞİ,0,SİVASSPOR,2,ANKARA 19 MAYIS,AYTEKİN DURMAZ,10.05.2008 - 19:06
