Takim_adi,Oynadigi_mac_sayisi,Galibiyet_sayisi,Beraberlik_sayisi,Maglubiyet_sayisi,Attigi_gol_sayisi,Yedigi_gol_sayisi,Averaj,Puan
FENERBAHÇE,34,20,10,4,65,31,34,70
BEŞİKTAŞ A.Ş,34,18,7,9,43,32,11,61
GALATASARAY A.Ş,34,15,11,8,58,37,21,56
TRABZONSPOR A.Ş,34,15,7,12,54,44,10,52
KAYSERİSPOR,34,13,12,9,54,43,11,51
GENÇLERBİRLİĞİ,34,14,6,14,43,42,1,48
SİVASSPOR,34,14,6,14,41,44,-3,48
ANKARASPOR A.Ş,34,10,17,7,43,38,5,47
KONYASPOR,34,12,9,13,42,44,-2,45
BURSASPOR,34,12,9,13,36,42,-6,45
GAZİANTEPSPOR,34,11,10,13,31,39,-8,43
VESTEL MANİSASPOR,34,11,9,14,41,45,-4,42
MKE ANKARAGÜCÜ,34,11,9,14,32,39,-7,42
DENİZLİSPOR,34,9,14,11,33,40,-7,41
ÇAYKUR RİZESPOR,34,11,7,16,34,40,-6,40
ANTALYASPOR A.Ş,34,8,15,11,32,36,-4,39
KAYSERİ ERCİYESSPOR,34,9,10,15,29,49,-20,37
SAKARYASPOR A.Ş,34,4,10,20,25,51,-26,22
