Mac_kodu,TFF_mac_linki,Ev_sahibi,Ev_sahibi_gol,Misafir_takim,Misafir_takim_gol,Stat,Ana_hakem,Tarih_saat
1003,https://www.tff.org/Default.aspx?pageId=397&macId=2,ANKARASPOR A.Ş.,1,GALATASARAY A.Ş.,1,ANKARA 19 MAYIS,CÜNEYT ÇAKIR,4.08.2006 - 21:00
1002,https://www.tff.org/Default.aspx?pageId=397&macId=3,KAYSERİSPOR,1,TRABZONSPOR A.Ş.,0,KAYSERİ ATATÜRK,CEM PAPİLA,5.08.2006 - 19:00
1006,https://www.tff.org/Default.aspx?pageId=397&macId=4,FENERBAHÇE,6,KAYSERİ ERCİYESSPOR,0,FB ŞÜKRÜ SARACOĞLU,BÜLENT DEMİRLEK,5.08.2006 - 21:30
1001,https://www.tff.org/Default.aspx?pageId=397&macId=5,GAZİANTEPSPOR,1,DENİZLİSPOR,1,KAMİL OCAK,HÜSEYİN GÖÇEK,6.08.2006 - 20:00
1004,https://www.tff.org/Default.aspx?pageId=397&macId=6,VESTEL MANİSASPOR,1,BEŞİKTAŞ A.Ş.,0,MANİSA 19 MAYIS,BÜLENT YILDIRIM,6.08.2006 - 20:00
1005,https://www.tff.org/Default.aspx?pageId=397&macId=7,BURSASPOR,0,MKE ANKARAGÜCÜ,0,BURSA ATATÜRK,MUSTAFA KAMİL ABİTOĞLU,6.08.2006 - 20:00
1007,https://www.tff.org/Default.aspx?pageId=397&macId=8,SİVASSPOR,1,GENÇLERBİRLİĞİ,2,SİVAS 4 EYLÜL,SÜLEYMAN ABAY,6.08.2006 - 20:00
1008,https://www.tff.org/Default.aspx?pageId=397&macId=9,ANTALYASPOR A.Ş.,0,ÇAYKUR RİZESPOR,0,ANTALYA ATATÜRK,İSMET ARZUMAN,6.08.2006 - 20:00
1009,https://www.tff.org/Default.aspx?pageId=397&macId=10,KONYASPOR,1,SAKARYASPOR A.Ş.,1,KONYA ATATÜRK,ÇETİN SARIGÜL,6.08.2006 - 20:00
1015,https://www.tff.org/Default.aspx?pageId=397&macId=21,BEŞİKTAŞ A.Ş.,2,GAZİANTEPSPOR,1,BEŞİKTAŞ İNÖNÜ,KUDDUSİ MÜFTÜOĞLU,11.08.2006 - 20:00
1012,https://www.tff.org/Default.aspx?pageId=397&macId=22,GENÇLERBİRLİĞİ,0,FENERBAHÇE,2,ANKARA 19 MAYIS,YUNUS YILDIRIM,12.08.2006 - 20:00
1010,https://www.tff.org/Default.aspx?pageId=397&macId=23,TRABZONSPOR A.Ş.,1,VESTEL MANİSASPOR,1,HÜSEYİN AVNİ AKER,CEM DEDA,13.08.2006 - 19:00
1011,https://www.tff.org/Default.aspx?pageId=397&macId=24,ÇAYKUR RİZESPOR,1,SİVASSPOR,1,RİZE ATATÜRK,MUSTAFA İLKER COŞKUN,13.08.2006 - 20:00
1013,https://www.tff.org/Default.aspx?pageId=397&macId=25,KAYSERİ ERCİYESSPOR,2,BURSASPOR,1,KAYSERİ ATATÜRK,MEHMET FATİH GÖKÇE,13.08.2006 - 20:00
1016,https://www.tff.org/Default.aspx?pageId=397&macId=27,DENİZLİSPOR,0,KONYASPOR,1,ANTALYA ATATÜRK,ABDULLAH YILMAZ,13.08.2006 - 20:00
1017,https://www.tff.org/Default.aspx?pageId=397&macId=28,MKE ANKARAGÜCÜ,1,ANKARASPOR A.Ş.,1,ANKARA 19 MAYIS,FIRAT AYDINUS,13.08.2006 - 20:00
1018,https://www.tff.org/Default.aspx?pageId=397&macId=29,SAKARYASPOR A.Ş.,0,ANTALYASPOR A.Ş.,0,SAKARYA ATATÜRK,ÖZGÜÇ TÜRKALP,13.08.2006 - 20:00
1014,https://www.tff.org/Default.aspx?pageId=397&macId=26,GALATASARAY A.Ş.,4,KAYSERİSPOR,0,ALİ SAMİ YEN,SELÇUK DERELİ,13.08.2006 - 21:30
1020,https://www.tff.org/Default.aspx?pageId=397&macId=74,VESTEL MANİSASPOR,2,GALATASARAY A.Ş.,2,MANİSA 19 MAYIS,CEM PAPİLA,19.08.2006 - 20:00
1024,https://www.tff.org/Default.aspx?pageId=397&macId=75,ANKARASPOR A.Ş.,2,KAYSERİ ERCİYESSPOR,2,ANKARA 19 MAYIS,TOLGA ÖZKALFA,19.08.2006 - 20:00
1027,https://www.tff.org/Default.aspx?pageId=397&macId=76,FENERBAHÇE,2,ÇAYKUR RİZESPOR,1,FB ŞÜKRÜ SARACOĞLU,BÜLENT YILDIRIM,19.08.2006 - 21:45
1022,https://www.tff.org/Default.aspx?pageId=397&macId=79,GAZİANTEPSPOR,2,TRABZONSPOR A.Ş.,1,KAMİL OCAK,CÜNEYT ÇAKIR,20.08.2006 - 19:00
1019,https://www.tff.org/Default.aspx?pageId=397&macId=77,KONYASPOR,0,ANTALYASPOR A.Ş.,0,KONYA ATATÜRK,HALİS ÖZKAHYA,20.08.2006 - 20:00
1021,https://www.tff.org/Default.aspx?pageId=397&macId=78,BURSASPOR,0,GENÇLERBİRLİĞİ,0,BURSA ATATÜRK,VEDAT YÜKSEL,20.08.2006 - 20:00
1023,https://www.tff.org/Default.aspx?pageId=397&macId=80,KAYSERİSPOR,2,MKE ANKARAGÜCÜ,1,KAYSERİ ATATÜRK,AYTEKİN DURMAZ,20.08.2006 - 20:00
1025,https://www.tff.org/Default.aspx?pageId=397&macId=81,SİVASSPOR,0,SAKARYASPOR A.Ş.,2,ALİ SAMİ YEN,CEM DEDA,20.08.2006 - 20:00
1026,https://www.tff.org/Default.aspx?pageId=397&macId=82,DENİZLİSPOR,0,BEŞİKTAŞ A.Ş.,2,İZMİR ATATÜRK,İSMET ARZUMAN,20.08.2006 - 21:45
1034,https://www.tff.org/Default.aspx?pageId=397&macId=126,BEŞİKTAŞ A.Ş.,3,KONYASPOR,1,BEŞİKTAŞ İNÖNÜ,ZAFER ÖNDER İPEK,25.08.2006 - 21:00
1029,https://www.tff.org/Default.aspx?pageId=397&macId=127,GALATASARAY A.Ş.,2,GAZİANTEPSPOR,2,ALİ SAMİ YEN,İSMET ARZUMAN,26.08.2006 - 21:00
1031,https://www.tff.org/Default.aspx?pageId=397&macId=128,GENÇLERBİRLİĞİ,2,ANKARASPOR A.Ş.,1,ANKARA 19 MAYIS,BÜNYAMİN GEZER,26.08.2006 - 21:03
1033,https://www.tff.org/Default.aspx?pageId=397&macId=132,TRABZONSPOR A.Ş.,1,DENİZLİSPOR,0,HÜSEYİN AVNİ AKER,ÇETİN SARIGÜL,27.08.2006 - 20:00
1028,https://www.tff.org/Default.aspx?pageId=397&macId=129,KAYSERİ ERCİYESSPOR,0,KAYSERİSPOR,4,KAYSERİ ATATÜRK,BARIŞ ŞİMŞEK,27.08.2006 - 21:00
1032,https://www.tff.org/Default.aspx?pageId=397&macId=131,MKE ANKARAGÜCÜ,0,VESTEL MANİSASPOR,1,ANKARA 19 MAYIS,HÜSEYİN GÖÇEK,27.08.2006 - 21:00
1035,https://www.tff.org/Default.aspx?pageId=397&macId=133,ÇAYKUR RİZESPOR,1,BURSASPOR,2,RİZE ATATÜRK,CÜNEYT ÇAKIR,27.08.2006 - 21:00
1030,https://www.tff.org/Default.aspx?pageId=397&macId=130,ANTALYASPOR A.Ş.,1,SİVASSPOR,2,ANTALYA ATATÜRK,HAKAN ÖZKAN,27.08.2006 - 21:30
1036,https://www.tff.org/Default.aspx?pageId=397&macId=134,SAKARYASPOR A.Ş.,2,FENERBAHÇE,1,SAKARYA ATATÜRK,KUDDUSİ MÜFTÜOĞLU,27.08.2006 - 21:45
1045,https://www.tff.org/Default.aspx?pageId=397&macId=341,FENERBAHÇE,4,ANTALYASPOR A.Ş.,2,FB ŞÜKRÜ SARACOĞLU,HÜSEYİN GÖÇEK,9.09.2006 - 19:00
1042,https://www.tff.org/Default.aspx?pageId=397&macId=340,KAYSERİSPOR,0,GENÇLERBİRLİĞİ,0,KAYSERİ ATATÜRK,UĞUR SÖYLEMEZ,9.09.2006 - 20:00
1039,https://www.tff.org/Default.aspx?pageId=397&macId=339,DENİZLİSPOR,1,GALATASARAY A.Ş.,1,DENİZLİ ATATÜRK,HALİS ÖZKAHYA,9.09.2006 - 21:45
1044,https://www.tff.org/Default.aspx?pageId=397&macId=347,BURSASPOR,3,SAKARYASPOR A.Ş.,1,BURSA ATATÜRK,MEHMET FATİH GÖKÇE,10.09.2006 - 19:00
1037,https://www.tff.org/Default.aspx?pageId=397&macId=342,GAZİANTEPSPOR,2,MKE ANKARAGÜCÜ,2,KAMİL OCAK,VEDAT YÜKSEL,10.09.2006 - 20:00
1040,https://www.tff.org/Default.aspx?pageId=397&macId=344,KONYASPOR,2,SİVASSPOR,0,KONYA ATATÜRK,BARIŞ ŞİMŞEK,10.09.2006 - 20:00
1041,https://www.tff.org/Default.aspx?pageId=397&macId=345,VESTEL MANİSASPOR,5,KAYSERİ ERCİYESSPOR,1,MANİSA 19 MAYIS,MUSTAFA İLKER COŞKUN,10.09.2006 - 20:00
1043,https://www.tff.org/Default.aspx?pageId=397&macId=346,ANKARASPOR A.Ş.,2,ÇAYKUR RİZESPOR,1,ANKARA 19 MAYIS,M.CEMİL ŞENSÖZ,10.09.2006 - 20:00
1038,https://www.tff.org/Default.aspx?pageId=397&macId=343,BEŞİKTAŞ A.Ş.,2,TRABZONSPOR A.Ş.,3,BEŞİKTAŞ İNÖNÜ,BÜLENT YILDIRIM,10.09.2006 - 21:50
1049,https://www.tff.org/Default.aspx?pageId=397&macId=418,GENÇLERBİRLİĞİ,0,VESTEL MANİSASPOR,5,ANKARA 19 MAYIS,ABDULLAH YILMAZ,15.09.2006 - 20:00
1048,https://www.tff.org/Default.aspx?pageId=397&macId=419,SAKARYASPOR A.Ş.,0,ANKARASPOR A.Ş.,0,SAKARYA ATATÜRK,SÜLEYMAN ABAY,16.09.2006 - 20:00
1051,https://www.tff.org/Default.aspx?pageId=397&macId=420,MKE ANKARAGÜCÜ,0,DENİZLİSPOR,0,ANKARA 19 MAYIS,BARIŞ ŞİMŞEK,16.09.2006 - 20:00
1053,https://www.tff.org/Default.aspx?pageId=397&macId=421,ANTALYASPOR A.Ş.,3,BURSASPOR,2,ANTALYA ATATÜRK,SELÇUK DERELİ,16.09.2006 - 20:00
1052,https://www.tff.org/Default.aspx?pageId=397&macId=425,SİVASSPOR,1,FENERBAHÇE,1,SİVAS 4 EYLÜL,İSMET ARZUMAN,17.09.2006 - 19:00
1047,https://www.tff.org/Default.aspx?pageId=397&macId=423,TRABZONSPOR A.Ş.,1,KONYASPOR,1,HÜSEYİN AVNİ AKER,FIRAT AYDINUS,17.09.2006 - 20:00
1050,https://www.tff.org/Default.aspx?pageId=397&macId=424,KAYSERİ ERCİYESSPOR,1,GAZİANTEPSPOR,1,KAYSERİ ATATÜRK,BÜNYAMİN GEZER,17.09.2006 - 20:00
1054,https://www.tff.org/Default.aspx?pageId=397&macId=426,ÇAYKUR RİZESPOR,2,KAYSERİSPOR,1,RİZE ATATÜRK,VEDAT YÜKSEL,17.09.2006 - 20:00
1046,https://www.tff.org/Default.aspx?pageId=397&macId=422,GALATASARAY A.Ş.,1,BEŞİKTAŞ A.Ş.,0,ALİ SAMİ YEN,CÜNEYT ÇAKIR,17.09.2006 - 21:45
1063,https://www.tff.org/Default.aspx?pageId=397&macId=526,KONYASPOR,0,FENERBAHÇE,1,KONYA ATATÜRK,YUNUS YILDIRIM,22.09.2006 - 20:00
1057,https://www.tff.org/Default.aspx?pageId=397&macId=518,TRABZONSPOR A.Ş.,3,GALATASARAY A.Ş.,1,HÜSEYİN AVNİ AKER,SELÇUK DERELİ,23.09.2006 - 20:03
1055,https://www.tff.org/Default.aspx?pageId=397&macId=519,GAZİANTEPSPOR,2,GENÇLERBİRLİĞİ,0,KAMİL OCAK,AYTEKİN DURMAZ,24.09.2006 - 16:00
1056,https://www.tff.org/Default.aspx?pageId=397&macId=520,ANKARASPOR A.Ş.,1,ANTALYASPOR A.Ş.,1,ANKARA 19 MAYIS,ÇETİN SARIGÜL,24.09.2006 - 16:00
1058,https://www.tff.org/Default.aspx?pageId=397&macId=521,VESTEL MANİSASPOR,2,ÇAYKUR RİZESPOR,0,MANİSA 19 MAYIS,HÜSEYİN GÖÇEK,24.09.2006 - 16:00
1059,https://www.tff.org/Default.aspx?pageId=397&macId=522,KAYSERİSPOR,2,SAKARYASPOR A.Ş.,0,KAYSERİ ATATÜRK,MUSTAFA İLKER COŞKUN,24.09.2006 - 16:00
1060,https://www.tff.org/Default.aspx?pageId=397&macId=523,BURSASPOR,1,SİVASSPOR,3,BURSA ATATÜRK,ABDULLAH YILMAZ,24.09.2006 - 16:00
1062,https://www.tff.org/Default.aspx?pageId=397&macId=525,DENİZLİSPOR,2,KAYSERİ ERCİYESSPOR,1,DENİZLİ ATATÜRK,MEHMET FATİH GÖKÇE,24.09.2006 - 16:00
1061,https://www.tff.org/Default.aspx?pageId=397&macId=524,BEŞİKTAŞ A.Ş.,2,MKE ANKARAGÜCÜ,1,BEŞİKTAŞ İNÖNÜ,BÜLENT DEMİRLEK,24.09.2006 - 20:30
1067,https://www.tff.org/Default.aspx?pageId=397&macId=604,GENÇLERBİRLİĞİ,3,DENİZLİSPOR,1,ANKARA 19 MAYIS,SÜLEYMAN ABAY,30.09.2006 - 16:00
1071,https://www.tff.org/Default.aspx?pageId=397&macId=606,SİVASSPOR,0,ANKARASPOR A.Ş.,2,SİVAS 4 EYLÜL,HALİS ÖZKAHYA,30.09.2006 - 16:00
1072,https://www.tff.org/Default.aspx?pageId=397&macId=607,ÇAYKUR RİZESPOR,2,GAZİANTEPSPOR,0,RİZE ATATÜRK,CEM DEDA,30.09.2006 - 16:00
1069,https://www.tff.org/Default.aspx?pageId=397&macId=605,GALATASARAY A.Ş.,3,KONYASPOR,3,ALİ SAMİ YEN,VEDAT YÜKSEL,30.09.2006 - 20:30
1064,https://www.tff.org/Default.aspx?pageId=397&macId=608,SAKARYASPOR A.Ş.,0,VESTEL MANİSASPOR,1,SAKARYA ATATÜRK,AYTEKİN DURMAZ,1.10.2006 - 16:00
1065,https://www.tff.org/Default.aspx?pageId=397&macId=609,KAYSERİ ERCİYESSPOR,1,BEŞİKTAŞ A.Ş.,1,KAYSERİ ATATÜRK,İSMET ARZUMAN,1.10.2006 - 16:00
1066,https://www.tff.org/Default.aspx?pageId=397&macId=610,ANTALYASPOR A.Ş.,1,KAYSERİSPOR,0,ANTALYA ATATÜRK,ÖZGÜÇ TÜRKALP,1.10.2006 - 16:00
1070,https://www.tff.org/Default.aspx?pageId=397&macId=611,FENERBAHÇE,0,BURSASPOR,1,FB ŞÜKRÜ SARACOĞLU,BÜLENT YILDIRIM,1.10.2006 - 20:30
1068,https://www.tff.org/Default.aspx?pageId=397&macId=612,MKE ANKARAGÜCÜ,2,TRABZONSPOR A.Ş.,2,ANKARA 19 MAYIS,ÇETİN SARIGÜL,2.10.2006 - 20:30
1079,https://www.tff.org/Default.aspx?pageId=397&macId=756,TRABZONSPOR A.Ş.,3,KAYSERİ ERCİYESSPOR,1,HÜSEYİN AVNİ AKER,HALİS ÖZKAHYA,14.10.2006 - 14:30
1076,https://www.tff.org/Default.aspx?pageId=397&macId=755,GAZİANTEPSPOR,1,SAKARYASPOR A.Ş.,0,KAMİL OCAK,TOLGA ÖZKALFA,14.10.2006 - 15:00
1081,https://www.tff.org/Default.aspx?pageId=397&macId=757,KONYASPOR,1,BURSASPOR,0,KONYA ATATÜRK,BÜNYAMİN GEZER,14.10.2006 - 15:00
1074,https://www.tff.org/Default.aspx?pageId=397&macId=754,GALATASARAY A.Ş.,1,MKE ANKARAGÜCÜ,1,ALİ SAMİ YEN,AYTEKİN DURMAZ,14.10.2006 - 20:30
1078,https://www.tff.org/Default.aspx?pageId=397&macId=761,ANKARASPOR A.Ş.,2,FENERBAHÇE,2,ANKARA 19 MAYIS,VEDAT YÜKSEL,15.10.2006 - 14:30
1073,https://www.tff.org/Default.aspx?pageId=397&macId=758,KAYSERİSPOR,1,SİVASSPOR,1,KAYSERİ ATATÜRK,BÜLENT DEMİRLEK,15.10.2006 - 15:00
1075,https://www.tff.org/Default.aspx?pageId=397&macId=759,DENİZLİSPOR,2,ÇAYKUR RİZESPOR,0,DENİZLİ ATATÜRK,SELÇUK DERELİ,15.10.2006 - 15:00
1077,https://www.tff.org/Default.aspx?pageId=397&macId=760,VESTEL MANİSASPOR,3,ANTALYASPOR A.Ş.,2,MANİSA 19 MAYIS,YILNUR ÖNEN,15.10.2006 - 15:00
1080,https://www.tff.org/Default.aspx?pageId=397&macId=762,BEŞİKTAŞ A.Ş.,1,GENÇLERBİRLİĞİ,0,BEŞİKTAŞ İNÖNÜ,FIRAT AYDINUS,15.10.2006 - 20:00
1082,https://www.tff.org/Default.aspx?pageId=397&macId=838,SİVASSPOR,3,VESTEL MANİSASPOR,2,SİVAS 4 EYLÜL,FIRAT AYDINUS,20.10.2006 - 20:30
1085,https://www.tff.org/Default.aspx?pageId=397&macId=839,GENÇLERBİRLİĞİ,3,TRABZONSPOR A.Ş.,0,ANKARA 19 MAYIS,HÜSEYİN GÖÇEK,20.10.2006 - 20:30
1084,https://www.tff.org/Default.aspx?pageId=397&macId=840,SAKARYASPOR A.Ş.,1,DENİZLİSPOR,2,SAKARYA ATATÜRK,BÜNYAMİN GEZER,21.10.2006 - 15:00
1088,https://www.tff.org/Default.aspx?pageId=397&macId=842,BURSASPOR,0,ANKARASPOR A.Ş.,0,BURSA ATATÜRK,CEM DEDA,21.10.2006 - 15:00
1086,https://www.tff.org/Default.aspx?pageId=397&macId=841,KAYSERİ ERCİYESSPOR,1,GALATASARAY A.Ş.,2,KAYSERİ ATATÜRK,ÇETİN SARIGÜL,21.10.2006 - 20:30
1083,https://www.tff.org/Default.aspx?pageId=397&macId=843,ÇAYKUR RİZESPOR,0,BEŞİKTAŞ A.Ş.,1,RİZE ATATÜRK,YUNUS YILDIRIM,22.10.2006 - 15:00
1087,https://www.tff.org/Default.aspx?pageId=397&macId=844,MKE ANKARAGÜCÜ,2,KONYASPOR,0,ANKARA 19 MAYIS,MUSTAFA KAMİL ABİTOĞLU,22.10.2006 - 15:00
1090,https://www.tff.org/Default.aspx?pageId=397&macId=846,ANTALYASPOR A.Ş.,0,GAZİANTEPSPOR,0,ANTALYA ATATÜRK,MUSTAFA İLKER COŞKUN,22.10.2006 - 15:00
1089,https://www.tff.org/Default.aspx?pageId=397&macId=845,FENERBAHÇE,4,KAYSERİSPOR,1,FB ŞÜKRÜ SARACOĞLU,İSMET ARZUMAN,22.10.2006 - 20:00
1091,https://www.tff.org/Default.aspx?pageId=397&macId=923,GALATASARAY A.Ş.,1,GENÇLERBİRLİĞİ,0,ALİ SAMİ YEN,BÜLENT DEMİRLEK,28.10.2006 - 19:00
1093,https://www.tff.org/Default.aspx?pageId=397&macId=924,KONYASPOR,2,ANKARASPOR A.Ş.,2,KONYA ATATÜRK,SÜLEYMAN ABAY,29.10.2006 - 14:30
1096,https://www.tff.org/Default.aspx?pageId=397&macId=927,KAYSERİSPOR,2,BURSASPOR,0,KAYSERİ ATATÜRK,FIRAT AYDINUS,29.10.2006 - 14:30
1097,https://www.tff.org/Default.aspx?pageId=397&macId=928,MKE ANKARAGÜCÜ,4,KAYSERİ ERCİYESSPOR,1,ANKARA 19 MAYIS,HÜSEYİN GÖÇEK,29.10.2006 - 14:30
1099,https://www.tff.org/Default.aspx?pageId=397&macId=930,DENİZLİSPOR,1,ANTALYASPOR A.Ş.,1,DENİZLİ ATATÜRK,CÜNEYT ÇAKIR,29.10.2006 - 14:30
1094,https://www.tff.org/Default.aspx?pageId=397&macId=925,GAZİANTEPSPOR,1,SİVASSPOR,0,KAMİL OCAK,İSMET ARZUMAN,29.10.2006 - 16:00
1098,https://www.tff.org/Default.aspx?pageId=397&macId=929,BEŞİKTAŞ A.Ş.,0,SAKARYASPOR A.Ş.,0,BEŞİKTAŞ İNÖNÜ,HALİS ÖZKAHYA,29.10.2006 - 16:00
1095,https://www.tff.org/Default.aspx?pageId=397&macId=926,VESTEL MANİSASPOR,2,FENERBAHÇE,3,MANİSA 19 MAYIS,SELÇUK DERELİ,29.10.2006 - 19:00
1092,https://www.tff.org/Default.aspx?pageId=397&macId=931,TRABZONSPOR A.Ş.,0,ÇAYKUR RİZESPOR,1,HÜSEYİN AVNİ AKER,BÜLENT YILDIRIM,30.10.2006 - 20:00
1107,https://www.tff.org/Default.aspx?pageId=397&macId=1016,FENERBAHÇE,4,GAZİANTEPSPOR,1,FB ŞÜKRÜ SARACOĞLU,CÜNEYT ÇAKIR,3.11.2006 - 20:00
1101,https://www.tff.org/Default.aspx?pageId=397&macId=1017,SİVASSPOR,0,DENİZLİSPOR,2,SİVAS 4 EYLÜL,YUNUS YILDIRIM,4.11.2006 - 14:00
1106,https://www.tff.org/Default.aspx?pageId=397&macId=1020,ANKARASPOR A.Ş.,1,KAYSERİSPOR,1,ANKARA 19 MAYIS,HAKAN ÖZKAN,4.11.2006 - 14:00
1105,https://www.tff.org/Default.aspx?pageId=397&macId=1019,KAYSERİ ERCİYESSPOR,1,KONYASPOR,2,KAYSERİ ATATÜRK,SELÇUK DERELİ,4.11.2006 - 16:00
1103,https://www.tff.org/Default.aspx?pageId=397&macId=1018,SAKARYASPOR A.Ş.,1,TRABZONSPOR A.Ş.,0,SAKARYA ATATÜRK,İSMET ARZUMAN,4.11.2006 - 19:00
1100,https://www.tff.org/Default.aspx?pageId=397&macId=1021,BURSASPOR,4,VESTEL MANİSASPOR,0,BURSA ATATÜRK,SÜLEYMAN ABAY,5.11.2006 - 14:00
1104,https://www.tff.org/Default.aspx?pageId=397&macId=1023,GENÇLERBİRLİĞİ,1,MKE ANKARAGÜCÜ,2,ANKARA 19 MAYIS,BÜLENT YILDIRIM,5.11.2006 - 15:00
1102,https://www.tff.org/Default.aspx?pageId=397&macId=1022,ÇAYKUR RİZESPOR,2,GALATASARAY A.Ş.,1,RİZE ATATÜRK,VEDAT YÜKSEL,5.11.2006 - 16:00
1108,https://www.tff.org/Default.aspx?pageId=397&macId=1024,ANTALYASPOR A.Ş.,4,BEŞİKTAŞ A.Ş.,4,ANTALYA ATATÜRK,BÜLENT DEMİRLEK,5.11.2006 - 19:00
1116,https://www.tff.org/Default.aspx?pageId=397&macId=1102,DENİZLİSPOR,0,FENERBAHÇE,0,DENİZLİ ATATÜRK,BÜLENT YILDIRIM,10.11.2006 - 20:00
1111,https://www.tff.org/Default.aspx?pageId=397&macId=1103,BEŞİKTAŞ A.Ş.,0,SİVASSPOR,1,BEŞİKTAŞ İNÖNÜ,SELÇUK DERELİ,11.11.2006 - 19:00
1109,https://www.tff.org/Default.aspx?pageId=397&macId=1104,GAZİANTEPSPOR,1,BURSASPOR,2,KAMİL OCAK,HÜSEYİN GÖÇEK,12.11.2006 - 14:00
1112,https://www.tff.org/Default.aspx?pageId=397&macId=1106,VESTEL MANİSASPOR,1,ANKARASPOR A.Ş.,3,MANİSA 19 MAYIS,CÜNEYT ÇAKIR,12.11.2006 - 14:00
1113,https://www.tff.org/Default.aspx?pageId=397&macId=1107,KAYSERİ ERCİYESSPOR,0,GENÇLERBİRLİĞİ,2,KAYSERİ ATATÜRK,VEDAT YÜKSEL,12.11.2006 - 14:00
1114,https://www.tff.org/Default.aspx?pageId=397&macId=1108,MKE ANKARAGÜCÜ,2,ÇAYKUR RİZESPOR,0,ANKARA 19 MAYIS,BÜLENT DEMİRLEK,12.11.2006 - 14:00
1117,https://www.tff.org/Default.aspx?pageId=397&macId=1110,KONYASPOR,1,KAYSERİSPOR,1,KONYA ATATÜRK,BARIŞ ŞİMŞEK,12.11.2006 - 14:00
1110,https://www.tff.org/Default.aspx?pageId=397&macId=1105,TRABZONSPOR A.Ş.,0,ANTALYASPOR A.Ş.,0,HÜSEYİN AVNİ AKER,FIRAT AYDINUS,12.11.2006 - 16:00
1115,https://www.tff.org/Default.aspx?pageId=397&macId=1109,GALATASARAY A.Ş.,4,SAKARYASPOR A.Ş.,0,ALİ SAMİ YEN,YUNUS YILDIRIM,12.11.2006 - 19:00
1118,https://www.tff.org/Default.aspx?pageId=397&macId=1201,KAYSERİSPOR,2,VESTEL MANİSASPOR,2,KAYSERİ ATATÜRK,CEM DEDA,18.11.2006 - 14:00
1121,https://www.tff.org/Default.aspx?pageId=397&macId=1202,SAKARYASPOR A.Ş.,0,MKE ANKARAGÜCÜ,0,SAKARYA ATATÜRK,BARIŞ ŞİMŞEK,18.11.2006 - 14:00
1122,https://www.tff.org/Default.aspx?pageId=397&macId=1203,GENÇLERBİRLİĞİ,4,KONYASPOR,1,ANKARA 19 MAYIS,TOLGA ÖZKALFA,18.11.2006 - 14:00
1126,https://www.tff.org/Default.aspx?pageId=397&macId=1204,ANTALYASPOR A.Ş.,0,GALATASARAY A.Ş.,1,ANTALYA ATATÜRK,BÜLENT YILDIRIM,18.11.2006 - 19:00
1119,https://www.tff.org/Default.aspx?pageId=397&macId=1205,ANKARASPOR A.Ş.,2,GAZİANTEPSPOR,0,ANKARA 19 MAYIS,AYTEKİN DURMAZ,19.11.2006 - 14:00
1120,https://www.tff.org/Default.aspx?pageId=397&macId=1206,ÇAYKUR RİZESPOR,0,KAYSERİ ERCİYESSPOR,0,RİZE ATATÜRK,ÖZGÜÇ TÜRKALP,19.11.2006 - 14:00
1123,https://www.tff.org/Default.aspx?pageId=397&macId=1207,BURSASPOR,1,DENİZLİSPOR,0,BURSA ATATÜRK,SELÇUK DERELİ,19.11.2006 - 14:00
1125,https://www.tff.org/Default.aspx?pageId=397&macId=1209,SİVASSPOR,1,TRABZONSPOR A.Ş.,0,SİVAS 4 EYLÜL,CÜNEYT ÇAKIR,19.11.2006 - 15:00
1124,https://www.tff.org/Default.aspx?pageId=397&macId=1208,FENERBAHÇE,0,BEŞİKTAŞ A.Ş.,0,FB ŞÜKRÜ SARACOĞLU,VEDAT YÜKSEL,19.11.2006 - 19:00
1129,https://www.tff.org/Default.aspx?pageId=397&macId=1280,BEŞİKTAŞ A.Ş.,3,BURSASPOR,1,BEŞİKTAŞ İNÖNÜ,TOLGA ÖZKALFA,24.11.2006 - 20:00
1127,https://www.tff.org/Default.aspx?pageId=397&macId=1282,GAZİANTEPSPOR,1,KAYSERİSPOR,2,KAMİL OCAK,KUDDUSİ MÜFTÜOĞLU,25.11.2006 - 14:00
1130,https://www.tff.org/Default.aspx?pageId=397&macId=1283,VESTEL MANİSASPOR,0,KONYASPOR,1,MANİSA 19 MAYIS,HALİS ÖZKAHYA,25.11.2006 - 14:00
1134,https://www.tff.org/Default.aspx?pageId=397&macId=1285,DENİZLİSPOR,1,ANKARASPOR A.Ş.,1,DENİZLİ ATATÜRK,HÜSEYİN GÖÇEK,25.11.2006 - 14:00
1132,https://www.tff.org/Default.aspx?pageId=397&macId=1284,GALATASARAY A.Ş.,3,SİVASSPOR,1,ALİ SAMİ YEN,BARIŞ ŞİMŞEK,25.11.2006 - 19:08
1128,https://www.tff.org/Default.aspx?pageId=397&macId=1286,MKE ANKARAGÜCÜ,1,ANTALYASPOR A.Ş.,0,ANKARA 19 MAYIS,SÜLEYMAN ABAY,26.11.2006 - 14:00
1131,https://www.tff.org/Default.aspx?pageId=397&macId=1287,KAYSERİ ERCİYESSPOR,2,SAKARYASPOR A.Ş.,0,KAYSERİ ATATÜRK,FIRAT AYDINUS,26.11.2006 - 14:00
1135,https://www.tff.org/Default.aspx?pageId=397&macId=1289,ÇAYKUR RİZESPOR,0,GENÇLERBİRLİĞİ,1,RİZE ATATÜRK,İSMET ARZUMAN,26.11.2006 - 14:00
1133,https://www.tff.org/Default.aspx?pageId=397&macId=1288,TRABZONSPOR A.Ş.,1,FENERBAHÇE,2,HÜSEYİN AVNİ AKER,BÜLENT DEMİRLEK,26.11.2006 - 19:00
1142,https://www.tff.org/Default.aspx?pageId=397&macId=1364,BURSASPOR,2,TRABZONSPOR A.Ş.,1,BURSA ATATÜRK,VEDAT YÜKSEL,1.12.2006 - 20:02
1137,https://www.tff.org/Default.aspx?pageId=397&macId=1366,SİVASSPOR,2,MKE ANKARAGÜCÜ,1,SİVAS 4 EYLÜL,TOLGA ÖZKALFA,2.12.2006 - 14:00
1138,https://www.tff.org/Default.aspx?pageId=397&macId=1367,KONYASPOR,2,ÇAYKUR RİZESPOR,0,KONYA ATATÜRK,FIRAT AYDINUS,2.12.2006 - 14:00
1141,https://www.tff.org/Default.aspx?pageId=397&macId=1368,KAYSERİSPOR,1,DENİZLİSPOR,0,KAYSERİ ATATÜRK,YILNUR ÖNEN,2.12.2006 - 14:00
1136,https://www.tff.org/Default.aspx?pageId=397&macId=1365,ANKARASPOR A.Ş.,0,BEŞİKTAŞ A.Ş.,0,ANKARA 19 MAYIS,CEM DEDA,2.12.2006 - 19:00
1139,https://www.tff.org/Default.aspx?pageId=397&macId=1369,SAKARYASPOR A.Ş.,1,GENÇLERBİRLİĞİ,1,SAKARYA ATATÜRK,SÜLEYMAN ABAY,3.12.2006 - 14:00
1140,https://www.tff.org/Default.aspx?pageId=397&macId=1370,VESTEL MANİSASPOR,4,GAZİANTEPSPOR,1,MANİSA 19 MAYIS,BÜLENT YILDIRIM,3.12.2006 - 14:00
1144,https://www.tff.org/Default.aspx?pageId=397&macId=1372,ANTALYASPOR A.Ş.,3,KAYSERİ ERCİYESSPOR,1,ANTALYA ATATÜRK,AYTEKİN DURMAZ,3.12.2006 - 14:00
1143,https://www.tff.org/Default.aspx?pageId=397&macId=1371,FENERBAHÇE,2,GALATASARAY A.Ş.,1,FB ŞÜKRÜ SARACOĞLU,SELÇUK DERELİ,3.12.2006 - 19:00
1150,https://www.tff.org/Default.aspx?pageId=397&macId=1453,MKE ANKARAGÜCÜ,0,FENERBAHÇE,1,İZMİR ATATÜRK,HALİS ÖZKAHYA,8.12.2006 - 20:00
1149,https://www.tff.org/Default.aspx?pageId=397&macId=1455,KAYSERİ ERCİYESSPOR,0,SİVASSPOR,0,KAYSERİ ATATÜRK,HAKAN ÖZKAN,9.12.2006 - 14:00
1153,https://www.tff.org/Default.aspx?pageId=397&macId=1457,ÇAYKUR RİZESPOR,3,SAKARYASPOR A.Ş.,1,RİZE ATATÜRK,BÜLENT YILDIRIM,9.12.2006 - 14:00
1152,https://www.tff.org/Default.aspx?pageId=397&macId=1456,BEŞİKTAŞ A.Ş.,2,KAYSERİSPOR,1,BEŞİKTAŞ İNÖNÜ,BARIŞ ŞİMŞEK,9.12.2006 - 19:00
1145,https://www.tff.org/Default.aspx?pageId=397&macId=1458,GAZİANTEPSPOR,1,KONYASPOR,0,KAMİL OCAK,BÜNYAMİN GEZER,10.12.2006 - 14:00
1147,https://www.tff.org/Default.aspx?pageId=397&macId=1460,DENİZLİSPOR,0,VESTEL MANİSASPOR,0,DENİZLİ ATATÜRK,MUSTAFA KAMİL ABİTOĞLU,10.12.2006 - 14:00
1148,https://www.tff.org/Default.aspx?pageId=397&macId=1461,GENÇLERBİRLİĞİ,1,ANTALYASPOR A.Ş.,0,ANKARA 19 MAYIS,VEDAT YÜKSEL,10.12.2006 - 14:00
1151,https://www.tff.org/Default.aspx?pageId=397&macId=1462,TRABZONSPOR A.Ş.,3,ANKARASPOR A.Ş.,0,HÜSEYİN AVNİ AKER,AYTEKİN DURMAZ,10.12.2006 - 16:00
1146,https://www.tff.org/Default.aspx?pageId=397&macId=1459,GALATASARAY A.Ş.,3,BURSASPOR,1,ALİ SAMİ YEN,KUDDUSİ MÜFTÜOĞLU,10.12.2006 - 19:00
1159,https://www.tff.org/Default.aspx?pageId=397&macId=1622,KAYSERİ ERCİYESSPOR,1,FENERBAHÇE,1,KAYSERİ ATATÜRK,YUNUS YILDIRIM,26.01.2007 - 20:00
1160,https://www.tff.org/Default.aspx?pageId=397&macId=1624,GENÇLERBİRLİĞİ,0,SİVASSPOR,1,ANKARA 19 MAYIS,KUDDUSİ MÜFTÜOĞLU,27.01.2007 - 14:00
1156,https://www.tff.org/Default.aspx?pageId=397&macId=1623,GALATASARAY A.Ş.,2,ANKARASPOR A.Ş.,0,ALİ SAMİ YEN,İSMET ARZUMAN,27.01.2007 - 19:00
1154,https://www.tff.org/Default.aspx?pageId=397&macId=1625,DENİZLİSPOR,0,GAZİANTEPSPOR,2,DENİZLİ ATATÜRK,BÜNYAMİN GEZER,28.01.2007 - 14:00
1158,https://www.tff.org/Default.aspx?pageId=397&macId=1628,MKE ANKARAGÜCÜ,1,BURSASPOR,1,ANKARA 19 MAYIS,CÜNEYT ÇAKIR,28.01.2007 - 14:00
1161,https://www.tff.org/Default.aspx?pageId=397&macId=1629,ÇAYKUR RİZESPOR,1,ANTALYASPOR A.Ş.,0,RİZE ATATÜRK,TOLGA ÖZKALFA,28.01.2007 - 14:00
1162,https://www.tff.org/Default.aspx?pageId=397&macId=1630,SAKARYASPOR A.Ş.,1,KONYASPOR,1,SAKARYA ATATÜRK,YILNUR ÖNEN,28.01.2007 - 14:00
1155,https://www.tff.org/Default.aspx?pageId=397&macId=1626,TRABZONSPOR A.Ş.,0,KAYSERİSPOR,0,HÜSEYİN AVNİ AKER,VEDAT YÜKSEL,28.01.2007 - 16:00
1157,https://www.tff.org/Default.aspx?pageId=397&macId=1627,BEŞİKTAŞ A.Ş.,3,VESTEL MANİSASPOR,1,BEŞİKTAŞ İNÖNÜ,SELÇUK DERELİ,28.01.2007 - 19:00
1165,https://www.tff.org/Default.aspx?pageId=397&macId=1690,FENERBAHÇE,2,GENÇLERBİRLİĞİ,1,İZMİR ATATÜRK,TOLGA ÖZKALFA,2.02.2007 - 20:00
1169,https://www.tff.org/Default.aspx?pageId=397&macId=1692,KONYASPOR,5,DENİZLİSPOR,1,KONYA ATATÜRK,CÜNEYT ÇAKIR,3.02.2007 - 14:00
1171,https://www.tff.org/Default.aspx?pageId=397&macId=1693,ANTALYASPOR A.Ş.,1,SAKARYASPOR A.Ş.,0,ANTALYA ATATÜRK,SELÇUK DERELİ,3.02.2007 - 14:00
1163,https://www.tff.org/Default.aspx?pageId=397&macId=1691,VESTEL MANİSASPOR,0,TRABZONSPOR A.Ş.,0,MANİSA 19 MAYIS,BÜNYAMİN GEZER,3.02.2007 - 19:00
1164,https://www.tff.org/Default.aspx?pageId=397&macId=1694,SİVASSPOR,1,ÇAYKUR RİZESPOR,0,SİVAS 4 EYLÜL,ÖZGÜÇ TÜRKALP,4.02.2007 - 14:00
1166,https://www.tff.org/Default.aspx?pageId=397&macId=1695,BURSASPOR,0,KAYSERİ ERCİYESSPOR,0,BURSA ATATÜRK,HAKAN ÖZKAN,4.02.2007 - 14:00
1170,https://www.tff.org/Default.aspx?pageId=397&macId=1698,ANKARASPOR A.Ş.,1,MKE ANKARAGÜCÜ,0,ANKARA 19 MAYIS,HÜSEYİN GÖÇEK,4.02.2007 - 14:00
1168,https://www.tff.org/Default.aspx?pageId=397&macId=1697,GAZİANTEPSPOR,0,BEŞİKTAŞ A.Ş.,0,KAMİL OCAK,YUNUS YILDIRIM,4.02.2007 - 16:00
1167,https://www.tff.org/Default.aspx?pageId=397&macId=1696,KAYSERİSPOR,0,GALATASARAY A.Ş.,0,KAYSERİ ATATÜRK,MUSTAFA KAMİL ABİTOĞLU,4.02.2007 - 19:00
1176,https://www.tff.org/Default.aspx?pageId=397&macId=1766,MKE ANKARAGÜCÜ,0,KAYSERİSPOR,4,ANKARA 19 MAYIS,FIRAT AYDINUS,10.02.2007 - 14:00
1180,https://www.tff.org/Default.aspx?pageId=397&macId=1768,ÇAYKUR RİZESPOR,2,FENERBAHÇE,1,RİZE ATATÜRK,SELÇUK DERELİ,10.02.2007 - 16:00
1179,https://www.tff.org/Default.aspx?pageId=397&macId=1767,BEŞİKTAŞ A.Ş.,2,DENİZLİSPOR,0,BEŞİKTAŞ İNÖNÜ,KUDDUSİ MÜFTÜOĞLU,10.02.2007 - 19:00
1172,https://www.tff.org/Default.aspx?pageId=397&macId=1769,ANTALYASPOR A.Ş.,1,KONYASPOR,0,ANTALYA ATATÜRK,HAKAN SİVRİSERVİ,11.02.2007 - 14:00
1174,https://www.tff.org/Default.aspx?pageId=397&macId=1771,GENÇLERBİRLİĞİ,1,BURSASPOR,0,ANKARA 19 MAYIS,M.CEMİL ŞENSÖZ,11.02.2007 - 14:00
1177,https://www.tff.org/Default.aspx?pageId=397&macId=1773,KAYSERİ ERCİYESSPOR,1,ANKARASPOR A.Ş.,0,KAYSERİ ATATÜRK,BARIŞ ŞİMŞEK,11.02.2007 - 14:00
1178,https://www.tff.org/Default.aspx?pageId=397&macId=1774,SAKARYASPOR A.Ş.,1,SİVASSPOR,3,SAKARYA ATATÜRK,ÇETİN SARIGÜL,11.02.2007 - 14:00
1175,https://www.tff.org/Default.aspx?pageId=397&macId=1772,TRABZONSPOR A.Ş.,2,GAZİANTEPSPOR,0,HÜSEYİN AVNİ AKER,BÜLENT DEMİRLEK,11.02.2007 - 16:00
1173,https://www.tff.org/Default.aspx?pageId=397&macId=1770,GALATASARAY A.Ş.,4,VESTEL MANİSASPOR,0,ALİ SAMİ YEN,BÜLENT YILDIRIM,11.02.2007 - 19:00
1187,https://www.tff.org/Default.aspx?pageId=397&macId=1851,KONYASPOR,2,BEŞİKTAŞ A.Ş.,1,KONYA ATATÜRK,TOLGA ÖZKALFA,16.02.2007 - 20:00
1188,https://www.tff.org/Default.aspx?pageId=397&macId=1854,BURSASPOR,1,ÇAYKUR RİZESPOR,0,BURSA ATATÜRK,BÜNYAMİN GEZER,17.02.2007 - 14:00
1182,https://www.tff.org/Default.aspx?pageId=397&macId=1853,GAZİANTEPSPOR,1,GALATASARAY A.Ş.,0,KAMİL OCAK,CEM DEDA,17.02.2007 - 19:00
1181,https://www.tff.org/Default.aspx?pageId=397&macId=1862,KAYSERİSPOR,1,KAYSERİ ERCİYESSPOR,0,KAYSERİ ATATÜRK,UĞUR SÖYLEMEZ,18.02.2007 - 14:00
1183,https://www.tff.org/Default.aspx?pageId=397&macId=1863,SİVASSPOR,0,ANTALYASPOR A.Ş.,1,SİVAS 4 EYLÜL,İSMET ARZUMAN,18.02.2007 - 14:00
1184,https://www.tff.org/Default.aspx?pageId=397&macId=1864,ANKARASPOR A.Ş.,1,GENÇLERBİRLİĞİ,2,YENİKENT ASAŞ,HAKAN SİVRİSERVİ,18.02.2007 - 14:00
1185,https://www.tff.org/Default.aspx?pageId=397&macId=1865,VESTEL MANİSASPOR,0,MKE ANKARAGÜCÜ,1,MANİSA 19 MAYIS,M.CEMİL ŞENSÖZ,18.02.2007 - 14:00
1186,https://www.tff.org/Default.aspx?pageId=397&macId=1866,DENİZLİSPOR,3,TRABZONSPOR A.Ş.,4,DENİZLİ ATATÜRK,YUNUS YILDIRIM,18.02.2007 - 16:00
1189,https://www.tff.org/Default.aspx?pageId=397&macId=1867,FENERBAHÇE,1,SAKARYASPOR A.Ş.,0,FB ŞÜKRÜ SARACOĞLU,BÜLENT YILDIRIM,18.02.2007 - 19:00
1192,https://www.tff.org/Default.aspx?pageId=397&macId=1939,GALATASARAY A.Ş.,1,DENİZLİSPOR,1,ALİ SAMİ YEN,BARIŞ ŞİMŞEK,23.02.2007 - 20:00
1194,https://www.tff.org/Default.aspx?pageId=397&macId=1940,KAYSERİ ERCİYESSPOR,1,VESTEL MANİSASPOR,0,KAYSERİ ATATÜRK,FIRAT AYDINUS,23.02.2007 - 20:00
1190,https://www.tff.org/Default.aspx?pageId=397&macId=1941,MKE ANKARAGÜCÜ,2,GAZİANTEPSPOR,1,ANKARA 19 MAYIS,ÇETİN SARIGÜL,24.02.2007 - 14:00
1191,https://www.tff.org/Default.aspx?pageId=397&macId=1942,TRABZONSPOR A.Ş.,3,BEŞİKTAŞ A.Ş.,2,HÜSEYİN AVNİ AKER,SELÇUK DERELİ,24.02.2007 - 19:00
1193,https://www.tff.org/Default.aspx?pageId=397&macId=1943,SİVASSPOR,1,KONYASPOR,3,SİVAS 4 EYLÜL,HALİS ÖZKAHYA,25.02.2007 - 14:00
1196,https://www.tff.org/Default.aspx?pageId=397&macId=1945,ÇAYKUR RİZESPOR,1,ANKARASPOR A.Ş.,1,RİZE ATATÜRK,BÜLENT DEMİRLEK,25.02.2007 - 14:00
1197,https://www.tff.org/Default.aspx?pageId=397&macId=1946,SAKARYASPOR A.Ş.,1,BURSASPOR,3,SAKARYA ATATÜRK,HAKAN SİVRİSERVİ,25.02.2007 - 14:00
1195,https://www.tff.org/Default.aspx?pageId=397&macId=1944,GENÇLERBİRLİĞİ,2,KAYSERİSPOR,2,ANKARA 19 MAYIS,CÜNEYT ÇAKIR,25.02.2007 - 15:00
1198,https://www.tff.org/Default.aspx?pageId=397&macId=1947,ANTALYASPOR A.Ş.,1,FENERBAHÇE,0,ANTALYA ATATÜRK,VEDAT YÜKSEL,25.02.2007 - 19:00
1206,https://www.tff.org/Default.aspx?pageId=397&macId=2069,BURSASPOR,0,ANTALYASPOR A.Ş.,0,BURSA ATATÜRK,HÜSEYİN GÖÇEK,2.03.2007 - 20:00
1204,https://www.tff.org/Default.aspx?pageId=397&macId=2072,DENİZLİSPOR,1,MKE ANKARAGÜCÜ,0,DENİZLİ ATATÜRK,İSMET ARZUMAN,3.03.2007 - 14:00
1207,https://www.tff.org/Default.aspx?pageId=397&macId=2073,KAYSERİSPOR,1,ÇAYKUR RİZESPOR,0,KAYSERİ ATATÜRK,SELÇUK DERELİ,3.03.2007 - 14:00
1199,https://www.tff.org/Default.aspx?pageId=397&macId=2071,BEŞİKTAŞ A.Ş.,2,GALATASARAY A.Ş.,1,BEŞİKTAŞ İNÖNÜ,FIRAT AYDINUS,3.03.2007 - 19:00
1201,https://www.tff.org/Default.aspx?pageId=397&macId=2079,ANKARASPOR A.Ş.,1,SAKARYASPOR A.Ş.,0,YENİKENT ASAŞ,VEDAT YÜKSEL,4.03.2007 - 14:00
1202,https://www.tff.org/Default.aspx?pageId=397&macId=2080,VESTEL MANİSASPOR,0,GENÇLERBİRLİĞİ,3,MANİSA 19 MAYIS,AYTEKİN DURMAZ,4.03.2007 - 14:00
1203,https://www.tff.org/Default.aspx?pageId=397&macId=2081,GAZİANTEPSPOR,0,KAYSERİ ERCİYESSPOR,1,KAMİL OCAK,BÜLENT DEMİRLEK,4.03.2007 - 14:00
1200,https://www.tff.org/Default.aspx?pageId=397&macId=2078,KONYASPOR,1,TRABZONSPOR A.Ş.,2,KONYA ATATÜRK,SÜLEYMAN ABAY,4.03.2007 - 15:00
1205,https://www.tff.org/Default.aspx?pageId=397&macId=2082,FENERBAHÇE,2,SİVASSPOR,2,FB ŞÜKRÜ SARACOĞLU,CEM DEDA,4.03.2007 - 19:00
1212,https://www.tff.org/Default.aspx?pageId=397&macId=2108,SAKARYASPOR A.Ş.,3,KAYSERİSPOR,3,SAKARYA ATATÜRK,HAKAN ÖZKAN,9.03.2007 - 20:00
1208,https://www.tff.org/Default.aspx?pageId=397&macId=2110,GENÇLERBİRLİĞİ,0,GAZİANTEPSPOR,0,ANKARA 19 MAYIS,BARIŞ ŞİMŞEK,10.03.2007 - 14:00
1213,https://www.tff.org/Default.aspx?pageId=397&macId=2111,SİVASSPOR,3,BURSASPOR,1,SİVAS 4 EYLÜL,MEHMET FATİH GÖKÇE,10.03.2007 - 14:00
1216,https://www.tff.org/Default.aspx?pageId=397&macId=2112,FENERBAHÇE,3,KONYASPOR,0,FB ŞÜKRÜ SARACOĞLU,AYTEKİN DURMAZ,10.03.2007 - 19:00
1209,https://www.tff.org/Default.aspx?pageId=397&macId=2120,ANTALYASPOR A.Ş.,1,ANKARASPOR A.Ş.,1,ANTALYA ATATÜRK,HALİS ÖZKAHYA,11.03.2007 - 14:00
1211,https://www.tff.org/Default.aspx?pageId=397&macId=2122,ÇAYKUR RİZESPOR,3,VESTEL MANİSASPOR,1,RİZE ATATÜRK,KUDDUSİ MÜFTÜOĞLU,11.03.2007 - 14:00
1215,https://www.tff.org/Default.aspx?pageId=397&macId=2124,KAYSERİ ERCİYESSPOR,2,DENİZLİSPOR,0,KAYSERİ ATATÜRK,VEDAT YÜKSEL,11.03.2007 - 14:00
1214,https://www.tff.org/Default.aspx?pageId=397&macId=2123,MKE ANKARAGÜCÜ,0,BEŞİKTAŞ A.Ş.,1,ANKARA 19 MAYIS,MUSTAFA KAMİL ABİTOĞLU,11.03.2007 - 15:00
1210,https://www.tff.org/Default.aspx?pageId=397&macId=2121,GALATASARAY A.Ş.,2,TRABZONSPOR A.Ş.,1,ALİ SAMİ YEN,BÜLENT DEMİRLEK,11.03.2007 - 19:00
1222,https://www.tff.org/Default.aspx?pageId=397&macId=2410,KONYASPOR,2,GALATASARAY A.Ş.,2,KONYA ATATÜRK,HAKAN SİVRİSERVİ,16.03.2007 - 20:00
1217,https://www.tff.org/Default.aspx?pageId=397&macId=2412,VESTEL MANİSASPOR,0,SAKARYASPOR A.Ş.,3,MANİSA 19 MAYIS,CÜNEYT ÇAKIR,17.03.2007 - 14:00
1219,https://www.tff.org/Default.aspx?pageId=397&macId=2413,KAYSERİSPOR,4,ANTALYASPOR A.Ş.,4,KAYSERİ ATATÜRK,FIRAT AYDINUS,17.03.2007 - 14:00
1220,https://www.tff.org/Default.aspx?pageId=397&macId=2414,DENİZLİSPOR,3,GENÇLERBİRLİĞİ,2,DENİZLİ ATATÜRK,BÜLENT DEMİRLEK,17.03.2007 - 14:00
1221,https://www.tff.org/Default.aspx?pageId=397&macId=2415,TRABZONSPOR A.Ş.,0,MKE ANKARAGÜCÜ,1,HÜSEYİN AVNİ AKER,AYTEKİN DURMAZ,17.03.2007 - 14:00
1224,https://www.tff.org/Default.aspx?pageId=397&macId=2417,ANKARASPOR A.Ş.,2,SİVASSPOR,1,YENİKENT ASAŞ,M.CEMİL ŞENSÖZ,17.03.2007 - 14:00
1225,https://www.tff.org/Default.aspx?pageId=397&macId=2418,GAZİANTEPSPOR,1,ÇAYKUR RİZESPOR,0,KAMİL OCAK,BÜLENT YILDIRIM,17.03.2007 - 14:00
1223,https://www.tff.org/Default.aspx?pageId=397&macId=2416,BURSASPOR,0,FENERBAHÇE,4,BURSA ATATÜRK,MUSTAFA KAMİL ABİTOĞLU,17.03.2007 - 19:07
1218,https://www.tff.org/Default.aspx?pageId=397&macId=2429,BEŞİKTAŞ A.Ş.,1,KAYSERİ ERCİYESSPOR,0,BEŞİKTAŞ İNÖNÜ,CEM DEDA,18.03.2007 - 19:00
1226,https://www.tff.org/Default.aspx?pageId=397&macId=2231,SİVASSPOR,3,KAYSERİSPOR,2,SİVAS 4 EYLÜL,KUDDUSİ MÜFTÜOĞLU,1.04.2007 - 15:00
1228,https://www.tff.org/Default.aspx?pageId=397&macId=2233,ÇAYKUR RİZESPOR,2,DENİZLİSPOR,2,RİZE ATATÜRK,FIRAT AYDINUS,1.04.2007 - 15:00
1229,https://www.tff.org/Default.aspx?pageId=397&macId=2234,SAKARYASPOR A.Ş.,1,GAZİANTEPSPOR,2,SAKARYA ATATÜRK,SELÇUK DERELİ,1.04.2007 - 15:00
1230,https://www.tff.org/Default.aspx?pageId=397&macId=2235,ANTALYASPOR A.Ş.,1,VESTEL MANİSASPOR,0,ANTALYA ATATÜRK,BÜLENT YILDIRIM,1.04.2007 - 15:00
1231,https://www.tff.org/Default.aspx?pageId=397&macId=2236,FENERBAHÇE,2,ANKARASPOR A.Ş.,1,FB ŞÜKRÜ SARACOĞLU,YUNUS YILDIRIM,1.04.2007 - 15:00
1234,https://www.tff.org/Default.aspx?pageId=397&macId=2237,BURSASPOR,1,KONYASPOR,0,BURSA ATATÜRK,ÇETİN SARIGÜL,1.04.2007 - 15:00
1227,https://www.tff.org/Default.aspx?pageId=397&macId=2232,MKE ANKARAGÜCÜ,1,GALATASARAY A.Ş.,2,ANKARA 19 MAYIS,BARIŞ ŞİMŞEK,1.04.2007 - 19:00
1232,https://www.tff.org/Default.aspx?pageId=397&macId=2230,KAYSERİ ERCİYESSPOR,0,TRABZONSPOR A.Ş.,1,KAYSERİ ATATÜRK,İSMET ARZUMAN,2.04.2007 - 16:00
1233,https://www.tff.org/Default.aspx?pageId=397&macId=2238,GENÇLERBİRLİĞİ,0,BEŞİKTAŞ A.Ş.,2,ANKARA 19 MAYIS,VEDAT YÜKSEL,2.04.2007 - 20:00
1239,https://www.tff.org/Default.aspx?pageId=397&macId=2328,GALATASARAY A.Ş.,0,KAYSERİ ERCİYESSPOR,1,ALİ SAMİ YEN,FIRAT AYDINUS,6.04.2007 - 20:00
1238,https://www.tff.org/Default.aspx?pageId=397&macId=2330,TRABZONSPOR A.Ş.,4,GENÇLERBİRLİĞİ,3,HÜSEYİN AVNİ AKER,HALİS ÖZKAHYA,7.04.2007 - 14:00
1242,https://www.tff.org/Default.aspx?pageId=397&macId=2331,KAYSERİSPOR,2,FENERBAHÇE,2,KAYSERİ ATATÜRK,VEDAT YÜKSEL,7.04.2007 - 18:30
1236,https://www.tff.org/Default.aspx?pageId=397&macId=2329,BEŞİKTAŞ A.Ş.,1,ÇAYKUR RİZESPOR,0,BEŞİKTAŞ İNÖNÜ,AYTEKİN DURMAZ,7.04.2007 - 21:15
1235,https://www.tff.org/Default.aspx?pageId=397&macId=2332,VESTEL MANİSASPOR,1,SİVASSPOR,0,MANİSA 19 MAYIS,MUSTAFA KAMİL ABİTOĞLU,8.04.2007 - 15:00
1237,https://www.tff.org/Default.aspx?pageId=397&macId=2333,DENİZLİSPOR,1,SAKARYASPOR A.Ş.,0,DENİZLİ ATATÜRK,BARIŞ ŞİMŞEK,8.04.2007 - 15:00
1240,https://www.tff.org/Default.aspx?pageId=397&macId=2334,KONYASPOR,2,MKE ANKARAGÜCÜ,0,KONYA ATATÜRK,CÜNEYT ÇAKIR,8.04.2007 - 15:00
1241,https://www.tff.org/Default.aspx?pageId=397&macId=2335,ANKARASPOR A.Ş.,0,BURSASPOR,0,YENİKENT ASAŞ,UĞUR SÖYLEMEZ,8.04.2007 - 15:00
1243,https://www.tff.org/Default.aspx?pageId=397&macId=2336,GAZİANTEPSPOR,0,ANTALYASPOR A.Ş.,0,KAMİL OCAK,ÇETİN SARIGÜL,8.04.2007 - 15:00
1244,https://www.tff.org/Default.aspx?pageId=397&macId=2515,GENÇLERBİRLİĞİ,1,GALATASARAY A.Ş.,3,ANKARA 19 MAYIS,CEM DEDA,13.04.2007 - 20:00
1251,https://www.tff.org/Default.aspx?pageId=397&macId=2516,SAKARYASPOR A.Ş.,1,BEŞİKTAŞ A.Ş.,1,SAKARYA ATATÜRK,BÜLENT YILDIRIM,14.04.2007 - 19:00
1245,https://www.tff.org/Default.aspx?pageId=397&macId=2517,ÇAYKUR RİZESPOR,3,TRABZONSPOR A.Ş.,2,RİZE ATATÜRK,MUSTAFA KAMİL ABİTOĞLU,15.04.2007 - 15:00
1246,https://www.tff.org/Default.aspx?pageId=397&macId=2518,ANKARASPOR A.Ş.,4,KONYASPOR,2,YENİKENT ASAŞ,ABDULLAH YILMAZ,15.04.2007 - 15:00
1247,https://www.tff.org/Default.aspx?pageId=397&macId=2519,SİVASSPOR,2,GAZİANTEPSPOR,1,SİVAS 4 EYLÜL,HÜSEYİN GÖÇEK,15.04.2007 - 15:00
1249,https://www.tff.org/Default.aspx?pageId=397&macId=2521,BURSASPOR,0,KAYSERİSPOR,3,BURSA ATATÜRK,SÜLEYMAN ABAY,15.04.2007 - 15:00
1250,https://www.tff.org/Default.aspx?pageId=397&macId=2522,KAYSERİ ERCİYESSPOR,0,MKE ANKARAGÜCÜ,1,KAYSERİ ATATÜRK,BÜLENT DEMİRLEK,15.04.2007 - 15:00
1252,https://www.tff.org/Default.aspx?pageId=397&macId=2523,ANTALYASPOR A.Ş.,1,DENİZLİSPOR,1,ANTALYA ATATÜRK,SELÇUK DERELİ,15.04.2007 - 15:00
1248,https://www.tff.org/Default.aspx?pageId=397&macId=2520,FENERBAHÇE,0,VESTEL MANİSASPOR,0,FB ŞÜKRÜ SARACOĞLU,İSMET ARZUMAN,15.04.2007 - 19:00
1260,https://www.tff.org/Default.aspx?pageId=397&macId=2603,GAZİANTEPSPOR,0,FENERBAHÇE,2,KAMİL OCAK,MUSTAFA KAMİL ABİTOĞLU,20.04.2007 - 20:00
1256,https://www.tff.org/Default.aspx?pageId=397&macId=2604,TRABZONSPOR A.Ş.,5,SAKARYASPOR A.Ş.,2,HÜSEYİN AVNİ AKER,KUDDUSİ MÜFTÜOĞLU,21.04.2007 - 14:00
1258,https://www.tff.org/Default.aspx?pageId=397&macId=2605,KONYASPOR,1,KAYSERİ ERCİYESSPOR,1,KONYA ATATÜRK,FIRAT AYDINUS,21.04.2007 - 15:00
1261,https://www.tff.org/Default.aspx?pageId=397&macId=2606,BEŞİKTAŞ A.Ş.,1,ANTALYASPOR A.Ş.,0,BEŞİKTAŞ İNÖNÜ,BARIŞ ŞİMŞEK,21.04.2007 - 19:00
1253,https://www.tff.org/Default.aspx?pageId=397&macId=2607,VESTEL MANİSASPOR,4,BURSASPOR,1,MANİSA 19 MAYIS,SELÇUK DERELİ,22.04.2007 - 15:00
1254,https://www.tff.org/Default.aspx?pageId=397&macId=2608,DENİZLİSPOR,2,SİVASSPOR,0,DENİZLİ ATATÜRK,İSMET ARZUMAN,22.04.2007 - 15:00
1257,https://www.tff.org/Default.aspx?pageId=397&macId=2610,MKE ANKARAGÜCÜ,0,GENÇLERBİRLİĞİ,0,ANKARA 19 MAYIS,BÜNYAMİN GEZER,22.04.2007 - 15:00
1259,https://www.tff.org/Default.aspx?pageId=397&macId=2611,KAYSERİSPOR,3,ANKARASPOR A.Ş.,3,KAYSERİ ATATÜRK,CÜNEYT ÇAKIR,22.04.2007 - 15:00
1255,https://www.tff.org/Default.aspx?pageId=397&macId=2609,GALATASARAY A.Ş.,3,ÇAYKUR RİZESPOR,1,ALİ SAMİ YEN,BÜLENT YILDIRIM,22.04.2007 - 19:00
1262,https://www.tff.org/Default.aspx?pageId=397&macId=2686,BURSASPOR,1,GAZİANTEPSPOR,1,BURSA ATATÜRK,BÜLENT YILDIRIM,28.04.2007 - 15:30
1265,https://www.tff.org/Default.aspx?pageId=397&macId=2688,ANKARASPOR A.Ş.,1,VESTEL MANİSASPOR,1,YENİKENT ASAŞ,VEDAT YÜKSEL,28.04.2007 - 15:30
1266,https://www.tff.org/Default.aspx?pageId=397&macId=2689,GENÇLERBİRLİĞİ,1,KAYSERİ ERCİYESSPOR,2,ANKARA 19 MAYIS,YUNUS YILDIRIM,28.04.2007 - 15:30
1267,https://www.tff.org/Default.aspx?pageId=397&macId=2690,ÇAYKUR RİZESPOR,3,MKE ANKARAGÜCÜ,1,RİZE ATATÜRK,FIRAT AYDINUS,28.04.2007 - 15:30
1270,https://www.tff.org/Default.aspx?pageId=397&macId=2692,KAYSERİSPOR,2,KONYASPOR,1,KAYSERİ ATATÜRK,HALİS ÖZKAHYA,28.04.2007 - 15:30
1263,https://www.tff.org/Default.aspx?pageId=397&macId=2687,ANTALYASPOR A.Ş.,1,TRABZONSPOR A.Ş.,2,ANTALYA ATATÜRK,BÜNYAMİN GEZER,28.04.2007 - 17:00
1268,https://www.tff.org/Default.aspx?pageId=397&macId=2691,SAKARYASPOR A.Ş.,0,GALATASARAY A.Ş.,3,A.KONUKOĞLU,BÜLENT DEMİRLEK,28.04.2007 - 21:00
1264,https://www.tff.org/Default.aspx?pageId=397&macId=2707,SİVASSPOR,0,BEŞİKTAŞ A.Ş.,1,SİVAS 4 EYLÜL,CEM DEDA,29.04.2007 - 15:00
1269,https://www.tff.org/Default.aspx?pageId=397&macId=2708,FENERBAHÇE,2,DENİZLİSPOR,2,FB ŞÜKRÜ SARACOĞLU,HÜSEYİN GÖÇEK,29.04.2007 - 19:00
1278,https://www.tff.org/Default.aspx?pageId=397&macId=2760,TRABZONSPOR A.Ş.,2,SİVASSPOR,0,HÜSEYİN AVNİ AKER,HÜSEYİN GÖÇEK,4.05.2007 - 20:00
1271,https://www.tff.org/Default.aspx?pageId=397&macId=2762,VESTEL MANİSASPOR,1,KAYSERİSPOR,0,MANİSA 19 MAYIS,BÜNYAMİN GEZER,5.05.2007 - 17:00
1272,https://www.tff.org/Default.aspx?pageId=397&macId=2763,GAZİANTEPSPOR,0,ANKARASPOR A.Ş.,2,KAMİL OCAK,İSMET ARZUMAN,5.05.2007 - 17:00
1273,https://www.tff.org/Default.aspx?pageId=397&macId=2764,KAYSERİ ERCİYESSPOR,1,ÇAYKUR RİZESPOR,1,KAYSERİ ATATÜRK,VEDAT YÜKSEL,5.05.2007 - 17:00
1274,https://www.tff.org/Default.aspx?pageId=397&macId=2765,MKE ANKARAGÜCÜ,1,SAKARYASPOR A.Ş.,0,ANKARA 19 MAYIS,M.CEMİL ŞENSÖZ,5.05.2007 - 17:00
1275,https://www.tff.org/Default.aspx?pageId=397&macId=2766,KONYASPOR,2,GENÇLERBİRLİĞİ,1,KONYA ATATÜRK,BARIŞ ŞİMŞEK,5.05.2007 - 17:00
1276,https://www.tff.org/Default.aspx?pageId=397&macId=2767,DENİZLİSPOR,0,BURSASPOR,0,DENİZLİ ATATÜRK,MUSTAFA KAMİL ABİTOĞLU,5.05.2007 - 17:00
1277,https://www.tff.org/Default.aspx?pageId=397&macId=2768,BEŞİKTAŞ A.Ş.,0,FENERBAHÇE,1,BEŞİKTAŞ İNÖNÜ,FIRAT AYDINUS,5.05.2007 - 21:00
1279,https://www.tff.org/Default.aspx?pageId=397&macId=2776,GALATASARAY A.Ş.,1,ANTALYASPOR A.Ş.,1,ALİ SAMİ YEN,YUNUS YILDIRIM,6.05.2007 - 19:00
1280,https://www.tff.org/Default.aspx?pageId=397&macId=141,KAYSERİSPOR,1,GAZİANTEPSPOR,2,KAYSERİ ATATÜRK,ÇETİN SARIGÜL,13.05.2007 - 19:00
1281,https://www.tff.org/Default.aspx?pageId=397&macId=142,ANTALYASPOR A.Ş.,0,MKE ANKARAGÜCÜ,1,ANTALYA ATATÜRK,VEDAT YÜKSEL,13.05.2007 - 19:00
1282,https://www.tff.org/Default.aspx?pageId=397&macId=143,BURSASPOR,3,BEŞİKTAŞ A.Ş.,0,BURSA ATATÜRK,BÜNYAMİN GEZER,13.05.2007 - 19:00
1283,https://www.tff.org/Default.aspx?pageId=397&macId=144,KONYASPOR,1,VESTEL MANİSASPOR,0,KONYA ATATÜRK,HÜSEYİN GÖÇEK,13.05.2007 - 19:00
1284,https://www.tff.org/Default.aspx?pageId=397&macId=145,SAKARYASPOR A.Ş.,1,KAYSERİ ERCİYESSPOR,2,SAKARYA ATATÜRK,CÜNEYT ÇAKIR,13.05.2007 - 19:00
1285,https://www.tff.org/Default.aspx?pageId=397&macId=146,SİVASSPOR,1,GALATASARAY A.Ş.,1,SİVAS 4 EYLÜL,AYTEKİN DURMAZ,13.05.2007 - 19:00
1286,https://www.tff.org/Default.aspx?pageId=397&macId=147,FENERBAHÇE,2,TRABZONSPOR A.Ş.,2,İZMİR ATATÜRK,MUSTAFA KAMİL ABİTOĞLU,13.05.2007 - 19:00
1287,https://www.tff.org/Default.aspx?pageId=397&macId=148,ANKARASPOR A.Ş.,1,DENİZLİSPOR,1,YENİKENT ASAŞ,HALİS ÖZKAHYA,13.05.2007 - 19:00
1288,https://www.tff.org/Default.aspx?pageId=397&macId=149,GENÇLERBİRLİĞİ,2,ÇAYKUR RİZESPOR,1,ANKARA 19 MAYIS,BÜLENT DEMİRLEK,13.05.2007 - 19:00
1289,https://www.tff.org/Default.aspx?pageId=397&macId=184,BEŞİKTAŞ A.Ş.,2,ANKARASPOR A.Ş.,1,BEŞİKTAŞ İNÖNÜ,CÜNEYT ÇAKIR,19.05.2007 - 19:00
1292,https://www.tff.org/Default.aspx?pageId=397&macId=185,GENÇLERBİRLİĞİ,1,SAKARYASPOR A.Ş.,0,ANKARA 19 MAYIS,UĞUR SÖYLEMEZ,19.05.2007 - 19:00
1296,https://www.tff.org/Default.aspx?pageId=397&macId=186,GALATASARAY A.Ş.,1,FENERBAHÇE,2,ALİ SAMİ YEN,BÜLENT DEMİRLEK,19.05.2007 - 19:00
1290,https://www.tff.org/Default.aspx?pageId=397&macId=187,MKE ANKARAGÜCÜ,1,SİVASSPOR,4,ANKARA 19 MAYIS,SÜLEYMAN ABAY,20.05.2007 - 19:00
1291,https://www.tff.org/Default.aspx?pageId=397&macId=188,ÇAYKUR RİZESPOR,1,KONYASPOR,0,RİZE ATATÜRK,BÜLENT YILDIRIM,20.05.2007 - 19:00
1293,https://www.tff.org/Default.aspx?pageId=397&macId=189,GAZİANTEPSPOR,0,VESTEL MANİSASPOR,0,KAMİL OCAK,FIRAT AYDINUS,20.05.2007 - 19:00
1294,https://www.tff.org/Default.aspx?pageId=397&macId=190,DENİZLİSPOR,2,KAYSERİSPOR,1,DENİZLİ ATATÜRK,BARIŞ ŞİMŞEK,20.05.2007 - 19:00
1295,https://www.tff.org/Default.aspx?pageId=397&macId=191,TRABZONSPOR A.Ş.,3,BURSASPOR,1,HÜSEYİN AVNİ AKER,ÖZGÜÇ TÜRKALP,20.05.2007 - 19:00
1297,https://www.tff.org/Default.aspx?pageId=397&macId=192,KAYSERİ ERCİYESSPOR,0,ANTALYASPOR A.Ş.,0,KAYSERİ ATATÜRK,HÜSEYİN GÖÇEK,20.05.2007 - 19:00
1299,https://www.tff.org/Default.aspx?pageId=397&macId=219,BURSASPOR,2,GALATASARAY A.Ş.,0,BURSA ATATÜRK,BÜLENT YILDIRIM,25.05.2007 - 20:00
1304,https://www.tff.org/Default.aspx?pageId=397&macId=220,ANKARASPOR A.Ş.,2,TRABZONSPOR A.Ş.,1,YENİKENT ASAŞ,SÜLEYMAN ABAY,25.05.2007 - 20:00
1305,https://www.tff.org/Default.aspx?pageId=397&macId=221,KAYSERİSPOR,3,BEŞİKTAŞ A.Ş.,0,KAYSERİ ATATÜRK,KUDDUSİ MÜFTÜOĞLU,25.05.2007 - 20:00
1298,https://www.tff.org/Default.aspx?pageId=397&macId=222,KONYASPOR,0,GAZİANTEPSPOR,2,KONYA ATATÜRK,SELÇUK DERELİ,26.05.2007 - 16:30
1300,https://www.tff.org/Default.aspx?pageId=397&macId=223,VESTEL MANİSASPOR,0,DENİZLİSPOR,0,MANİSA 19 MAYIS,BÜLENT DEMİRLEK,26.05.2007 - 16:30
1301,https://www.tff.org/Default.aspx?pageId=397&macId=224,ANTALYASPOR A.Ş.,1,GENÇLERBİRLİĞİ,3,ANTALYA ATATÜRK,İSMET ARZUMAN,26.05.2007 - 16:30
1302,https://www.tff.org/Default.aspx?pageId=397&macId=225,SİVASSPOR,2,KAYSERİ ERCİYESSPOR,1,SİVAS 4 EYLÜL,FIRAT AYDINUS,26.05.2007 - 16:30
1306,https://www.tff.org/Default.aspx?pageId=397&macId=227,SAKARYASPOR A.Ş.,1,ÇAYKUR RİZESPOR,1,SAKARYA ATATÜRK,HÜSEYİN GÖÇEK,26.05.2007 - 16:30
1303,https://www.tff.org/Default.aspx?pageId=397&macId=226,FENERBAHÇE,3,MKE ANKARAGÜCÜ,1,FB ŞÜKRÜ SARACOĞLU,YUNUS YILDIRIM,26.05.2007 - 20:30
