Mac_kodu,TFF_mac_linki,Ev_sahibi,Ev_sahibi_gol,Misafir_takim,Misafir_takim_gol,Stat,Ana_hakem,Tarih_saat
1003,https://www.tff.org/Default.aspx?pageId=397&macId=50750,GALATASARAY                   ,3,ZEYTİNBURNUSPOR               ,0,ALİ SAMİ YEN,SERDAR ÇAKIR,28.08.1993 - 19:00
1004,https://www.tff.org/Default.aspx?pageId=397&macId=50752,TRABZONSPOR                   ,1,BURSASPOR                     ,1,HÜSEYİN AVNİ AKER,AHMET ÇAKAR,29.08.1993 - 15:00
1001,https://www.tff.org/Default.aspx?pageId=397&macId=50751,MKE ANKARAGÜCÜ                ,2,KARŞIYAKA                     ,0,ANKARA 19 MAYIS,ERGÜL YÜCEDAĞ,29.08.1993 - 15:30
1002,https://www.tff.org/Default.aspx?pageId=397&macId=50754,D.Ç. KARABÜKSPOR              ,0,SAMSUNSPOR                    ,3,KARABÜK YENİŞEHİR,TURGUT SIĞIÇ,29.08.1993 - 15:30
1005,https://www.tff.org/Default.aspx?pageId=397&macId=50755,KOCAELİSPOR                   ,2,SARIYER                       ,1, İSMETPAŞA,VAHAP BEYAZ,29.08.1993 - 15:30
1007,https://www.tff.org/Default.aspx?pageId=397&macId=50756,BEŞİKTAŞ                      ,3,GENÇLERBİRLİĞİ                ,0,BURSA ATATÜRK,ENGİN KURT,29.08.1993 - 15:30
1006,https://www.tff.org/Default.aspx?pageId=397&macId=50707,GAZIANTEPSPOR                 ,4,KAYSERİSPOR                   ,0,KAMİL OCAK,ALİCAN LAKOT,29.08.1993 - 15:32
1008,https://www.tff.org/Default.aspx?pageId=397&macId=50706,ALTAY                         ,1,FENERBAHÇE                    ,2,İZMİR ATATÜRK,BÜLENT YAVUZ,29.08.1993 - 19:02
1009,https://www.tff.org/Default.aspx?pageId=397&macId=50708,KARŞIYAKA                     ,0,D.Ç. KARABÜKSPOR              ,0,İZMİR ALSANCAK,OSMAN AVCI,5.09.1993 - 15:30
1010,https://www.tff.org/Default.aspx?pageId=397&macId=50711,GENÇLERBİRLİĞİ                ,3,ALTAY                         ,1,ANKARA 19 MAYIS,NEDİM GÖKLÜ,5.09.1993 - 15:30
1011,https://www.tff.org/Default.aspx?pageId=397&macId=50712,KAYSERİSPOR                   ,3,BEŞİKTAŞ                      ,1,KAYSERİ ATATÜRK,ÜNSAL ÇİMEN,5.09.1993 - 15:30
1012,https://www.tff.org/Default.aspx?pageId=397&macId=50713,SARIYER                       ,1,GAZIANTEPSPOR                 ,1,YUSUF ZİYA ÖNİŞ,MUSTAFA ARSLAN,5.09.1993 - 15:30
1013,https://www.tff.org/Default.aspx?pageId=397&macId=50714,BURSASPOR                     ,2,KOCAELİSPOR                   ,3,BURSA ATATÜRK,METİN TOKAT,5.09.1993 - 15:30
1014,https://www.tff.org/Default.aspx?pageId=397&macId=50718,ZEYTİNBURNUSPOR               ,0,TRABZONSPOR                   ,0,BEŞİKTAŞ İNÖNÜ,SEFER ALTUNTAŞ,5.09.1993 - 15:30
1015,https://www.tff.org/Default.aspx?pageId=397&macId=50716,SAMSUNSPOR                    ,1,GALATASARAY                   ,1,SAMSUN 19 MAYIS,ERMAN TOROĞLU,5.09.1993 - 15:30
1016,https://www.tff.org/Default.aspx?pageId=397&macId=50720,FENERBAHÇE                    ,4,MKE ANKARAGÜCÜ                ,3,FB ŞÜKRÜ SARACOĞLU,İBRAHİM AKSOY,5.09.1993 - 15:30
1022,https://www.tff.org/Default.aspx?pageId=397&macId=50773,BEŞİKTAŞ                      ,2,SARIYER                       ,0,BEŞİKTAŞ İNÖNÜ,HALİL TANER YALÇINDAĞ,11.09.1993 - 19:00
1021,https://www.tff.org/Default.aspx?pageId=397&macId=50784,GAZIANTEPSPOR                 ,3,BURSASPOR                     ,0,KAMİL OCAK,VAHAP BEYAZ,12.09.1993 - 15:00
1019,https://www.tff.org/Default.aspx?pageId=397&macId=50782,TRABZONSPOR                   ,4,SAMSUNSPOR                    ,0,HÜSEYİN AVNİ AKER,SADIK CEYHAN DEDA,12.09.1993 - 15:30
1023,https://www.tff.org/Default.aspx?pageId=397&macId=50785,ALTAY                         ,3,KAYSERİSPOR                   ,1,İZMİR ALSANCAK,ABDURRAHMAN ARICI,12.09.1993 - 15:30
1024,https://www.tff.org/Default.aspx?pageId=397&macId=50786,GENÇLERBİRLİĞİ                ,1,FENERBAHÇE                    ,1,ANKARA 19 MAYIS,OĞUZ SARVAN,12.09.1993 - 15:32
1020,https://www.tff.org/Default.aspx?pageId=397&macId=50783,KOCAELİSPOR                   ,1,ZEYTİNBURNUSPOR               ,0, İSMETPAŞA,NECDET ERDİLEK,12.09.1993 - 15:33
1017,https://www.tff.org/Default.aspx?pageId=397&macId=50780,D.Ç. KARABÜKSPOR              ,2,MKE ANKARAGÜCÜ                ,2,KARABÜK YENİŞEHİR,SABRİ ÇELİK,12.09.1993 - 15:37
1018,https://www.tff.org/Default.aspx?pageId=397&macId=50781,GALATASARAY                   ,2,KARŞIYAKA                     ,0,ALİ SAMİ YEN,BÜLENT YAVUZ,12.09.1993 - 18:00
1025,https://www.tff.org/Default.aspx?pageId=397&macId=50817,KARŞIYAKA                     ,1,TRABZONSPOR                   ,0,İZMİR ATATÜRK,TURGUT SIĞIÇ,19.09.1993 - 15:30
1026,https://www.tff.org/Default.aspx?pageId=397&macId=50818,MKE ANKARAGÜCÜ                ,2,GALATASARAY                   ,4,ANKARA 19 MAYIS,ÜNSAL ÇİMEN,19.09.1993 - 15:30
1027,https://www.tff.org/Default.aspx?pageId=397&macId=50819,KAYSERİSPOR                   ,1,GENÇLERBİRLİĞİ                ,3,KAYSERİ ATATÜRK,ADNAN TÜRKKAN,19.09.1993 - 15:30
1028,https://www.tff.org/Default.aspx?pageId=397&macId=50820,SARIYER                       ,1,ALTAY                         ,0,YUSUF ZİYA ÖNİŞ,HAMZA IŞIN,19.09.1993 - 15:30
1029,https://www.tff.org/Default.aspx?pageId=397&macId=50821,BURSASPOR                     ,0,BEŞİKTAŞ                      ,0,BURSA ATATÜRK,BÜLENT YAVUZ,19.09.1993 - 15:30
1030,https://www.tff.org/Default.aspx?pageId=397&macId=50822,ZEYTİNBURNUSPOR               ,3,GAZIANTEPSPOR                 ,1,ZEYTİNBURNU,ERDOĞAN KIRICI,19.09.1993 - 15:30
1031,https://www.tff.org/Default.aspx?pageId=397&macId=50823,SAMSUNSPOR                    ,3,KOCAELİSPOR                   ,2,SAMSUN 19 MAYIS,AHMET ÇAKAR,19.09.1993 - 15:30
1032,https://www.tff.org/Default.aspx?pageId=397&macId=50824,FENERBAHÇE                    ,4,D.Ç. KARABÜKSPOR              ,1,FB ŞÜKRÜ SARACOĞLU,HASAN CEYLAN,19.09.1993 - 15:30
1034,https://www.tff.org/Default.aspx?pageId=397&macId=50875,TRABZONSPOR                   ,1,MKE ANKARAGÜCÜ                ,1,HÜSEYİN AVNİ AKER,ENGİN KURT,25.09.1993 - 15:00
1035,https://www.tff.org/Default.aspx?pageId=397&macId=50876,KOCAELİSPOR                   ,1,KARŞIYAKA                     ,0, İSMETPAŞA,MEKKİ KESKİN,25.09.1993 - 15:30
1033,https://www.tff.org/Default.aspx?pageId=397&macId=50874,GALATASARAY                   ,0,D.Ç. KARABÜKSPOR              ,0,ALİ SAMİ YEN,YUSUF YAYLI,25.09.1993 - 19:05
1036,https://www.tff.org/Default.aspx?pageId=397&macId=50877,GAZIANTEPSPOR                 ,1,SAMSUNSPOR                    ,1,KAMİL OCAK,GALİP BİTİGEN,26.09.1993 - 13:30
1039,https://www.tff.org/Default.aspx?pageId=397&macId=50880,GENÇLERBİRLİĞİ                ,3,SARIYER                       ,1,ANKARA 19 MAYIS,AHMET İBANOĞLU,26.09.1993 - 13:30
1040,https://www.tff.org/Default.aspx?pageId=397&macId=50881,KAYSERİSPOR                   ,1,FENERBAHÇE                    ,1,KAYSERİ ATATÜRK,ERMAN TOROĞLU,26.09.1993 - 13:30
1038,https://www.tff.org/Default.aspx?pageId=397&macId=50879,ALTAY                         ,0,BURSASPOR                     ,0,İZMİR ALSANCAK,MUSTAFA ÇULCU,26.09.1993 - 14:00
1037,https://www.tff.org/Default.aspx?pageId=397&macId=50878,BEŞİKTAŞ                      ,2,ZEYTİNBURNUSPOR               ,2,BEŞİKTAŞ İNÖNÜ,OSMAN AVCI,26.09.1993 - 18:00
1048,https://www.tff.org/Default.aspx?pageId=397&macId=50993,FENERBAHÇE                    ,2,GALATASARAY                   ,0,FB ŞÜKRÜ SARACOĞLU,OĞUZ SARVAN,2.10.1993 - 19:00
1047,https://www.tff.org/Default.aspx?pageId=397&macId=51011,SAMSUNSPOR                    ,0,BEŞİKTAŞ                      ,0,SAMSUN 19 MAYIS,SERDAR ÇAKMAN,3.10.1993 - 12:03
1042,https://www.tff.org/Default.aspx?pageId=397&macId=51006,MKE ANKARAGÜCÜ                ,1,KOCAELİSPOR                   ,2,ANKARA 19 MAYIS,SERDAR ÇAKIR,3.10.1993 - 13:30
1043,https://www.tff.org/Default.aspx?pageId=397&macId=51007,D.Ç. KARABÜKSPOR              ,0,TRABZONSPOR                   ,,KARABÜK YENİŞEHİR,METİN TOKAT,3.10.1993 - 13:30
1041,https://www.tff.org/Default.aspx?pageId=397&macId=51005,KARŞIYAKA                     ,4,GAZIANTEPSPOR                 ,1,İZMİR ALSANCAK,SABRİ ÇELİK,3.10.1993 - 14:00
1044,https://www.tff.org/Default.aspx?pageId=397&macId=51008,SARIYER                       ,0,KAYSERİSPOR                   ,0,YUSUF ZİYA ÖNİŞ,İBRAHİM AKSOY,3.10.1993 - 14:00
1045,https://www.tff.org/Default.aspx?pageId=397&macId=51009,BURSASPOR                     ,4,GENÇLERBİRLİĞİ                ,3,BURSA ATATÜRK,SADIK CEYHAN DEDA,3.10.1993 - 14:00
1046,https://www.tff.org/Default.aspx?pageId=397&macId=51010,ZEYTİNBURNUSPOR               ,1,ALTAY                         ,1,ZEYTİNBURNU,ALİCAN LAKOT,3.10.1993 - 14:00
1052,https://www.tff.org/Default.aspx?pageId=397&macId=51150,BEŞİKTAŞ                      ,2,KARŞIYAKA                     ,0,BEŞİKTAŞ İNÖNÜ,VAHAP BEYAZ,9.10.1993 - 19:00
1049,https://www.tff.org/Default.aspx?pageId=397&macId=51164,TRABZONSPOR                   ,1,GALATASARAY                   ,2,HÜSEYİN AVNİ AKER,BÜLENT YAVUZ,10.10.1993 - 12:00
1051,https://www.tff.org/Default.aspx?pageId=397&macId=51168,GAZIANTEPSPOR                 ,1,MKE ANKARAGÜCÜ                ,2,KAMİL OCAK,ERGÜL YÜCEDAĞ,10.10.1993 - 13:30
1054,https://www.tff.org/Default.aspx?pageId=397&macId=51170,GENÇLERBİRLİĞİ                ,3,ZEYTİNBURNUSPOR               ,0,ANKARA 19 MAYIS,HASAN CEYLAN,10.10.1993 - 13:30
1055,https://www.tff.org/Default.aspx?pageId=397&macId=51171,KAYSERİSPOR                   ,2,BURSASPOR                     ,1,KAYSERİ ATATÜRK,HALİL TANER YALÇINDAĞ,10.10.1993 - 13:30
1050,https://www.tff.org/Default.aspx?pageId=397&macId=51167,KOCAELİSPOR                   ,2,D.Ç. KARABÜKSPOR              ,1, İSMETPAŞA,HAMZA IŞIN,10.10.1993 - 14:00
1053,https://www.tff.org/Default.aspx?pageId=397&macId=51169,ALTAY                         ,2,SAMSUNSPOR                    ,3,İZMİR ALSANCAK,MUSTAFA ARSLAN,10.10.1993 - 14:00
1056,https://www.tff.org/Default.aspx?pageId=397&macId=51172,SARIYER                       ,2,FENERBAHÇE                    ,5,FB ŞÜKRÜ SARACOĞLU,AHMET ÇAKAR,10.10.1993 - 18:00
1060,https://www.tff.org/Default.aspx?pageId=397&macId=51283,GALATASARAY                   ,5,KOCAELİSPOR                   ,4,ALİ SAMİ YEN,SADIK CEYHAN DEDA,16.10.1993 - 19:00
1058,https://www.tff.org/Default.aspx?pageId=397&macId=51299,MKE ANKARAGÜCÜ                ,1,BEŞİKTAŞ                      ,3,ANKARA 19 MAYIS,OĞUZ SARVAN,17.10.1993 - 12:00
1059,https://www.tff.org/Default.aspx?pageId=397&macId=51300,D.Ç. KARABÜKSPOR              ,2,GAZIANTEPSPOR                 ,2,KARABÜK YENİŞEHİR,SEFER ALTUNTAŞ,17.10.1993 - 13:30
1063,https://www.tff.org/Default.aspx?pageId=397&macId=51303,SAMSUNSPOR                    ,2,GENÇLERBİRLİĞİ                ,2,SAMSUN 19 MAYIS,SABRİ ÇELİK,17.10.1993 - 13:30
1057,https://www.tff.org/Default.aspx?pageId=397&macId=51298,KARŞIYAKA                     ,1,ALTAY                         ,0,İZMİR ALSANCAK,ÜNSAL ÇİMEN,17.10.1993 - 14:00
1061,https://www.tff.org/Default.aspx?pageId=397&macId=51301,BURSASPOR                     ,2,SARIYER                       ,0,BURSA ATATÜRK,İBRAHİM AKSOY,17.10.1993 - 14:00
1062,https://www.tff.org/Default.aspx?pageId=397&macId=51302,ZEYTİNBURNUSPOR               ,0,KAYSERİSPOR                   ,0,ZEYTİNBURNU,NEDİM GÖKLÜ,17.10.1993 - 14:06
1064,https://www.tff.org/Default.aspx?pageId=397&macId=51304,FENERBAHÇE                    ,1,TRABZONSPOR                   ,1,FB ŞÜKRÜ SARACOĞLU,SERDAR ÇAKMAN,17.10.1993 - 18:00
1072,https://www.tff.org/Default.aspx?pageId=397&macId=51627,BURSASPOR                     ,0,FENERBAHÇE                    ,0,BURSA ATATÜRK,HASAN CEYLAN,31.10.1993 - 12:00
1069,https://www.tff.org/Default.aspx?pageId=397&macId=51622,GENÇLERBİRLİĞİ                ,0,KARŞIYAKA                     ,0,ANKARA 19 MAYIS,GALİP BİTİGEN,31.10.1993 - 13:30
1070,https://www.tff.org/Default.aspx?pageId=397&macId=51623,KAYSERİSPOR                   ,1,SAMSUNSPOR                    ,0,KAYSERİ ATATÜRK,ENGİN KURT,31.10.1993 - 13:30
1068,https://www.tff.org/Default.aspx?pageId=397&macId=51620,ALTAY                         ,0,MKE ANKARAGÜCÜ                ,0,İZMİR ALSANCAK,HALİL TANER YALÇINDAĞ,31.10.1993 - 14:00
1071,https://www.tff.org/Default.aspx?pageId=397&macId=51625,SARIYER                       ,1,ZEYTİNBURNUSPOR               ,0,YUSUF ZİYA ÖNİŞ,AHMET ÇAKAR,31.10.1993 - 14:00
1065,https://www.tff.org/Default.aspx?pageId=397&macId=52073,KOCAELİSPOR                   ,1,TRABZONSPOR                   ,2, İSMETPAŞA,BÜLENT YAVUZ,1.12.1993 - 12:00
1066,https://www.tff.org/Default.aspx?pageId=397&macId=52074,GAZIANTEPSPOR                 ,3,GALATASARAY                   ,4,KAMİL OCAK,METİN TOKAT,1.12.1993 - 12:00
1067,https://www.tff.org/Default.aspx?pageId=397&macId=52075,BEŞİKTAŞ                      ,4,D.Ç. KARABÜKSPOR   ,1,BEŞİKTAŞ İNÖNÜ,TURGUT SIĞIÇ,1.12.1993 - 18:00
1076,https://www.tff.org/Default.aspx?pageId=397&macId=51804,BEŞİKTAŞ                      ,0,GALATASARAY                   ,1,ALİ SAMİ YEN,BÜLENT YAVUZ,13.11.1993 - 19:00
1073,https://www.tff.org/Default.aspx?pageId=397&macId=51829,KARŞIYAKA                     ,1,KAYSERİSPOR                   ,0,İZMİR ALSANCAK,ALİCAN LAKOT,14.11.1993 - 13:00
1074,https://www.tff.org/Default.aspx?pageId=397&macId=51830,MKE ANKARAGÜCÜ                ,0,GENÇLERBİRLİĞİ                ,3,ANKARA 19 MAYIS,TURGUT SIĞIÇ,14.11.1993 - 13:00
1075,https://www.tff.org/Default.aspx?pageId=397&macId=51832,D.Ç. KARABÜKSPOR              ,2,ALTAY                         ,1,KARABÜK YENİŞEHİR,OSMAN AVCI,14.11.1993 - 13:00
1077,https://www.tff.org/Default.aspx?pageId=397&macId=51833,TRABZONSPOR                   ,3,GAZIANTEPSPOR                 ,1,BEŞİKTAŞ İNÖNÜ,SERDAR ÇAKIR,14.11.1993 - 13:00
1078,https://www.tff.org/Default.aspx?pageId=397&macId=51835,ZEYTİNBURNUSPOR               ,1,BURSASPOR                     ,0,ZEYTİNBURNU,ABDURRAHMAN ARICI,14.11.1993 - 13:00
1079,https://www.tff.org/Default.aspx?pageId=397&macId=51836,SAMSUNSPOR                    ,0,SARIYER                       ,0,SAMSUN 19 MAYIS,NECDET ERDİLEK,14.11.1993 - 13:00
1080,https://www.tff.org/Default.aspx?pageId=397&macId=51838,FENERBAHÇE                    ,0,KOCAELİSPOR                   ,0,FB ŞÜKRÜ SARACOĞLU,METİN TOKAT,14.11.1993 - 18:00
1082,https://www.tff.org/Default.aspx?pageId=397&macId=51853,BEŞİKTAŞ                      ,7,TRABZONSPOR                   ,1,BEŞİKTAŞ İNÖNÜ,ERMAN TOROĞLU,20.11.1993 - 19:00
1083,https://www.tff.org/Default.aspx?pageId=397&macId=51870,ALTAY                         ,0,GALATASARAY                   ,2,İZMİR ATATÜRK,HAMZA IŞIN,20.11.1993 - 19:00
1081,https://www.tff.org/Default.aspx?pageId=397&macId=51868,GAZIANTEPSPOR                 ,4,KOCAELİSPOR                   ,2,KAMİL OCAK,SABRİ ÇELİK,21.11.1993 - 13:00
1084,https://www.tff.org/Default.aspx?pageId=397&macId=51871,GENÇLERBİRLİĞİ                ,6,D.Ç. KARABÜKSPOR              ,1,ANKARA 19 MAYIS,MUSTAFA ÇULCU,21.11.1993 - 13:00
1085,https://www.tff.org/Default.aspx?pageId=397&macId=51872,KAYSERİSPOR                   ,2,MKE ANKARAGÜCÜ                ,1,KAYSERİ ATATÜRK,AHMET İBANOĞLU,21.11.1993 - 13:00
1086,https://www.tff.org/Default.aspx?pageId=397&macId=51873,SARIYER                       ,2,KARŞIYAKA                     ,0,YUSUF ZİYA ÖNİŞ,VAHAP BEYAZ,21.11.1993 - 13:00
1087,https://www.tff.org/Default.aspx?pageId=397&macId=51874,BURSASPOR                     ,0,SAMSUNSPOR                    ,1,BURSA ATATÜRK,MEKKİ KESKİN,21.11.1993 - 13:00
1088,https://www.tff.org/Default.aspx?pageId=397&macId=51875,ZEYTİNBURNUSPOR               ,0,FENERBAHÇE                    ,2,FB ŞÜKRÜ SARACOĞLU,ERGÜL YÜCEDAĞ,21.11.1993 - 18:00
1096,https://www.tff.org/Default.aspx?pageId=397&macId=51967,FENERBAHÇE                    ,4,GAZIANTEPSPOR                 ,2,FB ŞÜKRÜ SARACOĞLU,SADIK CEYHAN DEDA,27.11.1993 - 19:00
1094,https://www.tff.org/Default.aspx?pageId=397&macId=52027,KOCAELİSPOR                   ,1,BEŞİKTAŞ                      ,1, İSMETPAŞA,HASAN CEYLAN,28.11.1993 - 12:00
1089,https://www.tff.org/Default.aspx?pageId=397&macId=52019,KARŞIYAKA                     ,1,BURSASPOR                     ,2,İZMİR ALSANCAK,SERDAR ÇAKMAN,28.11.1993 - 13:00
1090,https://www.tff.org/Default.aspx?pageId=397&macId=52021,MKE ANKARAGÜCÜ                ,1,SARIYER                       ,0,ANKARA 19 MAYIS,ERDOĞAN KIRICI,28.11.1993 - 13:00
1091,https://www.tff.org/Default.aspx?pageId=397&macId=52024,D.Ç. KARABÜKSPOR              ,0,KAYSERİSPOR                   ,1,KARABÜK YENİŞEHİR,HALİL TANER YALÇINDAĞ,28.11.1993 - 13:00
1093,https://www.tff.org/Default.aspx?pageId=397&macId=52026,TRABZONSPOR                   ,4,ALTAY                         ,1,HÜSEYİN AVNİ AKER,AHMET ÇAKAR,28.11.1993 - 13:00
1095,https://www.tff.org/Default.aspx?pageId=397&macId=52028,SAMSUNSPOR                    ,2,ZEYTİNBURNUSPOR               ,0,SAMSUN 19 MAYIS,ÜNSAL ÇİMEN,28.11.1993 - 13:00
1092,https://www.tff.org/Default.aspx?pageId=397&macId=52025,GALATASARAY                   ,4,GENÇLERBİRLİĞİ                ,1,ALİ SAMİ YEN,İBRAHİM AKSOY,28.11.1993 - 18:00
1100,https://www.tff.org/Default.aspx?pageId=397&macId=52123,KAYSERİSPOR                   ,1,GALATASARAY                   ,2,KAYSERİ ATATÜRK,SERDAR ÇAKMAN,4.12.1993 - 12:04
1099,https://www.tff.org/Default.aspx?pageId=397&macId=52121,GENÇLERBİRLİĞİ                ,0,TRABZONSPOR                   ,2,ANKARA 19 MAYIS,NEDİM GÖKLÜ,5.12.1993 - 12:00
1104,https://www.tff.org/Default.aspx?pageId=397&macId=52128,SAMSUNSPOR                    ,2,FENERBAHÇE                    ,0,SAMSUN 19 MAYIS,ERMAN TOROĞLU,5.12.1993 - 12:00
1098,https://www.tff.org/Default.aspx?pageId=397&macId=52120,ALTAY                         ,2,KOCAELİSPOR                   ,2,İZMİR ALSANCAK,ADNAN TÜRKKAN,5.12.1993 - 13:00
1101,https://www.tff.org/Default.aspx?pageId=397&macId=52124,SARIYER                       ,3,D.Ç. KARABÜKSPOR              ,1,YUSUF ZİYA ÖNİŞ,SEFER ALTUNTAŞ,5.12.1993 - 13:00
1102,https://www.tff.org/Default.aspx?pageId=397&macId=52125,BURSASPOR                     ,3,MKE ANKARAGÜCÜ                ,2,BURSA ATATÜRK,OSMAN AVCI,5.12.1993 - 13:00
1103,https://www.tff.org/Default.aspx?pageId=397&macId=52127,ZEYTİNBURNUSPOR               ,2,KARŞIYAKA                     ,3,ZEYTİNBURNU,MUSTAFA ARSLAN,5.12.1993 - 13:00
1097,https://www.tff.org/Default.aspx?pageId=397&macId=52118,BEŞİKTAŞ                      ,1,GAZIANTEPSPOR                 ,0,BEŞİKTAŞ İNÖNÜ,ALİCAN LAKOT,5.12.1993 - 18:00
1112,https://www.tff.org/Default.aspx?pageId=397&macId=52248,BEŞİKTAŞ                      ,1,FENERBAHÇE                    ,2,BEŞİKTAŞ İNÖNÜ,BÜLENT YAVUZ,11.12.1993 - 19:00
1105,https://www.tff.org/Default.aspx?pageId=397&macId=52282,KARŞIYAKA                     ,0,SAMSUNSPOR                    ,2,İZMİR ALSANCAK,GALİP BİTİGEN,12.12.1993 - 13:00
1106,https://www.tff.org/Default.aspx?pageId=397&macId=52283,MKE ANKARAGÜCÜ                ,0,ZEYTİNBURNUSPOR               ,3,ANKARA 19 MAYIS,SADIK CEYHAN DEDA,12.12.1993 - 13:00
1107,https://www.tff.org/Default.aspx?pageId=397&macId=52284,D.Ç. KARABÜKSPOR              ,1,BURSASPOR                     ,2,KARABÜK YENİŞEHİR,ENGİN KURT,12.12.1993 - 13:00
1109,https://www.tff.org/Default.aspx?pageId=397&macId=52286,TRABZONSPOR                   ,3,KAYSERİSPOR                   ,1,HÜSEYİN AVNİ AKER,ERGÜL YÜCEDAĞ,12.12.1993 - 13:00
1110,https://www.tff.org/Default.aspx?pageId=397&macId=52287,KOCAELİSPOR                   ,3,GENÇLERBİRLİĞİ                ,0, İSMETPAŞA,OĞUZ SARVAN,12.12.1993 - 13:00
1111,https://www.tff.org/Default.aspx?pageId=397&macId=52288,GAZIANTEPSPOR                 ,1,ALTAY                         ,0,KAMİL OCAK,ABDURRAHMAN ARICI,12.12.1993 - 13:00
1108,https://www.tff.org/Default.aspx?pageId=397&macId=52285,GALATASARAY                   ,2,SARIYER                       ,0,ALİ SAMİ YEN,SERDAR ÇAKIR,12.12.1993 - 18:00
1117,https://www.tff.org/Default.aspx?pageId=397&macId=52383,BURSASPOR                     ,2,GALATASARAY                   ,1,BURSA ATATÜRK,ÜNSAL ÇİMEN,18.12.1993 - 19:00
1120,https://www.tff.org/Default.aspx?pageId=397&macId=52293,FENERBAHÇE                    ,1,KARŞIYAKA                     ,0,FB ŞÜKRÜ SARACOĞLU,NEDİM GÖKLÜ,18.12.1993 - 19:00
1114,https://www.tff.org/Default.aspx?pageId=397&macId=52377,GENÇLERBİRLİĞİ                ,3,GAZIANTEPSPOR                 ,1,ANKARA 19 MAYIS,HALİL TANER YALÇINDAĞ,19.12.1993 - 13:00
1115,https://www.tff.org/Default.aspx?pageId=397&macId=52379,KAYSERİSPOR                   ,4,KOCAELİSPOR                   ,0,KAYSERİ ATATÜRK,MEKKİ KESKİN,19.12.1993 - 13:00
1116,https://www.tff.org/Default.aspx?pageId=397&macId=52380,SARIYER                       ,0,TRABZONSPOR                   ,1,BEŞİKTAŞ İNÖNÜ,HASAN CEYLAN,19.12.1993 - 13:00
1118,https://www.tff.org/Default.aspx?pageId=397&macId=52326,ZEYTİNBURNUSPOR               ,3,D.Ç. KARABÜKSPOR              ,0,ZEYTİNBURNU,VAHAP BEYAZ,19.12.1993 - 13:00
1119,https://www.tff.org/Default.aspx?pageId=397&macId=52327,SAMSUNSPOR                    ,3,MKE ANKARAGÜCÜ                ,1,SAMSUN 19 MAYIS,MUSTAFA ÇULCU,19.12.1993 - 13:00
1113,https://www.tff.org/Default.aspx?pageId=397&macId=52375,ALTAY                         ,3,BEŞİKTAŞ                      ,2,İZMİR ATATÜRK,METİN TOKAT,19.12.1993 - 18:00
1128,https://www.tff.org/Default.aspx?pageId=397&macId=52465,FENERBAHÇE                    ,3,ALTAY                         ,2,FB ŞÜKRÜ SARACOĞLU,ALİCAN LAKOT,5.02.1994 - 19:00
1127,https://www.tff.org/Default.aspx?pageId=397&macId=52464,GENÇLERBİRLİĞİ                ,0,BEŞİKTAŞ                      ,1,ANKARA 19 MAYIS,HASAN CEYLAN,6.02.1994 - 12:00
1122,https://www.tff.org/Default.aspx?pageId=397&macId=52459,SAMSUNSPOR                    ,5,D.Ç. KARABÜKSPOR              ,1,SAMSUN 19 MAYIS,AHMET İBANOĞLU,6.02.1994 - 13:00
1126,https://www.tff.org/Default.aspx?pageId=397&macId=52463,KAYSERİSPOR                   ,1,GAZIANTEPSPOR                 ,4,KAYSERİ ATATÜRK,MUSTAFA ARSLAN,6.02.1994 - 13:00
1121,https://www.tff.org/Default.aspx?pageId=397&macId=52458,KARŞIYAKA                     ,1,MKE ANKARAGÜCÜ                ,2,İZMİR ALSANCAK,OSMAN AVCI,6.02.1994 - 13:30
1124,https://www.tff.org/Default.aspx?pageId=397&macId=52461,BURSASPOR                     ,0,TRABZONSPOR                   ,0,BURSA ATATÜRK,OĞUZ SARVAN,6.02.1994 - 13:30
1125,https://www.tff.org/Default.aspx?pageId=397&macId=52462,SARIYER                       ,0,KOCAELİSPOR                   ,0,YUSUF ZİYA ÖNİŞ,GALİP BİTİGEN,6.02.1994 - 13:30
1123,https://www.tff.org/Default.aspx?pageId=397&macId=52460,ZEYTİNBURNUSPOR               ,0,GALATASARAY           ,2,BEŞİKTAŞ İNÖNÜ,SABRİ ÇELİK,6.02.1994 - 18:00
1131,https://www.tff.org/Default.aspx?pageId=397&macId=52475,BEŞİKTAŞ                      ,1,KAYSERİSPOR                   ,0,BEŞİKTAŞ İNÖNÜ,TURGUT SIĞIÇ,12.02.1994 - 19:00
1136,https://www.tff.org/Default.aspx?pageId=397&macId=52480,MKE ANKARAGÜCÜ                ,1,FENERBAHÇE                    ,2,ANKARA 19 MAYIS,İBRAHİM AKSOY,13.02.1994 - 12:00
1129,https://www.tff.org/Default.aspx?pageId=397&macId=52473,D.Ç. KARABÜKSPOR              ,1,KARŞIYAKA                     ,0,KARABÜK YENİŞEHİR,MUSTAFA ÇULCU,13.02.1994 - 13:00
1132,https://www.tff.org/Default.aspx?pageId=397&macId=52476,GAZIANTEPSPOR                 ,3,SARIYER                       ,1,KAMİL OCAK,NECDET ERDİLEK,13.02.1994 - 13:00
1134,https://www.tff.org/Default.aspx?pageId=397&macId=52478,TRABZONSPOR                   ,5,ZEYTİNBURNUSPOR               ,0,HÜSEYİN AVNİ AKER,ENGİN KURT,13.02.1994 - 13:00
1130,https://www.tff.org/Default.aspx?pageId=397&macId=52474,ALTAY                         ,1,GENÇLERBİRLİĞİ                ,0,İZMİR ALSANCAK,SERDAR ÇAKIR,13.02.1994 - 13:30
1133,https://www.tff.org/Default.aspx?pageId=397&macId=52477,KOCAELİSPOR                   ,1,BURSASPOR                     ,0, İSMETPAŞA,HALİL TANER YALÇINDAĞ,13.02.1994 - 13:30
1135,https://www.tff.org/Default.aspx?pageId=397&macId=52479,GALATASARAY                   ,6,SAMSUNSPOR                    ,1,ALİ SAMİ YEN,HASAN CEYLAN,13.02.1994 - 18:00
1142,https://www.tff.org/Default.aspx?pageId=397&macId=52570,SARIYER                       ,0,BEŞİKTAŞ                      ,3,ALİ SAMİ YEN,SABRİ ÇELİK,19.02.1994 - 19:00
1138,https://www.tff.org/Default.aspx?pageId=397&macId=52563,KARŞIYAKA                     ,0,GALATASARAY                   ,3,İZMİR ATATÜRK,SERDAR ÇAKMAN,20.02.1994 - 12:02
1137,https://www.tff.org/Default.aspx?pageId=397&macId=52561,MKE ANKARAGÜCÜ                ,1,D.Ç. KARABÜKSPOR              ,1,ANKARA 19 MAYIS,ERDOĞAN KIRICI,20.02.1994 - 13:00
1139,https://www.tff.org/Default.aspx?pageId=397&macId=52564,SAMSUNSPOR                    ,0,TRABZONSPOR                   ,3,SAMSUN 19 MAYIS,ERGÜL YÜCEDAĞ,20.02.1994 - 13:00
1143,https://www.tff.org/Default.aspx?pageId=397&macId=52572,KAYSERİSPOR                   ,1,ALTAY                         ,0,KAYSERİ ATATÜRK,VAHAP BEYAZ,20.02.1994 - 13:00
1140,https://www.tff.org/Default.aspx?pageId=397&macId=52566,ZEYTİNBURNUSPOR               ,2,KOCAELİSPOR                   ,1,ZEYTİNBURNU,NEDİM GÖKLÜ,20.02.1994 - 13:30
1141,https://www.tff.org/Default.aspx?pageId=397&macId=52568,BURSASPOR                     ,1,GAZIANTEPSPOR                 ,0,BURSA ATATÜRK,HAMZA IŞIN,20.02.1994 - 13:30
1144,https://www.tff.org/Default.aspx?pageId=397&macId=52573,FENERBAHÇE                    ,5,GENÇLERBİRLİĞİ                ,0,FB ŞÜKRÜ SARACOĞLU,ÜNSAL ÇİMEN,20.02.1994 - 18:01
1146,https://www.tff.org/Default.aspx?pageId=397&macId=52630,GALATASARAY                   ,3,MKE ANKARAGÜCÜ                ,0,ALİ SAMİ YEN,ENGİN KURT,26.02.1994 - 19:00
1152,https://www.tff.org/Default.aspx?pageId=397&macId=52629,D.Ç. KARABÜKSPOR              ,2,FENERBAHÇE                    ,3,KARABÜK YENİŞEHİR,OĞUZ SARVAN,27.02.1994 - 12:00
1145,https://www.tff.org/Default.aspx?pageId=397&macId=52620,TRABZONSPOR                   ,5,KARŞIYAKA                     ,0,HÜSEYİN AVNİ AKER,SERDAR ÇAKIR,27.02.1994 - 13:00
1150,https://www.tff.org/Default.aspx?pageId=397&macId=52627,GAZIANTEPSPOR                 ,1,ZEYTİNBURNUSPOR               ,0,KAMİL OCAK,GALİP BİTİGEN,27.02.1994 - 13:00
1147,https://www.tff.org/Default.aspx?pageId=397&macId=52624,GENÇLERBİRLİĞİ                ,4,KAYSERİSPOR                   ,0,ANKARA 19 MAYIS,HAMZA IŞIN,27.02.1994 - 13:01
1148,https://www.tff.org/Default.aspx?pageId=397&macId=52625,ALTAY                         ,2,SARIYER                       ,1,İZMİR ALSANCAK,BÜLENT YAVUZ,27.02.1994 - 13:30
1151,https://www.tff.org/Default.aspx?pageId=397&macId=52628,KOCAELİSPOR                   ,3,SAMSUNSPOR                    ,2, İSMETPAŞA,SERDAR ÇAKMAN,27.02.1994 - 13:32
1149,https://www.tff.org/Default.aspx?pageId=397&macId=52626,BEŞİKTAŞ                      ,0,BURSASPOR                     ,0,BEŞİKTAŞ İNÖNÜ,METİN TOKAT,27.02.1994 - 18:00
1160,https://www.tff.org/Default.aspx?pageId=397&macId=52691,FENERBAHÇE                    ,0,KAYSERİSPOR                   ,0,FB ŞÜKRÜ SARACOĞLU,METİN TOKAT,5.03.1994 - 19:00
1153,https://www.tff.org/Default.aspx?pageId=397&macId=52747,D.Ç. KARABÜKSPOR              ,0,GALATASARAY                   ,0,KARABÜK YENİŞEHİR,VAHAP BEYAZ,6.03.1994 - 12:03
1154,https://www.tff.org/Default.aspx?pageId=397&macId=52748,MKE ANKARAGÜCÜ                ,2,TRABZONSPOR                   ,0,ANKARA 19 MAYIS,AHMET ÇAKAR,6.03.1994 - 13:30
1156,https://www.tff.org/Default.aspx?pageId=397&macId=52750,SAMSUNSPOR                    ,1,GAZIANTEPSPOR                 ,2,KAYSERİ ATATÜRK,ENGİN KURT,6.03.1994 - 13:30
1155,https://www.tff.org/Default.aspx?pageId=397&macId=52749,KARŞIYAKA                     ,0,KOCAELİSPOR                   ,0,İZMİR ALSANCAK,BÜLENT YAVUZ,6.03.1994 - 14:00
1158,https://www.tff.org/Default.aspx?pageId=397&macId=52752,BURSASPOR                     ,0,ALTAY                         ,1,BURSA ATATÜRK,SABRİ ÇELİK,6.03.1994 - 14:00
1159,https://www.tff.org/Default.aspx?pageId=397&macId=52753,SARIYER                       ,2,GENÇLERBİRLİĞİ                ,1,YUSUF ZİYA ÖNİŞ,HASAN CEYLAN,6.03.1994 - 14:00
1157,https://www.tff.org/Default.aspx?pageId=397&macId=52751,ZEYTİNBURNUSPOR               ,2,BEŞİKTAŞ                      ,3,BEŞİKTAŞ İNÖNÜ,HALİL TANER YALÇINDAĞ,6.03.1994 - 18:03
1168,https://www.tff.org/Default.aspx?pageId=397&macId=52824,GALATASARAY                   ,2,FENERBAHÇE                    ,1,ALİ SAMİ YEN,AHMET ÇAKAR,12.03.1994 - 19:00
1163,https://www.tff.org/Default.aspx?pageId=397&macId=52847,TRABZONSPOR                   ,6,D.Ç. KARABÜKSPOR              ,0,HÜSEYİN AVNİ AKER,TURGUT SIĞIÇ,13.03.1994 - 13:00
1161,https://www.tff.org/Default.aspx?pageId=397&macId=52844,GAZIANTEPSPOR                 ,1,KARŞIYAKA                     ,2,KAMİL OCAK,METİN TOKAT,13.03.1994 - 13:30
1164,https://www.tff.org/Default.aspx?pageId=397&macId=52848,KAYSERİSPOR                   ,2,SARIYER                       ,2,KAYSERİ ATATÜRK,BÜLENT YAVUZ,13.03.1994 - 13:30
1165,https://www.tff.org/Default.aspx?pageId=397&macId=52849,GENÇLERBİRLİĞİ                ,2,BURSASPOR                     ,0,ANKARA 19 MAYIS,AHMET İBANOĞLU,13.03.1994 - 13:30
1162,https://www.tff.org/Default.aspx?pageId=397&macId=52845,KOCAELİSPOR                   ,2,MKE ANKARAGÜCÜ                ,0, İSMETPAŞA,SABRİ ÇELİK,13.03.1994 - 14:00
1166,https://www.tff.org/Default.aspx?pageId=397&macId=52850,ALTAY                         ,1,ZEYTİNBURNUSPOR               ,0,İZMİR ALSANCAK,SERDAR ÇAKMAN,13.03.1994 - 14:00
1167,https://www.tff.org/Default.aspx?pageId=397&macId=52851,BEŞİKTAŞ                      ,3,SAMSUNSPOR                    ,1,BEŞİKTAŞ İNÖNÜ,HAMZA IŞIN,13.03.1994 - 18:02
1176,https://www.tff.org/Default.aspx?pageId=397&macId=52914,FENERBAHÇE                    ,3,SARIYER                       ,1,FB ŞÜKRÜ SARACOĞLU,SERDAR ÇAKIR,19.03.1994 - 19:00
1170,https://www.tff.org/Default.aspx?pageId=397&macId=52943,D.Ç. KARABÜKSPOR              ,2,KOCAELİSPOR                   ,1,KARABÜK YENİŞEHİR,NECDET ERDİLEK,20.03.1994 - 13:30
1171,https://www.tff.org/Default.aspx?pageId=397&macId=52944,MKE ANKARAGÜCÜ                ,2,GAZIANTEPSPOR                 ,1,ANKARA 19 MAYIS,HASAN CEYLAN,20.03.1994 - 13:30
1173,https://www.tff.org/Default.aspx?pageId=397&macId=52949,SAMSUNSPOR                    ,2,ALTAY                         ,0,SAMSUN 19 MAYIS,SABRİ ÇELİK,20.03.1994 - 13:30
1174,https://www.tff.org/Default.aspx?pageId=397&macId=52952,ZEYTİNBURNUSPOR               ,3,GENÇLERBİRLİĞİ                ,3,ZEYTİNBURNU,OĞUZ SARVAN,20.03.1994 - 14:00
1175,https://www.tff.org/Default.aspx?pageId=397&macId=52954,BURSASPOR                     ,2,KAYSERİSPOR                   ,0,BURSA ATATÜRK,VAHAP BEYAZ,20.03.1994 - 14:00
1169,https://www.tff.org/Default.aspx?pageId=397&macId=52940,GALATASARAY                   ,0,TRABZONSPOR                   ,2,ALİ SAMİ YEN,METİN TOKAT,20.03.1994 - 18:00
1172,https://www.tff.org/Default.aspx?pageId=397&macId=52947,KARŞIYAKA                     ,0,BEŞİKTAŞ                      ,1,İZMİR ATATÜRK,SERDAR ÇAKMAN,20.03.1994 - 18:00
1180,https://www.tff.org/Default.aspx?pageId=397&macId=53103,KOCAELİSPOR                   ,1,GALATASARAY                   ,3, İSMETPAŞA,SERDAR ÇAKMAN,26.03.1994 - 12:00
1179,https://www.tff.org/Default.aspx?pageId=397&macId=53102,GAZIANTEPSPOR                 ,2,D.Ç. KARABÜKSPOR              ,2,KAMİL OCAK,MUSTAFA ÇULCU,26.03.1994 - 14:30
1182,https://www.tff.org/Default.aspx?pageId=397&macId=53105,KAYSERİSPOR                   ,4,ZEYTİNBURNUSPOR               ,1,KAYSERİ ATATÜRK,MEKKİ KESKİN,26.03.1994 - 14:30
1183,https://www.tff.org/Default.aspx?pageId=397&macId=53107,GENÇLERBİRLİĞİ                ,2,SAMSUNSPOR                    ,1,ANKARA 19 MAYIS,OSMAN AVCI,26.03.1994 - 14:30
1177,https://www.tff.org/Default.aspx?pageId=397&macId=53098,ALTAY                         ,1,KARŞIYAKA                     ,1,İZMİR ATATÜRK,VAHAP BEYAZ,26.03.1994 - 15:00
1181,https://www.tff.org/Default.aspx?pageId=397&macId=53104,SARIYER                       ,1,BURSASPOR                     ,1,YUSUF ZİYA ÖNİŞ,MUSTAFA ARSLAN,26.03.1994 - 15:00
1178,https://www.tff.org/Default.aspx?pageId=397&macId=53100,BEŞİKTAŞ                      ,4,MKE ANKARAGÜCÜ                ,1,BEŞİKTAŞ İNÖNÜ,OĞUZ SARVAN,26.03.1994 - 19:00
1184,https://www.tff.org/Default.aspx?pageId=397&macId=53108,TRABZONSPOR                   ,0,FENERBAHÇE                    ,1,HÜSEYİN AVNİ AKER,BÜLENT YAVUZ,26.03.1994 - 19:00
1192,https://www.tff.org/Default.aspx?pageId=397&macId=53133,FENERBAHÇE                    ,2,BURSASPOR                     ,0,FB ŞÜKRÜ SARACOĞLU,OĞUZ SARVAN,2.04.1994 - 19:00
1187,https://www.tff.org/Default.aspx?pageId=397&macId=53160,D.Ç. KARABÜKSPOR              ,2,BEŞİKTAŞ                      ,1,KARABÜK YENİŞEHİR,ÜNSAL ÇİMEN,3.04.1994 - 12:02
1185,https://www.tff.org/Default.aspx?pageId=397&macId=53158,TRABZONSPOR                   ,2,KOCAELİSPOR                   ,0,HÜSEYİN AVNİ AKER,ENGİN KURT,3.04.1994 - 14:00
1188,https://www.tff.org/Default.aspx?pageId=397&macId=53161,MKE ANKARAGÜCÜ                ,0,ALTAY                         ,0,ANKARA 19 MAYIS,SERDAR ÇAKIR,3.04.1994 - 14:30
1190,https://www.tff.org/Default.aspx?pageId=397&macId=53163,SAMSUNSPOR                    ,5,KAYSERİSPOR                   ,2,SAMSUN 19 MAYIS,ABDURRAHMAN ARICI,3.04.1994 - 14:30
1189,https://www.tff.org/Default.aspx?pageId=397&macId=53162,KARŞIYAKA                     ,0,GENÇLERBİRLİĞİ                ,1,İZMİR ALSANCAK,MUSTAFA ÇULCU,3.04.1994 - 15:00
1191,https://www.tff.org/Default.aspx?pageId=397&macId=53164,ZEYTİNBURNUSPOR               ,1,SARIYER                       ,1,ZEYTİNBURNU,AHMET ÇAKAR,3.04.1994 - 15:00
1186,https://www.tff.org/Default.aspx?pageId=397&macId=53159,GALATASARAY                   ,3,GAZIANTEPSPOR                 ,1,ALİ SAMİ YEN,HAMZA IŞIN,3.04.1994 - 18:03
1196,https://www.tff.org/Default.aspx?pageId=397&macId=53268,GALATASARAY                   ,1,BEŞİKTAŞ                      ,1,ALİ SAMİ YEN,AHMET ÇAKAR,9.04.1994 - 19:00
1200,https://www.tff.org/Default.aspx?pageId=397&macId=53328,KOCAELİSPOR                   ,1,FENERBAHÇE                    ,0, İSMETPAŞA,VAHAP BEYAZ,10.04.1994 - 12:00
1193,https://www.tff.org/Default.aspx?pageId=397&macId=53319,KAYSERİSPOR                   ,0,KARŞIYAKA                     ,0,KAYSERİ ATATÜRK,SABRİ ÇELİK,10.04.1994 - 14:30
1194,https://www.tff.org/Default.aspx?pageId=397&macId=53322,GENÇLERBİRLİĞİ                ,1,MKE ANKARAGÜCÜ                ,1,ANKARA 19 MAYIS,METİN TOKAT,10.04.1994 - 14:30
1197,https://www.tff.org/Default.aspx?pageId=397&macId=53324,GAZIANTEPSPOR                 ,1,TRABZONSPOR                   ,1,KAMİL OCAK,SERDAR ÇAKIR,10.04.1994 - 14:30
1195,https://www.tff.org/Default.aspx?pageId=397&macId=53323,ALTAY                         ,3,D.Ç. KARABÜKSPOR              ,2,İZMİR ALSANCAK,SERDAR ÇAKMAN,10.04.1994 - 15:00
1198,https://www.tff.org/Default.aspx?pageId=397&macId=53326,BURSASPOR                     ,2,ZEYTİNBURNUSPOR               ,0,BURSA ATATÜRK,ÜNSAL ÇİMEN,10.04.1994 - 15:00
1199,https://www.tff.org/Default.aspx?pageId=397&macId=53327,SARIYER                       ,1,SAMSUNSPOR                    ,3,YUSUF ZİYA ÖNİŞ,OĞUZ SARVAN,10.04.1994 - 15:00
1203,https://www.tff.org/Default.aspx?pageId=397&macId=53389,GALATASARAY                   ,3,ALTAY                         ,1,ALİ SAMİ YEN,METİN TOKAT,16.04.1994 - 19:00
1204,https://www.tff.org/Default.aspx?pageId=397&macId=53449,D.Ç. KARABÜKSPOR              ,1,GENÇLERBİRLİĞİ                ,2,KARABÜK YENİŞEHİR,GALİP BİTİGEN,17.04.1994 - 14:30
1205,https://www.tff.org/Default.aspx?pageId=397&macId=53452,MKE ANKARAGÜCÜ                ,3,KAYSERİSPOR                   ,0,ANKARA 19 MAYIS,HAMZA IŞIN,17.04.1994 - 14:30
1207,https://www.tff.org/Default.aspx?pageId=397&macId=53410,SAMSUNSPOR                    ,4,BURSASPOR                     ,0,SAMSUN 19 MAYIS,TURGUT SIĞIÇ,17.04.1994 - 14:30
1201,https://www.tff.org/Default.aspx?pageId=397&macId=53443,KOCAELİSPOR                   ,3,GAZIANTEPSPOR                 ,1, İSMETPAŞA,AHMET İBANOĞLU,17.04.1994 - 15:00
1206,https://www.tff.org/Default.aspx?pageId=397&macId=53409,KARŞIYAKA                     ,1,SARIYER                       ,2,İZMİR ALSANCAK,BÜLENT YAVUZ,17.04.1994 - 15:00
1202,https://www.tff.org/Default.aspx?pageId=397&macId=53446,TRABZONSPOR                   ,4,BEŞİKTAŞ                      ,2,HÜSEYİN AVNİ AKER,VAHAP BEYAZ,17.04.1994 - 18:00
1208,https://www.tff.org/Default.aspx?pageId=397&macId=53411,FENERBAHÇE                    ,4,ZEYTİNBURNUSPOR               ,0,FB ŞÜKRÜ SARACOĞLU,SABRİ ÇELİK,17.04.1994 - 18:00
1214,https://www.tff.org/Default.aspx?pageId=397&macId=53471,BEŞİKTAŞ                      ,4,KOCAELİSPOR                   ,0,BEŞİKTAŞ İNÖNÜ,HASAN CEYLAN,23.04.1994 - 19:00
1212,https://www.tff.org/Default.aspx?pageId=397&macId=53490,GENÇLERBİRLİĞİ                ,2,GALATASARAY                   ,1,ANKARA 19 MAYIS,OĞUZ SARVAN,24.04.1994 - 12:00
1216,https://www.tff.org/Default.aspx?pageId=397&macId=53493,GAZIANTEPSPOR                 ,0,FENERBAHÇE                    ,2,TEVFİK SIRRI GÜR,BÜLENT YAVUZ,24.04.1994 - 12:00
1211,https://www.tff.org/Default.aspx?pageId=397&macId=53489,KAYSERİSPOR                   ,0,D.Ç. KARABÜKSPOR              ,1,KAYSERİ ATATÜRK,OSMAN AVCI,24.04.1994 - 14:30
1209,https://www.tff.org/Default.aspx?pageId=397&macId=53487,BURSASPOR                     ,0,KARŞIYAKA                     ,0,BURSA ATATÜRK,VAHAP BEYAZ,24.04.1994 - 15:00
1210,https://www.tff.org/Default.aspx?pageId=397&macId=53488,SARIYER                       ,1,MKE ANKARAGÜCÜ                ,1,YUSUF ZİYA ÖNİŞ,MUSTAFA ÇULCU,24.04.1994 - 15:00
1213,https://www.tff.org/Default.aspx?pageId=397&macId=53491,ALTAY                         ,2,TRABZONSPOR                   ,2,İZMİR ALSANCAK,İBRAHİM AKSOY,24.04.1994 - 15:00
1215,https://www.tff.org/Default.aspx?pageId=397&macId=53492,ZEYTİNBURNUSPOR               ,0,SAMSUNSPOR                    ,2,ZEYTİNBURNU,HAMZA IŞIN,24.04.1994 - 15:00
1220,https://www.tff.org/Default.aspx?pageId=397&macId=53649,GALATASARAY                   ,3,KAYSERİSPOR,1,ALİ SAMİ YEN,HASAN CEYLAN,30.04.1994 - 19:00
1217,https://www.tff.org/Default.aspx?pageId=397&macId=53608,GAZIANTEPSPOR                 ,2,BEŞİKTAŞ,1,KAMİL OCAK,OĞUZ SARVAN,1.05.1994 - 12:00
1218,https://www.tff.org/Default.aspx?pageId=397&macId=53610,KOCAELİSPOR                   ,1,ALTAY,1, İSMETPAŞA,SERDAR ÇAKIR,1.05.1994 - 15:30
1219,https://www.tff.org/Default.aspx?pageId=397&macId=53612,TRABZONSPOR                   ,6,GENÇLERBİRLİĞİ,0,HÜSEYİN AVNİ AKER,GALİP BİTİGEN,1.05.1994 - 15:30
1221,https://www.tff.org/Default.aspx?pageId=397&macId=53613,D.Ç. KARABÜKSPOR              ,3,SARIYER,1,BURSA ATATÜRK,BÜLENT YAVUZ,1.05.1994 - 15:30
1222,https://www.tff.org/Default.aspx?pageId=397&macId=53614,MKE ANKARAGÜCÜ                ,3,BURSASPOR,1,ANKARA 19 MAYIS,SABRİ ÇELİK,1.05.1994 - 15:30
1223,https://www.tff.org/Default.aspx?pageId=397&macId=53615,KARŞIYAKA                     ,1,ZEYTİNBURNUSPOR,4,İZMİR ALSANCAK,MUSTAFA ÇULCU,1.05.1994 - 15:30
1224,https://www.tff.org/Default.aspx?pageId=397&macId=53616,FENERBAHÇE                    ,8,SAMSUNSPOR,1,FB ŞÜKRÜ SARACOĞLU,METİN TOKAT,1.05.1994 - 18:00
1232,https://www.tff.org/Default.aspx?pageId=397&macId=53747,FENERBAHÇE                    ,2,BEŞİKTAŞ                      ,1,FB ŞÜKRÜ SARACOĞLU,BÜLENT YAVUZ,7.05.1994 - 19:00
1225,https://www.tff.org/Default.aspx?pageId=397&macId=53776,SAMSUNSPOR                    ,1,KARŞIYAKA                     ,2,SAMSUN 19 MAYIS,SABRİ ÇELİK,8.05.1994 - 15:30
1226,https://www.tff.org/Default.aspx?pageId=397&macId=53778,ZEYTİNBURNUSPOR               ,3,MKE ANKARAGÜCÜ                ,1,ZEYTİNBURNU,OĞUZ SARVAN,8.05.1994 - 15:30
1227,https://www.tff.org/Default.aspx?pageId=397&macId=53779,BURSASPOR                     ,0,D.Ç. KARABÜKSPOR              ,4,BURSA ATATÜRK,VAHAP BEYAZ,8.05.1994 - 15:30
1228,https://www.tff.org/Default.aspx?pageId=397&macId=53780,SARIYER                       ,0,GALATASARAY                   ,2,BEŞİKTAŞ İNÖNÜ,METİN TOKAT,8.05.1994 - 15:30
1230,https://www.tff.org/Default.aspx?pageId=397&macId=53782,GENÇLERBİRLİĞİ                ,1,KOCAELİSPOR                   ,2,ANKARA 19 MAYIS,ALİCAN LAKOT,8.05.1994 - 15:30
1231,https://www.tff.org/Default.aspx?pageId=397&macId=53783,ALTAY                         ,3,GAZIANTEPSPOR                 ,1,İZMİR ALSANCAK,HAMZA IŞIN,8.05.1994 - 15:30
1229,https://www.tff.org/Default.aspx?pageId=397&macId=53781,KAYSERİSPOR                   ,1,TRABZONSPOR                   ,1,KAYSERİ ATATÜRK,NECDET ERDİLEK,8.05.1994 - 15:32
1233,https://www.tff.org/Default.aspx?pageId=397&macId=53911,BEŞİKTAŞ                      ,3,ALTAY                         ,0,BEŞİKTAŞ İNÖNÜ,MUSTAFA ÇULCU,15.05.1994 - 15:30
1234,https://www.tff.org/Default.aspx?pageId=397&macId=53912,GAZIANTEPSPOR                 ,3,GENÇLERBİRLİĞİ                ,1,KAMİL OCAK,ADNAN TÜRKKAN,15.05.1994 - 15:30
1235,https://www.tff.org/Default.aspx?pageId=397&macId=53913,KOCAELİSPOR                   ,2,KAYSERİSPOR                   ,1, İSMETPAŞA,MEKKİ KESKİN,15.05.1994 - 15:30
1236,https://www.tff.org/Default.aspx?pageId=397&macId=53914,TRABZONSPOR                   ,4,SARIYER                       ,2,HÜSEYİN AVNİ AKER,OĞUZ SARVAN,15.05.1994 - 15:30
1237,https://www.tff.org/Default.aspx?pageId=397&macId=53915,GALATASARAY                   ,2,BURSASPOR                     ,0,ALİ SAMİ YEN,HASAN CEYLAN,15.05.1994 - 15:30
1238,https://www.tff.org/Default.aspx?pageId=397&macId=53917,D.Ç. KARABÜKSPOR              ,1,ZEYTİNBURNUSPOR               ,2,KARABÜK YENİŞEHİR,BÜLENT YAVUZ,15.05.1994 - 15:30
1239,https://www.tff.org/Default.aspx?pageId=397&macId=53919,MKE ANKARAGÜCÜ                ,0,SAMSUNSPOR                    ,1,ANKARA 19 MAYIS,ABDURRAHMAN ARICI,15.05.1994 - 15:30
1240,https://www.tff.org/Default.aspx?pageId=397&macId=53921,KARŞIYAKA                     ,0,FENERBAHÇE                    ,4,İZMİR ATATÜRK,METİN TOKAT,15.05.1994 - 15:30
