Takim_adi,Oynadigi_mac_sayisi,Galibiyet_sayisi,Beraberlik_sayisi,Maglubiyet_sayisi,Attigi_gol_sayisi,Yedigi_gol_sayisi,Averaj,Puan
GALATASARAY,30,22,4,4,67,28,39,70
FENERBAHÇE,30,21,6,3,69,26,43,69
TRABZONSPOR,30,17,8,5,67,28,39,59
BEŞİKTAŞ,30,16,6,8,58,30,28,54
SAMSUNSPOR,30,15,5,10,53,47,6,50
KOCAELİSPOR,30,14,6,10,44,45,-1,48
GENÇLERBİRLİĞİ,30,13,5,12,51,51,0,44
GAZIANTEPSPOR,30,10,5,15,49,54,-5,35
BURSASPOR,30,9,8,13,26,39,-13,35
ALTAY,30,8,8,14,33,45,-12,32
MKE ANKARAGÜCÜ,30,8,7,15,37,52,-15,31
KAYSERİSPOR,30,8,7,15,31,49,-18,31
ZEYTİNBURNUSPOR,30,8,6,16,33,51,-18,30
D.Ç. KARABÜKSPOR,30,7,7,16,35,62,-27,28
KARŞIYAKA,30,7,6,17,19,43,-24,27
SARIYER,30,6,8,16,28,50,-22,26
