Takim_adi,Oynadigi_mac_sayisi,Galibiyet_sayisi,Beraberlik_sayisi,Maglubiyet_sayisi,Attigi_gol_sayisi,Yedigi_gol_sayisi,Averaj,Puan
BEŞİKTAŞ A.Ş,34,21,8,5,60,30,30,71
SİVASSPOR,34,19,9,6,54,28,26,66
TRABZONSPOR A.Ş,34,19,8,7,54,34,20,65
FENERBAHÇE,34,18,7,9,60,36,24,61
GALATASARAY A.Ş,34,18,7,9,57,39,18,61
BURSASPOR,34,16,10,8,47,36,11,58
KAYSERİSPOR,34,13,11,10,38,26,12,50
GAZİANTEPSPOR,34,12,11,11,46,48,-2,47
BÜYÜKŞEHİR BLD,34,12,6,16,37,46,-9,42
ANKARASPOR A.Ş,34,11,8,15,36,42,-6,41
ESKİŞEHİRSPOR,34,10,10,14,45,49,-4,40
ANTALYASPOR A.Ş,34,10,10,14,34,42,-8,40
MKE ANKARAGÜCÜ,34,11,6,17,36,47,-11,39
GENÇLERBİRLİĞİ,34,10,8,16,38,50,-12,38
DENİZLİSPOR,34,11,5,18,39,52,-13,38
KONYASPOR,34,10,8,16,35,46,-11,38
KOCAELİSPOR,34,8,5,21,47,73,-26,29
HACETTEPE SPOR,34,5,7,22,24,63,-39,22
