Mac_kodu,TFF_mac_linki,Ev_sahibi,Ev_sahibi_gol,Misafir_takim,Misafir_takim_gol,Stat,Ana_hakem,Tarih_saat
1009,https://www.tff.org/Default.aspx?pageId=397&macId=73078,GALATASARAY A.Ş.,4,DENİZLİSPOR,1,ALİ SAMİ YEN,MUSTAFA KAMİL ABİTOĞLU,23.08.2008 - 19:00
1001,https://www.tff.org/Default.aspx?pageId=397&macId=73070,SİVASSPOR,0,KAYSERİSPOR,0,SİVAS 4 EYLÜL,FIRAT AYDINUS,23.08.2008 - 21:00
1002,https://www.tff.org/Default.aspx?pageId=397&macId=73071,HACETTEPE SPOR,1,BURSASPOR,2,ANKARA 19 MAYIS,SUAT ARSLANBOĞA,23.08.2008 - 21:00
1003,https://www.tff.org/Default.aspx?pageId=397&macId=73072,BÜYÜKŞEHİR BLD.SPOR,0,ESKİŞEHİRSPOR,0,ATATÜRK OLİMPİYAT,ÖZGÜÇ TÜRKALP,23.08.2008 - 21:00
1005,https://www.tff.org/Default.aspx?pageId=397&macId=73074,GAZİANTEPSPOR,1,FENERBAHÇE,0,KAMİL OCAK,YUNUS YILDIRIM,23.08.2008 - 21:45
1006,https://www.tff.org/Default.aspx?pageId=397&macId=73075,TRABZONSPOR A.Ş.,2,ANKARASPOR A.Ş.,0,HÜSEYİN AVNİ AKER,CÜNEYT ÇAKIR,24.08.2008 - 19:00
1004,https://www.tff.org/Default.aspx?pageId=397&macId=73073,GENÇLERBİRLİĞİ,1,KOCAELİSPOR,1,ANKARA 19 MAYIS,KORAY GENÇERLER,24.08.2008 - 21:00
1007,https://www.tff.org/Default.aspx?pageId=397&macId=73076,KONYASPOR,3,MKE ANKARAGÜCÜ,2,BŞ BLD ATATÜRK,AYTEKİN DURMAZ,24.08.2008 - 21:00
1008,https://www.tff.org/Default.aspx?pageId=397&macId=73077,ANTALYASPOR A.Ş.,2,BEŞİKTAŞ A.Ş.,3,ANTALYA ATATÜRK,BÜNYAMİN GEZER,24.08.2008 - 21:45
1012,https://www.tff.org/Default.aspx?pageId=397&macId=73081,MKE ANKARAGÜCÜ,1,TRABZONSPOR A.Ş.,2,ANKARA 19 MAYIS,HÜSEYİN GÖÇEK,29.08.2008 - 21:00
1013,https://www.tff.org/Default.aspx?pageId=397&macId=73082,ANKARASPOR A.Ş.,0,GAZİANTEPSPOR,2,YENİKENT ASAŞ,TOLGA ÖZKALFA,30.08.2008 - 21:00
1015,https://www.tff.org/Default.aspx?pageId=397&macId=73084,KOCAELİSPOR,0,SİVASSPOR,2, İSMETPAŞA,KUDDUSİ MÜFTÜOĞLU,30.08.2008 - 21:00
1017,https://www.tff.org/Default.aspx?pageId=397&macId=73086,FENERBAHÇE,2,BÜYÜKŞEHİR BLD.SPOR,0,FB ŞÜKRÜ SARACOĞLU,SÜLEYMAN ABAY,30.08.2008 - 21:00
1010,https://www.tff.org/Default.aspx?pageId=397&macId=73079,BURSASPOR,2,GENÇLERBİRLİĞİ,0,BURSA ATATÜRK,DENİZ ÇOBAN,31.08.2008 - 21:00
1014,https://www.tff.org/Default.aspx?pageId=397&macId=73083,ESKİŞEHİRSPOR,0,HACETTEPE SPOR,0,ESKİŞEHİR ATATÜRK,HAKAN ÖZKAN,31.08.2008 - 21:00
1016,https://www.tff.org/Default.aspx?pageId=397&macId=73085,KAYSERİSPOR,0,GALATASARAY A.Ş.,0,BŞ BLD ATATÜRK,BÜNYAMİN GEZER,31.08.2008 - 21:00
1018,https://www.tff.org/Default.aspx?pageId=397&macId=73087,DENİZLİSPOR,3,ANTALYASPOR A.Ş.,2,DENİZLİ ATATÜRK,İLKER MERAL,31.08.2008 - 21:00
1011,https://www.tff.org/Default.aspx?pageId=397&macId=73080,BEŞİKTAŞ A.Ş.,2,KONYASPOR,0,BEŞİKTAŞ İNÖNÜ,SELÇUK DERELİ,1.09.2008 - 21:00
1023,https://www.tff.org/Default.aspx?pageId=397&macId=73092,HACETTEPE SPOR,2,FENERBAHÇE,1,ANKARA 19 MAYIS,MUSTAFA KAMİL ABİTOĞLU,13.09.2008 - 19:00
1025,https://www.tff.org/Default.aspx?pageId=397&macId=73094,KONYASPOR,1,DENİZLİSPOR,1,BŞ BLD ATATÜRK,SERKAN ÇINAR,13.09.2008 - 20:00
1026,https://www.tff.org/Default.aspx?pageId=397&macId=73095,KAYSERİSPOR,1,KOCAELİSPOR,0,BŞ BLD ATATÜRK,HÜSEYİN GÖÇEK,13.09.2008 - 20:00
1019,https://www.tff.org/Default.aspx?pageId=397&macId=73088,GALATASARAY A.Ş.,1,ANTALYASPOR A.Ş.,1,ALİ SAMİ YEN,BÜLENT YILDIRIM,13.09.2008 - 21:45
1022,https://www.tff.org/Default.aspx?pageId=397&macId=73091,SİVASSPOR,3,BURSASPOR,1,SİVAS 4 EYLÜL,YUNUS YILDIRIM,14.09.2008 - 19:15
1020,https://www.tff.org/Default.aspx?pageId=397&macId=73089,GENÇLERBİRLİĞİ,3,ESKİŞEHİRSPOR,1,ANKARA 19 MAYIS,AYTEKİN DURMAZ,14.09.2008 - 20:00
1021,https://www.tff.org/Default.aspx?pageId=397&macId=73090,GAZİANTEPSPOR,2,MKE ANKARAGÜCÜ,2,KAMİL OCAK,CÜNEYT ÇAKIR,14.09.2008 - 20:00
1024,https://www.tff.org/Default.aspx?pageId=397&macId=73093,BÜYÜKŞEHİR BLD.SPOR,1,ANKARASPOR A.Ş.,2,ATATÜRK OLİMPİYAT,FIRAT AYDINUS,14.09.2008 - 20:00
1027,https://www.tff.org/Default.aspx?pageId=397&macId=73096,TRABZONSPOR A.Ş.,0,BEŞİKTAŞ A.Ş.,0,HÜSEYİN AVNİ AKER,HALİS ÖZKAHYA,14.09.2008 - 21:45
1036,https://www.tff.org/Default.aspx?pageId=397&macId=73105,DENİZLİSPOR,0,TRABZONSPOR A.Ş.,1,DENİZLİ ATATÜRK,ÖZGÜÇ TÜRKALP,19.09.2008 - 21:00
1029,https://www.tff.org/Default.aspx?pageId=397&macId=73098,ESKİŞEHİRSPOR,2,SİVASSPOR,2,ESKİŞEHİR ATATÜRK,İLKER MERAL,20.09.2008 - 20:00
1031,https://www.tff.org/Default.aspx?pageId=397&macId=73100,MKE ANKARAGÜCÜ,0,BÜYÜKŞEHİR BLD.SPOR,0,ANKARA 19 MAYIS,YUNUS YILDIRIM,20.09.2008 - 20:00
1032,https://www.tff.org/Default.aspx?pageId=397&macId=73101,FENERBAHÇE,3,GENÇLERBİRLİĞİ,0,FB ŞÜKRÜ SARACOĞLU,FIRAT AYDINUS,20.09.2008 - 21:00
1034,https://www.tff.org/Default.aspx?pageId=397&macId=73103,KOCAELİSPOR,1,GALATASARAY A.Ş.,4, İSMETPAŞA,SELÇUK DERELİ,21.09.2008 - 19:00
1028,https://www.tff.org/Default.aspx?pageId=397&macId=73097,ANKARASPOR A.Ş.,4,HACETTEPE SPOR,0,YENİKENT ASAŞ,KUDDUSİ MÜFTÜOĞLU,21.09.2008 - 20:00
1030,https://www.tff.org/Default.aspx?pageId=397&macId=73099,ANTALYASPOR A.Ş.,0,KONYASPOR,1,5 OCAK,TOLGA ÖZKALFA,21.09.2008 - 20:00
1033,https://www.tff.org/Default.aspx?pageId=397&macId=73102,BURSASPOR,1,KAYSERİSPOR,0,BURSA ATATÜRK,SÜLEYMAN ABAY,21.09.2008 - 20:00
1035,https://www.tff.org/Default.aspx?pageId=397&macId=73104,BEŞİKTAŞ A.Ş.,3,GAZİANTEPSPOR,0,BEŞİKTAŞ İNÖNÜ,MUSTAFA KAMİL ABİTOĞLU,21.09.2008 - 21:45
1037,https://www.tff.org/Default.aspx?pageId=397&macId=73106,SİVASSPOR,2,FENERBAHÇE,1,SİVAS 4 EYLÜL,BÜNYAMİN GEZER,26.09.2008 - 20:00
1043,https://www.tff.org/Default.aspx?pageId=397&macId=73112,BÜYÜKŞEHİR BLD.SPOR,1,BEŞİKTAŞ A.Ş.,1,ATATÜRK OLİMPİYAT,BÜLENT YILDIRIM,27.09.2008 - 19:15
1038,https://www.tff.org/Default.aspx?pageId=397&macId=73107,KOCAELİSPOR,2,BURSASPOR,3, İSMETPAŞA,AYTEKİN DURMAZ,27.09.2008 - 20:00
1041,https://www.tff.org/Default.aspx?pageId=397&macId=73110,GENÇLERBİRLİĞİ,1,ANKARASPOR A.Ş.,1,ANKARA 19 MAYIS,SÜLEYMAN ABAY,27.09.2008 - 20:00
1045,https://www.tff.org/Default.aspx?pageId=397&macId=73114,TRABZONSPOR A.Ş.,3,ANTALYASPOR A.Ş.,2,HÜSEYİN AVNİ AKER,FIRAT AYDINUS,27.09.2008 - 21:45
1039,https://www.tff.org/Default.aspx?pageId=397&macId=73108,KAYSERİSPOR,1,ESKİŞEHİRSPOR,0,BŞ BLD ATATÜRK,KORAY GENÇERLER,28.09.2008 - 20:00
1042,https://www.tff.org/Default.aspx?pageId=397&macId=73111,HACETTEPE SPOR,0,MKE ANKARAGÜCÜ,1,ANKARA 19 MAYIS,DENİZ ÇOBAN,28.09.2008 - 20:00
1044,https://www.tff.org/Default.aspx?pageId=397&macId=73113,GAZİANTEPSPOR,2,DENİZLİSPOR,1,KAMİL OCAK,SELÇUK DERELİ,28.09.2008 - 20:00
1040,https://www.tff.org/Default.aspx?pageId=397&macId=73109,GALATASARAY A.Ş.,4,KONYASPOR,1,ALİ SAMİ YEN,YUNUS YILDIRIM,28.09.2008 - 21:00
1050,https://www.tff.org/Default.aspx?pageId=397&macId=73119,ANKARASPOR A.Ş.,2,SİVASSPOR,0,YENİKENT ASAŞ,CÜNEYT ÇAKIR,4.10.2008 - 20:00
1053,https://www.tff.org/Default.aspx?pageId=397&macId=73122,ANTALYASPOR A.Ş.,1,GAZİANTEPSPOR,4,ANTALYA ATATÜRK,TANER GİZLENCİ,4.10.2008 - 20:00
1052,https://www.tff.org/Default.aspx?pageId=397&macId=73121,KONYASPOR,2,TRABZONSPOR A.Ş.,3,BŞ BLD ATATÜRK,SELÇUK DERELİ,4.10.2008 - 20:06
1048,https://www.tff.org/Default.aspx?pageId=397&macId=73117,DENİZLİSPOR,2,BÜYÜKŞEHİR BLD.SPOR,1,DENİZLİ ATATÜRK,SUAT ARSLANBOĞA,5.10.2008 - 16:00
1047,https://www.tff.org/Default.aspx?pageId=397&macId=73116,BURSASPOR,2,GALATASARAY A.Ş.,1,BURSA ATATÜRK,HÜSEYİN GÖÇEK,5.10.2008 - 18:00
1046,https://www.tff.org/Default.aspx?pageId=397&macId=73115,ESKİŞEHİRSPOR,2,KOCAELİSPOR,1,ESKİŞEHİR ATATÜRK,ABDULLAH YILMAZ,5.10.2008 - 20:00
1049,https://www.tff.org/Default.aspx?pageId=397&macId=73118,MKE ANKARAGÜCÜ,0,GENÇLERBİRLİĞİ,2,ANKARA 19 MAYIS,ÖZGÜÇ TÜRKALP,5.10.2008 - 20:00
1051,https://www.tff.org/Default.aspx?pageId=397&macId=73120,FENERBAHÇE,1,KAYSERİSPOR,4,FB ŞÜKRÜ SARACOĞLU,HALİS ÖZKAHYA,5.10.2008 - 21:00
1054,https://www.tff.org/Default.aspx?pageId=397&macId=73123,BEŞİKTAŞ A.Ş.,2,HACETTEPE SPOR,1,BEŞİKTAŞ İNÖNÜ,TOLGA ÖZKALFA,6.10.2008 - 20:00
1056,https://www.tff.org/Default.aspx?pageId=397&macId=73125,BÜYÜKŞEHİR BLD.SPOR,2,ANTALYASPOR A.Ş.,1,ATATÜRK OLİMPİYAT,HAKAN ÖZKAN,18.10.2008 - 14:00
1059,https://www.tff.org/Default.aspx?pageId=397&macId=73128,HACETTEPE SPOR,1,DENİZLİSPOR,0,ANKARA 19 MAYIS,GÖKHAN GÜNEŞER,18.10.2008 - 14:00
1057,https://www.tff.org/Default.aspx?pageId=397&macId=73126,BURSASPOR,1,ESKİŞEHİRSPOR,2,BURSA ATATÜRK,CÜNEYT ÇAKIR,18.10.2008 - 16:00
1061,https://www.tff.org/Default.aspx?pageId=397&macId=73130,KOCAELİSPOR,2,FENERBAHÇE,3, İSMETPAŞA,BÜLENT YILDIRIM,18.10.2008 - 19:00
1055,https://www.tff.org/Default.aspx?pageId=397&macId=73124,SİVASSPOR,3,MKE ANKARAGÜCÜ,0,SİVAS 4 EYLÜL,HÜSEYİN GÖÇEK,19.10.2008 - 14:00
1060,https://www.tff.org/Default.aspx?pageId=397&macId=73129,GAZİANTEPSPOR,0,KONYASPOR,1,KAMİL OCAK,SÜLEYMAN ABAY,19.10.2008 - 14:00
1062,https://www.tff.org/Default.aspx?pageId=397&macId=73131,KAYSERİSPOR,1,ANKARASPOR A.Ş.,2,BŞ BLD ATATÜRK,AYTEKİN DURMAZ,19.10.2008 - 14:00
1058,https://www.tff.org/Default.aspx?pageId=397&macId=73127,GENÇLERBİRLİĞİ,1,BEŞİKTAŞ A.Ş.,3,ANKARA 19 MAYIS,MUSTAFA KAMİL ABİTOĞLU,19.10.2008 - 16:00
1063,https://www.tff.org/Default.aspx?pageId=397&macId=73132,GALATASARAY A.Ş.,3,TRABZONSPOR A.Ş.,0,ALİ SAMİ YEN,BÜNYAMİN GEZER,19.10.2008 - 19:00
1072,https://www.tff.org/Default.aspx?pageId=397&macId=73141,BEŞİKTAŞ A.Ş.,1,SİVASSPOR,1,BEŞİKTAŞ İNÖNÜ,HALİS ÖZKAHYA,24.10.2008 - 20:00
1064,https://www.tff.org/Default.aspx?pageId=397&macId=73133,DENİZLİSPOR,2,GENÇLERBİRLİĞİ,2,DENİZLİ ATATÜRK,HAKAN ÖZKAN,25.10.2008 - 14:00
1065,https://www.tff.org/Default.aspx?pageId=397&macId=73134,ANKARASPOR A.Ş.,4,KOCAELİSPOR,0,YENİKENT ASAŞ,SUAT ARSLANBOĞA,25.10.2008 - 14:00
1068,https://www.tff.org/Default.aspx?pageId=397&macId=73137,FENERBAHÇE,5,BURSASPOR,2,FB ŞÜKRÜ SARACOĞLU,TOLGA ÖZKALFA,25.10.2008 - 19:00
1066,https://www.tff.org/Default.aspx?pageId=397&macId=73135,ANTALYASPOR A.Ş.,1,HACETTEPE SPOR,1,ANTALYA ATATÜRK,İLKER MERAL,26.10.2008 - 14:00
1067,https://www.tff.org/Default.aspx?pageId=397&macId=73136,MKE ANKARAGÜCÜ,1,KAYSERİSPOR,3,ANKARA 19 MAYIS,KUDDUSİ MÜFTÜOĞLU,26.10.2008 - 14:00
1071,https://www.tff.org/Default.aspx?pageId=397&macId=73140,KONYASPOR,1,BÜYÜKŞEHİR BLD.SPOR,2,BŞ BLD ATATÜRK,ABDULLAH YILMAZ,26.10.2008 - 14:00
1070,https://www.tff.org/Default.aspx?pageId=397&macId=73139,TRABZONSPOR A.Ş.,1,GAZİANTEPSPOR,1,HÜSEYİN AVNİ AKER,YUNUS YILDIRIM,26.10.2008 - 16:00
1069,https://www.tff.org/Default.aspx?pageId=397&macId=73138,ESKİŞEHİRSPOR,4,GALATASARAY A.Ş.,2,ESKİŞEHİR ATATÜRK,FIRAT AYDINUS,26.10.2008 - 19:00
1073,https://www.tff.org/Default.aspx?pageId=397&macId=73142,HACETTEPE SPOR,1,KONYASPOR,2,ANKARA 19 MAYIS,AYTEKİN DURMAZ,1.11.2008 - 14:00
1078,https://www.tff.org/Default.aspx?pageId=397&macId=73147,BÜYÜKŞEHİR BLD.SPOR,0,TRABZONSPOR A.Ş.,4,ATATÜRK OLİMPİYAT,CÜNEYT ÇAKIR,1.11.2008 - 15:00
1074,https://www.tff.org/Default.aspx?pageId=397&macId=73143,ESKİŞEHİRSPOR,2,FENERBAHÇE,2,ESKİŞEHİR ATATÜRK,KUDDUSİ MÜFTÜOĞLU,1.11.2008 - 19:00
1076,https://www.tff.org/Default.aspx?pageId=397&macId=73145,SİVASSPOR,3,DENİZLİSPOR,1,SİVAS 4 EYLÜL,SUAT ARSLANBOĞA,2.11.2008 - 14:00
1077,https://www.tff.org/Default.aspx?pageId=397&macId=73146,GENÇLERBİRLİĞİ,1,ANTALYASPOR A.Ş.,2,ANKARA 19 MAYIS,DENİZ ÇOBAN,2.11.2008 - 14:00
1079,https://www.tff.org/Default.aspx?pageId=397&macId=73148,BURSASPOR,0,ANKARASPOR A.Ş.,1,BURSA ATATÜRK,KORAY GENÇERLER,2.11.2008 - 14:00
1080,https://www.tff.org/Default.aspx?pageId=397&macId=73149,KOCAELİSPOR,1,MKE ANKARAGÜCÜ,1, İSMETPAŞA,SÜLEYMAN ABAY,2.11.2008 - 14:00
1075,https://www.tff.org/Default.aspx?pageId=397&macId=73144,KAYSERİSPOR,1,BEŞİKTAŞ A.Ş.,0,BŞ BLD ATATÜRK,SELÇUK DERELİ,2.11.2008 - 15:00
1081,https://www.tff.org/Default.aspx?pageId=397&macId=73150,GALATASARAY A.Ş.,3,GAZİANTEPSPOR,1,ALİ SAMİ YEN,HALİS ÖZKAHYA,2.11.2008 - 19:00
1083,https://www.tff.org/Default.aspx?pageId=397&macId=73152,BEŞİKTAŞ A.Ş.,5,KOCAELİSPOR,2,BEŞİKTAŞ İNÖNÜ,FIRAT AYDINUS,7.11.2008 - 20:00
1085,https://www.tff.org/Default.aspx?pageId=397&macId=73154,MKE ANKARAGÜCÜ,1,BURSASPOR,1,ATATÜRK OLİMPİYAT,İLKER MERAL,8.11.2008 - 14:00
1089,https://www.tff.org/Default.aspx?pageId=397&macId=73158,TRABZONSPOR A.Ş.,1,HACETTEPE SPOR,0,HÜSEYİN AVNİ AKER,MUSTAFA KAMİL ABİTOĞLU,8.11.2008 - 19:00
1082,https://www.tff.org/Default.aspx?pageId=397&macId=73151,KONYASPOR,2,GENÇLERBİRLİĞİ,2,BŞ BLD ATATÜRK,SUAT ARSLANBOĞA,9.11.2008 - 14:00
1084,https://www.tff.org/Default.aspx?pageId=397&macId=73153,DENİZLİSPOR,1,KAYSERİSPOR,0,DENİZLİ ATATÜRK,YUNUS YILDIRIM,9.11.2008 - 14:00
1086,https://www.tff.org/Default.aspx?pageId=397&macId=73155,ANKARASPOR A.Ş.,2,ESKİŞEHİRSPOR,0,YENİKENT ASAŞ,HAKAN ÖZKAN,9.11.2008 - 14:00
1088,https://www.tff.org/Default.aspx?pageId=397&macId=73157,GAZİANTEPSPOR,1,BÜYÜKŞEHİR BLD.SPOR,4,KAMİL OCAK,BÜNYAMİN GEZER,9.11.2008 - 14:00
1090,https://www.tff.org/Default.aspx?pageId=397&macId=73159,ANTALYASPOR A.Ş.,2,SİVASSPOR,1,ANTALYA ATATÜRK,BÜLENT YILDIRIM,9.11.2008 - 14:00
1087,https://www.tff.org/Default.aspx?pageId=397&macId=73156,FENERBAHÇE,4,GALATASARAY A.Ş.,1,FB ŞÜKRÜ SARACOĞLU,HÜSEYİN GÖÇEK,9.11.2008 - 19:00
1095,https://www.tff.org/Default.aspx?pageId=397&macId=73164,GENÇLERBİRLİĞİ,0,TRABZONSPOR A.Ş.,1,ANKARA 19 MAYIS,FIRAT AYDINUS,14.11.2008 - 20:00
1098,https://www.tff.org/Default.aspx?pageId=397&macId=73167,KOCAELİSPOR,3,DENİZLİSPOR,2, İSMETPAŞA,CÜNEYT ÇAKIR,15.11.2008 - 14:00
1097,https://www.tff.org/Default.aspx?pageId=397&macId=73166,FENERBAHÇE,2,ANKARASPOR A.Ş.,0,FB ŞÜKRÜ SARACOĞLU,YUNUS YILDIRIM,15.11.2008 - 19:00
1091,https://www.tff.org/Default.aspx?pageId=397&macId=73160,ESKİŞEHİRSPOR,1,MKE ANKARAGÜCÜ,3,ESKİŞEHİR ATATÜRK,SERKAN ÇINAR,16.11.2008 - 14:00
1094,https://www.tff.org/Default.aspx?pageId=397&macId=73163,SİVASSPOR,1,KONYASPOR,0,SİVAS 4 EYLÜL,HAKAN ÖZKAN,16.11.2008 - 14:00
1096,https://www.tff.org/Default.aspx?pageId=397&macId=73165,HACETTEPE SPOR,0,GAZİANTEPSPOR,0,ANKARA 19 MAYIS,ABDULLAH YILMAZ,16.11.2008 - 14:00
1099,https://www.tff.org/Default.aspx?pageId=397&macId=73168,KAYSERİSPOR,0,ANTALYASPOR A.Ş.,0,BŞ BLD ATATÜRK,SÜLEYMAN ABAY,16.11.2008 - 14:00
1092,https://www.tff.org/Default.aspx?pageId=397&macId=73161,BURSASPOR,0,BEŞİKTAŞ A.Ş.,0,BURSA ATATÜRK,KUDDUSİ MÜFTÜOĞLU,16.11.2008 - 15:00
1093,https://www.tff.org/Default.aspx?pageId=397&macId=73162,GALATASARAY A.Ş.,2,BÜYÜKŞEHİR BLD.SPOR,0,ALİ SAMİ YEN,SELÇUK DERELİ,16.11.2008 - 19:00
1100,https://www.tff.org/Default.aspx?pageId=397&macId=73169,GAZİANTEPSPOR,2,GENÇLERBİRLİĞİ,0,KAMİL OCAK,İLKER MERAL,22.11.2008 - 14:00
1108,https://www.tff.org/Default.aspx?pageId=397&macId=73177,ANTALYASPOR A.Ş.,0,KOCAELİSPOR,0,ANTALYA ATATÜRK,AYTEKİN DURMAZ,22.11.2008 - 14:00
1104,https://www.tff.org/Default.aspx?pageId=397&macId=73173,MKE ANKARAGÜCÜ,0,FENERBAHÇE,0,ANKARA 19 MAYIS,FIRAT AYDINUS,22.11.2008 - 15:00
1105,https://www.tff.org/Default.aspx?pageId=397&macId=73174,ANKARASPOR A.Ş.,0,GALATASARAY A.Ş.,0,YENİKENT ASAŞ,BÜLENT YILDIRIM,22.11.2008 - 19:00
1101,https://www.tff.org/Default.aspx?pageId=397&macId=73170,KONYASPOR,0,KAYSERİSPOR,0,BŞ BLD ATATÜRK,CÜNEYT ÇAKIR,23.11.2008 - 14:00
1103,https://www.tff.org/Default.aspx?pageId=397&macId=73172,DENİZLİSPOR,4,BURSASPOR,3,DENİZLİ ATATÜRK,BÜNYAMİN GEZER,23.11.2008 - 14:00
1106,https://www.tff.org/Default.aspx?pageId=397&macId=73175,BÜYÜKŞEHİR BLD.SPOR,1,HACETTEPE SPOR,0,ATATÜRK OLİMPİYAT,DENİZ ÇOBAN,23.11.2008 - 14:00
1107,https://www.tff.org/Default.aspx?pageId=397&macId=73176,TRABZONSPOR A.Ş.,0,SİVASSPOR,0,HÜSEYİN AVNİ AKER,SELÇUK DERELİ,23.11.2008 - 15:00
1102,https://www.tff.org/Default.aspx?pageId=397&macId=73171,BEŞİKTAŞ A.Ş.,2,ESKİŞEHİRSPOR,0,BEŞİKTAŞ İNÖNÜ,HÜSEYİN GÖÇEK,23.11.2008 - 19:00
1116,https://www.tff.org/Default.aspx?pageId=397&macId=73185,KAYSERİSPOR,1,TRABZONSPOR A.Ş.,1,BŞ BLD ATATÜRK,HALİS ÖZKAHYA,28.11.2008 - 20:00
1113,https://www.tff.org/Default.aspx?pageId=397&macId=73182,ANKARASPOR A.Ş.,0,MKE ANKARAGÜCÜ,1,YENİKENT ASAŞ,HÜSEYİN GÖÇEK,29.11.2008 - 14:00
1115,https://www.tff.org/Default.aspx?pageId=397&macId=73184,ESKİŞEHİRSPOR,4,DENİZLİSPOR,3,ESKİŞEHİR ATATÜRK,ÖZGÜÇ TÜRKALP,29.11.2008 - 14:00
1109,https://www.tff.org/Default.aspx?pageId=397&macId=73178,SİVASSPOR,3,GAZİANTEPSPOR,0,SİVAS 4 EYLÜL,CÜNEYT ÇAKIR,29.11.2008 - 14:04
1114,https://www.tff.org/Default.aspx?pageId=397&macId=73183,FENERBAHÇE,2,BEŞİKTAŞ A.Ş.,1,FB ŞÜKRÜ SARACOĞLU,BÜNYAMİN GEZER,29.11.2008 - 19:00
1110,https://www.tff.org/Default.aspx?pageId=397&macId=73179,BURSASPOR,1,ANTALYASPOR A.Ş.,1,BURSA ATATÜRK,SUAT ARSLANBOĞA,30.11.2008 - 14:00
1111,https://www.tff.org/Default.aspx?pageId=397&macId=73180,KOCAELİSPOR,3,KONYASPOR,0, İSMETPAŞA,KORAY GENÇERLER,30.11.2008 - 14:00
1112,https://www.tff.org/Default.aspx?pageId=397&macId=73181,GENÇLERBİRLİĞİ,0,BÜYÜKŞEHİR BLD.SPOR,0,ANKARA 19 MAYIS,MUSTAFA KAMİL ABİTOĞLU,30.11.2008 - 14:00
1117,https://www.tff.org/Default.aspx?pageId=397&macId=73186,GALATASARAY A.Ş.,3,HACETTEPE SPOR,1,ALİ SAMİ YEN,SÜLEYMAN ABAY,30.11.2008 - 19:00
1121,https://www.tff.org/Default.aspx?pageId=397&macId=73190,DENİZLİSPOR,0,FENERBAHÇE,1,DENİZLİ ATATÜRK,AYTEKİN DURMAZ,5.12.2008 - 20:00
1118,https://www.tff.org/Default.aspx?pageId=397&macId=73187,HACETTEPE SPOR,0,GENÇLERBİRLİĞİ,3,ANKARA 19 MAYIS,ÖZGÜÇ TÜRKALP,6.12.2008 - 14:00
1123,https://www.tff.org/Default.aspx?pageId=397&macId=73192,GAZİANTEPSPOR,0,KAYSERİSPOR,0,KAMİL OCAK,FIRAT AYDINUS,6.12.2008 - 14:00
1126,https://www.tff.org/Default.aspx?pageId=397&macId=73195,ANTALYASPOR A.Ş.,0,ESKİŞEHİRSPOR,0,ANTALYA ATATÜRK,SELÇUK DERELİ,6.12.2008 - 14:00
1120,https://www.tff.org/Default.aspx?pageId=397&macId=73189,BEŞİKTAŞ A.Ş.,1,ANKARASPOR A.Ş.,3,BEŞİKTAŞ İNÖNÜ,İLKER MERAL,6.12.2008 - 19:00
1119,https://www.tff.org/Default.aspx?pageId=397&macId=73188,BÜYÜKŞEHİR BLD.SPOR,0,SİVASSPOR,3,ATATÜRK OLİMPİYAT,KUDDUSİ MÜFTÜOĞLU,7.12.2008 - 14:00
1125,https://www.tff.org/Default.aspx?pageId=397&macId=73194,KONYASPOR,0,BURSASPOR,0,BŞ BLD ATATÜRK,HÜSEYİN GÖÇEK,7.12.2008 - 14:00
1124,https://www.tff.org/Default.aspx?pageId=397&macId=73193,TRABZONSPOR A.Ş.,2,KOCAELİSPOR,1,HÜSEYİN AVNİ AKER,DENİZ ÇOBAN,7.12.2008 - 15:00
1122,https://www.tff.org/Default.aspx?pageId=397&macId=73191,MKE ANKARAGÜCÜ,0,GALATASARAY A.Ş.,3,ANKARA 19 MAYIS,SUAT ARSLANBOĞA,7.12.2008 - 19:00
1130,https://www.tff.org/Default.aspx?pageId=397&macId=73199,GENÇLERBİRLİĞİ,1,GALATASARAY A.Ş.,3,ANKARA 19 MAYIS,HALİS ÖZKAHYA,12.12.2008 - 20:00
1127,https://www.tff.org/Default.aspx?pageId=397&macId=73196,SİVASSPOR,2,HACETTEPE SPOR,1,SİVAS 4 EYLÜL,TOLGA ÖZKALFA,13.12.2008 - 14:00
1134,https://www.tff.org/Default.aspx?pageId=397&macId=73203,KAYSERİSPOR,2,BÜYÜKŞEHİR BLD.SPOR,0,BŞ BLD ATATÜRK,ABDULLAH YILMAZ,13.12.2008 - 14:00
1133,https://www.tff.org/Default.aspx?pageId=397&macId=73202,BURSASPOR,2,TRABZONSPOR A.Ş.,1,BURSA ATATÜRK,MUSTAFA KAMİL ABİTOĞLU,13.12.2008 - 15:00
1135,https://www.tff.org/Default.aspx?pageId=397&macId=73204,BEŞİKTAŞ A.Ş.,1,MKE ANKARAGÜCÜ,0,BEŞİKTAŞ İNÖNÜ,YUNUS YILDIRIM,13.12.2008 - 19:00
1129,https://www.tff.org/Default.aspx?pageId=397&macId=73198,KOCAELİSPOR,2,GAZİANTEPSPOR,5, İSMETPAŞA,BÜNYAMİN GEZER,14.12.2008 - 14:00
1131,https://www.tff.org/Default.aspx?pageId=397&macId=73200,ANKARASPOR A.Ş.,2,DENİZLİSPOR,0,YENİKENT ASAŞ,KORAY GENÇERLER,14.12.2008 - 14:00
1132,https://www.tff.org/Default.aspx?pageId=397&macId=73201,ESKİŞEHİRSPOR,0,KONYASPOR,0,ESKİŞEHİR ATATÜRK,CÜNEYT ÇAKIR,14.12.2008 - 14:00
1128,https://www.tff.org/Default.aspx?pageId=397&macId=73197,FENERBAHÇE,2,ANTALYASPOR A.Ş.,0,FB ŞÜKRÜ SARACOĞLU,BÜLENT YILDIRIM,14.12.2008 - 19:00
1137,https://www.tff.org/Default.aspx?pageId=397&macId=73206,KONYASPOR,1,FENERBAHÇE,2,BŞ BLD ATATÜRK,KUDDUSİ MÜFTÜOĞLU,19.12.2008 - 20:00
1136,https://www.tff.org/Default.aspx?pageId=397&macId=73205,BÜYÜKŞEHİR BLD.SPOR,5,KOCAELİSPOR,0,ATATÜRK OLİMPİYAT,YUNUS YILDIRIM,20.12.2008 - 14:00
1141,https://www.tff.org/Default.aspx?pageId=397&macId=73210,HACETTEPE SPOR,0,KAYSERİSPOR,3,ANKARA 19 MAYIS,İLKER MERAL,20.12.2008 - 14:00
1143,https://www.tff.org/Default.aspx?pageId=397&macId=73212,TRABZONSPOR A.Ş.,2,ESKİŞEHİRSPOR,1,HÜSEYİN AVNİ AKER,FIRAT AYDINUS,20.12.2008 - 19:00
1139,https://www.tff.org/Default.aspx?pageId=397&macId=73208,DENİZLİSPOR,1,MKE ANKARAGÜCÜ,1,DENİZLİ ATATÜRK,TOLGA ÖZKALFA,21.12.2008 - 14:00
1140,https://www.tff.org/Default.aspx?pageId=397&macId=73209,GENÇLERBİRLİĞİ,1,SİVASSPOR,2,ANKARA 19 MAYIS,HÜSEYİN GÖÇEK,21.12.2008 - 14:00
1144,https://www.tff.org/Default.aspx?pageId=397&macId=73213,ANTALYASPOR A.Ş.,1,ANKARASPOR A.Ş.,1,ANTALYA ATATÜRK,DENİZ ÇOBAN,21.12.2008 - 14:00
1142,https://www.tff.org/Default.aspx?pageId=397&macId=73211,GAZİANTEPSPOR,2,BURSASPOR,0,KAMİL OCAK,ÖZGÜÇ TÜRKALP,21.12.2008 - 15:00
1138,https://www.tff.org/Default.aspx?pageId=397&macId=73207,GALATASARAY A.Ş.,4,BEŞİKTAŞ A.Ş.,2,ALİ SAMİ YEN,CÜNEYT ÇAKIR,21.12.2008 - 19:00
1149,https://www.tff.org/Default.aspx?pageId=397&macId=73218,ANKARASPOR A.Ş.,3,KONYASPOR,0,YENİKENT ASAŞ,TANER GİZLENCİ,23.01.2009 - 20:00
1145,https://www.tff.org/Default.aspx?pageId=397&macId=73214,SİVASSPOR,2,GALATASARAY A.Ş.,0,SİVAS 4 EYLÜL,YUNUS YILDIRIM,24.01.2009 - 14:00
1146,https://www.tff.org/Default.aspx?pageId=397&macId=73215,ESKİŞEHİRSPOR,1,GAZİANTEPSPOR,1,ESKİŞEHİR ATATÜRK,İLKER MERAL,24.01.2009 - 14:00
1147,https://www.tff.org/Default.aspx?pageId=397&macId=73216,KAYSERİSPOR,1,GENÇLERBİRLİĞİ,3,5 OCAK,KORAY GENÇERLER,24.01.2009 - 14:00
1148,https://www.tff.org/Default.aspx?pageId=397&macId=73217,MKE ANKARAGÜCÜ,0,ANTALYASPOR A.Ş.,1,ANKARA 19 MAYIS,HAKAN ÖZKAN,24.01.2009 - 14:00
1153,https://www.tff.org/Default.aspx?pageId=397&macId=73222,BEŞİKTAŞ A.Ş.,1,DENİZLİSPOR,0,BEŞİKTAŞ İNÖNÜ,SELÇUK DERELİ,24.01.2009 - 19:00
1151,https://www.tff.org/Default.aspx?pageId=397&macId=73220,BURSASPOR,2,BÜYÜKŞEHİR BLD.SPOR,0,BURSA ATATÜRK,ÖZGÜÇ TÜRKALP,25.01.2009 - 14:00
1152,https://www.tff.org/Default.aspx?pageId=397&macId=73221,KOCAELİSPOR,4,HACETTEPE SPOR,0, İSMETPAŞA,AYTEKİN DURMAZ,25.01.2009 - 14:00
1150,https://www.tff.org/Default.aspx?pageId=397&macId=73219,FENERBAHÇE,0,TRABZONSPOR A.Ş.,0,FB ŞÜKRÜ SARACOĞLU,BÜNYAMİN GEZER,25.01.2009 - 19:00
1154,https://www.tff.org/Default.aspx?pageId=397&macId=73223,KAYSERİSPOR,0,SİVASSPOR,0,5 OCAK,CÜNEYT ÇAKIR,31.01.2009 - 13:30
1157,https://www.tff.org/Default.aspx?pageId=397&macId=73226,KOCAELİSPOR,0,GENÇLERBİRLİĞİ,2, İSMETPAŞA,ABDULLAH YILMAZ,31.01.2009 - 14:00
1159,https://www.tff.org/Default.aspx?pageId=397&macId=73228,ANKARASPOR A.Ş.,0,TRABZONSPOR A.Ş.,2,YENİKENT ASAŞ,BÜLENT YILDIRIM,31.01.2009 - 16:00
1162,https://www.tff.org/Default.aspx?pageId=397&macId=73231,DENİZLİSPOR,0,GALATASARAY A.Ş.,2,DENİZLİ ATATÜRK,KORAY GENÇERLER,31.01.2009 - 19:00
1155,https://www.tff.org/Default.aspx?pageId=397&macId=73224,BURSASPOR,0,HACETTEPE SPOR,0,BURSA ATATÜRK,SERKAN ÇINAR,1.02.2009 - 14:00
1156,https://www.tff.org/Default.aspx?pageId=397&macId=73225,ESKİŞEHİRSPOR,6,BÜYÜKŞEHİR BLD.SPOR,1,ESKİŞEHİR ATATÜRK,HAKAN ÖZKAN,1.02.2009 - 14:00
1160,https://www.tff.org/Default.aspx?pageId=397&macId=73229,MKE ANKARAGÜCÜ,1,KONYASPOR,3,ANKARA 19 MAYIS,FIRAT AYDINUS,1.02.2009 - 14:00
1158,https://www.tff.org/Default.aspx?pageId=397&macId=73227,FENERBAHÇE,1,GAZİANTEPSPOR,1,FB ŞÜKRÜ SARACOĞLU,ÖZGÜÇ TÜRKALP,1.02.2009 - 17:00
1161,https://www.tff.org/Default.aspx?pageId=397&macId=73230,BEŞİKTAŞ A.Ş.,1,ANTALYASPOR A.Ş.,0,BEŞİKTAŞ İNÖNÜ,TOLGA ÖZKALFA,1.02.2009 - 20:00
1165,https://www.tff.org/Default.aspx?pageId=397&macId=73234,TRABZONSPOR A.Ş.,2,MKE ANKARAGÜCÜ,1,HÜSEYİN AVNİ AKER,İLKER MERAL,6.02.2009 - 20:00
1167,https://www.tff.org/Default.aspx?pageId=397&macId=73236,HACETTEPE SPOR,2,ESKİŞEHİRSPOR,2,ANKARA 19 MAYIS,KUDDUSİ MÜFTÜOĞLU,7.02.2009 - 14:00
1168,https://www.tff.org/Default.aspx?pageId=397&macId=73237,SİVASSPOR,2,KOCAELİSPOR,0,SİVAS 4 EYLÜL,TOLGA ÖZKALFA,7.02.2009 - 15:00
1169,https://www.tff.org/Default.aspx?pageId=397&macId=73238,GALATASARAY A.Ş.,1,KAYSERİSPOR,1,ALİ SAMİ YEN,SELÇUK DERELİ,7.02.2009 - 19:00
1163,https://www.tff.org/Default.aspx?pageId=397&macId=73232,GENÇLERBİRLİĞİ,1,BURSASPOR,2,ANKARA 19 MAYIS,SÜLEYMAN ABAY,8.02.2009 - 14:00
1166,https://www.tff.org/Default.aspx?pageId=397&macId=73235,GAZİANTEPSPOR,2,ANKARASPOR A.Ş.,0,KAMİL OCAK,ÖZGÜR YANKAYA,8.02.2009 - 14:00
1171,https://www.tff.org/Default.aspx?pageId=397&macId=73240,ANTALYASPOR A.Ş.,2,DENİZLİSPOR,1,ANTALYA ATATÜRK,AYTEKİN DURMAZ,8.02.2009 - 14:00
1164,https://www.tff.org/Default.aspx?pageId=397&macId=73233,KONYASPOR,0,BEŞİKTAŞ A.Ş.,0,BŞ BLD ATATÜRK,KORAY GENÇERLER,8.02.2009 - 15:00
1170,https://www.tff.org/Default.aspx?pageId=397&macId=73239,BÜYÜKŞEHİR BLD.SPOR,2,FENERBAHÇE,0,ATATÜRK OLİMPİYAT,CÜNEYT ÇAKIR,8.02.2009 - 19:00
1173,https://www.tff.org/Default.aspx?pageId=397&macId=73242,ESKİŞEHİRSPOR,0,GENÇLERBİRLİĞİ,0,ESKİŞEHİR ATATÜRK,TOLGA ÖZKALFA,14.02.2009 - 14:00
1174,https://www.tff.org/Default.aspx?pageId=397&macId=73243,MKE ANKARAGÜCÜ,3,GAZİANTEPSPOR,1,ANKARA 19 MAYIS,HÜSEYİN GÖÇEK,14.02.2009 - 14:00
1172,https://www.tff.org/Default.aspx?pageId=397&macId=73241,ANTALYASPOR A.Ş.,1,GALATASARAY A.Ş.,0,ANTALYA ATATÜRK,HALİS ÖZKAHYA,14.02.2009 - 15:00
1176,https://www.tff.org/Default.aspx?pageId=397&macId=73245,FENERBAHÇE,7,HACETTEPE SPOR,0,FB ŞÜKRÜ SARACOĞLU,AYTEKİN DURMAZ,14.02.2009 - 19:00
1177,https://www.tff.org/Default.aspx?pageId=397&macId=73246,ANKARASPOR A.Ş.,1,BÜYÜKŞEHİR BLD.SPOR,2,YENİKENT ASAŞ,KORAY GENÇERLER,15.02.2009 - 14:00
1178,https://www.tff.org/Default.aspx?pageId=397&macId=73247,DENİZLİSPOR,2,KONYASPOR,1,DENİZLİ ATATÜRK,BÜNYAMİN GEZER,15.02.2009 - 14:00
1179,https://www.tff.org/Default.aspx?pageId=397&macId=73248,KOCAELİSPOR,1,KAYSERİSPOR,2, İSMETPAŞA,ÖZGÜÇ TÜRKALP,15.02.2009 - 14:00
1175,https://www.tff.org/Default.aspx?pageId=397&macId=73244,BURSASPOR,1,SİVASSPOR,1,BURSA ATATÜRK,BÜLENT YILDIRIM,15.02.2009 - 15:00
1180,https://www.tff.org/Default.aspx?pageId=397&macId=73249,BEŞİKTAŞ A.Ş.,1,TRABZONSPOR A.Ş.,1,BEŞİKTAŞ İNÖNÜ,YUNUS YILDIRIM,15.02.2009 - 19:00
1188,https://www.tff.org/Default.aspx?pageId=397&macId=73257,GAZİANTEPSPOR,0,BEŞİKTAŞ A.Ş.,3,KAMİL OCAK,BÜNYAMİN GEZER,20.02.2009 - 20:00
1183,https://www.tff.org/Default.aspx?pageId=397&macId=73252,KONYASPOR,2,ANTALYASPOR A.Ş.,0,BŞ BLD ATATÜRK,İLKER MERAL,21.02.2009 - 14:00
1184,https://www.tff.org/Default.aspx?pageId=397&macId=73253,BÜYÜKŞEHİR BLD.SPOR,1,MKE ANKARAGÜCÜ,2,ATATÜRK OLİMPİYAT,ABDULLAH YILMAZ,21.02.2009 - 14:00
1186,https://www.tff.org/Default.aspx?pageId=397&macId=73255,KAYSERİSPOR,0,BURSASPOR,0,5 OCAK,FIRAT AYDINUS,21.02.2009 - 14:00
1189,https://www.tff.org/Default.aspx?pageId=397&macId=73258,TRABZONSPOR A.Ş.,0,DENİZLİSPOR,2,HÜSEYİN AVNİ AKER,HÜSEYİN GÖÇEK,21.02.2009 - 15:00
1185,https://www.tff.org/Default.aspx?pageId=397&macId=73254,GENÇLERBİRLİĞİ,1,FENERBAHÇE,0,ANKARA 19 MAYIS,YUNUS YILDIRIM,21.02.2009 - 19:00
1181,https://www.tff.org/Default.aspx?pageId=397&macId=73250,HACETTEPE SPOR,3,ANKARASPOR A.Ş.,1,ANKARA 19 MAYIS,TOLGA ÖZKALFA,22.02.2009 - 14:00
1182,https://www.tff.org/Default.aspx?pageId=397&macId=73251,SİVASSPOR,1,ESKİŞEHİRSPOR,0,SİVAS 4 EYLÜL,SÜLEYMAN ABAY,22.02.2009 - 15:00
1187,https://www.tff.org/Default.aspx?pageId=397&macId=73256,GALATASARAY A.Ş.,2,KOCAELİSPOR,5,ALİ SAMİ YEN,DENİZ ÇOBAN,22.02.2009 - 19:00
1196,https://www.tff.org/Default.aspx?pageId=397&macId=73265,BEŞİKTAŞ A.Ş.,2,BÜYÜKŞEHİR BLD.SPOR,1,BEŞİKTAŞ İNÖNÜ,HALİS ÖZKAHYA,27.02.2009 - 20:00
1192,https://www.tff.org/Default.aspx?pageId=397&macId=73261,ESKİŞEHİRSPOR,1,KAYSERİSPOR,0,ESKİŞEHİR ATATÜRK,YUNUS YILDIRIM,28.02.2009 - 13:30
1194,https://www.tff.org/Default.aspx?pageId=397&macId=73263,ANKARASPOR A.Ş.,0,GENÇLERBİRLİĞİ,0,YENİKENT ASAŞ,MUSTAFA KAMİL ABİTOĞLU,28.02.2009 - 13:30
1197,https://www.tff.org/Default.aspx?pageId=397&macId=73266,DENİZLİSPOR,2,GAZİANTEPSPOR,0,DENİZLİ ATATÜRK,FIRAT AYDINUS,28.02.2009 - 13:30
1190,https://www.tff.org/Default.aspx?pageId=397&macId=73259,FENERBAHÇE,4,SİVASSPOR,2,FB ŞÜKRÜ SARACOĞLU,HÜSEYİN GÖÇEK,28.02.2009 - 19:00
1191,https://www.tff.org/Default.aspx?pageId=397&macId=73260,BURSASPOR,1,KOCAELİSPOR,1,BURSA ATATÜRK,KORAY GENÇERLER,1.03.2009 - 13:30
1195,https://www.tff.org/Default.aspx?pageId=397&macId=73264,MKE ANKARAGÜCÜ,1,HACETTEPE SPOR,0,ANKARA 19 MAYIS,DENİZ ÇOBAN,1.03.2009 - 13:30
1198,https://www.tff.org/Default.aspx?pageId=397&macId=73267,ANTALYASPOR A.Ş.,0,TRABZONSPOR A.Ş.,1,ANTALYA ATATÜRK,BÜLENT YILDIRIM,1.03.2009 - 15:15
1193,https://www.tff.org/Default.aspx?pageId=397&macId=73262,KONYASPOR,0,GALATASARAY A.Ş.,1,BŞ BLD ATATÜRK,TOLGA ÖZKALFA,1.03.2009 - 19:00
1200,https://www.tff.org/Default.aspx?pageId=397&macId=73269,GALATASARAY A.Ş.,2,BURSASPOR,1,ALİ SAMİ YEN,İLKER MERAL,6.03.2009 - 20:00
1201,https://www.tff.org/Default.aspx?pageId=397&macId=73270,BÜYÜKŞEHİR BLD.SPOR,0,DENİZLİSPOR,2,ATATÜRK OLİMPİYAT,YUNUS YILDIRIM,7.03.2009 - 13:30
1206,https://www.tff.org/Default.aspx?pageId=397&macId=73275,GAZİANTEPSPOR,1,ANTALYASPOR A.Ş.,1,KAMİL OCAK,SERKAN ÇINAR,7.03.2009 - 13:30
1205,https://www.tff.org/Default.aspx?pageId=397&macId=73274,TRABZONSPOR A.Ş.,0,KONYASPOR,1,HÜSEYİN AVNİ AKER,AYTEKİN DURMAZ,7.03.2009 - 15:15
1207,https://www.tff.org/Default.aspx?pageId=397&macId=73276,HACETTEPE SPOR,2,BEŞİKTAŞ A.Ş.,3,ANKARA 19 MAYIS,BÜLENT YILDIRIM,7.03.2009 - 19:00
1199,https://www.tff.org/Default.aspx?pageId=397&macId=73268,KOCAELİSPOR,1,ESKİŞEHİRSPOR,0, İSMETPAŞA,ÖZGÜR YANKAYA,8.03.2009 - 13:30
1202,https://www.tff.org/Default.aspx?pageId=397&macId=73271,GENÇLERBİRLİĞİ,2,MKE ANKARAGÜCÜ,0,ANKARA 19 MAYIS,KORAY GENÇERLER,8.03.2009 - 13:30
1203,https://www.tff.org/Default.aspx?pageId=397&macId=73272,SİVASSPOR,1,ANKARASPOR A.Ş.,1,SİVAS 4 EYLÜL,DENİZ ÇOBAN,8.03.2009 - 15:15
1204,https://www.tff.org/Default.aspx?pageId=397&macId=73273,KAYSERİSPOR,0,FENERBAHÇE,2,BÜYÜKŞEHİR BELEDİYESİ KADİR HAS,BÜNYAMİN GEZER,8.03.2009 - 19:00
1214,https://www.tff.org/Default.aspx?pageId=397&macId=73283,FENERBAHÇE,1,KOCAELİSPOR,1,FB ŞÜKRÜ SARACOĞLU,MUSTAFA KAMİL ABİTOĞLU,13.03.2009 - 20:00
1209,https://www.tff.org/Default.aspx?pageId=397&macId=73278,ANTALYASPOR A.Ş.,1,BÜYÜKŞEHİR BLD.SPOR,0,ANTALYA ATATÜRK,BÜNYAMİN GEZER,14.03.2009 - 13:30
1213,https://www.tff.org/Default.aspx?pageId=397&macId=73282,KONYASPOR,2,GAZİANTEPSPOR,3,BŞ BLD ATATÜRK,HALİS ÖZKAHYA,14.03.2009 - 13:30
1208,https://www.tff.org/Default.aspx?pageId=397&macId=73277,MKE ANKARAGÜCÜ,0,SİVASSPOR,2,ANKARA 19 MAYIS,CÜNEYT ÇAKIR,14.03.2009 - 15:15
1211,https://www.tff.org/Default.aspx?pageId=397&macId=73280,BEŞİKTAŞ A.Ş.,3,GENÇLERBİRLİĞİ,0,BEŞİKTAŞ İNÖNÜ,DENİZ ÇOBAN,14.03.2009 - 19:00
1210,https://www.tff.org/Default.aspx?pageId=397&macId=73279,ESKİŞEHİRSPOR,1,BURSASPOR,2,ESKİŞEHİR ATATÜRK,SELÇUK DERELİ,15.03.2009 - 13:30
1212,https://www.tff.org/Default.aspx?pageId=397&macId=73281,DENİZLİSPOR,0,HACETTEPE SPOR,0,DENİZLİ ATATÜRK,ÖZGÜR YANKAYA,15.03.2009 - 13:30
1215,https://www.tff.org/Default.aspx?pageId=397&macId=73284,ANKARASPOR A.Ş.,2,KAYSERİSPOR,2,YENİKENT ASAŞ,FIRAT AYDINUS,15.03.2009 - 15:15
1216,https://www.tff.org/Default.aspx?pageId=397&macId=73285,TRABZONSPOR A.Ş.,2,GALATASARAY A.Ş.,2,HÜSEYİN AVNİ AKER,YUNUS YILDIRIM,15.03.2009 - 19:00
1221,https://www.tff.org/Default.aspx?pageId=397&macId=73290,BURSASPOR,2,FENERBAHÇE,1,BURSA ATATÜRK,HALİS ÖZKAHYA,20.03.2009 - 20:00
1218,https://www.tff.org/Default.aspx?pageId=397&macId=73287,KOCAELİSPOR,3,ANKARASPOR A.Ş.,1, İSMETPAŞA,TOLGA ÖZKALFA,21.03.2009 - 13:30
1219,https://www.tff.org/Default.aspx?pageId=397&macId=73288,HACETTEPE SPOR,1,ANTALYASPOR A.Ş.,2,ANKARA 19 MAYIS,KORAY GENÇERLER,21.03.2009 - 13:30
1220,https://www.tff.org/Default.aspx?pageId=397&macId=73289,KAYSERİSPOR,2,MKE ANKARAGÜCÜ,0,BÜYÜKŞEHİR BELEDİYESİ KADİR HAS,HÜSEYİN GÖÇEK,21.03.2009 - 13:30
1224,https://www.tff.org/Default.aspx?pageId=397&macId=73293,BÜYÜKŞEHİR BLD.SPOR,2,KONYASPOR,0,ATATÜRK OLİMPİYAT,SELÇUK DERELİ,21.03.2009 - 13:30
1223,https://www.tff.org/Default.aspx?pageId=397&macId=73292,GAZİANTEPSPOR,3,TRABZONSPOR A.Ş.,2,KAMİL OCAK,CÜNEYT ÇAKIR,21.03.2009 - 15:15
1225,https://www.tff.org/Default.aspx?pageId=397&macId=73294,SİVASSPOR,1,BEŞİKTAŞ A.Ş.,1,SİVAS 4 EYLÜL,MUSTAFA KAMİL ABİTOĞLU,21.03.2009 - 19:00
1217,https://www.tff.org/Default.aspx?pageId=397&macId=73286,GENÇLERBİRLİĞİ,0,DENİZLİSPOR,0,ANKARA 19 MAYIS,FIRAT AYDINUS,22.03.2009 - 13:30
1222,https://www.tff.org/Default.aspx?pageId=397&macId=73291,GALATASARAY A.Ş.,0,ESKİŞEHİRSPOR,1,ALİ SAMİ YEN,BÜNYAMİN GEZER,22.03.2009 - 19:00
1226,https://www.tff.org/Default.aspx?pageId=397&macId=73295,KONYASPOR,2,HACETTEPE SPOR,0,BŞ BLD ATATÜRK,İLKER MERAL,4.04.2009 - 13:30
1232,https://www.tff.org/Default.aspx?pageId=397&macId=73301,ANKARASPOR A.Ş.,0,BURSASPOR,2,YENİKENT ASAŞ,HAKAN ÖZKAN,4.04.2009 - 13:30
1229,https://www.tff.org/Default.aspx?pageId=397&macId=73298,DENİZLİSPOR,0,SİVASSPOR,2,DENİZLİ ATATÜRK,SELÇUK DERELİ,4.04.2009 - 16:15
1228,https://www.tff.org/Default.aspx?pageId=397&macId=73297,BEŞİKTAŞ A.Ş.,1,KAYSERİSPOR,0,BEŞİKTAŞ İNÖNÜ,TOLGA ÖZKALFA,4.04.2009 - 20:04
1230,https://www.tff.org/Default.aspx?pageId=397&macId=73299,ANTALYASPOR A.Ş.,4,GENÇLERBİRLİĞİ,2,ANTALYA ATATÜRK,CÜNEYT ÇAKIR,5.04.2009 - 13:30
1233,https://www.tff.org/Default.aspx?pageId=397&macId=73302,MKE ANKARAGÜCÜ,4,KOCAELİSPOR,0,ANKARA 19 MAYIS,YUNUS YILDIRIM,5.04.2009 - 13:30
1231,https://www.tff.org/Default.aspx?pageId=397&macId=73300,TRABZONSPOR A.Ş.,0,BÜYÜKŞEHİR BLD.SPOR,0,HÜSEYİN AVNİ AKER,DENİZ ÇOBAN,5.04.2009 - 15:15
1227,https://www.tff.org/Default.aspx?pageId=397&macId=73296,FENERBAHÇE,2,ESKİŞEHİRSPOR,1,FB ŞÜKRÜ SARACOĞLU,BÜLENT YILDIRIM,5.04.2009 - 19:00
1234,https://www.tff.org/Default.aspx?pageId=397&macId=73303,GAZİANTEPSPOR,0,GALATASARAY A.Ş.,1,KAMİL OCAK,MUSTAFA KAMİL ABİTOĞLU,6.04.2009 - 20:00
1236,https://www.tff.org/Default.aspx?pageId=397&macId=73305,KOCAELİSPOR,1,BEŞİKTAŞ A.Ş.,3, İSMETPAŞA,BÜLENT YILDIRIM,10.04.2009 - 20:00
1238,https://www.tff.org/Default.aspx?pageId=397&macId=73307,BURSASPOR,2,MKE ANKARAGÜCÜ,0,BURSA ATATÜRK,SUAT ARSLANBOĞA,11.04.2009 - 13:30
1241,https://www.tff.org/Default.aspx?pageId=397&macId=73310,BÜYÜKŞEHİR BLD.SPOR,1,GAZİANTEPSPOR,1,ATATÜRK OLİMPİYAT,BÜNYAMİN GEZER,11.04.2009 - 13:30
1243,https://www.tff.org/Default.aspx?pageId=397&macId=73312,SİVASSPOR,1,ANTALYASPOR A.Ş.,0,SİVAS 4 EYLÜL,HÜSEYİN GÖÇEK,11.04.2009 - 15:15
1242,https://www.tff.org/Default.aspx?pageId=397&macId=73311,HACETTEPE SPOR,1,TRABZONSPOR A.Ş.,4,ANKARA 19 MAYIS,TOLGA ÖZKALFA,11.04.2009 - 19:00
1235,https://www.tff.org/Default.aspx?pageId=397&macId=73304,GENÇLERBİRLİĞİ,1,KONYASPOR,0,ANKARA 19 MAYIS,YUNUS YILDIRIM,12.04.2009 - 13:30
1237,https://www.tff.org/Default.aspx?pageId=397&macId=73306,KAYSERİSPOR,2,DENİZLİSPOR,0,BÜYÜKŞEHİR BELEDİYESİ KADİR HAS,ÖZGÜÇ TÜRKALP,12.04.2009 - 13:30
1239,https://www.tff.org/Default.aspx?pageId=397&macId=73308,ESKİŞEHİRSPOR,2,ANKARASPOR A.Ş.,0,ESKİŞEHİR ATATÜRK,KORAY GENÇERLER,12.04.2009 - 13:30
1240,https://www.tff.org/Default.aspx?pageId=397&macId=73309,GALATASARAY A.Ş.,0,FENERBAHÇE,0,ALİ SAMİ YEN,FIRAT AYDINUS,12.04.2009 - 19:00
1248,https://www.tff.org/Default.aspx?pageId=397&macId=73317,TRABZONSPOR A.Ş.,2,GENÇLERBİRLİĞİ,0,HÜSEYİN AVNİ AKER,MUSTAFA KAMİL ABİTOĞLU,17.04.2009 - 20:00
1247,https://www.tff.org/Default.aspx?pageId=397&macId=73316,KONYASPOR,0,SİVASSPOR,0,BŞ BLD ATATÜRK,BÜNYAMİN GEZER,18.04.2009 - 16:15
1250,https://www.tff.org/Default.aspx?pageId=397&macId=73319,ANKARASPOR A.Ş.,1,FENERBAHÇE,0,YENİKENT ASAŞ,SUAT ARSLANBOĞA,18.04.2009 - 20:00
1244,https://www.tff.org/Default.aspx?pageId=397&macId=73313,MKE ANKARAGÜCÜ,3,ESKİŞEHİRSPOR,2,ANKARA 19 MAYIS,TOLGA ÖZKALFA,19.04.2009 - 14:00
1249,https://www.tff.org/Default.aspx?pageId=397&macId=73318,GAZİANTEPSPOR,0,HACETTEPE SPOR,0,KAMİL OCAK,ABDULLAH YILMAZ,19.04.2009 - 14:00
1251,https://www.tff.org/Default.aspx?pageId=397&macId=73320,DENİZLİSPOR,2,KOCAELİSPOR,1,DENİZLİ ATATÜRK,AYTEKİN DURMAZ,19.04.2009 - 14:00
1252,https://www.tff.org/Default.aspx?pageId=397&macId=73321,ANTALYASPOR A.Ş.,2,KAYSERİSPOR,1,ANTALYA ATATÜRK,HALİS ÖZKAHYA,19.04.2009 - 14:00
1246,https://www.tff.org/Default.aspx?pageId=397&macId=73315,BÜYÜKŞEHİR BLD.SPOR,0,GALATASARAY A.Ş.,1,ATATÜRK OLİMPİYAT,HÜSEYİN GÖÇEK,19.04.2009 - 16:15
1245,https://www.tff.org/Default.aspx?pageId=397&macId=73314,BEŞİKTAŞ A.Ş.,0,BURSASPOR,0,BEŞİKTAŞ İNÖNÜ,DENİZ ÇOBAN,19.04.2009 - 20:00
1259,https://www.tff.org/Default.aspx?pageId=397&macId=73328,HACETTEPE SPOR,2,BÜYÜKŞEHİR BLD.SPOR,1,ANKARA 19 MAYIS,YUNUS YILDIRIM,25.04.2009 - 14:00
1260,https://www.tff.org/Default.aspx?pageId=397&macId=73329,SİVASSPOR,3,TRABZONSPOR A.Ş.,0,SİVAS 4 EYLÜL,CÜNEYT ÇAKIR,25.04.2009 - 16:15
1257,https://www.tff.org/Default.aspx?pageId=397&macId=73326,FENERBAHÇE,1,MKE ANKARAGÜCÜ,2,FB ŞÜKRÜ SARACOĞLU,KORAY GENÇERLER,25.04.2009 - 20:00
1253,https://www.tff.org/Default.aspx?pageId=397&macId=73322,GENÇLERBİRLİĞİ,1,GAZİANTEPSPOR,0,ANKARA 19 MAYIS,SUAT ARSLANBOĞA,26.04.2009 - 14:00
1254,https://www.tff.org/Default.aspx?pageId=397&macId=73323,KAYSERİSPOR,1,KONYASPOR,1,BÜYÜKŞEHİR BELEDİYESİ KADİR HAS,MUSTAFA KAMİL ABİTOĞLU,26.04.2009 - 14:00
1256,https://www.tff.org/Default.aspx?pageId=397&macId=73325,BURSASPOR,2,DENİZLİSPOR,0,BURSA ATATÜRK,BÜNYAMİN GEZER,26.04.2009 - 14:00
1261,https://www.tff.org/Default.aspx?pageId=397&macId=73330,KOCAELİSPOR,1,ANTALYASPOR A.Ş.,0, İSMETPAŞA,TOLGA ÖZKALFA,26.04.2009 - 14:00
1255,https://www.tff.org/Default.aspx?pageId=397&macId=73324,ESKİŞEHİRSPOR,0,BEŞİKTAŞ A.Ş.,2,ESKİŞEHİR ATATÜRK,SELÇUK DERELİ,26.04.2009 - 16:15
1258,https://www.tff.org/Default.aspx?pageId=397&macId=73327,GALATASARAY A.Ş.,1,ANKARASPOR A.Ş.,1,ALİ SAMİ YEN,DENİZ ÇOBAN,26.04.2009 - 20:00
1270,https://www.tff.org/Default.aspx?pageId=397&macId=73339,HACETTEPE SPOR,2,GALATASARAY A.Ş.,0,ANKARA 19 MAYIS,HALİS ÖZKAHYA,1.05.2009 - 20:00
1269,https://www.tff.org/Default.aspx?pageId=397&macId=73338,TRABZONSPOR A.Ş.,4,KAYSERİSPOR,1,HÜSEYİN AVNİ AKER,SUAT ARSLANBOĞA,2.05.2009 - 20:00
1262,https://www.tff.org/Default.aspx?pageId=397&macId=73331,GAZİANTEPSPOR,2,SİVASSPOR,1,KAMİL OCAK,SELÇUK DERELİ,3.05.2009 - 15:00
1263,https://www.tff.org/Default.aspx?pageId=397&macId=73332,ANTALYASPOR A.Ş.,2,BURSASPOR,3,ANTALYA ATATÜRK,BÜLENT YILDIRIM,3.05.2009 - 15:00
1264,https://www.tff.org/Default.aspx?pageId=397&macId=73333,KONYASPOR,2,KOCAELİSPOR,0,BŞ BLD ATATÜRK,HÜSEYİN GÖÇEK,3.05.2009 - 15:00
1265,https://www.tff.org/Default.aspx?pageId=397&macId=73334,BÜYÜKŞEHİR BLD.SPOR,3,GENÇLERBİRLİĞİ,1,ATATÜRK OLİMPİYAT,TOLGA ÖZKALFA,3.05.2009 - 15:00
1266,https://www.tff.org/Default.aspx?pageId=397&macId=73335,MKE ANKARAGÜCÜ,1,ANKARASPOR A.Ş.,0,ANKARA 19 MAYIS,MUSTAFA KAMİL ABİTOĞLU,3.05.2009 - 15:00
1268,https://www.tff.org/Default.aspx?pageId=397&macId=73337,DENİZLİSPOR,3,ESKİŞEHİRSPOR,2,DENİZLİ ATATÜRK,CÜNEYT ÇAKIR,3.05.2009 - 15:00
1267,https://www.tff.org/Default.aspx?pageId=397&macId=73336,BEŞİKTAŞ A.Ş.,1,FENERBAHÇE,2,BEŞİKTAŞ İNÖNÜ,YUNUS YILDIRIM,3.05.2009 - 20:00
1271,https://www.tff.org/Default.aspx?pageId=397&macId=73340,GENÇLERBİRLİĞİ,3,HACETTEPE SPOR,1,ANKARA 19 MAYIS,SELÇUK DERELİ,9.05.2009 - 19:00
1272,https://www.tff.org/Default.aspx?pageId=397&macId=73341,SİVASSPOR,1,BÜYÜKŞEHİR BLD.SPOR,2,SİVAS 4 EYLÜL,BÜLENT YILDIRIM,9.05.2009 - 19:00
1273,https://www.tff.org/Default.aspx?pageId=397&macId=73342,ANKARASPOR A.Ş.,1,BEŞİKTAŞ A.Ş.,4,YENİKENT ASAŞ,HALİS ÖZKAHYA,9.05.2009 - 19:00
1274,https://www.tff.org/Default.aspx?pageId=397&macId=73343,FENERBAHÇE,1,DENİZLİSPOR,0,FB ŞÜKRÜ SARACOĞLU,TOLGA ÖZKALFA,9.05.2009 - 19:00
1275,https://www.tff.org/Default.aspx?pageId=397&macId=73344,GALATASARAY A.Ş.,1,MKE ANKARAGÜCÜ,0,BÜYÜKŞEHİR BELEDİYESİ KADİR HAS,SUAT ARSLANBOĞA,9.05.2009 - 19:00
1277,https://www.tff.org/Default.aspx?pageId=397&macId=73346,KOCAELİSPOR,1,TRABZONSPOR A.Ş.,3, İSMETPAŞA,DENİZ ÇOBAN,9.05.2009 - 19:00
1278,https://www.tff.org/Default.aspx?pageId=397&macId=73347,BURSASPOR,3,KONYASPOR,0,BURSA ATATÜRK,CÜNEYT ÇAKIR,9.05.2009 - 19:00
1279,https://www.tff.org/Default.aspx?pageId=397&macId=73348,ESKİŞEHİRSPOR,2,ANTALYASPOR A.Ş.,0,ESKİŞEHİR ATATÜRK,YUNUS YILDIRIM,9.05.2009 - 19:00
1276,https://www.tff.org/Default.aspx?pageId=397&macId=73345,KAYSERİSPOR,3,GAZİANTEPSPOR,0,BÜYÜKŞEHİR BELEDİYESİ KADİR HAS,FIRAT AYDINUS,10.05.2009 - 19:00
1280,https://www.tff.org/Default.aspx?pageId=397&macId=73349,HACETTEPE SPOR,1,SİVASSPOR,2,ANKARA 19 MAYIS,FIRAT AYDINUS,16.05.2009 - 20:00
1281,https://www.tff.org/Default.aspx?pageId=397&macId=73350,ANTALYASPOR A.Ş.,1,FENERBAHÇE,1,ANTALYA ATATÜRK,AYTEKİN DURMAZ,17.05.2009 - 20:00
1282,https://www.tff.org/Default.aspx?pageId=397&macId=73351,GAZİANTEPSPOR,5,KOCAELİSPOR,2,KAMİL OCAK,SÜLEYMAN ABAY,17.05.2009 - 20:00
1283,https://www.tff.org/Default.aspx?pageId=397&macId=73352,GALATASARAY A.Ş.,2,GENÇLERBİRLİĞİ,1,ALİ SAMİ YEN,KORAY GENÇERLER,17.05.2009 - 20:00
1284,https://www.tff.org/Default.aspx?pageId=397&macId=73353,DENİZLİSPOR,2,ANKARASPOR A.Ş.,0,DENİZLİ ATATÜRK,YUNUS YILDIRIM,17.05.2009 - 20:00
1285,https://www.tff.org/Default.aspx?pageId=397&macId=73354,KONYASPOR,1,ESKİŞEHİRSPOR,2,BŞ BLD ATATÜRK,BÜLENT YILDIRIM,17.05.2009 - 20:00
1287,https://www.tff.org/Default.aspx?pageId=397&macId=73356,BÜYÜKŞEHİR BLD.SPOR,1,KAYSERİSPOR,0,ATATÜRK OLİMPİYAT,SELÇUK DERELİ,17.05.2009 - 20:00
1288,https://www.tff.org/Default.aspx?pageId=397&macId=73357,MKE ANKARAGÜCÜ,1,BEŞİKTAŞ A.Ş.,3,ANKARA 19 MAYIS,TOLGA ÖZKALFA,17.05.2009 - 20:00
1286,https://www.tff.org/Default.aspx?pageId=397&macId=73355,TRABZONSPOR A.Ş.,1,BURSASPOR,0,HÜSEYİN AVNİ AKER,HÜSEYİN GÖÇEK,17.05.2009 - 20:05
1294,https://www.tff.org/Default.aspx?pageId=397&macId=73363,KAYSERİSPOR,1,HACETTEPE SPOR,0,BÜYÜKŞEHİR BELEDİYESİ KADİR HAS,HAKAN ÖZKAN,23.05.2009 - 20:00
1289,https://www.tff.org/Default.aspx?pageId=397&macId=73358,KOCAELİSPOR,2,BÜYÜKŞEHİR BLD.SPOR,3, İSMETPAŞA,İLKER MERAL,24.05.2009 - 20:00
1290,https://www.tff.org/Default.aspx?pageId=397&macId=73359,FENERBAHÇE,4,KONYASPOR,2,FB ŞÜKRÜ SARACOĞLU,YUNUS YILDIRIM,24.05.2009 - 20:00
1291,https://www.tff.org/Default.aspx?pageId=397&macId=73360,BEŞİKTAŞ A.Ş.,2,GALATASARAY A.Ş.,1,BEŞİKTAŞ İNÖNÜ,MUSTAFA KAMİL ABİTOĞLU,24.05.2009 - 20:00
1292,https://www.tff.org/Default.aspx?pageId=397&macId=73361,MKE ANKARAGÜCÜ,3,DENİZLİSPOR,0,ANKARA 19 MAYIS,CÜNEYT ÇAKIR,24.05.2009 - 20:00
1293,https://www.tff.org/Default.aspx?pageId=397&macId=73362,SİVASSPOR,3,GENÇLERBİRLİĞİ,2,SİVAS 4 EYLÜL,HALİS ÖZKAHYA,24.05.2009 - 20:00
1295,https://www.tff.org/Default.aspx?pageId=397&macId=73364,BURSASPOR,2,GAZİANTEPSPOR,2,BURSA ATATÜRK,KUDDUSİ MÜFTÜOĞLU,24.05.2009 - 20:00
1296,https://www.tff.org/Default.aspx?pageId=397&macId=73365,ESKİŞEHİRSPOR,2,TRABZONSPOR A.Ş.,5,ESKİŞEHİR ATATÜRK,BÜNYAMİN GEZER,24.05.2009 - 20:00
1297,https://www.tff.org/Default.aspx?pageId=397&macId=73366,ANKARASPOR A.Ş.,0,ANTALYASPOR A.Ş.,0,YENİKENT ASAŞ,TOLGA ÖZKALFA,24.05.2009 - 20:00
1299,https://www.tff.org/Default.aspx?pageId=397&macId=73368,GAZİANTEPSPOR,1,ESKİŞEHİRSPOR,1,KAMİL OCAK,TANER GİZLENCİ,29.05.2009 - 20:00
1305,https://www.tff.org/Default.aspx?pageId=397&macId=73374,HACETTEPE SPOR,0,KOCAELİSPOR,4,ANKARA 19 MAYIS,MUSTAFA İLKER COŞKUN,29.05.2009 - 20:00
1298,https://www.tff.org/Default.aspx?pageId=397&macId=73367,GALATASARAY A.Ş.,2,SİVASSPOR,1,ALİ SAMİ YEN,CÜNEYT ÇAKIR,30.05.2009 - 20:00
1300,https://www.tff.org/Default.aspx?pageId=397&macId=73369,GENÇLERBİRLİĞİ,0,KAYSERİSPOR,4,ANKARA 19 MAYIS,ABDULLAH YILMAZ,30.05.2009 - 20:00
1301,https://www.tff.org/Default.aspx?pageId=397&macId=73370,ANTALYASPOR A.Ş.,1,MKE ANKARAGÜCÜ,0,ANTALYA ATATÜRK,YUNUS YILDIRIM,30.05.2009 - 20:00
1302,https://www.tff.org/Default.aspx?pageId=397&macId=73371,KONYASPOR,3,ANKARASPOR A.Ş.,0,BŞ BLD ATATÜRK,HALİS ÖZKAHYA,30.05.2009 - 20:00
1303,https://www.tff.org/Default.aspx?pageId=397&macId=73372,TRABZONSPOR A.Ş.,1,FENERBAHÇE,2,HÜSEYİN AVNİ AKER,BÜLENT YILDIRIM,30.05.2009 - 20:00
1304,https://www.tff.org/Default.aspx?pageId=397&macId=73373,BÜYÜKŞEHİR BLD.SPOR,0,BURSASPOR,1,ATATÜRK OLİMPİYAT,ÖZGÜR YANKAYA,30.05.2009 - 20:00
1306,https://www.tff.org/Default.aspx?pageId=397&macId=73375,DENİZLİSPOR,1,BEŞİKTAŞ A.Ş.,2,DENİZLİ ATATÜRK,DENİZ ÇOBAN,30.05.2009 - 20:00
