Takim_adi,Oynadigi_mac_sayisi,Galibiyet_sayisi,Beraberlik_sayisi,Maglubiyet_sayisi,Attigi_gol_sayisi,Yedigi_gol_sayisi,Averaj,Puan
GALATASARAY A.Ş,34,23,8,3,69,24,45,77
FENERBAHÇE A.Ş,34,20,8,6,61,34,27,68
TRABZONSPOR A.Ş,34,15,11,8,60,39,21,56
BEŞİKTAŞ A.Ş,34,15,10,9,50,39,11,55
ESKİŞEHİRSPOR,34,14,8,12,42,41,1,50
İSTANBUL BBSK,34,14,8,12,48,49,-1,50
SİVASSPOR,34,13,11,10,57,54,3,50
BURSASPOR,34,13,10,11,44,35,9,49
GENÇLERBİRLİĞİ,34,13,10,11,49,48,1,49
GAZİANTEPSPOR,34,13,9,12,39,33,6,48
KAYSERİSPOR,34,13,5,16,42,39,3,44
KARDEMİR D.Ç. KARABÜKSPOR,34,13,5,16,44,56,-12,44
MERSİN İDMAN YURDU,34,12,6,16,34,45,-11,42
ORDUSPOR,34,10,12,12,28,34,-6,42
MEDİCAL PARK ANTALYASPOR,34,10,9,15,32,42,-10,39
SAMSUNSPOR,34,9,9,16,36,47,-11,36
MANİSASPOR,34,8,8,18,31,52,-21,32
MKE ANKARAGÜCÜ,34,2,5,27,22,77,-55,11
