Mac_kodu,TFF_mac_linki,Ev_sahibi,Ev_sahibi_gol,Misafir_takim,Misafir_takim_gol,Stat,Ana_hakem,Tarih_saat
1003,https://www.tff.org/Default.aspx?pageId=29&macId=98851,ESKİŞEHİRSPOR,2,BEŞİKTAŞ A.Ş.,1,ESKİŞEHİR ATATÜRK - ESKİŞEHİR,BÜNYAMİN GEZER,10.09.2011 - 17:30
1006,https://www.tff.org/Default.aspx?pageId=29&macId=98854,SAMSUNSPOR,3,GENÇLERBİRLİĞİ,2,SAMSUN 19 MAYIS - SAMSUN,MUSTAFA KAMİL ABİTOĞLU,10.09.2011 - 17:30
1002,https://www.tff.org/Default.aspx?pageId=29&macId=98850,MKE ANKARAGÜCÜ,1,MERSİN İDMAN YURDU,2,ANKARA 19 MAYIS - ANKARA,KORAY GENÇERLER,10.09.2011 - 20:00
1008,https://www.tff.org/Default.aspx?pageId=29&macId=98856,MANİSASPOR,1,TRABZONSPOR A.Ş.,1,MANİSA 19 MAYIS - MANİSA,CÜNEYT ÇAKIR,10.09.2011 - 20:00
1004,https://www.tff.org/Default.aspx?pageId=29&macId=98852,BURSASPOR,3,KAYSERİSPOR,0,BURSA ATATÜRK - BURSA,FIRAT AYDINUS,11.09.2011 - 17:30
1005,https://www.tff.org/Default.aspx?pageId=29&macId=98853,KARDEMİR D.Ç. KARABÜKSPOR,2,SİVASSPOR,1,DR.NECMETTİN ŞEYHOĞLU - KARABÜK,SERKAN ÇINAR,11.09.2011 - 17:30
1001,https://www.tff.org/Default.aspx?pageId=29&macId=98849,MEDİCAL PARK ANTALYASPOR,1,GAZİANTEPSPOR,0,MARDAN ANTALYASPOR STADI - ANTALYA,ABDULLAH YILMAZ,11.09.2011 - 20:00
1007,https://www.tff.org/Default.aspx?pageId=29&macId=98855,BÜYÜKŞEHİR BLD.SPOR,2,GALATASARAY A.Ş.,0,ATATÜRK OLİMPİYAT - İSTANBUL,ÖZGÜR YANKAYA,11.09.2011 - 20:00
1009,https://www.tff.org/Default.aspx?pageId=29&macId=98857,FENERBAHÇE A.Ş.,1,ORDUSPOR,0,FB ŞÜKRÜ SARACOĞLU - İSTANBUL,YUNUS YILDIRIM,12.09.2011 - 20:02
1015,https://www.tff.org/Default.aspx?pageId=29&macId=98863,KAYSERİSPOR,0,MEDİCAL PARK ANTALYASPOR,1,BÜYÜKŞEHİR BELEDİYESİ KADİR HAS - KAYSERİ,SÜLEYMAN ABAY,16.09.2011 - 20:00
1016,https://www.tff.org/Default.aspx?pageId=29&macId=98864,GAZİANTEPSPOR,1,FENERBAHÇE A.Ş.,3,KAMİL OCAK - GAZİANTEP,BÜLENT YILDIRIM,16.09.2011 - 20:00
1013,https://www.tff.org/Default.aspx?pageId=29&macId=98861,GENÇLERBİRLİĞİ,2,KARDEMİR D.Ç. KARABÜKSPOR,1,ANKARA 19 MAYIS - ANKARA,SUAT ARSLANBOĞA,17.09.2011 - 17:30
1018,https://www.tff.org/Default.aspx?pageId=29&macId=98866,ORDUSPOR,1,MANİSASPOR,0,19 EYLÜL - ORDU,AYTEKİN DURMAZ,17.09.2011 - 20:00
1011,https://www.tff.org/Default.aspx?pageId=29&macId=98859,TRABZONSPOR A.Ş.,0,İSTANBUL BŞ BLD. SPOR,1,HÜSEYİN AVNİ AKER - TRABZON,HALİS ÖZKAHYA,17.09.2011 - 20:03
1010,https://www.tff.org/Default.aspx?pageId=29&macId=98858,MERSİN İDMAN YURDU,1,BURSASPOR,3,TEVFİK SIRRI GÜR - MERSİN,HÜSEYİN GÖÇEK,18.09.2011 - 16:00
1017,https://www.tff.org/Default.aspx?pageId=29&macId=98865,SİVASSPOR,0,ESKİŞEHİRSPOR,4,SİVAS 4 EYLÜL - SİVAS,BARIŞ ŞİMŞEK,18.09.2011 - 17:30
1012,https://www.tff.org/Default.aspx?pageId=29&macId=98860,GALATASARAY A.Ş.,3,SAMSUNSPOR,1,ALİ SAMİ YEN SPOR KOMPLEKSİ TÜRK TELEKOM STADYUMU,KUDDUSİ MÜFTÜOĞLU,18.09.2011 - 20:00
1014,https://www.tff.org/Default.aspx?pageId=29&macId=98862,BEŞİKTAŞ A.Ş.,3,MKE ANKARAGÜCÜ,1,Fİ-YAPI İNÖNÜ - İSTANBUL,TOLGA ÖZKALFA,19.09.2011 - 20:02
1019,https://www.tff.org/Default.aspx?pageId=29&macId=98867,FENERBAHÇE A.Ş.,1,MANİSASPOR,1,FB ŞÜKRÜ SARACOĞLU - İSTANBUL,ÖZGÜR YANKAYA,20.09.2011 - 20:00
1025,https://www.tff.org/Default.aspx?pageId=29&macId=98873,İSTANBUL BŞ BLD. SPOR,1,ORDUSPOR,1,ATATÜRK OLİMPİYAT - İSTANBUL,KORAY GENÇERLER,20.09.2011 - 20:00
1026,https://www.tff.org/Default.aspx?pageId=29&macId=98874,GAZİANTEPSPOR,1,KAYSERİSPOR,2,KAMİL OCAK - GAZİANTEP,CÜNEYT ÇAKIR,20.09.2011 - 20:00
1021,https://www.tff.org/Default.aspx?pageId=29&macId=98869,KARDEMİR D.Ç. KARABÜKSPOR,1,GALATASARAY A.Ş.,1,DR.NECMETTİN ŞEYHOĞLU - KARABÜK,BÜNYAMİN GEZER,21.09.2011 - 18:45
1022,https://www.tff.org/Default.aspx?pageId=29&macId=98870,MEDİCAL PARK ANTALYASPOR,1,MERSİN İDMAN YURDU,2,MARDAN ANTALYASPOR STADI - ANTALYA,MUSTAFA İLKER COŞKUN,21.09.2011 - 20:00
1024,https://www.tff.org/Default.aspx?pageId=29&macId=98872,ESKİŞEHİRSPOR,0,GENÇLERBİRLİĞİ,0,ESKİŞEHİR ATATÜRK - ESKİŞEHİR,ABDULLAH YILMAZ,21.09.2011 - 20:00
1027,https://www.tff.org/Default.aspx?pageId=29&macId=98875,SAMSUNSPOR,1,TRABZONSPOR A.Ş.,1,SAMSUN 19 MAYIS - SAMSUN,FIRAT AYDINUS,21.09.2011 - 21:15
1020,https://www.tff.org/Default.aspx?pageId=29&macId=98868,BURSASPOR,1,BEŞİKTAŞ A.Ş.,2,BURSA ATATÜRK - BURSA,YUNUS YILDIRIM,22.09.2011 - 20:00
1023,https://www.tff.org/Default.aspx?pageId=29&macId=98871,MKE ANKARAGÜCÜ,1,SİVASSPOR,2,ANKARA 19 MAYIS - ANKARA,HÜSEYİN SABANCI,22.09.2011 - 20:00
1034,https://www.tff.org/Default.aspx?pageId=29&macId=98882,KAYSERİSPOR,0,FENERBAHÇE A.Ş.,1,BÜYÜKŞEHİR BELEDİYESİ KADİR HAS - KAYSERİ,KUDDUSİ MÜFTÜOĞLU,23.09.2011 - 20:00
1033,https://www.tff.org/Default.aspx?pageId=29&macId=98881,MERSİN İDMAN YURDU,2,GAZİANTEPSPOR,0,TEVFİK SIRRI GÜR - MERSİN,AYTEKİN DURMAZ,24.09.2011 - 18:00
1030,https://www.tff.org/Default.aspx?pageId=29&macId=98878,MANİSASPOR,0,İSTANBUL BŞ BLD. SPOR,2,MANİSA 19 MAYIS - MANİSA,İLKER MERAL,24.09.2011 - 20:00
1035,https://www.tff.org/Default.aspx?pageId=29&macId=98883,TRABZONSPOR A.Ş.,3,KARDEMİR D.Ç. KARABÜKSPOR,1,HÜSEYİN AVNİ AKER - TRABZON,MUSTAFA KAMİL ABİTOĞLU,24.09.2011 - 20:00
1032,https://www.tff.org/Default.aspx?pageId=29&macId=98880,SİVASSPOR,3,BURSASPOR,0,SİVAS 4 EYLÜL - SİVAS,CÜNEYT ÇAKIR,25.09.2011 - 17:30
1036,https://www.tff.org/Default.aspx?pageId=29&macId=98884,ORDUSPOR,0,SAMSUNSPOR,0,19 EYLÜL - ORDU,HÜSEYİN GÖÇEK,25.09.2011 - 17:30
1028,https://www.tff.org/Default.aspx?pageId=29&macId=98876,GENÇLERBİRLİĞİ,1,MKE ANKARAGÜCÜ,1,ANKARA 19 MAYIS - ANKARA,SÜLEYMAN ABAY,25.09.2011 - 20:00
1029,https://www.tff.org/Default.aspx?pageId=29&macId=98877,BEŞİKTAŞ A.Ş.,1,MEDİCAL PARK ANTALYASPOR,0,Fİ-YAPI İNÖNÜ - İSTANBUL,FIRAT AYDINUS,25.09.2011 - 20:00
1031,https://www.tff.org/Default.aspx?pageId=29&macId=98879,GALATASARAY A.Ş.,2,ESKİŞEHİRSPOR,0,ALİ SAMİ YEN SPOR KOMPLEKSİ TÜRK TELEKOM STADYUMU,TOLGA ÖZKALFA,26.09.2011 - 20:00
1041,https://www.tff.org/Default.aspx?pageId=29&macId=98889,BURSASPOR,4,GENÇLERBİRLİĞİ,0,BURSA ATATÜRK - BURSA,MUSTAFA KAMİL ABİTOĞLU,30.09.2011 - 20:00
1044,https://www.tff.org/Default.aspx?pageId=29&macId=98892,KARDEMİR D.Ç. KARABÜKSPOR,1,ORDUSPOR,2,DR.NECMETTİN ŞEYHOĞLU - KARABÜK,SÜLEYMAN ABAY,1.10.2011 - 15:00
1040,https://www.tff.org/Default.aspx?pageId=29&macId=98888,FENERBAHÇE A.Ş.,4,İSTANBUL BŞ BLD. SPOR,2,FB ŞÜKRÜ SARACOĞLU - İSTANBUL,CÜNEYT ÇAKIR,1.10.2011 - 19:00
1037,https://www.tff.org/Default.aspx?pageId=29&macId=98885,MEDİCAL PARK ANTALYASPOR,2,SİVASSPOR,2,MARDAN ANTALYASPOR STADI - ANTALYA,ÖZGÜR YANKAYA,1.10.2011 - 20:00
1045,https://www.tff.org/Default.aspx?pageId=29&macId=98893,SAMSUNSPOR,1,MANİSASPOR,2,SAMSUN 19 MAYIS - SAMSUN,ABDULLAH YILMAZ,2.10.2011 - 15:00
1038,https://www.tff.org/Default.aspx?pageId=29&macId=98886,KAYSERİSPOR,2,MERSİN İDMAN YURDU,2,BÜYÜKŞEHİR BELEDİYESİ KADİR HAS - KAYSERİ,TOLGA ÖZKALFA,2.10.2011 - 19:00
1042,https://www.tff.org/Default.aspx?pageId=29&macId=98890,MKE ANKARAGÜCÜ,0,GALATASARAY A.Ş.,3,ANKARA 19 MAYIS - ANKARA,FIRAT AYDINUS,2.10.2011 - 19:00
1043,https://www.tff.org/Default.aspx?pageId=29&macId=98891,ESKİŞEHİRSPOR,0,TRABZONSPOR A.Ş.,2,ESKİŞEHİR ATATÜRK - ESKİŞEHİR,YUNUS YILDIRIM,2.10.2011 - 19:00
1039,https://www.tff.org/Default.aspx?pageId=29&macId=98887,GAZİANTEPSPOR,0,BEŞİKTAŞ A.Ş.,0,KAMİL OCAK - GAZİANTEP,HALİS ÖZKAHYA,3.10.2011 - 20:00
1054,https://www.tff.org/Default.aspx?pageId=29&macId=98902,TRABZONSPOR A.Ş.,3,MKE ANKARAGÜCÜ,2,HÜSEYİN AVNİ AKER - TRABZON,TOLGA ÖZKALFA,14.10.2011 - 20:00
1048,https://www.tff.org/Default.aspx?pageId=29&macId=98896,ORDUSPOR,2,ESKİŞEHİRSPOR,1,19 EYLÜL - ORDU,BÜLENT YILDIRIM,15.10.2011 - 15:00
1046,https://www.tff.org/Default.aspx?pageId=29&macId=98894,BEŞİKTAŞ A.Ş.,0,KAYSERİSPOR,2,Fİ-YAPI İNÖNÜ - İSTANBUL,ÖZGÜR YANKAYA,15.10.2011 - 19:00
1051,https://www.tff.org/Default.aspx?pageId=29&macId=98899,SİVASSPOR,0,GAZİANTEPSPOR,0,SİVAS 4 EYLÜL - SİVAS,İLKER MERAL,15.10.2011 - 19:00
1050,https://www.tff.org/Default.aspx?pageId=29&macId=98898,GENÇLERBİRLİĞİ,3,MEDİCAL PARK ANTALYASPOR,0,ANKARA 19 MAYIS - ANKARA,BARIŞ ŞİMŞEK,16.10.2011 - 15:00
1052,https://www.tff.org/Default.aspx?pageId=29&macId=98900,İSTANBUL BŞ BLD. SPOR,3,SAMSUNSPOR,0,ATATÜRK OLİMPİYAT - İSTANBUL,SUAT ARSLANBOĞA,16.10.2011 - 15:00
1049,https://www.tff.org/Default.aspx?pageId=29&macId=98897,GALATASARAY A.Ş.,2,BURSASPOR,1,ALİ SAMİ YEN SPOR KOMPLEKSİ TÜRK TELEKOM STADYUMU,HÜSEYİN GÖÇEK,16.10.2011 - 19:00
1053,https://www.tff.org/Default.aspx?pageId=29&macId=98901,MANİSASPOR,2,KARDEMİR D.Ç. KARABÜKSPOR,1,MANİSA 19 MAYIS - MANİSA,METE KALKAVAN,16.10.2011 - 19:00
1047,https://www.tff.org/Default.aspx?pageId=29&macId=98895,MERSİN İDMAN YURDU,1,FENERBAHÇE A.Ş.,2,TEVFİK SIRRI GÜR - MERSİN,HALİS ÖZKAHYA,17.10.2011 - 20:00
1055,https://www.tff.org/Default.aspx?pageId=29&macId=98903,MEDİCAL PARK ANTALYASPOR,0,GALATASARAY A.Ş.,0,MARDAN ANTALYASPOR STADI - ANTALYA,YUNUS YILDIRIM,21.10.2011 - 20:00
1056,https://www.tff.org/Default.aspx?pageId=29&macId=98904,ESKİŞEHİRSPOR,0,MANİSASPOR,2,ESKİŞEHİR ATATÜRK - ESKİŞEHİR,KUDDUSİ MÜFTÜOĞLU,22.10.2011 - 15:00
1058,https://www.tff.org/Default.aspx?pageId=29&macId=98906,BURSASPOR,1,TRABZONSPOR A.Ş.,1,BURSA ATATÜRK - BURSA,SÜLEYMAN ABAY,22.10.2011 - 19:00
1060,https://www.tff.org/Default.aspx?pageId=29&macId=98908,KARDEMİR D.Ç. KARABÜKSPOR,2,İSTANBUL BŞ BLD. SPOR,0,DR.NECMETTİN ŞEYHOĞLU - KARABÜK,BARIŞ ŞİMŞEK,22.10.2011 - 19:00
1059,https://www.tff.org/Default.aspx?pageId=29&macId=98907,MKE ANKARAGÜCÜ,0,ORDUSPOR,2,ANKARA 19 MAYIS - ANKARA,SERKAN ÇINAR,23.10.2011 - 15:00
1061,https://www.tff.org/Default.aspx?pageId=29&macId=98909,KAYSERİSPOR,6,SİVASSPOR,2,BÜYÜKŞEHİR BELEDİYESİ KADİR HAS - KAYSERİ,AYTEKİN DURMAZ,23.10.2011 - 15:00
1062,https://www.tff.org/Default.aspx?pageId=29&macId=98910,GAZİANTEPSPOR,3,GENÇLERBİRLİĞİ,0,KAMİL OCAK - GAZİANTEP,KORAY GENÇERLER,23.10.2011 - 19:00
1063,https://www.tff.org/Default.aspx?pageId=29&macId=98911,FENERBAHÇE A.Ş.,0,SAMSUNSPOR,0,FB ŞÜKRÜ SARACOĞLU - İSTANBUL,İLKER MERAL,23.10.2011 - 19:00
1057,https://www.tff.org/Default.aspx?pageId=29&macId=98905,MERSİN İDMAN YURDU,0,BEŞİKTAŞ A.Ş.,1,TEVFİK SIRRI GÜR - MERSİN,CÜNEYT ÇAKIR,24.10.2011 - 20:00
1070,https://www.tff.org/Default.aspx?pageId=29&macId=98918,SAMSUNSPOR,0,KARDEMİR D.Ç. KARABÜKSPOR,0,SAMSUN 19 MAYIS - SAMSUN,BÜLENT YILDIRIM,26.10.2011 - 18:00
1071,https://www.tff.org/Default.aspx?pageId=29&macId=98919,İSTANBUL BŞ BLD. SPOR,2,ESKİŞEHİRSPOR,2,ATATÜRK OLİMPİYAT - İSTANBUL,MUSTAFA İLKER COŞKUN,26.10.2011 - 18:00
1064,https://www.tff.org/Default.aspx?pageId=29&macId=98912,ORDUSPOR,1,BURSASPOR,1,19 EYLÜL - ORDU,ÖZGÜR YANKAYA,26.10.2011 - 18:30
1067,https://www.tff.org/Default.aspx?pageId=29&macId=98915,GALATASARAY A.Ş.,2,GAZİANTEPSPOR,4,ALİ SAMİ YEN SPOR KOMPLEKSİ TÜRK TELEKOM STADYUMU,ABDULLAH YILMAZ,26.10.2011 - 20:30
1072,https://www.tff.org/Default.aspx?pageId=29&macId=98920,TRABZONSPOR A.Ş.,2,MEDİCAL PARK ANTALYASPOR,2,HÜSEYİN AVNİ AKER - TRABZON,SUAT ARSLANBOĞA,26.10.2011 - 20:30
1065,https://www.tff.org/Default.aspx?pageId=29&macId=98913,GENÇLERBİRLİĞİ,1,KAYSERİSPOR,0,ANKARA 19 MAYIS - ANKARA,METE KALKAVAN,27.10.2011 - 18:00
1068,https://www.tff.org/Default.aspx?pageId=29&macId=98916,SİVASSPOR,1,MERSİN İDMAN YURDU,0,SİVAS 4 EYLÜL - SİVAS,HÜSEYİN GÖÇEK,27.10.2011 - 18:30
1066,https://www.tff.org/Default.aspx?pageId=29&macId=98914,MANİSASPOR,2,MKE ANKARAGÜCÜ,0,MANİSA 19 MAYIS - MANİSA,MUSTAFA KAMİL ABİTOĞLU,27.10.2011 - 20:30
1069,https://www.tff.org/Default.aspx?pageId=29&macId=98917,BEŞİKTAŞ A.Ş.,2,FENERBAHÇE A.Ş.,2,Fİ-YAPI İNÖNÜ - İSTANBUL,FIRAT AYDINUS,27.10.2011 - 20:30
1076,https://www.tff.org/Default.aspx?pageId=29&macId=98924,MEDİCAL PARK ANTALYASPOR,1,ORDUSPOR,1,MARDAN ANTALYASPOR STADI - ANTALYA,SÜLEYMAN ABAY,29.10.2011 - 15:00
1075,https://www.tff.org/Default.aspx?pageId=29&macId=98923,GAZİANTEPSPOR,0,TRABZONSPOR A.Ş.,1,KAMİL OCAK - GAZİANTEP,ÖZGÜR YANKAYA,29.10.2011 - 19:00
1078,https://www.tff.org/Default.aspx?pageId=29&macId=98926,ESKİŞEHİRSPOR,1,SAMSUNSPOR,0,ESKİŞEHİR ATATÜRK - ESKİŞEHİR,KORAY GENÇERLER,29.10.2011 - 19:00
1077,https://www.tff.org/Default.aspx?pageId=29&macId=98925,BURSASPOR,0,MANİSASPOR,0,BURSA ATATÜRK - BURSA,VOLKAN BAYARSLAN,30.10.2011 - 15:00
1080,https://www.tff.org/Default.aspx?pageId=29&macId=98928,KAYSERİSPOR,0,GALATASARAY A.Ş.,2,BÜYÜKŞEHİR BELEDİYESİ KADİR HAS - KAYSERİ,CÜNEYT ÇAKIR,30.10.2011 - 16:00
1073,https://www.tff.org/Default.aspx?pageId=29&macId=98921,MKE ANKARAGÜCÜ,1,İSTANBUL BŞ BLD. SPOR,2,ANKARA 19 MAYIS - ANKARA,HALİS ÖZKAHYA,30.10.2011 - 19:00
1074,https://www.tff.org/Default.aspx?pageId=29&macId=98922,BEŞİKTAŞ A.Ş.,3,SİVASSPOR,1,Fİ-YAPI İNÖNÜ - İSTANBUL,KUDDUSİ MÜFTÜOĞLU,30.10.2011 - 19:00
1079,https://www.tff.org/Default.aspx?pageId=29&macId=98927,MERSİN İDMAN YURDU,2,GENÇLERBİRLİĞİ,1,TEVFİK SIRRI GÜR - MERSİN,YUNUS YILDIRIM,31.10.2011 - 20:00
1081,https://www.tff.org/Default.aspx?pageId=29&macId=98929,FENERBAHÇE A.Ş.,1,KARDEMİR D.Ç. KARABÜKSPOR,0,FB ŞÜKRÜ SARACOĞLU - İSTANBUL,AYTEKİN DURMAZ,31.10.2011 - 20:00
1087,https://www.tff.org/Default.aspx?pageId=29&macId=98935,SİVASSPOR,2,FENERBAHÇE A.Ş.,0,SİVAS 4 EYLÜL - SİVAS,CÜNEYT ÇAKIR,4.11.2011 - 20:00
1089,https://www.tff.org/Default.aspx?pageId=29&macId=98937,SAMSUNSPOR,2,MKE ANKARAGÜCÜ,2,SAMSUN 19 MAYIS - SAMSUN,SÜLEYMAN ABAY,4.11.2011 - 20:00
1084,https://www.tff.org/Default.aspx?pageId=29&macId=98932,ORDUSPOR,0,GAZİANTEPSPOR,0,19 EYLÜL - ORDU,İLKER MERAL,5.11.2011 - 13:00
1090,https://www.tff.org/Default.aspx?pageId=29&macId=98938,MANİSASPOR,1,MEDİCAL PARK ANTALYASPOR,0,MANİSA 19 MAYIS - MANİSA,HÜSEYİN GÖÇEK,5.11.2011 - 13:00
1088,https://www.tff.org/Default.aspx?pageId=29&macId=98936,KARDEMİR D.Ç. KARABÜKSPOR,1,ESKİŞEHİRSPOR,2,DR.NECMETTİN ŞEYHOĞLU - KARABÜK,MUSTAFA KAMİL ABİTOĞLU,5.11.2011 - 16:00
1085,https://www.tff.org/Default.aspx?pageId=29&macId=98933,GALATASARAY A.Ş.,0,MERSİN İDMAN YURDU,0,ALİ SAMİ YEN SPOR KOMPLEKSİ TÜRK TELEKOM STADYUMU,FIRAT AYDINUS,5.11.2011 - 19:00
1082,https://www.tff.org/Default.aspx?pageId=29&macId=98930,İSTANBUL BŞ BLD. SPOR,0,BURSASPOR,0,ATATÜRK OLİMPİYAT - İSTANBUL,BÜLENT YILDIRIM,6.11.2011 - 13:00
1083,https://www.tff.org/Default.aspx?pageId=29&macId=98931,TRABZONSPOR A.Ş.,2,KAYSERİSPOR,1,HÜSEYİN AVNİ AKER - TRABZON,HALİS ÖZKAHYA,6.11.2011 - 16:00
1086,https://www.tff.org/Default.aspx?pageId=29&macId=98934,GENÇLERBİRLİĞİ,4,BEŞİKTAŞ A.Ş.,2,ANKARA 19 MAYIS - ANKARA,ÖZGÜR YANKAYA,6.11.2011 - 19:00
1092,https://www.tff.org/Default.aspx?pageId=29&macId=98940,MERSİN İDMAN YURDU,1,TRABZONSPOR A.Ş.,1,TEVFİK SIRRI GÜR - MERSİN,HÜSEYİN GÖÇEK,18.11.2011 - 20:00
1096,https://www.tff.org/Default.aspx?pageId=29&macId=98944,MKE ANKARAGÜCÜ,2,KARDEMİR D.Ç. KARABÜKSPOR,1,ANKARA 19 MAYIS - ANKARA,KUDDUSİ MÜFTÜOĞLU,19.11.2011 - 13:00
1098,https://www.tff.org/Default.aspx?pageId=29&macId=98946,KAYSERİSPOR,1,ORDUSPOR,0,BÜYÜKŞEHİR BELEDİYESİ KADİR HAS - KAYSERİ,BARIŞ ŞİMŞEK,19.11.2011 - 16:00
1093,https://www.tff.org/Default.aspx?pageId=29&macId=98941,FENERBAHÇE A.Ş.,1,ESKİŞEHİRSPOR,0,FB ŞÜKRÜ SARACOĞLU - İSTANBUL,TOLGA ÖZKALFA,19.11.2011 - 19:00
1094,https://www.tff.org/Default.aspx?pageId=29&macId=98942,MEDİCAL PARK ANTALYASPOR,2,İSTANBUL BŞ BLD. SPOR,1,MARDAN ANTALYASPOR STADI - ANTALYA,İLKER MERAL,20.11.2011 - 13:00
1097,https://www.tff.org/Default.aspx?pageId=29&macId=98945,SİVASSPOR,1,GENÇLERBİRLİĞİ,1,SİVAS 4 EYLÜL - SİVAS,SUAT ARSLANBOĞA,20.11.2011 - 13:00
1099,https://www.tff.org/Default.aspx?pageId=29&macId=98947,GAZİANTEPSPOR,1,MANİSASPOR,1,KAMİL OCAK - GAZİANTEP,MUSTAFA İLKER COŞKUN,20.11.2011 - 16:00
1091,https://www.tff.org/Default.aspx?pageId=29&macId=98939,BEŞİKTAŞ A.Ş.,0,GALATASARAY A.Ş.,0,Fİ-YAPI İNÖNÜ - İSTANBUL,CÜNEYT ÇAKIR,20.11.2011 - 19:00
1095,https://www.tff.org/Default.aspx?pageId=29&macId=98943,BURSASPOR,1,SAMSUNSPOR,0,BURSA ATATÜRK - BURSA,MUSTAFA KAMİL ABİTOĞLU,21.11.2011 - 20:00
1105,https://www.tff.org/Default.aspx?pageId=29&macId=98953,GENÇLERBİRLİĞİ,0,FENERBAHÇE A.Ş.,0,ANKARA 19 MAYIS - ANKARA,HALİS ÖZKAHYA,25.11.2011 - 20:03
1107,https://www.tff.org/Default.aspx?pageId=29&macId=98955,SAMSUNSPOR,1,MEDİCAL PARK ANTALYASPOR,0,SAMSUN 19 MAYIS - SAMSUN,TOLGA ÖZKALFA,26.11.2011 - 13:00
1103,https://www.tff.org/Default.aspx?pageId=29&macId=98951,ORDUSPOR,0,MERSİN İDMAN YURDU,1,19 EYLÜL - ORDU,KORAY GENÇERLER,26.11.2011 - 16:00
1104,https://www.tff.org/Default.aspx?pageId=29&macId=98952,GALATASARAY A.Ş.,2,SİVASSPOR,1,ALİ SAMİ YEN SPOR KOMPLEKSİ TÜRK TELEKOM STADYUMU,BÜLENT YILDIRIM,26.11.2011 - 19:00
1101,https://www.tff.org/Default.aspx?pageId=29&macId=98949,İSTANBUL BŞ BLD. SPOR,3,GAZİANTEPSPOR,1,ATATÜRK OLİMPİYAT - İSTANBUL,KUDDUSİ MÜFTÜOĞLU,27.11.2011 - 13:00
1106,https://www.tff.org/Default.aspx?pageId=29&macId=98954,ESKİŞEHİRSPOR,3,MKE ANKARAGÜCÜ,2,ESKİŞEHİR ATATÜRK - ESKİŞEHİR,YUNUS YILDIRIM,27.11.2011 - 13:00
1108,https://www.tff.org/Default.aspx?pageId=29&macId=98956,MANİSASPOR,1,KAYSERİSPOR,0,MANİSA 19 MAYIS - MANİSA,SERKAN ÇINAR,27.11.2011 - 16:00
1102,https://www.tff.org/Default.aspx?pageId=29&macId=98950,TRABZONSPOR A.Ş.,0,BEŞİKTAŞ A.Ş.,1,HÜSEYİN AVNİ AKER - TRABZON,FIRAT AYDINUS,27.11.2011 - 19:00
1100,https://www.tff.org/Default.aspx?pageId=29&macId=98948,KARDEMİR D.Ç. KARABÜKSPOR,3,BURSASPOR,1,DR.NECMETTİN ŞEYHOĞLU - KARABÜK,ÖZGÜR YANKAYA,28.11.2011 - 20:00
1114,https://www.tff.org/Default.aspx?pageId=29&macId=98962,SİVASSPOR,2,TRABZONSPOR A.Ş.,2,SİVAS 4 EYLÜL - SİVAS,SÜLEYMAN ABAY,2.12.2011 - 20:00
1116,https://www.tff.org/Default.aspx?pageId=29&macId=98964,GAZİANTEPSPOR,1,SAMSUNSPOR,0,KAMİL OCAK - GAZİANTEP,HALİS ÖZKAHYA,3.12.2011 - 13:00
1113,https://www.tff.org/Default.aspx?pageId=29&macId=98961,GENÇLERBİRLİĞİ,0,GALATASARAY A.Ş.,1,ANKARA 19 MAYIS - ANKARA,TOLGA ÖZKALFA,3.12.2011 - 16:00
1117,https://www.tff.org/Default.aspx?pageId=29&macId=98965,FENERBAHÇE A.Ş.,4,MKE ANKARAGÜCÜ,2,FB ŞÜKRÜ SARACOĞLU - İSTANBUL,İLKER MERAL,3.12.2011 - 19:00
1109,https://www.tff.org/Default.aspx?pageId=29&macId=98957,MEDİCAL PARK ANTALYASPOR,2,KARDEMİR D.Ç. KARABÜKSPOR,1,MARDAN ANTALYASPOR STADI - ANTALYA,HÜSEYİN GÖÇEK,4.12.2011 - 13:00
1111,https://www.tff.org/Default.aspx?pageId=29&macId=98959,KAYSERİSPOR,1,İSTANBUL BŞ BLD. SPOR,0,BÜYÜKŞEHİR BELEDİYESİ KADİR HAS - KAYSERİ,MUSTAFA KAMİL ABİTOĞLU,4.12.2011 - 13:00
1110,https://www.tff.org/Default.aspx?pageId=29&macId=98958,MERSİN İDMAN YURDU,0,MANİSASPOR,0,TEVFİK SIRRI GÜR - MERSİN,KUDDUSİ MÜFTÜOĞLU,4.12.2011 - 16:00
1112,https://www.tff.org/Default.aspx?pageId=29&macId=98960,BURSASPOR,0,ESKİŞEHİRSPOR,1,BURSA ATATÜRK - BURSA,CÜNEYT ÇAKIR,4.12.2011 - 19:00
1115,https://www.tff.org/Default.aspx?pageId=29&macId=98963,BEŞİKTAŞ A.Ş.,2,ORDUSPOR,1,MARDAN ANTALYASPOR - ANTALYA,YUNUS YILDIRIM,5.12.2011 - 20:00
1119,https://www.tff.org/Default.aspx?pageId=29&macId=98967,ESKİŞEHİRSPOR,1,MEDİCAL PARK ANTALYASPOR,0,ESKİŞEHİR ATATÜRK - ESKİŞEHİR,SERKAN ÇINAR,7.12.2011 - 18:00
1123,https://www.tff.org/Default.aspx?pageId=29&macId=98971,KARDEMİR D.Ç. KARABÜKSPOR,0,GAZİANTEPSPOR,0,DR.NECMETTİN ŞEYHOĞLU - KARABÜK,SÜLEYMAN ABAY,7.12.2011 - 18:00
1122,https://www.tff.org/Default.aspx?pageId=29&macId=98970,GALATASARAY A.Ş.,3,FENERBAHÇE A.Ş.,1,ALİ SAMİ YEN SPOR KOMPLEKSİ TÜRK TELEKOM STADYUMU,FIRAT AYDINUS,7.12.2011 - 19:30
1118,https://www.tff.org/Default.aspx?pageId=29&macId=98966,MKE ANKARAGÜCÜ,0,BURSASPOR,0,ANKARA 19 MAYIS - ANKARA,BARIŞ ŞİMŞEK,8.12.2011 - 18:00
1124,https://www.tff.org/Default.aspx?pageId=29&macId=98972,SAMSUNSPOR,0,KAYSERİSPOR,1,SAMSUN 19 MAYIS - SAMSUN,SUAT ARSLANBOĞA,8.12.2011 - 18:00
1125,https://www.tff.org/Default.aspx?pageId=29&macId=98973,İSTANBUL BŞ BLD. SPOR,0,MERSİN İDMAN YURDU,0,ATATÜRK OLİMPİYAT - İSTANBUL,ABDULLAH YILMAZ,8.12.2011 - 18:00
1121,https://www.tff.org/Default.aspx?pageId=29&macId=98969,ORDUSPOR,1,SİVASSPOR,2,19 EYLÜL - ORDU,ÖZGÜR YANKAYA,8.12.2011 - 20:30
1126,https://www.tff.org/Default.aspx?pageId=29&macId=98974,MANİSASPOR,1,BEŞİKTAŞ A.Ş.,4,MANİSA 19 MAYIS - MANİSA,BÜLENT YILDIRIM,8.12.2011 - 20:30
1120,https://www.tff.org/Default.aspx?pageId=29&macId=98968,TRABZONSPOR A.Ş.,1,GENÇLERBİRLİĞİ,2,HÜSEYİN AVNİ AKER - TRABZON,İLKER MERAL,14.12.2011 - 17:45
1134,https://www.tff.org/Default.aspx?pageId=29&macId=98982,GAZİANTEPSPOR,0,ESKİŞEHİRSPOR,1,KAMİL OCAK - GAZİANTEP,MUSTAFA KAMİL ABİTOĞLU,10.12.2011 - 19:00
1127,https://www.tff.org/Default.aspx?pageId=29&macId=98975,MEDİCAL PARK ANTALYASPOR,1,MKE ANKARAGÜCÜ,0,MARDAN ANTALYASPOR STADI - ANTALYA,AYTEKİN DURMAZ,11.12.2011 - 13:00
1131,https://www.tff.org/Default.aspx?pageId=29&macId=98979,GENÇLERBİRLİĞİ,3,ORDUSPOR,1,ANKARA 19 MAYIS - ANKARA,HÜSEYİN SABANCI,11.12.2011 - 13:00
1132,https://www.tff.org/Default.aspx?pageId=29&macId=98980,BEŞİKTAŞ A.Ş.,1,İSTANBUL BŞ BLD. SPOR,1,Fİ-YAPI İNÖNÜ - İSTANBUL,HÜSEYİN GÖÇEK,11.12.2011 - 16:00
1133,https://www.tff.org/Default.aspx?pageId=29&macId=98981,MERSİN İDMAN YURDU,1,SAMSUNSPOR,0,TEVFİK SIRRI GÜR - MERSİN,TOLGA ÖZKALFA,11.12.2011 - 16:00
1135,https://www.tff.org/Default.aspx?pageId=29&macId=98983,TRABZONSPOR A.Ş.,0,GALATASARAY A.Ş.,3,HÜSEYİN AVNİ AKER - TRABZON,KUDDUSİ MÜFTÜOĞLU,11.12.2011 - 19:00
1128,https://www.tff.org/Default.aspx?pageId=29&macId=98976,SİVASSPOR,2,MANİSASPOR,2,SİVAS 4 EYLÜL - SİVAS,CÜNEYT ÇAKIR,12.12.2011 - 18:00
1129,https://www.tff.org/Default.aspx?pageId=29&macId=98977,KAYSERİSPOR,2,KARDEMİR D.Ç. KARABÜKSPOR,0,BÜYÜKŞEHİR BELEDİYESİ KADİR HAS - KAYSERİ,YUNUS YILDIRIM,12.12.2011 - 18:00
1130,https://www.tff.org/Default.aspx?pageId=29&macId=98978,BURSASPOR,0,FENERBAHÇE A.Ş.,2,BURSA ATATÜRK - BURSA,HALİS ÖZKAHYA,12.12.2011 - 20:00
1139,https://www.tff.org/Default.aspx?pageId=29&macId=98987,ORDUSPOR,0,GALATASARAY A.Ş.,2,19 EYLÜL - ORDU,HALİS ÖZKAHYA,16.12.2011 - 20:00
1141,https://www.tff.org/Default.aspx?pageId=29&macId=98989,MKE ANKARAGÜCÜ,0,GAZİANTEPSPOR,0,ANKARA 19 MAYIS - ANKARA,SUAT ARSLANBOĞA,17.12.2011 - 13:00
1142,https://www.tff.org/Default.aspx?pageId=29&macId=98990,KARDEMİR D.Ç. KARABÜKSPOR,3,MERSİN İDMAN YURDU,5,DR.NECMETTİN ŞEYHOĞLU - KARABÜK,BÜLENT YILDIRIM,17.12.2011 - 13:00
1136,https://www.tff.org/Default.aspx?pageId=29&macId=98984,ESKİŞEHİRSPOR,1,KAYSERİSPOR,0,ESKİŞEHİR ATATÜRK - ESKİŞEHİR,ABDULLAH YILMAZ,17.12.2011 - 16:00
1140,https://www.tff.org/Default.aspx?pageId=29&macId=98988,BURSASPOR,0,MEDİCAL PARK ANTALYASPOR,0,BURSA ATATÜRK - BURSA,TOLGA ÖZKALFA,17.12.2011 - 19:00
1137,https://www.tff.org/Default.aspx?pageId=29&macId=98985,İSTANBUL BŞ BLD. SPOR,1,SİVASSPOR,1,ATATÜRK OLİMPİYAT - İSTANBUL,HÜSEYİN SABANCI,18.12.2011 - 13:00
1144,https://www.tff.org/Default.aspx?pageId=29&macId=98992,MANİSASPOR,0,GENÇLERBİRLİĞİ,1,MANİSA 19 MAYIS - MANİSA,METE KALKAVAN,18.12.2011 - 13:00
1143,https://www.tff.org/Default.aspx?pageId=29&macId=98991,SAMSUNSPOR,1,BEŞİKTAŞ A.Ş.,1,SAMSUN 19 MAYIS - SAMSUN,FIRAT AYDINUS,18.12.2011 - 16:00
1138,https://www.tff.org/Default.aspx?pageId=29&macId=98986,FENERBAHÇE A.Ş.,1,TRABZONSPOR A.Ş.,0,FB ŞÜKRÜ SARACOĞLU - İSTANBUL,CÜNEYT ÇAKIR,18.12.2011 - 19:00
1145,https://www.tff.org/Default.aspx?pageId=29&macId=98993,MEDİCAL PARK ANTALYASPOR,0,FENERBAHÇE A.Ş.,0,MARDAN ANTALYASPOR STADI - ANTALYA,YUNUS YILDIRIM,21.12.2011 - 18:00
1151,https://www.tff.org/Default.aspx?pageId=29&macId=98999,MERSİN İDMAN YURDU,0,ESKİŞEHİRSPOR,0,TEVFİK SIRRI GÜR - MERSİN,SÜLEYMAN ABAY,21.12.2011 - 18:00
1152,https://www.tff.org/Default.aspx?pageId=29&macId=99000,KAYSERİSPOR,3,MKE ANKARAGÜCÜ,0,BÜYÜKŞEHİR BELEDİYESİ KADİR HAS - KAYSERİ,HALİS ÖZKAHYA,21.12.2011 - 18:00
1148,https://www.tff.org/Default.aspx?pageId=29&macId=98996,GALATASARAY A.Ş.,1,MANİSASPOR,0,ALİ SAMİ YEN SPOR KOMPLEKSİ TÜRK TELEKOM STADYUMU,ÖZGÜR YANKAYA,21.12.2011 - 20:30
1150,https://www.tff.org/Default.aspx?pageId=29&macId=98998,SİVASSPOR,3,SAMSUNSPOR,2,SİVAS 4 EYLÜL - SİVAS,HÜSEYİN GÖÇEK,21.12.2011 - 20:30
1149,https://www.tff.org/Default.aspx?pageId=29&macId=98997,GENÇLERBİRLİĞİ,4,İSTANBUL BŞ BLD. SPOR,0,ANKARA 19 MAYIS - ANKARA,TOLGA ÖZKALFA,22.12.2011 - 18:00
1153,https://www.tff.org/Default.aspx?pageId=29&macId=99001,TRABZONSPOR A.Ş.,4,ORDUSPOR,1,HÜSEYİN AVNİ AKER - TRABZON,MUSTAFA KAMİL ABİTOĞLU,22.12.2011 - 18:00
1146,https://www.tff.org/Default.aspx?pageId=29&macId=98994,BEŞİKTAŞ A.Ş.,1,KARDEMİR D.Ç. KARABÜKSPOR,0,Fİ-YAPI İNÖNÜ - İSTANBUL,BARIŞ ŞİMŞEK,22.12.2011 - 20:30
1147,https://www.tff.org/Default.aspx?pageId=29&macId=98995,GAZİANTEPSPOR,2,BURSASPOR,2,KAMİL OCAK - GAZİANTEP,SERKAN ÇINAR,22.12.2011 - 20:30
1157,https://www.tff.org/Default.aspx?pageId=29&macId=99005,KAYSERİSPOR,0,BURSASPOR,2,BÜYÜKŞEHİR BELEDİYESİ KADİR HAS - KAYSERİ,BARIŞ ŞİMŞEK,3.01.2012 - 18:00
1158,https://www.tff.org/Default.aspx?pageId=29&macId=99006,SİVASSPOR,3,KARDEMİR D.Ç. KARABÜKSPOR,0,SİVAS 4 EYLÜL - SİVAS,AYTEKİN DURMAZ,3.01.2012 - 18:00
1161,https://www.tff.org/Default.aspx?pageId=29&macId=99009,TRABZONSPOR A.Ş.,2,MANİSASPOR,1,HÜSEYİN AVNİ AKER - TRABZON,HÜSEYİN GÖÇEK,3.01.2012 - 18:00
1155,https://www.tff.org/Default.aspx?pageId=29&macId=99003,MERSİN İDMAN YURDU,1,MKE ANKARAGÜCÜ,2,TEVFİK SIRRI GÜR - MERSİN,ÇAĞATAY ŞAHAN,3.01.2012 - 20:30
1160,https://www.tff.org/Default.aspx?pageId=29&macId=99008,GALATASARAY A.Ş.,4,İSTANBUL BŞ BLD. SPOR,1,ALİ SAMİ YEN SPOR KOMPLEKSİ TÜRK TELEKOM STADYUMU,HALİS ÖZKAHYA,3.01.2012 - 20:30
1159,https://www.tff.org/Default.aspx?pageId=29&macId=99007,GENÇLERBİRLİĞİ,1,SAMSUNSPOR,1,ANKARA 19 MAYIS - ANKARA,SÜLEYMAN ABAY,4.01.2012 - 18:00
1162,https://www.tff.org/Default.aspx?pageId=29&macId=99010,ORDUSPOR,1,FENERBAHÇE A.Ş.,1,19 EYLÜL - ORDU,TOLGA ÖZKALFA,4.01.2012 - 18:00
1154,https://www.tff.org/Default.aspx?pageId=29&macId=99002,GAZİANTEPSPOR,1,MEDİCAL PARK ANTALYASPOR,0,KAMİL OCAK - GAZİANTEP,METE KALKAVAN,4.01.2012 - 20:30
1156,https://www.tff.org/Default.aspx?pageId=29&macId=99004,BEŞİKTAŞ A.Ş.,2,ESKİŞEHİRSPOR,0,Fİ-YAPI İNÖNÜ - İSTANBUL,YUNUS YILDIRIM,4.01.2012 - 20:30
1163,https://www.tff.org/Default.aspx?pageId=29&macId=99011,BURSASPOR,1,MERSİN İDMAN YURDU,0,BURSA ATATÜRK - BURSA,CÜNEYT ÇAKIR,7.01.2012 - 16:00
1164,https://www.tff.org/Default.aspx?pageId=29&macId=99012,İSTANBUL BŞ BLD. SPOR,0,TRABZONSPOR A.Ş.,2,ATATÜRK OLİMPİYAT - İSTANBUL,BÜLENT YILDIRIM,7.01.2012 - 16:00
1165,https://www.tff.org/Default.aspx?pageId=29&macId=99013,SAMSUNSPOR,2,GALATASARAY A.Ş.,4,SAMSUN 19 MAYIS - SAMSUN,ÖZGÜR YANKAYA,7.01.2012 - 19:00
1166,https://www.tff.org/Default.aspx?pageId=29&macId=99014,KARDEMİR D.Ç. KARABÜKSPOR,2,GENÇLERBİRLİĞİ,1,DR.NECMETTİN ŞEYHOĞLU - KARABÜK,İLKER MERAL,8.01.2012 - 13:00
1171,https://www.tff.org/Default.aspx?pageId=29&macId=99019,MANİSASPOR,0,ORDUSPOR,0,MANİSA 19 MAYIS - MANİSA,SERKAN ÇINAR,8.01.2012 - 13:00
1168,https://www.tff.org/Default.aspx?pageId=29&macId=99016,MEDİCAL PARK ANTALYASPOR,1,KAYSERİSPOR,0,MARDAN ANTALYASPOR STADI - ANTALYA,SUAT ARSLANBOĞA,8.01.2012 - 16:00
1170,https://www.tff.org/Default.aspx?pageId=29&macId=99018,ESKİŞEHİRSPOR,1,SİVASSPOR,1,ESKİŞEHİR ATATÜRK - ESKİŞEHİR,FIRAT AYDINUS,8.01.2012 - 16:00
1167,https://www.tff.org/Default.aspx?pageId=29&macId=99015,MKE ANKARAGÜCÜ,0,BEŞİKTAŞ A.Ş.,0,ANKARA 19 MAYIS - ANKARA,KUDDUSİ MÜFTÜOĞLU,8.01.2012 - 19:00
1169,https://www.tff.org/Default.aspx?pageId=29&macId=99017,FENERBAHÇE A.Ş.,3,GAZİANTEPSPOR,1,FB ŞÜKRÜ SARACOĞLU - İSTANBUL,MUSTAFA KAMİL ABİTOĞLU,9.01.2012 - 20:00
1177,https://www.tff.org/Default.aspx?pageId=29&macId=99025,GENÇLERBİRLİĞİ,2,ESKİŞEHİRSPOR,1,ANKARA 19 MAYIS - ANKARA,HÜSEYİN GÖÇEK,14.01.2012 - 16:00
1174,https://www.tff.org/Default.aspx?pageId=29&macId=99022,GALATASARAY A.Ş.,5,KARDEMİR D.Ç. KARABÜKSPOR,1,ALİ SAMİ YEN SPOR KOMPLEKSİ TÜRK TELEKOM STADYUMU,MUSTAFA KAMİL ABİTOĞLU,14.01.2012 - 19:00
1176,https://www.tff.org/Default.aspx?pageId=29&macId=99024,SİVASSPOR,3,MKE ANKARAGÜCÜ,0,SİVAS 4 EYLÜL - SİVAS,İLKER MERAL,15.01.2012 - 13:00
1178,https://www.tff.org/Default.aspx?pageId=29&macId=99026,ORDUSPOR,1,İSTANBUL BBSK,0,19 EYLÜL - ORDU,BARIŞ ŞİMŞEK,15.01.2012 - 13:00
1175,https://www.tff.org/Default.aspx?pageId=29&macId=99023,MERSİN İDMAN YURDU,0,MEDİCAL PARK ANTALYASPOR,2,TEVFİK SIRRI GÜR - MERSİN,BÜLENT YILDIRIM,15.01.2012 - 16:00
1180,https://www.tff.org/Default.aspx?pageId=29&macId=99028,TRABZONSPOR A.Ş.,4,SAMSUNSPOR,0,HÜSEYİN AVNİ AKER - TRABZON,YUNUS YILDIRIM,15.01.2012 - 16:00
1173,https://www.tff.org/Default.aspx?pageId=29&macId=99021,BEŞİKTAŞ A.Ş.,3,BURSASPOR,1,Fİ-YAPI İNÖNÜ - İSTANBUL,ÖZGÜR YANKAYA,15.01.2012 - 19:00
1172,https://www.tff.org/Default.aspx?pageId=29&macId=99020,MANİSASPOR,1,FENERBAHÇE A.Ş.,2,MANİSA 19 MAYIS - MANİSA,KUDDUSİ MÜFTÜOĞLU,16.01.2012 - 20:00
1179,https://www.tff.org/Default.aspx?pageId=29&macId=99027,KAYSERİSPOR,1,GAZİANTEPSPOR,1,BÜYÜKŞEHİR BELEDİYESİ KADİR HAS - KAYSERİ,HALİS ÖZKAHYA,16.01.2012 - 20:00
1182,https://www.tff.org/Default.aspx?pageId=29&macId=99030,MEDİCAL PARK ANTALYASPOR,1,BEŞİKTAŞ A.Ş.,2,MARDAN ANTALYASPOR STADI - ANTALYA,HALİS ÖZKAHYA,20.01.2012 - 20:00
1186,https://www.tff.org/Default.aspx?pageId=29&macId=99034,GAZİANTEPSPOR,1,MERSİN İDMAN YURDU,0,KAMİL OCAK - GAZİANTEP,KORAY GENÇERLER,20.01.2012 - 20:00
1183,https://www.tff.org/Default.aspx?pageId=29&macId=99031,İSTANBUL BBSK,3,MANİSASPOR,2,ATATÜRK OLİMPİYAT - İSTANBUL,SUAT ARSLANBOĞA,21.01.2012 - 13:00
1189,https://www.tff.org/Default.aspx?pageId=29&macId=99037,SAMSUNSPOR,2,ORDUSPOR,0,SAMSUN 19 MAYIS - SAMSUN,İLKER MERAL,21.01.2012 - 13:00
1185,https://www.tff.org/Default.aspx?pageId=29&macId=99033,BURSASPOR,1,SİVASSPOR,2,BURSA ATATÜRK - BURSA,HÜSEYİN GÖÇEK,21.01.2012 - 16:00
1188,https://www.tff.org/Default.aspx?pageId=29&macId=99036,KARDEMİR D.Ç. KARABÜKSPOR,2,TRABZONSPOR A.Ş.,1,DR.NECMETTİN ŞEYHOĞLU - KARABÜK,FIRAT AYDINUS,21.01.2012 - 16:00
1187,https://www.tff.org/Default.aspx?pageId=29&macId=99035,FENERBAHÇE A.Ş.,4,KAYSERİSPOR,0,FB ŞÜKRÜ SARACOĞLU - İSTANBUL,BÜLENT YILDIRIM,21.01.2012 - 19:00
1181,https://www.tff.org/Default.aspx?pageId=29&macId=99029,MKE ANKARAGÜCÜ,0,GENÇLERBİRLİĞİ,1,ANKARA 19 MAYIS - ANKARA,MUSTAFA İLKER COŞKUN,22.01.2012 - 16:00
1184,https://www.tff.org/Default.aspx?pageId=29&macId=99032,ESKİŞEHİRSPOR,0,GALATASARAY A.Ş.,0,ESKİŞEHİR ATATÜRK - ESKİŞEHİR,CÜNEYT ÇAKIR,22.01.2012 - 19:00
1190,https://www.tff.org/Default.aspx?pageId=29&macId=99038,SİVASSPOR,2,MEDİCAL PARK ANTALYASPOR,1,SİVAS 4 EYLÜL - SİVAS,SÜLEYMAN ABAY,24.01.2012 - 18:00
1198,https://www.tff.org/Default.aspx?pageId=29&macId=99046,MANİSASPOR,1,SAMSUNSPOR,1,MANİSA 19 MAYIS - MANİSA,HALİS ÖZKAHYA,24.01.2012 - 18:00
1191,https://www.tff.org/Default.aspx?pageId=29&macId=99039,MERSİN İDMAN YURDU,1,KAYSERİSPOR,2,TEVFİK SIRRI GÜR - MERSİN,METE KALKAVAN,24.01.2012 - 20:30
1192,https://www.tff.org/Default.aspx?pageId=29&macId=99040,BEŞİKTAŞ A.Ş.,3,GAZİANTEPSPOR,2,Fİ-YAPI İNÖNÜ - İSTANBUL,TOLGA ÖZKALFA,24.01.2012 - 20:30
1194,https://www.tff.org/Default.aspx?pageId=29&macId=99042,GENÇLERBİRLİĞİ,2,BURSASPOR,2,ANKARA 19 MAYIS - ANKARA,KUDDUSİ MÜFTÜOĞLU,25.01.2012 - 15:30
1193,https://www.tff.org/Default.aspx?pageId=29&macId=99041,İSTANBUL BBSK,3,FENERBAHÇE A.Ş.,2,ATATÜRK OLİMPİYAT - İSTANBUL,ÖZGÜR YANKAYA,25.01.2012 - 18:00
1196,https://www.tff.org/Default.aspx?pageId=29&macId=99044,TRABZONSPOR A.Ş.,4,ESKİŞEHİRSPOR,1,HÜSEYİN AVNİ AKER - TRABZON,MUSTAFA KAMİL ABİTOĞLU,25.01.2012 - 18:00
1197,https://www.tff.org/Default.aspx?pageId=29&macId=99045,ORDUSPOR,3,KARDEMİR D.Ç. KARABÜKSPOR,2,19 EYLÜL - ORDU,ABDULLAH YILMAZ,25.01.2012 - 18:00
1195,https://www.tff.org/Default.aspx?pageId=29&macId=99043,GALATASARAY A.Ş.,4,MKE ANKARAGÜCÜ,0,ALİ SAMİ YEN SPOR KOMPLEKSİ TÜRK TELEKOM STADYUMU,BARIŞ ŞİMŞEK,25.01.2012 - 20:30
1203,https://www.tff.org/Default.aspx?pageId=29&macId=99051,MEDİCAL PARK ANTALYASPOR,2,GENÇLERBİRLİĞİ,2,MARDAN ANTALYASPOR STADI - ANTALYA,CÜNEYT ÇAKIR,28.01.2012 - 16:00
1202,https://www.tff.org/Default.aspx?pageId=29&macId=99050,BURSASPOR,1,GALATASARAY A.Ş.,0,BURSA ATATÜRK - BURSA,FIRAT AYDINUS,28.01.2012 - 19:00
1201,https://www.tff.org/Default.aspx?pageId=29&macId=99049,ESKİŞEHİRSPOR,0,ORDUSPOR,1,ESKİŞEHİR ATATÜRK - ESKİŞEHİR,SERKAN ÇINAR,29.01.2012 - 13:00
1205,https://www.tff.org/Default.aspx?pageId=29&macId=99053,SAMSUNSPOR,2,İSTANBUL BBSK,4,SAMSUN 19 MAYIS - SAMSUN,KORAY GENÇERLER,29.01.2012 - 13:00
1206,https://www.tff.org/Default.aspx?pageId=29&macId=99054,KARDEMİR D.Ç. KARABÜKSPOR,2,MANİSASPOR,1,DR.NECMETTİN ŞEYHOĞLU - KARABÜK,İLKER MERAL,29.01.2012 - 13:00
1204,https://www.tff.org/Default.aspx?pageId=29&macId=99052,GAZİANTEPSPOR,2,SİVASSPOR,1,KAMİL OCAK - GAZİANTEP,KUDDUSİ MÜFTÜOĞLU,29.01.2012 - 16:00
1207,https://www.tff.org/Default.aspx?pageId=29&macId=99055,MKE ANKARAGÜCÜ,0,TRABZONSPOR A.Ş.,4,ANKARA 19 MAYIS - ANKARA,SUAT ARSLANBOĞA,29.01.2012 - 16:00
1200,https://www.tff.org/Default.aspx?pageId=29&macId=99048,FENERBAHÇE A.Ş.,2,MERSİN İDMAN YURDU,1,FB ŞÜKRÜ SARACOĞLU - İSTANBUL,BARIŞ ŞİMŞEK,29.01.2012 - 19:00
1199,https://www.tff.org/Default.aspx?pageId=29&macId=99047,KAYSERİSPOR,1,BEŞİKTAŞ A.Ş.,0,BÜYÜKŞEHİR BELEDİYESİ KADİR HAS - KAYSERİ,MUSTAFA KAMİL ABİTOĞLU,30.01.2012 - 20:00
1212,https://www.tff.org/Default.aspx?pageId=29&macId=99060,ORDUSPOR,2,MKE ANKARAGÜCÜ,0,19 EYLÜL - ORDU,METE KALKAVAN,1.02.2012 - 18:00
1215,https://www.tff.org/Default.aspx?pageId=29&macId=99063,GENÇLERBİRLİĞİ,1,GAZİANTEPSPOR,0,ANKARA 19 MAYIS - ANKARA,ABDULLAH YILMAZ,1.02.2012 - 18:00
1208,https://www.tff.org/Default.aspx?pageId=29&macId=99056,GALATASARAY A.Ş.,1,MEDİCAL PARK ANTALYASPOR,1,ALİ SAMİ YEN SPOR KOMPLEKSİ TÜRK TELEKOM STADYUMU,İLKER MERAL,1.02.2012 - 20:30
1211,https://www.tff.org/Default.aspx?pageId=29&macId=99059,TRABZONSPOR A.Ş.,2,BURSASPOR,1,HÜSEYİN AVNİ AKER - TRABZON,ÖZGÜR YANKAYA,1.02.2012 - 20:30
1214,https://www.tff.org/Default.aspx?pageId=29&macId=99062,SİVASSPOR,1,KAYSERİSPOR,1,SİVAS 4 EYLÜL - SİVAS,SUAT ARSLANBOĞA,2.02.2012 - 18:00
1216,https://www.tff.org/Default.aspx?pageId=29&macId=99064,SAMSUNSPOR,3,FENERBAHÇE A.Ş.,1,SAMSUN 19 MAYIS - SAMSUN,MUSTAFA KAMİL ABİTOĞLU,2.02.2012 - 18:00
1209,https://www.tff.org/Default.aspx?pageId=29&macId=99057,MANİSASPOR,2,ESKİŞEHİRSPOR,3,MANİSA 19 MAYIS - MANİSA,BARIŞ ŞİMŞEK,2.02.2012 - 20:30
1210,https://www.tff.org/Default.aspx?pageId=29&macId=99058,BEŞİKTAŞ A.Ş.,0,MERSİN İDMAN YURDU,1,Fİ-YAPI İNÖNÜ - İSTANBUL,KUDDUSİ MÜFTÜOĞLU,2.02.2012 - 20:30
1307,https://www.tff.org/Default.aspx?pageId=29&macId=104537,İSTANBUL BBSK,2,KARDEMİR D.Ç. KARABÜKSPOR,2,ATATÜRK OLİMPİYAT - İSTANBUL,BARIŞ ŞİMŞEK,9.02.2012 - 16:00
1225,https://www.tff.org/Default.aspx?pageId=29&macId=99073,MEDİCAL PARK ANTALYASPOR,2,TRABZONSPOR A.Ş.,1,MARDAN ANTALYASPOR STADI - ANTALYA,HÜSEYİN GÖÇEK,4.02.2012 - 16:00
1220,https://www.tff.org/Default.aspx?pageId=29&macId=99068,GAZİANTEPSPOR,1,GALATASARAY A.Ş.,2,KAMİL OCAK - GAZİANTEP,BÜLENT YILDIRIM,4.02.2012 - 19:00
1221,https://www.tff.org/Default.aspx?pageId=29&macId=99069,MERSİN İDMAN YURDU,1,SİVASSPOR,5,TEVFİK SIRRI GÜR - MERSİN,TOLGA ÖZKALFA,5.02.2012 - 13:00
1217,https://www.tff.org/Default.aspx?pageId=29&macId=99065,BURSASPOR,0,ORDUSPOR,0,BURSA ATATÜRK - BURSA,BARIŞ ŞİMŞEK,5.02.2012 - 16:00
1218,https://www.tff.org/Default.aspx?pageId=29&macId=99066,KAYSERİSPOR,2,GENÇLERBİRLİĞİ,3,BÜYÜKŞEHİR BELEDİYESİ KADİR HAS - KAYSERİ,METE KALKAVAN,5.02.2012 - 16:00
1222,https://www.tff.org/Default.aspx?pageId=29&macId=99070,FENERBAHÇE A.Ş.,2,BEŞİKTAŞ A.Ş.,0,FB ŞÜKRÜ SARACOĞLU - İSTANBUL,ÖZGÜR YANKAYA,5.02.2012 - 19:00
1224,https://www.tff.org/Default.aspx?pageId=29&macId=99072,ESKİŞEHİRSPOR,3,İSTANBUL BBSK,1,ESKİŞEHİR ATATÜRK - ESKİŞEHİR,MUSTAFA KAMİL ABİTOĞLU,6.02.2012 - 18:00
1219,https://www.tff.org/Default.aspx?pageId=29&macId=99067,MKE ANKARAGÜCÜ,0,MANİSASPOR,1,ANKARA 19 MAYIS - ANKARA,AYTEKİN DURMAZ,6.02.2012 - 20:00
1223,https://www.tff.org/Default.aspx?pageId=29&macId=99071,KARDEMİR D.Ç. KARABÜKSPOR,2,SAMSUNSPOR,1,DR.NECMETTİN ŞEYHOĞLU - KARABÜK,CÜNEYT ÇAKIR,6.02.2012 - 20:00
1227,https://www.tff.org/Default.aspx?pageId=29&macId=99075,SİVASSPOR,1,BEŞİKTAŞ A.Ş.,1,SİVAS 4 EYLÜL - SİVAS,CÜNEYT ÇAKIR,9.02.2012 - 18:00
1228,https://www.tff.org/Default.aspx?pageId=29&macId=99076,TRABZONSPOR A.Ş.,4,GAZİANTEPSPOR,0,HÜSEYİN AVNİ AKER - TRABZON,MUSTAFA KAMİL ABİTOĞLU,10.02.2012 - 20:00
1232,https://www.tff.org/Default.aspx?pageId=29&macId=99080,GENÇLERBİRLİĞİ,1,MERSİN İDMAN YURDU,2,ANKARA 19 MAYIS - ANKARA,İLKER MERAL,11.02.2012 - 16:00
1233,https://www.tff.org/Default.aspx?pageId=29&macId=99081,GALATASARAY A.Ş.,1,KAYSERİSPOR,0,ALİ SAMİ YEN SPOR KOMPLEKSİ TÜRK TELEKOM STADYUMU,ÖZGÜR YANKAYA,11.02.2012 - 19:00
1226,https://www.tff.org/Default.aspx?pageId=29&macId=99074,İSTANBUL BBSK,3,MKE ANKARAGÜCÜ,0,ATATÜRK OLİMPİYAT - İSTANBUL,ÇAĞATAY ŞAHAN,12.02.2012 - 13:00
1229,https://www.tff.org/Default.aspx?pageId=29&macId=99077,ORDUSPOR,3,MEDİCAL PARK ANTALYASPOR,2,19 EYLÜL - ORDU,TOLGA ÖZKALFA,12.02.2012 - 13:00
1230,https://www.tff.org/Default.aspx?pageId=29&macId=99078,MANİSASPOR,1,BURSASPOR,3,MANİSA 19 MAYIS - MANİSA,KUDDUSİ MÜFTÜOĞLU,12.02.2012 - 16:00
1231,https://www.tff.org/Default.aspx?pageId=29&macId=99079,SAMSUNSPOR,3,ESKİŞEHİRSPOR,1,SAMSUN 19 MAYIS - SAMSUN,HÜSEYİN GÖÇEK,12.02.2012 - 16:00
1234,https://www.tff.org/Default.aspx?pageId=29&macId=99082,KARDEMİR D.Ç. KARABÜKSPOR,2,FENERBAHÇE A.Ş.,1,DR.NECMETTİN ŞEYHOĞLU - KARABÜK,FIRAT AYDINUS,12.02.2012 - 19:00
1238,https://www.tff.org/Default.aspx?pageId=29&macId=99086,MERSİN İDMAN YURDU,1,GALATASARAY A.Ş.,3,TEVFİK SIRRI GÜR - MERSİN,TOLGA ÖZKALFA,17.02.2012 - 20:00
1242,https://www.tff.org/Default.aspx?pageId=29&macId=99090,MKE ANKARAGÜCÜ,0,SAMSUNSPOR,3,ANKARA 19 MAYIS - ANKARA,SERKAN ÇINAR,18.02.2012 - 13:00
1243,https://www.tff.org/Default.aspx?pageId=29&macId=99091,MEDİCAL PARK ANTALYASPOR,2,MANİSASPOR,1,MARDAN ANTALYASPOR STADI - ANTALYA,ÖZGÜR YANKAYA,18.02.2012 - 16:00
1240,https://www.tff.org/Default.aspx?pageId=29&macId=99088,FENERBAHÇE A.Ş.,4,SİVASSPOR,2,FB ŞÜKRÜ SARACOĞLU - İSTANBUL,BÜLENT YILDIRIM,18.02.2012 - 19:00
1237,https://www.tff.org/Default.aspx?pageId=29&macId=99085,GAZİANTEPSPOR,1,ORDUSPOR,0,KAMİL OCAK - GAZİANTEP,FIRAT AYDINUS,19.02.2012 - 13:00
1236,https://www.tff.org/Default.aspx?pageId=29&macId=99084,KAYSERİSPOR,3,TRABZONSPOR A.Ş.,3,BÜYÜKŞEHİR BELEDİYESİ KADİR HAS - KAYSERİ,İLKER MERAL,19.02.2012 - 16:00
1241,https://www.tff.org/Default.aspx?pageId=29&macId=99089,ESKİŞEHİRSPOR,1,KARDEMİR D.Ç. KARABÜKSPOR,2,ESKİŞEHİR ATATÜRK - ESKİŞEHİR,SÜLEYMAN ABAY,19.02.2012 - 16:00
1239,https://www.tff.org/Default.aspx?pageId=29&macId=99087,BEŞİKTAŞ A.Ş.,3,GENÇLERBİRLİĞİ,2,Fİ-YAPI İNÖNÜ - İSTANBUL,BARIŞ ŞİMŞEK,19.02.2012 - 19:00
1235,https://www.tff.org/Default.aspx?pageId=29&macId=99083,BURSASPOR,2,İSTANBUL BBSK,1,BURSA ATATÜRK - BURSA,SUAT ARSLANBOĞA,20.02.2012 - 20:00
1251,https://www.tff.org/Default.aspx?pageId=29&macId=99099,ORDUSPOR,1,KAYSERİSPOR,0,19 EYLÜL - ORDU,HÜSEYİN GÖÇEK,24.02.2012 - 20:00
1249,https://www.tff.org/Default.aspx?pageId=29&macId=99097,KARDEMİR D.Ç. KARABÜKSPOR,3,MKE ANKARAGÜCÜ,2,DR.NECMETTİN ŞEYHOĞLU - KARABÜK,HÜSEYİN SABANCI,25.02.2012 - 13:00
1248,https://www.tff.org/Default.aspx?pageId=29&macId=99096,SAMSUNSPOR,0,BURSASPOR,3,SAMSUN 19 MAYIS - SAMSUN,BÜLENT YILDIRIM,25.02.2012 - 16:00
1252,https://www.tff.org/Default.aspx?pageId=29&macId=99100,MANİSASPOR,0,GAZİANTEPSPOR,2,MANİSA 19 MAYIS - MANİSA,CÜNEYT ÇAKIR,25.02.2012 - 16:00
1246,https://www.tff.org/Default.aspx?pageId=29&macId=99094,ESKİŞEHİRSPOR,2,FENERBAHÇE A.Ş.,1,ESKİŞEHİR ATATÜRK - ESKİŞEHİR,HALİS ÖZKAHYA,25.02.2012 - 19:04
1247,https://www.tff.org/Default.aspx?pageId=29&macId=99095,İSTANBUL BBSK,4,MEDİCAL PARK ANTALYASPOR,0,ATATÜRK OLİMPİYAT - İSTANBUL,BARIŞ ŞİMŞEK,26.02.2012 - 13:00
1250,https://www.tff.org/Default.aspx?pageId=29&macId=99098,GENÇLERBİRLİĞİ,3,SİVASSPOR,3,ANKARA 19 MAYIS - ANKARA,SÜLEYMAN ABAY,26.02.2012 - 13:00
1245,https://www.tff.org/Default.aspx?pageId=29&macId=99093,TRABZONSPOR A.Ş.,2,MERSİN İDMAN YURDU,3,HÜSEYİN AVNİ AKER - TRABZON,YUNUS YILDIRIM,26.02.2012 - 16:00
1244,https://www.tff.org/Default.aspx?pageId=29&macId=99092,GALATASARAY A.Ş.,3,BEŞİKTAŞ A.Ş.,2,ALİ SAMİ YEN SPOR KOMPLEKSİ TÜRK TELEKOM STADYUMU,FIRAT AYDINUS,26.02.2012 - 19:00
1259,https://www.tff.org/Default.aspx?pageId=29&macId=99107,MKE ANKARAGÜCÜ,2,ESKİŞEHİRSPOR,5,ANKARA 19 MAYIS - ANKARA,KORAY GENÇERLER,3.03.2012 - 13:00
1256,https://www.tff.org/Default.aspx?pageId=29&macId=99104,MERSİN İDMAN YURDU,1,ORDUSPOR,0,TEVFİK SIRRI GÜR - MERSİN,SÜLEYMAN ABAY,3.03.2012 - 16:00
1260,https://www.tff.org/Default.aspx?pageId=29&macId=99108,MEDİCAL PARK ANTALYASPOR,0,SAMSUNSPOR,2,MARDAN ANTALYASPOR STADI - ANTALYA,İLKER MERAL,3.03.2012 - 16:00
1258,https://www.tff.org/Default.aspx?pageId=29&macId=99106,FENERBAHÇE A.Ş.,6,GENÇLERBİRLİĞİ,1,FB ŞÜKRÜ SARACOĞLU - İSTANBUL,TOLGA ÖZKALFA,3.03.2012 - 19:00
1253,https://www.tff.org/Default.aspx?pageId=29&macId=99101,BURSASPOR,3,KARDEMİR D.Ç. KARABÜKSPOR,0,BURSA ATATÜRK - BURSA,CÜNEYT ÇAKIR,4.03.2012 - 15:00
1254,https://www.tff.org/Default.aspx?pageId=29&macId=99102,GAZİANTEPSPOR,5,İSTANBUL BBSK,0,KAMİL OCAK - GAZİANTEP,HAKAN ÖZKAN,4.03.2012 - 15:00
1261,https://www.tff.org/Default.aspx?pageId=29&macId=99109,KAYSERİSPOR,2,MANİSASPOR,0,BÜYÜKŞEHİR BELEDİYESİ KADİR HAS - KAYSERİ,FIRAT AYDINUS,4.03.2012 - 15:00
1255,https://www.tff.org/Default.aspx?pageId=29&macId=99103,BEŞİKTAŞ A.Ş.,1,TRABZONSPOR A.Ş.,2,Fİ-YAPI İNÖNÜ - İSTANBUL,BÜLENT YILDIRIM,4.03.2012 - 19:00
1257,https://www.tff.org/Default.aspx?pageId=29&macId=99105,SİVASSPOR,0,GALATASARAY A.Ş.,4,SİVAS 4 EYLÜL - SİVAS,HALİS ÖZKAHYA,5.03.2012 - 20:00
1270,https://www.tff.org/Default.aspx?pageId=29&macId=99118,MKE ANKARAGÜCÜ,0,FENERBAHÇE A.Ş.,2,ANKARA 19 MAYIS - ANKARA,BARIŞ ŞİMŞEK,9.03.2012 - 20:00
1264,https://www.tff.org/Default.aspx?pageId=29&macId=99112,İSTANBUL BBSK,1,KAYSERİSPOR,0,ATATÜRK OLİMPİYAT - İSTANBUL,CÜNEYT ÇAKIR,10.03.2012 - 16:00
1266,https://www.tff.org/Default.aspx?pageId=29&macId=99114,GALATASARAY A.Ş.,2,GENÇLERBİRLİĞİ,0,ALİ SAMİ YEN SPOR KOMPLEKSİ TÜRK TELEKOM STADYUMU,HÜSEYİN GÖÇEK,10.03.2012 - 19:00
1262,https://www.tff.org/Default.aspx?pageId=29&macId=99110,KARDEMİR D.Ç. KARABÜKSPOR,2,MEDİCAL PARK ANTALYASPOR,1,DR.NECMETTİN ŞEYHOĞLU - KARABÜK,SUAT ARSLANBOĞA,11.03.2012 - 13:00
1263,https://www.tff.org/Default.aspx?pageId=29&macId=99111,MANİSASPOR,2,MERSİN İDMAN YURDU,0,MANİSA 19 MAYIS - MANİSA,ABDULLAH YILMAZ,11.03.2012 - 13:00
1269,https://www.tff.org/Default.aspx?pageId=29&macId=99117,SAMSUNSPOR,0,GAZİANTEPSPOR,0,SAMSUN 19 MAYIS - SAMSUN,SÜLEYMAN ABAY,11.03.2012 - 13:00
1268,https://www.tff.org/Default.aspx?pageId=29&macId=99116,ORDUSPOR,1,BEŞİKTAŞ A.Ş.,1,19 EYLÜL - ORDU,MUSTAFA KAMİL ABİTOĞLU,11.03.2012 - 16:00
1265,https://www.tff.org/Default.aspx?pageId=29&macId=99113,ESKİŞEHİRSPOR,1,BURSASPOR,1,ESKİŞEHİR ATATÜRK - ESKİŞEHİR,İLKER MERAL,11.03.2012 - 19:00
1267,https://www.tff.org/Default.aspx?pageId=29&macId=99115,TRABZONSPOR A.Ş.,2,SİVASSPOR,1,HÜSEYİN AVNİ AKER - TRABZON,KUDDUSİ MÜFTÜOĞLU,12.03.2012 - 20:00
1273,https://www.tff.org/Default.aspx?pageId=29&macId=99121,GENÇLERBİRLİĞİ,1,TRABZONSPOR A.Ş.,1,ANKARA 19 MAYIS - ANKARA,ÖZGÜR YANKAYA,16.03.2012 - 20:00
1272,https://www.tff.org/Default.aspx?pageId=29&macId=99120,MEDİCAL PARK ANTALYASPOR,0,ESKİŞEHİRSPOR,0,MARDAN ANTALYASPOR STADI - ANTALYA,FIRAT AYDINUS,17.03.2012 - 15:00
1274,https://www.tff.org/Default.aspx?pageId=29&macId=99122,SİVASSPOR,1,ORDUSPOR,1,SİVAS 4 EYLÜL - SİVAS,MUSTAFA İLKER COŞKUN,17.03.2012 - 15:00
1271,https://www.tff.org/Default.aspx?pageId=29&macId=99119,BURSASPOR,2,MKE ANKARAGÜCÜ,1,BURSA ATATÜRK - BURSA,DENİZ ÇOBAN,17.03.2012 - 17:30
1275,https://www.tff.org/Default.aspx?pageId=29&macId=99123,FENERBAHÇE A.Ş.,2,GALATASARAY A.Ş.,2,FB ŞÜKRÜ SARACOĞLU - İSTANBUL,BÜLENT YILDIRIM,17.03.2012 - 20:00
1278,https://www.tff.org/Default.aspx?pageId=29&macId=99126,MERSİN İDMAN YURDU,2,İSTANBUL BBSK,0,TEVFİK SIRRI GÜR - MERSİN,HÜSEYİN SABANCI,18.03.2012 - 15:00
1276,https://www.tff.org/Default.aspx?pageId=29&macId=99124,GAZİANTEPSPOR,3,KARDEMİR D.Ç. KARABÜKSPOR,0,KAMİL OCAK - GAZİANTEP,HÜSEYİN GÖÇEK,18.03.2012 - 19:00
1277,https://www.tff.org/Default.aspx?pageId=29&macId=99125,KAYSERİSPOR,2,SAMSUNSPOR,0,BÜYÜKŞEHİR BELEDİYESİ KADİR HAS - KAYSERİ,TOLGA ÖZKALFA,18.03.2012 - 19:00
1279,https://www.tff.org/Default.aspx?pageId=29&macId=99127,BEŞİKTAŞ A.Ş.,4,MANİSASPOR,1,Fİ-YAPI İNÖNÜ - İSTANBUL,BARIŞ ŞİMŞEK,19.03.2012 - 20:00
1283,https://www.tff.org/Default.aspx?pageId=29&macId=99131,FENERBAHÇE A.Ş.,1,BURSASPOR,0,FB ŞÜKRÜ SARACOĞLU - İSTANBUL,ÖZGÜR YANKAYA,24.03.2012 - 19:00
1280,https://www.tff.org/Default.aspx?pageId=29&macId=99128,MKE ANKARAGÜCÜ,0,MEDİCAL PARK ANTALYASPOR,3,ANKARA 19 MAYIS - ANKARA,HÜSEYİN GÖÇEK,25.03.2012 - 15:30
1281,https://www.tff.org/Default.aspx?pageId=29&macId=99129,MANİSASPOR,1,SİVASSPOR,3,MANİSA 19 MAYIS - MANİSA,BÜLENT YILDIRIM,25.03.2012 - 15:30
1282,https://www.tff.org/Default.aspx?pageId=29&macId=99130,KARDEMİR D.Ç. KARABÜKSPOR,1,KAYSERİSPOR,0,DR.NECMETTİN ŞEYHOĞLU - KARABÜK,BARIŞ ŞİMŞEK,25.03.2012 - 15:30
1284,https://www.tff.org/Default.aspx?pageId=29&macId=99132,ORDUSPOR,0,GENÇLERBİRLİĞİ,0,19 EYLÜL - ORDU,VOLKAN BAYARSLAN,25.03.2012 - 15:30
1286,https://www.tff.org/Default.aspx?pageId=29&macId=99134,SAMSUNSPOR,2,MERSİN İDMAN YURDU,0,SAMSUN 19 MAYIS - SAMSUN,FIRAT AYDINUS,25.03.2012 - 15:30
1287,https://www.tff.org/Default.aspx?pageId=29&macId=99135,ESKİŞEHİRSPOR,0,GAZİANTEPSPOR,2,ESKİŞEHİR ATATÜRK - ESKİŞEHİR,METE KALKAVAN,25.03.2012 - 15:30
1288,https://www.tff.org/Default.aspx?pageId=29&macId=99136,GALATASARAY A.Ş.,1,TRABZONSPOR A.Ş.,1,ALİ SAMİ YEN SPOR KOMPLEKSİ TÜRK TELEKOM STADYUMU,CÜNEYT ÇAKIR,25.03.2012 - 19:00
1285,https://www.tff.org/Default.aspx?pageId=29&macId=99133,İSTANBUL BBSK,2,BEŞİKTAŞ A.Ş.,2,ATATÜRK OLİMPİYAT - İSTANBUL,TOLGA ÖZKALFA,26.03.2012 - 20:00
1294,https://www.tff.org/Default.aspx?pageId=29&macId=99142,GAZİANTEPSPOR,1,MKE ANKARAGÜCÜ,0,KAMİL OCAK - GAZİANTEP,ABDULLAH YILMAZ,30.03.2012 - 20:00
1295,https://www.tff.org/Default.aspx?pageId=29&macId=99143,MERSİN İDMAN YURDU,0,KARDEMİR D.Ç. KARABÜKSPOR,2,TEVFİK SIRRI GÜR - MERSİN,MUSTAFA KAMİL ABİTOĞLU,30.03.2012 - 20:00
1289,https://www.tff.org/Default.aspx?pageId=29&macId=99137,KAYSERİSPOR,2,ESKİŞEHİRSPOR,2,BÜYÜKŞEHİR BELEDİYESİ KADİR HAS - KAYSERİ,HALİS ÖZKAHYA,31.03.2012 - 15:30
1290,https://www.tff.org/Default.aspx?pageId=29&macId=99138,SİVASSPOR,0,İSTANBUL BBSK,1,SİVAS 4 EYLÜL - SİVAS,CÜNEYT ÇAKIR,31.03.2012 - 15:30
1297,https://www.tff.org/Default.aspx?pageId=29&macId=99145,GENÇLERBİRLİĞİ,3,MANİSASPOR,0,ANKARA 19 MAYIS - ANKARA,SERKAN ÇINAR,31.03.2012 - 15:30
1292,https://www.tff.org/Default.aspx?pageId=29&macId=99140,GALATASARAY A.Ş.,2,ORDUSPOR,0,ALİ SAMİ YEN SPOR KOMPLEKSİ TÜRK TELEKOM STADYUMU,TOLGA ÖZKALFA,31.03.2012 - 19:00
1293,https://www.tff.org/Default.aspx?pageId=29&macId=99141,MEDİCAL PARK ANTALYASPOR,1,BURSASPOR,3,MARDAN ANTALYASPOR STADI - ANTALYA,BÜLENT YILDIRIM,1.04.2012 - 15:00
1296,https://www.tff.org/Default.aspx?pageId=29&macId=99144,BEŞİKTAŞ A.Ş.,0,SAMSUNSPOR,1,Fİ-YAPI İNÖNÜ - İSTANBUL,ÖZGÜR YANKAYA,1.04.2012 - 15:00
1291,https://www.tff.org/Default.aspx?pageId=29&macId=99139,TRABZONSPOR A.Ş.,1,FENERBAHÇE A.Ş.,1,HÜSEYİN AVNİ AKER - TRABZON,FIRAT AYDINUS,1.04.2012 - 19:00
1299,https://www.tff.org/Default.aspx?pageId=29&macId=99147,KARDEMİR D.Ç. KARABÜKSPOR,1,BEŞİKTAŞ A.Ş.,1,DR.NECMETTİN ŞEYHOĞLU - KARABÜK,METE KALKAVAN,6.04.2012 - 20:00
1305,https://www.tff.org/Default.aspx?pageId=29&macId=99153,MKE ANKARAGÜCÜ,0,KAYSERİSPOR,5,ANKARA 19 MAYIS - ANKARA,HAKAN ÖZKAN,7.04.2012 - 15:30
1298,https://www.tff.org/Default.aspx?pageId=29&macId=99146,FENERBAHÇE A.Ş.,2,MEDİCAL PARK ANTALYASPOR,0,FB ŞÜKRÜ SARACOĞLU - İSTANBUL,TOLGA ÖZKALFA,7.04.2012 - 19:00
1300,https://www.tff.org/Default.aspx?pageId=29&macId=99148,BURSASPOR,0,GAZİANTEPSPOR,2,BURSA ATATÜRK - BURSA,CÜNEYT ÇAKIR,7.04.2012 - 19:00
1302,https://www.tff.org/Default.aspx?pageId=29&macId=99150,İSTANBUL BBSK,1,GENÇLERBİRLİĞİ,0,ATATÜRK OLİMPİYAT - İSTANBUL,MUSTAFA KAMİL ABİTOĞLU,7.04.2012 - 19:00
1303,https://www.tff.org/Default.aspx?pageId=29&macId=99151,SAMSUNSPOR,1,SİVASSPOR,2,SAMSUN 19 MAYIS - SAMSUN,HÜSEYİN GÖÇEK,7.04.2012 - 19:00
1304,https://www.tff.org/Default.aspx?pageId=29&macId=99152,ESKİŞEHİRSPOR,2,MERSİN İDMAN YURDU,0,ESKİŞEHİR ATATÜRK - ESKİŞEHİR,BÜLENT YILDIRIM,7.04.2012 - 19:00
1306,https://www.tff.org/Default.aspx?pageId=29&macId=99154,ORDUSPOR,0,TRABZONSPOR A.Ş.,0,19 EYLÜL - ORDU,İLKER MERAL,8.04.2012 - 15:30
1301,https://www.tff.org/Default.aspx?pageId=29&macId=99149,MANİSASPOR,0,GALATASARAY A.Ş.,4,MANİSA 19 MAYIS - MANİSA,SUAT ARSLANBOĞA,8.04.2012 - 19:00
