Takim_adi,Oynadigi_mac_sayisi,Galibiyet_sayisi,Beraberlik_sayisi,Maglubiyet_sayisi,Attigi_gol_sayisi,Yedigi_gol_sayisi,Averaj,Puan
GALATASARAY,34,23,9,2,85,30,55,78
BEŞİKTAŞ,34,23,8,3,58,27,31,77
FENERBAHÇE,34,22,6,6,84,29,55,72
TRABZONSPOR,34,17,7,10,48,37,11,58
KOCAELİSPOR,34,14,8,12,44,37,7,50
ANTALYASPOR A.Ş,34,14,7,13,46,47,-1,49
GAZİANTEPSPOR,34,12,12,10,51,48,3,48
GENÇLERBİRLİĞİ,34,12,10,12,49,47,2,46
İSTANBULSPOR A.Ş,34,12,7,15,48,55,-7,43
SAMSUNSPOR,34,11,8,15,38,53,-15,41
ALTAY,34,11,7,16,46,59,-13,40
BURSASPOR,34,11,6,17,51,69,-18,39
ERZURUMSPOR,34,10,9,15,40,64,-24,39
MKE ANKARAGÜCÜ,34,10,8,16,45,55,-10,38
ADANASPOR A.Ş,34,10,8,16,37,53,-16,38
SAKARYASPOR A.Ş,34,9,8,17,44,52,-8,35
DARDANELSPOR A.Ş,34,8,8,18,35,49,-14,32
KARDEMİR D.Ç. KARABÜKSPOR,34,5,8,21,26,64,-38,23
