Mac_kodu,TFF_mac_linki,Ev_sahibi,Ev_sahibi_gol,Misafir_takim,Misafir_takim_gol,Stat,Ana_hakem,Tarih_saat
1009,https://www.tff.org/Default.aspx?pageId=397&macId=32346,DARDANELSPOR A.Ş.                                 ,0,FENERBAHÇE                                        ,0,18 MART,OĞUZ SARVAN,7.08.1998 - 20:00
1007,https://www.tff.org/Default.aspx?pageId=397&macId=32350,ADANASPOR A.Ş.                                    ,0,İSTANBULSPOR A.Ş.                                 ,1,TEVFİK SIRRI GÜR,YILNUR ÖNEN,8.08.1998 - 18:00
1002,https://www.tff.org/Default.aspx?pageId=397&macId=32347,TRABZONSPOR                                       ,0,GAZİANTEPSPOR                                     ,1,HÜSEYİN AVNİ AKER,METİN TOKAT,8.08.1998 - 20:00
1003,https://www.tff.org/Default.aspx?pageId=397&macId=32348,GALATASARAY                                       ,3,ALTAY                                             ,1,ALİ SAMİ YEN,SADIK İLHAN,8.08.1998 - 20:00
1006,https://www.tff.org/Default.aspx?pageId=397&macId=32349,SAMSUNSPOR                                        ,0,KOCAELİSPOR                                       ,1,SAMSUN 19 MAYIS,SERDAR ÇAKIR,8.08.1998 - 20:00
1004,https://www.tff.org/Default.aspx?pageId=397&macId=32352,SAKARYASPOR A.Ş.                                  ,0,ANTALYASPOR A.Ş.                                  ,0,SAKARYA ATATÜRK,ÇETİN SARIGÜL,9.08.1998 - 18:03
1001,https://www.tff.org/Default.aspx?pageId=397&macId=32351,BEŞİKTAŞ                                          ,4,MKE ANKARAGÜCÜ                                    ,1,FB ŞÜKRÜ SARACOĞLU,İLHAMİ KAPLAN,9.08.1998 - 20:00
1005,https://www.tff.org/Default.aspx?pageId=397&macId=32353,BURSASPOR                                         ,1,KARDEMİR D.Ç. KARABÜKSPOR                         ,2,BURSA ATATÜRK,SABİT HACIÖMEROĞLU,9.08.1998 - 20:00
1008,https://www.tff.org/Default.aspx?pageId=397&macId=32354,GENÇLERBİRLİĞİ                                    ,5,ERZURUMSPOR                                       ,1,ANKARA 19 MAYIS,İBRAHİM AKSOY,9.08.1998 - 20:00
1015,https://www.tff.org/Default.aspx?pageId=397&macId=32355,ANTALYASPOR A.Ş.                                  ,0,BEŞİKTAŞ                                          ,3,ANTALYA ATATÜRK,MURAT ILGAZ,14.08.1998 - 20:00
1018,https://www.tff.org/Default.aspx?pageId=397&macId=32356,FENERBAHÇE                                        ,3,GENÇLERBİRLİĞİ                                    ,0,FB ŞÜKRÜ SARACOĞLU,MUSTAFA ÇULCU,15.08.1998 - 20:00
1011,https://www.tff.org/Default.aspx?pageId=397&macId=32358,ERZURUMSPOR                                       ,1,ADANASPOR A.Ş.                                    ,0,CEMAL GÜRSEL,METİN SEVAL,16.08.1998 - 17:00
1010,https://www.tff.org/Default.aspx?pageId=397&macId=32357,GAZİANTEPSPOR                                     ,2,SAKARYASPOR A.Ş.                                  ,0,KAMİL OCAK,İSMET ARZUMAN,16.08.1998 - 20:00
1012,https://www.tff.org/Default.aspx?pageId=397&macId=32359,İSTANBULSPOR A.Ş.                                 ,2,SAMSUNSPOR                                        ,1,ALİ SAMİ YEN,BÜLENT UZUN,16.08.1998 - 20:00
1013,https://www.tff.org/Default.aspx?pageId=397&macId=32360,KOCAELİSPOR                                       ,2,KARDEMİR D.Ç. KARABÜKSPOR                         ,0, İSMETPAŞA,CEM TOSYALI,16.08.1998 - 20:00
1014,https://www.tff.org/Default.aspx?pageId=397&macId=32361,ALTAY                                             ,2,TRABZONSPOR                                       ,5,İZMİR ALSANCAK,MUHİTTİN BOŞAT,16.08.1998 - 20:00
1016,https://www.tff.org/Default.aspx?pageId=397&macId=32362,MKE ANKARAGÜCÜ                                    ,3,DARDANELSPOR A.Ş.                                 ,0,ANKARA 19 MAYIS,SERDAR TATLI,16.08.1998 - 20:00
1017,https://www.tff.org/Default.aspx?pageId=397&macId=32363,BURSASPOR                                         ,0,GALATASARAY                                       ,5,BURSA ATATÜRK,EROL ERSOY,16.08.1998 - 20:00
1025,https://www.tff.org/Default.aspx?pageId=397&macId=32406,ADANASPOR A.Ş.                                    ,0,FENERBAHÇE                                        ,3,5 OCAK,ÜNSAL ÇİMEN,21.08.1998 - 20:00
1021,https://www.tff.org/Default.aspx?pageId=397&macId=32407,İSTANBULSPOR A.Ş.                                 ,3,KARDEMİR D.Ç. KARABÜKSPOR                         ,0,FB ŞÜKRÜ SARACOĞLU,MUSA ERYILMAZ,22.08.1998 - 20:00
1023,https://www.tff.org/Default.aspx?pageId=397&macId=32408,TRABZONSPOR                                       ,2,BURSASPOR                                         ,0,HÜSEYİN AVNİ AKER,AYHAN YÜCEBİLGİÇ,22.08.1998 - 20:00
1024,https://www.tff.org/Default.aspx?pageId=397&macId=32409,GALATASARAY                                       ,3,KOCAELİSPOR                                       ,1,ALİ SAMİ YEN,KADİR TOZLU,22.08.1998 - 20:00
1027,https://www.tff.org/Default.aspx?pageId=397&macId=32410,SAMSUNSPOR                                        ,2,ERZURUMSPOR                                       ,4,SAMSUN 19 MAYIS,İSMET CENGİZ,22.08.1998 - 20:00
1020,https://www.tff.org/Default.aspx?pageId=397&macId=32412,SAKARYASPOR A.Ş.                                  ,1,ALTAY                                             ,2,SAKARYA ATATÜRK,MUSTAFA KALKANDELEN,23.08.1998 - 17:30
1019,https://www.tff.org/Default.aspx?pageId=397&macId=32411,DARDANELSPOR A.Ş.                                 ,1,GENÇLERBİRLİĞİ                                    ,2,18 MART,ALİ AYDIN,23.08.1998 - 20:00
1026,https://www.tff.org/Default.aspx?pageId=397&macId=32414,MKE ANKARAGÜCÜ                                    ,0,ANTALYASPOR A.Ş.                                  ,0,ANKARA 19 MAYIS,SELÇUK ŞAHİN,23.08.1998 - 20:00
1022,https://www.tff.org/Default.aspx?pageId=397&macId=32413,BEŞİKTAŞ                                          ,1,GAZİANTEPSPOR                                     ,1,BEŞİKTAŞ İNÖNÜ,ALİ ULUYOL,23.08.1998 - 20:06
1029,https://www.tff.org/Default.aspx?pageId=397&macId=32448,ALTAY                                             ,0,BEŞİKTAŞ                                          ,1,İZMİR ALSANCAK,MUSTAFA ÇULCU,28.08.1998 - 20:00
1036,https://www.tff.org/Default.aspx?pageId=397&macId=32449,FENERBAHÇE                                        ,6,SAMSUNSPOR                                        ,2,FB ŞÜKRÜ SARACOĞLU,METİN TOKAT,29.08.1998 - 20:00
1035,https://www.tff.org/Default.aspx?pageId=397&macId=32456,ERZURUMSPOR                                       ,2,KARDEMİR D.Ç. KARABÜKSPOR                         ,1,CEMAL GÜRSEL,ADNAN ŞEKER,30.08.1998 - 17:00
1028,https://www.tff.org/Default.aspx?pageId=397&macId=32450,KOCAELİSPOR                                       ,1,TRABZONSPOR                                       ,1, İSMETPAŞA,OĞUZ SARVAN,30.08.1998 - 20:00
1030,https://www.tff.org/Default.aspx?pageId=397&macId=32451,GENÇLERBİRLİĞİ                                    ,2,ADANASPOR A.Ş.                                    ,1,ANKARA 19 MAYIS,GALİP BİTİGEN,30.08.1998 - 20:00
1031,https://www.tff.org/Default.aspx?pageId=397&macId=32452,İSTANBULSPOR A.Ş.                                 ,1,GALATASARAY                                       ,4,BEŞİKTAŞ İNÖNÜ,ORHAN ERDEMİR,30.08.1998 - 20:00
1032,https://www.tff.org/Default.aspx?pageId=397&macId=32453,BURSASPOR                                         ,2,SAKARYASPOR A.Ş.                                  ,1,BURSA ATATÜRK,İBRAHİM AKSOY,30.08.1998 - 20:00
1033,https://www.tff.org/Default.aspx?pageId=397&macId=32454,GAZİANTEPSPOR                                     ,1,MKE ANKARAGÜCÜ                                    ,0,KAMİL OCAK,MEHMET ÇAYAN,30.08.1998 - 20:00
1034,https://www.tff.org/Default.aspx?pageId=397&macId=32455,ANTALYASPOR A.Ş.                                  ,2,DARDANELSPOR A.Ş.                                 ,0,ANTALYA ATATÜRK,ŞAHİN TAŞKINSOY,30.08.1998 - 20:00
1042,https://www.tff.org/Default.aspx?pageId=397&macId=32671,TRABZONSPOR                                       ,0,İSTANBULSPOR A.Ş.                                 ,0,HÜSEYİN AVNİ AKER,SERDAR TATLI,11.09.1998 - 20:00
1043,https://www.tff.org/Default.aspx?pageId=397&macId=32672,GALATASARAY                                       ,5,ERZURUMSPOR                                       ,0,ALİ SAMİ YEN,MURAT ILGAZ,12.09.1998 - 20:00
1044,https://www.tff.org/Default.aspx?pageId=397&macId=32673,FENERBAHÇE                                        ,4,KARDEMİR D.Ç. KARABÜKSPOR                         ,1,FB ŞÜKRÜ SARACOĞLU,İLHAMİ KAPLAN,12.09.1998 - 20:00
1045,https://www.tff.org/Default.aspx?pageId=397&macId=32674,SAMSUNSPOR                                        ,2,GENÇLERBİRLİĞİ                                    ,4,SAMSUN 19 MAYIS,MUHİTTİN BOŞAT,12.09.1998 - 20:00
1041,https://www.tff.org/Default.aspx?pageId=397&macId=32679,SAKARYASPOR A.Ş.                                  ,2,KOCAELİSPOR                                       ,2,SAKARYA ATATÜRK,ALİ ULUYOL,13.09.1998 - 16:30
1037,https://www.tff.org/Default.aspx?pageId=397&macId=32675,BEŞİKTAŞ                                          ,3,BURSASPOR                                         ,3,İZMİR ATATÜRK,BÜLENT UZUN,13.09.1998 - 20:00
1038,https://www.tff.org/Default.aspx?pageId=397&macId=32676,ANTALYASPOR A.Ş.                                  ,3,GAZİANTEPSPOR                                     ,1,ANTALYA ATATÜRK,ERDAL GÜLEÇ,13.09.1998 - 20:00
1039,https://www.tff.org/Default.aspx?pageId=397&macId=32677,MKE ANKARAGÜCÜ                                    ,2,ALTAY                                             ,1,ANKARA 19 MAYIS,SERDAR ÇAKIR,13.09.1998 - 20:00
1040,https://www.tff.org/Default.aspx?pageId=397&macId=32678,DARDANELSPOR A.Ş.                                 ,0,ADANASPOR A.Ş.                                    ,1,18 MART,KAZIM ERÇAKIR,13.09.1998 - 20:00
1051,https://www.tff.org/Default.aspx?pageId=397&macId=32817,BURSASPOR                                         ,4,MKE ANKARAGÜCÜ                                    ,0,BURSA ATATÜRK,ORHAN ERDEMİR,18.09.1998 - 20:00
1049,https://www.tff.org/Default.aspx?pageId=397&macId=32818,İSTANBULSPOR A.Ş.                                 ,4,SAKARYASPOR A.Ş.                                  ,0,BEŞİKTAŞ İNÖNÜ,MUSTAFA ARSLAN,19.09.1998 - 20:00
1053,https://www.tff.org/Default.aspx?pageId=397&macId=32819,GENÇLERBİRLİĞİ                                    ,2,KARDEMİR D.Ç. KARABÜKSPOR                         ,1,ANKARA 19 MAYIS,NECDET ERDİLEK,19.09.1998 - 20:00
1054,https://www.tff.org/Default.aspx?pageId=397&macId=32825,ERZURUMSPOR                                       ,2,TRABZONSPOR                                       ,2,CEMAL GÜRSEL,YILNUR ÖNEN,20.09.1998 - 15:30
1047,https://www.tff.org/Default.aspx?pageId=397&macId=32821,GAZİANTEPSPOR                                     ,1,DARDANELSPOR A.Ş.                                 ,0,TEVFİK SIRRI GÜR,SEBAHATTİN BİTİRİM,20.09.1998 - 16:00
1046,https://www.tff.org/Default.aspx?pageId=397&macId=32820,ALTAY                                             ,2,ANTALYASPOR A.Ş.                                  ,4,İZMİR ALSANCAK,NAMIK KEMAL DEMİROĞLU,20.09.1998 - 17:00
1048,https://www.tff.org/Default.aspx?pageId=397&macId=32822,FENERBAHÇE                                        ,2,GALATASARAY                                       ,2,FB ŞÜKRÜ SARACOĞLU,EROL ERSOY,20.09.1998 - 20:00
1050,https://www.tff.org/Default.aspx?pageId=397&macId=32823,KOCAELİSPOR                                       ,0,BEŞİKTAŞ                                          ,2, İSMETPAŞA,AYHAN YÜCEBİLGİÇ,20.09.1998 - 20:00
1052,https://www.tff.org/Default.aspx?pageId=397&macId=32824,ADANASPOR A.Ş.                                    ,0,SAMSUNSPOR                                        ,0,5 OCAK,OĞUZ SARVAN,20.09.1998 - 20:00
1059,https://www.tff.org/Default.aspx?pageId=397&macId=32932,TRABZONSPOR                                       ,1,FENERBAHÇE                                        ,0,HÜSEYİN AVNİ AKER,İBRAHİM AKSOY,25.09.1998 - 20:00
1063,https://www.tff.org/Default.aspx?pageId=397&macId=32934,DARDANELSPOR A.Ş.                                 ,0,SAMSUNSPOR                                        ,0,18 MART,KADİR TOZLU,26.09.1998 - 17:00
1055,https://www.tff.org/Default.aspx?pageId=397&macId=32933,BEŞİKTAŞ                                          ,2,İSTANBULSPOR A.Ş.                                 ,1,BURSA ATATÜRK,SADIK İLHAN,26.09.1998 - 20:00
1058,https://www.tff.org/Default.aspx?pageId=397&macId=32937,SAKARYASPOR A.Ş.                                  ,1,ERZURUMSPOR                                       ,1,SAKARYA ATATÜRK,METİN TOKAT,27.09.1998 - 16:00
1060,https://www.tff.org/Default.aspx?pageId=397&macId=32938,KARDEMİR D.Ç. KARABÜKSPOR                         ,2,ADANASPOR A.Ş.                                    ,0,KARABÜK YENİŞEHİR,MUSTAFA KALKANDELEN,27.09.1998 - 16:00
1057,https://www.tff.org/Default.aspx?pageId=397&macId=32936,GAZİANTEPSPOR                                     ,1,ALTAY                                             ,1,KAMİL OCAK,MURAT ILGAZ,27.09.1998 - 17:00
1062,https://www.tff.org/Default.aspx?pageId=397&macId=32940,MKE ANKARAGÜCÜ                                    ,0,KOCAELİSPOR                                       ,2,ANKARA 19 MAYIS,MUHİTTİN BOŞAT,27.09.1998 - 17:00
1061,https://www.tff.org/Default.aspx?pageId=397&macId=32939,ANTALYASPOR A.Ş.                                  ,0,BURSASPOR                                         ,0,ANTALYA ATATÜRK,MUSTAFA ÇULCU,27.09.1998 - 17:02
1056,https://www.tff.org/Default.aspx?pageId=397&macId=32935,GALATASARAY                                       ,0,GENÇLERBİRLİĞİ                                    ,2,ALİ SAMİ YEN,BÜLENT UZUN,27.09.1998 - 19:00
1065,https://www.tff.org/Default.aspx?pageId=397&macId=33265,KOCAELİSPOR                                       ,2,ANTALYASPOR A.Ş.                                  ,1, İSMETPAŞA,SEBAHATTİN ŞAHİN,16.10.1998 - 20:02
1067,https://www.tff.org/Default.aspx?pageId=397&macId=33269,İSTANBULSPOR A.Ş.                                 ,1,MKE ANKARAGÜCÜ                                    ,4,BEŞİKTAŞ İNÖNÜ,ÇETİN SARIGÜL,17.10.1998 - 15:30
1070,https://www.tff.org/Default.aspx?pageId=397&macId=33270,SAMSUNSPOR                                        ,2,KARDEMİR D.Ç. KARABÜKSPOR                         ,1,SAMSUN 19 MAYIS,ÜNSAL ÇİMEN,17.10.1998 - 15:37
1066,https://www.tff.org/Default.aspx?pageId=397&macId=33268,GENÇLERBİRLİĞİ                                    ,0,TRABZONSPOR                                       ,1,ANKARA 19 MAYIS,MUHİTTİN BOŞAT,17.10.1998 - 19:00
1071,https://www.tff.org/Default.aspx?pageId=397&macId=33271,ADANASPOR A.Ş.                                    ,2,GALATASARAY                                       ,2,5 OCAK,YILNUR ÖNEN,17.10.1998 - 20:00
1072,https://www.tff.org/Default.aspx?pageId=397&macId=33286,ERZURUMSPOR                                       ,2,BEŞİKTAŞ                                          ,2,CEMAL GÜRSEL,İLHAMİ KAPLAN,18.10.1998 - 14:00
1068,https://www.tff.org/Default.aspx?pageId=397&macId=33284,BURSASPOR                                         ,2,GAZİANTEPSPOR                                     ,1,BURSA ATATÜRK,ADNAN ŞEKER,18.10.1998 - 15:30
1069,https://www.tff.org/Default.aspx?pageId=397&macId=33285,ALTAY                                             ,1,DARDANELSPOR A.Ş.                                 ,1,İZMİR ALSANCAK,GALİP BİTİGEN,18.10.1998 - 15:30
1064,https://www.tff.org/Default.aspx?pageId=397&macId=33283,FENERBAHÇE                                        ,3,SAKARYASPOR A.Ş.                                  ,0,ANKARA 19 MAYIS,SERDAR TATLI,18.10.1998 - 19:00
1073,https://www.tff.org/Default.aspx?pageId=397&macId=33380,TRABZONSPOR                                       ,2,ADANASPOR A.Ş.                                    ,0,HÜSEYİN AVNİ AKER,SERDAR ÇAKIR,23.10.1998 - 20:00
1080,https://www.tff.org/Default.aspx?pageId=397&macId=33382,ANTALYASPOR A.Ş.                                  ,2,İSTANBULSPOR A.Ş.                                 ,3,ANTALYA ATATÜRK,CEM TOSYALI,24.10.1998 - 17:00
1078,https://www.tff.org/Default.aspx?pageId=397&macId=33381,GALATASARAY                                       ,3,SAMSUNSPOR                                        ,1,ALİ SAMİ YEN,MUSTAFA ÇULCU,24.10.1998 - 20:02
1074,https://www.tff.org/Default.aspx?pageId=397&macId=33383,ALTAY                                             ,4,BURSASPOR                                         ,1,İZMİR ALSANCAK,METİN TOKAT,25.10.1998 - 14:00
1075,https://www.tff.org/Default.aspx?pageId=397&macId=33384,MKE ANKARAGÜCÜ                                    ,3,ERZURUMSPOR                                       ,0,ANKARA 19 MAYIS,ERDAL GÜLEÇ,25.10.1998 - 14:00
1077,https://www.tff.org/Default.aspx?pageId=397&macId=33386,SAKARYASPOR A.Ş.                                  ,3,GENÇLERBİRLİĞİ                                    ,1,SAKARYA ATATÜRK,SADIK İLHAN,25.10.1998 - 14:00
1079,https://www.tff.org/Default.aspx?pageId=397&macId=33387,GAZİANTEPSPOR                                     ,1,KOCAELİSPOR                                       ,2,KAMİL OCAK,KAZIM ERÇAKIR,25.10.1998 - 14:00
1081,https://www.tff.org/Default.aspx?pageId=397&macId=33388,DARDANELSPOR A.Ş.                                 ,0,KARDEMİR D.Ç. KARABÜKSPOR                         ,0,18 MART,METİN KARAASLAN,25.10.1998 - 14:00
1076,https://www.tff.org/Default.aspx?pageId=397&macId=33385,BEŞİKTAŞ                                          ,3,FENERBAHÇE                                        ,2,BEŞİKTAŞ İNÖNÜ,ORHAN ERDEMİR,25.10.1998 - 19:00
1089,https://www.tff.org/Default.aspx?pageId=397&macId=33504,SAMSUNSPOR                                        ,2,TRABZONSPOR                                       ,1,SAMSUN 19 MAYIS,İLHAMİ KAPLAN,30.10.1998 - 20:00
1085,https://www.tff.org/Default.aspx?pageId=397&macId=33506,İSTANBULSPOR A.Ş.                                 ,0,GAZİANTEPSPOR                                     ,0,BAYRAMPAŞA ÇETİN EMEÇ,İBRAHİM AKSOY,31.10.1998 - 14:00
1088,https://www.tff.org/Default.aspx?pageId=397&macId=33507,KARDEMİR D.Ç. KARABÜKSPOR                         ,0,GALATASARAY                                       ,3,KARABÜK YENİŞEHİR,MURAT ILGAZ,31.10.1998 - 18:00
1084,https://www.tff.org/Default.aspx?pageId=397&macId=33505,FENERBAHÇE                                        ,2,MKE ANKARAGÜCÜ                                    ,1,FB ŞÜKRÜ SARACOĞLU,BÜLENT UZUN,31.10.1998 - 20:00
1083,https://www.tff.org/Default.aspx?pageId=397&macId=33509,ERZURUMSPOR                                       ,0,ANTALYASPOR A.Ş.                                  ,1,CEMAL GÜRSEL,OĞUZ SARVAN,1.11.1998 - 12:30
1082,https://www.tff.org/Default.aspx?pageId=397&macId=33508,ADANASPOR A.Ş.                                    ,2,SAKARYASPOR A.Ş.                                  ,1,5 OCAK,NAMIK KEMAL DEMİROĞLU,1.11.1998 - 14:00
1086,https://www.tff.org/Default.aspx?pageId=397&macId=33510,KOCAELİSPOR                                       ,2,ALTAY                                             ,1, İSMETPAŞA,KADİR TOZLU,1.11.1998 - 14:00
1087,https://www.tff.org/Default.aspx?pageId=397&macId=33511,BURSASPOR                                         ,2,DARDANELSPOR A.Ş.                                 ,0,BURSA ATATÜRK,ÜNSAL ÇİMEN,1.11.1998 - 14:00
1090,https://www.tff.org/Default.aspx?pageId=397&macId=33512,GENÇLERBİRLİĞİ                                    ,0,BEŞİKTAŞ                                          ,1,ANKARA 19 MAYIS,EROL ERSOY,1.11.1998 - 19:00
1098,https://www.tff.org/Default.aspx?pageId=397&macId=33619,ANTALYASPOR A.Ş.                                  ,1,FENERBAHÇE                                        ,0,ANTALYA ATATÜRK,ALİ ULUYOL,6.11.1998 - 20:00
1096,https://www.tff.org/Default.aspx?pageId=397&macId=33622,TRABZONSPOR                                       ,1,KARDEMİR D.Ç. KARABÜKSPOR                         ,0,HÜSEYİN AVNİ AKER,ORHAN ERDEMİR,7.11.1998 - 20:00
1091,https://www.tff.org/Default.aspx?pageId=397&macId=33639,ALTAY                                             ,2,İSTANBULSPOR A.Ş.                                 ,1,İZMİR ATATÜRK,ŞAHİN TAŞKINSOY,8.11.1998 - 14:00
1092,https://www.tff.org/Default.aspx?pageId=397&macId=33640,GAZİANTEPSPOR                                     ,3,ERZURUMSPOR                                       ,0,KAMİL OCAK,ALİ AYDIN,8.11.1998 - 14:00
1095,https://www.tff.org/Default.aspx?pageId=397&macId=33643,SAKARYASPOR A.Ş.                                  ,0,SAMSUNSPOR                                        ,1,SAKARYA ATATÜRK,KAZIM ERÇAKIR,8.11.1998 - 14:00
1099,https://www.tff.org/Default.aspx?pageId=397&macId=33645,MKE ANKARAGÜCÜ                                    ,0,GENÇLERBİRLİĞİ                                    ,1,ANKARA 19 MAYIS,SERDAR ÇAKIR,8.11.1998 - 14:00
1097,https://www.tff.org/Default.aspx?pageId=397&macId=33644,BURSASPOR                                         ,2,KOCAELİSPOR                                       ,1,BURSA ATATÜRK,MUHİTTİN BOŞAT,8.11.1998 - 17:00
1093,https://www.tff.org/Default.aspx?pageId=397&macId=33641,DARDANELSPOR A.Ş.                                 ,0,GALATASARAY                                       ,5,18 MART,SADIK İLHAN,8.11.1998 - 19:00
1094,https://www.tff.org/Default.aspx?pageId=397&macId=33642,BEŞİKTAŞ                                          ,2,ADANASPOR A.Ş.                                    ,0,BEŞİKTAŞ İNÖNÜ,ERDAL GÜLEÇ,8.11.1998 - 19:00
1105,https://www.tff.org/Default.aspx?pageId=397&macId=33735,KOCAELİSPOR                                       ,2,DARDANELSPOR A.Ş.                                 ,0, İSMETPAŞA,METİN TOKAT,13.11.1998 - 20:00
1102,https://www.tff.org/Default.aspx?pageId=397&macId=33739,ERZURUMSPOR                                       ,2,ALTAY                                             ,1,CEMAL GÜRSEL,SEBAHATTİN ŞAHİN,14.11.1998 - 12:30
1100,https://www.tff.org/Default.aspx?pageId=397&macId=33738,KARDEMİR D.Ç. KARABÜKSPOR                         ,1,SAKARYASPOR A.Ş.                                  ,2,KARABÜK YENİŞEHİR,GALİP BİTİGEN,14.11.1998 - 14:00
1103,https://www.tff.org/Default.aspx?pageId=397&macId=33740,FENERBAHÇE                                        ,4,GAZİANTEPSPOR                                     ,0,FB ŞÜKRÜ SARACOĞLU,EROL ERSOY,14.11.1998 - 19:00
1101,https://www.tff.org/Default.aspx?pageId=397&macId=33751,ADANASPOR A.Ş.                                    ,1,MKE ANKARAGÜCÜ                                    ,0,5 OCAK,İBRAHİM AKSOY,15.11.1998 - 14:00
1104,https://www.tff.org/Default.aspx?pageId=397&macId=33752,İSTANBULSPOR A.Ş.                                 ,2,BURSASPOR                                         ,3,BAYRAMPAŞA ÇETİN EMEÇ,İSMET ARZUMAN,15.11.1998 - 14:00
1108,https://www.tff.org/Default.aspx?pageId=397&macId=33755,GENÇLERBİRLİĞİ                                    ,1,ANTALYASPOR A.Ş.                                  ,2,ANKARA 19 MAYIS,SEBAHATTİN BİTİRİM,15.11.1998 - 14:00
1107,https://www.tff.org/Default.aspx?pageId=397&macId=33754,SAMSUNSPOR                                        ,0,BEŞİKTAŞ                                          ,3,SAMSUN 19 MAYIS,ÜNSAL ÇİMEN,15.11.1998 - 17:00
1106,https://www.tff.org/Default.aspx?pageId=397&macId=33753,GALATASARAY                                       ,3,TRABZONSPOR                                       ,5,ALİ SAMİ YEN,SERDAR TATLI,15.11.1998 - 19:00
1115,https://www.tff.org/Default.aspx?pageId=397&macId=33857,ALTAY                                             ,0,FENERBAHÇE                                        ,4,İZMİR ALSANCAK,SADIK İLHAN,20.11.1998 - 20:00
1112,https://www.tff.org/Default.aspx?pageId=397&macId=33858,SAKARYASPOR A.Ş.                                  ,0,GALATASARAY                                       ,0,SAKARYA ATATÜRK,ERDAL GÜLEÇ,21.11.1998 - 14:02
1113,https://www.tff.org/Default.aspx?pageId=397&macId=33859,KOCAELİSPOR                                       ,0,İSTANBULSPOR A.Ş.                                 ,1, İSMETPAŞA,MURAT ILGAZ,21.11.1998 - 17:00
1117,https://www.tff.org/Default.aspx?pageId=397&macId=33860,DARDANELSPOR A.Ş.                                 ,2,TRABZONSPOR                                       ,3,18 MART,OĞUZ SARVAN,21.11.1998 - 19:00
1110,https://www.tff.org/Default.aspx?pageId=397&macId=33862,GAZİANTEPSPOR                                     ,2,GENÇLERBİRLİĞİ                                    ,2,KAMİL OCAK,ÜNSAL ÇİMEN,22.11.1998 - 14:00
1111,https://www.tff.org/Default.aspx?pageId=397&macId=33863,ANTALYASPOR A.Ş.                                  ,2,ADANASPOR A.Ş.                                    ,0,ANTALYA ATATÜRK,MUHİTTİN BOŞAT,22.11.1998 - 14:00
1116,https://www.tff.org/Default.aspx?pageId=397&macId=33865,MKE ANKARAGÜCÜ                                    ,3,SAMSUNSPOR                                        ,4,ANKARA 19 MAYIS,EROL ERSOY,22.11.1998 - 14:00
1114,https://www.tff.org/Default.aspx?pageId=397&macId=33864,BURSASPOR                                         ,6,ERZURUMSPOR                                       ,1,BURSA ATATÜRK,METİN SEVAL,22.11.1998 - 17:00
1109,https://www.tff.org/Default.aspx?pageId=397&macId=33861,BEŞİKTAŞ                                          ,1,KARDEMİR D.Ç. KARABÜKSPOR                         ,1,BEŞİKTAŞ İNÖNÜ,BÜLENT UZUN,22.11.1998 - 19:00
1125,https://www.tff.org/Default.aspx?pageId=397&macId=33972,ADANASPOR A.Ş.                                    ,3,GAZİANTEPSPOR                                     ,1,5 OCAK,SERDAR ÇAKIR,27.11.1998 - 20:00
1120,https://www.tff.org/Default.aspx?pageId=397&macId=33974,ERZURUMSPOR                                       ,0,KOCAELİSPOR                                       ,0,CEMAL GÜRSEL,GALİP BİTİGEN,28.11.1998 - 12:30
1122,https://www.tff.org/Default.aspx?pageId=397&macId=33975,İSTANBULSPOR A.Ş.                                 ,1,DARDANELSPOR A.Ş.                                 ,1,BAYRAMPAŞA ÇETİN EMEÇ,KAZIM ERÇAKIR,28.11.1998 - 14:00
1123,https://www.tff.org/Default.aspx?pageId=397&macId=33976,KARDEMİR D.Ç. KARABÜKSPOR                         ,0,MKE ANKARAGÜCÜ                                    ,1,KARABÜK YENİŞEHİR,SEBAHATTİN BİTİRİM,28.11.1998 - 17:00
1118,https://www.tff.org/Default.aspx?pageId=397&macId=33973,TRABZONSPOR                                       ,2,SAKARYASPOR A.Ş.                                  ,1,HÜSEYİN AVNİ AKER,METİN TOKAT,28.11.1998 - 19:00
1124,https://www.tff.org/Default.aspx?pageId=397&macId=33978,SAMSUNSPOR                                        ,0,ANTALYASPOR A.Ş.                                  ,1,SAMSUN 19 MAYIS,ŞAHİN TAŞKINSOY,29.11.1998 - 14:00
1126,https://www.tff.org/Default.aspx?pageId=397&macId=33979,GENÇLERBİRLİĞİ                                    ,1,ALTAY                                             ,1,ANKARA 19 MAYIS,ORHAN ERDEMİR,29.11.1998 - 14:00
1121,https://www.tff.org/Default.aspx?pageId=397&macId=33977,FENERBAHÇE                                        ,4,BURSASPOR                                         ,1,FB ŞÜKRÜ SARACOĞLU,İBRAHİM AKSOY,29.11.1998 - 19:00
1119,https://www.tff.org/Default.aspx?pageId=397&macId=34323,GALATASARAY                                       ,2,BEŞİKTAŞ                                          ,0,ALİ SAMİ YEN,ORHAN ERDEMİR,16.12.1998 - 20:00
1131,https://www.tff.org/Default.aspx?pageId=397&macId=34094,KOCAELİSPOR                                       ,0,FENERBAHÇE                                        ,3, İSMETPAŞA,ÜNSAL ÇİMEN,4.12.1998 - 20:00
1135,https://www.tff.org/Default.aspx?pageId=397&macId=34095,ERZURUMSPOR                                       ,2,İSTANBULSPOR A.Ş.                                 ,4,CEMAL GÜRSEL,YILNUR ÖNEN,5.12.1998 - 12:30
1129,https://www.tff.org/Default.aspx?pageId=397&macId=34098,ANTALYASPOR A.Ş.                                  ,3,KARDEMİR D.Ç. KARABÜKSPOR                         ,1,ANTALYA ATATÜRK,ALİ AYDIN,6.12.1998 - 14:00
1130,https://www.tff.org/Default.aspx?pageId=397&macId=34099,SAKARYASPOR A.Ş.                                  ,1,DARDANELSPOR A.Ş.                                 ,3,SAKARYA ATATÜRK,MUHİTTİN BOŞAT,6.12.1998 - 14:00
1132,https://www.tff.org/Default.aspx?pageId=397&macId=34100,ALTAY                                             ,3,ADANASPOR A.Ş.                                    ,2,İZMİR ATATÜRK,ALİ ULUYOL,6.12.1998 - 14:00
1133,https://www.tff.org/Default.aspx?pageId=397&macId=34101,GAZİANTEPSPOR                                     ,1,SAMSUNSPOR                                        ,1,KAMİL OCAK,MURAT ILGAZ,6.12.1998 - 14:00
1128,https://www.tff.org/Default.aspx?pageId=397&macId=34097,BURSASPOR                                         ,1,GENÇLERBİRLİĞİ                                    ,1,BURSA ATATÜRK,OĞUZ SARVAN,6.12.1998 - 17:00
1127,https://www.tff.org/Default.aspx?pageId=397&macId=34096,BEŞİKTAŞ                                          ,2,TRABZONSPOR                                       ,0,BEŞİKTAŞ İNÖNÜ,EROL ERSOY,6.12.1998 - 19:00
1134,https://www.tff.org/Default.aspx?pageId=397&macId=34415,MKE ANKARAGÜCÜ                                    ,2,GALATASARAY                                       ,2,ANKARA 19 MAYIS,SADIK İLHAN,23.12.1998 - 19:00
1144,https://www.tff.org/Default.aspx?pageId=397&macId=34208,GENÇLERBİRLİĞİ                                    ,1,KOCAELİSPOR                                       ,1,ANKARA 19 MAYIS,SERDAR TATLI,11.12.1998 - 20:00
1140,https://www.tff.org/Default.aspx?pageId=397&macId=34210,SAKARYASPOR A.Ş.                                  ,0,BEŞİKTAŞ                                          ,2,SAKARYA ATATÜRK,SADIK İLHAN,12.12.1998 - 14:00
1136,https://www.tff.org/Default.aspx?pageId=397&macId=34209,GALATASARAY                                       ,3,ANTALYASPOR A.Ş.                                  ,1,ALİ SAMİ YEN,KAZIM ERÇAKIR,12.12.1998 - 19:00
1137,https://www.tff.org/Default.aspx?pageId=397&macId=34211,ADANASPOR A.Ş.                                    ,4,BURSASPOR                                         ,1,5 OCAK,ÇETİN SARIGÜL,13.12.1998 - 14:00
1138,https://www.tff.org/Default.aspx?pageId=397&macId=34212,DARDANELSPOR A.Ş.                                 ,0,ERZURUMSPOR                                       ,0,18 MART,MUSTAFA ARSLAN,13.12.1998 - 14:00
1142,https://www.tff.org/Default.aspx?pageId=397&macId=34215,KARDEMİR D.Ç. KARABÜKSPOR                         ,2,GAZİANTEPSPOR                                     ,6,KARABÜK YENİŞEHİR,KADİR TOZLU,13.12.1998 - 14:00
1143,https://www.tff.org/Default.aspx?pageId=397&macId=34216,SAMSUNSPOR                                        ,1,ALTAY                                             ,0,SAMSUN 19 MAYIS,AYHAN YÜCEBİLGİÇ,13.12.1998 - 14:00
1139,https://www.tff.org/Default.aspx?pageId=397&macId=34213,FENERBAHÇE                                        ,2,İSTANBULSPOR A.Ş.                                 ,0,FB ŞÜKRÜ SARACOĞLU,SERDAR ÇAKIR,13.12.1998 - 19:00
1141,https://www.tff.org/Default.aspx?pageId=397&macId=34214,TRABZONSPOR                                       ,1,MKE ANKARAGÜCÜ                                    ,0,HÜSEYİN AVNİ AKER,ŞAHİN TAŞKINSOY,13.12.1998 - 19:00
1150,https://www.tff.org/Default.aspx?pageId=397&macId=34324,BURSASPOR                                         ,2,SAMSUNSPOR                                        ,3,BURSA ATATÜRK,CEM TOSYALI,18.12.1998 - 20:00
1152,https://www.tff.org/Default.aspx?pageId=397&macId=34325,ANTALYASPOR A.Ş.                                  ,0,TRABZONSPOR                                       ,1,ANTALYA ATATÜRK,OĞUZ SARVAN,19.12.1998 - 19:00
1153,https://www.tff.org/Default.aspx?pageId=397&macId=34332,ERZURUMSPOR                                       ,0,FENERBAHÇE                                        ,2,CEMAL GÜRSEL,METİN TOKAT,20.12.1998 - 12:30
1146,https://www.tff.org/Default.aspx?pageId=397&macId=34327,ALTAY                                             ,1,KARDEMİR D.Ç. KARABÜKSPOR                         ,0,İZMİR ATATÜRK,MUHİTTİN BOŞAT,20.12.1998 - 14:00
1147,https://www.tff.org/Default.aspx?pageId=397&macId=34328,MKE ANKARAGÜCÜ                                    ,1,SAKARYASPOR A.Ş.                                  ,0,ANKARA 19 MAYIS,ÜNSAL ÇİMEN,20.12.1998 - 14:00
1148,https://www.tff.org/Default.aspx?pageId=397&macId=34329,İSTANBULSPOR A.Ş.                                 ,0,GENÇLERBİRLİĞİ                                    ,0,BAYRAMPAŞA ÇETİN EMEÇ,BÜLENT UZUN,20.12.1998 - 14:00
1149,https://www.tff.org/Default.aspx?pageId=397&macId=34330,KOCAELİSPOR                                       ,2,ADANASPOR A.Ş.                                    ,1, İSMETPAŞA,SABİT HACIÖMEROĞLU,20.12.1998 - 14:00
1145,https://www.tff.org/Default.aspx?pageId=397&macId=34326,BEŞİKTAŞ                                          ,0,DARDANELSPOR A.Ş.                                 ,0,BEŞİKTAŞ İNÖNÜ,MURAT ILGAZ,20.12.1998 - 19:00
1151,https://www.tff.org/Default.aspx?pageId=397&macId=34331,GAZİANTEPSPOR                                     ,1,GALATASARAY                                       ,2,KAMİL OCAK,ALİ ULUYOL,20.12.1998 - 19:00
1154,https://www.tff.org/Default.aspx?pageId=397&macId=34417,MKE ANKARAGÜCÜ                                    ,0,BEŞİKTAŞ                                          ,1,ANKARA 19 MAYIS,MUSTAFA ÇULCU,29.01.1999 - 20:00
1159,https://www.tff.org/Default.aspx?pageId=397&macId=34422,KOCAELİSPOR                                       ,1,SAMSUNSPOR                                        ,0, İSMETPAŞA,YILNUR ÖNEN,30.01.1999 - 17:00
1162,https://www.tff.org/Default.aspx?pageId=397&macId=34425,FENERBAHÇE                                        ,3,DARDANELSPOR A.Ş.                                 ,1,FB ŞÜKRÜ SARACOĞLU,İLHAMİ KAPLAN,30.01.1999 - 19:00
1161,https://www.tff.org/Default.aspx?pageId=397&macId=34424,ERZURUMSPOR                                       ,2,GENÇLERBİRLİĞİ                                    ,2,CEMAL GÜRSEL,AYHAN YÜCEBİLGİÇ,31.01.1999 - 12:00
1155,https://www.tff.org/Default.aspx?pageId=397&macId=34418,GAZİANTEPSPOR                                     ,1,TRABZONSPOR                                       ,1,KAMİL OCAK,ÜNSAL ÇİMEN,31.01.1999 - 13:30
1157,https://www.tff.org/Default.aspx?pageId=397&macId=34420,ANTALYASPOR A.Ş.                                  ,2,SAKARYASPOR A.Ş.                                  ,2,ANTALYA ATATÜRK,GALİP BİTİGEN,31.01.1999 - 13:30
1158,https://www.tff.org/Default.aspx?pageId=397&macId=34421,KARDEMİR D.Ç. KARABÜKSPOR                         ,1,BURSASPOR                                         ,0,KARABÜK YENİŞEHİR,METİN SEVAL,31.01.1999 - 13:30
1160,https://www.tff.org/Default.aspx?pageId=397&macId=34423,İSTANBULSPOR A.Ş.                                 ,6,ADANASPOR A.Ş.                                    ,0,BAYRAMPAŞA ÇETİN EMEÇ,MEHMET ÇAYAN,31.01.1999 - 13:30
1156,https://www.tff.org/Default.aspx?pageId=397&macId=34419,ALTAY                                             ,0,GALATASARAY                                       ,2,İZMİR ALSANCAK,METİN TOKAT,31.01.1999 - 19:00
1168,https://www.tff.org/Default.aspx?pageId=397&macId=34674,BEŞİKTAŞ                                          ,2,ANTALYASPOR A.Ş.                                  ,1,BEŞİKTAŞ İNÖNÜ,BÜLENT UZUN,5.02.1999 - 20:00
1171,https://www.tff.org/Default.aspx?pageId=397&macId=34677,GENÇLERBİRLİĞİ                                    ,0,FENERBAHÇE                                        ,3,ANKARA 19 MAYIS,OĞUZ SARVAN,6.02.1999 - 19:00
1163,https://www.tff.org/Default.aspx?pageId=397&macId=34685,SAKARYASPOR A.Ş.                                  ,6,GAZİANTEPSPOR                                     ,2,SAKARYA ATATÜRK,SERDAR ÇAKIR,7.02.1999 - 13:30
1164,https://www.tff.org/Default.aspx?pageId=397&macId=34686,ADANASPOR A.Ş.                                    ,2,ERZURUMSPOR                                       ,0,5 OCAK,METİN KARAASLAN,7.02.1999 - 13:30
1165,https://www.tff.org/Default.aspx?pageId=397&macId=34687,SAMSUNSPOR                                        ,0,İSTANBULSPOR A.Ş.                                 ,1,SAMSUN 19 MAYIS,SADIK İLHAN,7.02.1999 - 13:30
1166,https://www.tff.org/Default.aspx?pageId=397&macId=34688,KARDEMİR D.Ç. KARABÜKSPOR                         ,0,KOCAELİSPOR                                       ,1,KARABÜK YENİŞEHİR,SEBAHATTİN ŞAHİN,7.02.1999 - 13:30
1167,https://www.tff.org/Default.aspx?pageId=397&macId=34689,TRABZONSPOR                                       ,0,ALTAY                                             ,3,HÜSEYİN AVNİ AKER,MURAT ILGAZ,7.02.1999 - 13:30
1169,https://www.tff.org/Default.aspx?pageId=397&macId=34690,DARDANELSPOR A.Ş.                                 ,3,MKE ANKARAGÜCÜ                                    ,0,18 MART,İBRAHİM AKSOY,7.02.1999 - 13:30
1170,https://www.tff.org/Default.aspx?pageId=397&macId=34691,GALATASARAY                                       ,5,BURSASPOR                                         ,0,ALİ SAMİ YEN,ALİ ULUYOL,7.02.1999 - 19:00
1177,https://www.tff.org/Default.aspx?pageId=397&macId=34769,KOCAELİSPOR                                       ,1,GALATASARAY                                       ,2, İSMETPAŞA,EROL ERSOY,12.02.1999 - 20:00
1180,https://www.tff.org/Default.aspx?pageId=397&macId=34774,ERZURUMSPOR                                       ,1,SAMSUNSPOR                                        ,0,CEMAL GÜRSEL,KADİR TOZLU,13.02.1999 - 12:00
1173,https://www.tff.org/Default.aspx?pageId=397&macId=34770,ALTAY                                             ,2,SAKARYASPOR A.Ş.                                  ,0,İZMİR ALSANCAK,MUHİTTİN BOŞAT,13.02.1999 - 13:30
1174,https://www.tff.org/Default.aspx?pageId=397&macId=34771,KARDEMİR D.Ç. KARABÜKSPOR                         ,2,İSTANBULSPOR A.Ş.                                 ,2,KARABÜK YENİŞEHİR,İSMET ARZUMAN,13.02.1999 - 13:30
1179,https://www.tff.org/Default.aspx?pageId=397&macId=34773,ANTALYASPOR A.Ş.                                  ,1,MKE ANKARAGÜCÜ                                    ,4,ANTALYA ATATÜRK,İSMET CENGİZ,13.02.1999 - 13:30
1175,https://www.tff.org/Default.aspx?pageId=397&macId=34772,GAZİANTEPSPOR                                     ,2,BEŞİKTAŞ                                          ,0,KAMİL OCAK,İLHAMİ KAPLAN,13.02.1999 - 19:00
1172,https://www.tff.org/Default.aspx?pageId=397&macId=34775,GENÇLERBİRLİĞİ                                    ,0,DARDANELSPOR A.Ş.                                 ,0,ANKARA 19 MAYIS,ÇETİN SARIGÜL,14.02.1999 - 13:30
1176,https://www.tff.org/Default.aspx?pageId=397&macId=34776,BURSASPOR                                         ,0,TRABZONSPOR                                       ,1,BURSA ATATÜRK,ORHAN ERDEMİR,14.02.1999 - 17:00
1178,https://www.tff.org/Default.aspx?pageId=397&macId=34777,FENERBAHÇE                                        ,6,ADANASPOR A.Ş.                                    ,0,FB ŞÜKRÜ SARACOĞLU,METİN TOKAT,14.02.1999 - 19:00
1189,https://www.tff.org/Default.aspx?pageId=397&macId=34885,SAMSUNSPOR                                        ,1,FENERBAHÇE                                        ,1,SAMSUN 19 MAYIS,ALİ ULUYOL,19.02.1999 - 20:00
1182,https://www.tff.org/Default.aspx?pageId=397&macId=34886,BEŞİKTAŞ                                          ,1,ALTAY                                             ,1,BEŞİKTAŞ İNÖNÜ,SERDAR TATLI,20.02.1999 - 19:00
1181,https://www.tff.org/Default.aspx?pageId=397&macId=34887,TRABZONSPOR                                       ,0,KOCAELİSPOR                                       ,3,HÜSEYİN AVNİ AKER,İBRAHİM AKSOY,21.02.1999 - 13:30
1183,https://www.tff.org/Default.aspx?pageId=397&macId=34888,ADANASPOR A.Ş.                                    ,1,GENÇLERBİRLİĞİ                                    ,1,5 OCAK,ERDAL GÜLEÇ,21.02.1999 - 13:30
1185,https://www.tff.org/Default.aspx?pageId=397&macId=34890,SAKARYASPOR A.Ş.                                  ,4,BURSASPOR                                         ,1,SAKARYA ATATÜRK,ÜNSAL ÇİMEN,21.02.1999 - 13:30
1186,https://www.tff.org/Default.aspx?pageId=397&macId=34891,MKE ANKARAGÜCÜ                                    ,1,GAZİANTEPSPOR                                     ,1,ANKARA 19 MAYIS,ADNAN ŞEKER,21.02.1999 - 13:30
1187,https://www.tff.org/Default.aspx?pageId=397&macId=34892,DARDANELSPOR A.Ş.                                 ,2,ANTALYASPOR A.Ş.                                  ,0,18 MART,SABİT HACIÖMEROĞLU,21.02.1999 - 13:30
1188,https://www.tff.org/Default.aspx?pageId=397&macId=34893,KARDEMİR D.Ç. KARABÜKSPOR                         ,1,ERZURUMSPOR                                       ,1,KARABÜK YENİŞEHİR,EROL ERSOY,21.02.1999 - 13:30
1184,https://www.tff.org/Default.aspx?pageId=397&macId=34889,GALATASARAY                                       ,3,İSTANBULSPOR A.Ş.                                 ,3,ALİ SAMİ YEN,MUHİTTİN BOŞAT,21.02.1999 - 19:00
1194,https://www.tff.org/Default.aspx?pageId=397&macId=34998,KOCAELİSPOR                                       ,0,SAKARYASPOR A.Ş.                                  ,1, İSMETPAŞA,SADIK İLHAN,26.02.1999 - 20:00
1195,https://www.tff.org/Default.aspx?pageId=397&macId=35000,İSTANBULSPOR A.Ş.                                 ,0,TRABZONSPOR                                       ,0,BAYRAMPAŞA ÇETİN EMEÇ,METİN TOKAT,27.02.1999 - 13:30
1190,https://www.tff.org/Default.aspx?pageId=397&macId=34999,BURSASPOR                                         ,1,BEŞİKTAŞ                                          ,2,BURSA ATATÜRK,MURAT ILGAZ,27.02.1999 - 19:00
1196,https://www.tff.org/Default.aspx?pageId=397&macId=35004,ERZURUMSPOR                                       ,0,GALATASARAY                                       ,1,CEMAL GÜRSEL,SERDAR TATLI,28.02.1999 - 12:00
1191,https://www.tff.org/Default.aspx?pageId=397&macId=35001,GAZİANTEPSPOR                                     ,1,ANTALYASPOR A.Ş.                                  ,1,KAMİL OCAK,YILNUR ÖNEN,28.02.1999 - 13:30
1192,https://www.tff.org/Default.aspx?pageId=397&macId=35002,ALTAY                                             ,5,MKE ANKARAGÜCÜ                                    ,1,İZMİR ALSANCAK,METİN SEVAL,28.02.1999 - 13:30
1193,https://www.tff.org/Default.aspx?pageId=397&macId=35003,ADANASPOR A.Ş.                                    ,3,DARDANELSPOR A.Ş.                                 ,0,5 OCAK,OĞUZ SARVAN,28.02.1999 - 13:30
1198,https://www.tff.org/Default.aspx?pageId=397&macId=35006,GENÇLERBİRLİĞİ                                    ,3,SAMSUNSPOR                                        ,0,ANKARA 19 MAYIS,SERDAR ÇAKIR,28.02.1999 - 13:30
1197,https://www.tff.org/Default.aspx?pageId=397&macId=35005,KARDEMİR D.Ç. KARABÜKSPOR                         ,0,FENERBAHÇE                                        ,0,KARABÜK YENİŞEHİR,MUSTAFA ÇULCU,28.02.1999 - 19:05
1207,https://www.tff.org/Default.aspx?pageId=397&macId=35113,TRABZONSPOR                                       ,3,ERZURUMSPOR                                       ,1,HÜSEYİN AVNİ AKER,AYHAN YÜCEBİLGİÇ,5.03.1999 - 20:00
1200,https://www.tff.org/Default.aspx?pageId=397&macId=35114,DARDANELSPOR A.Ş.                                 ,0,GAZİANTEPSPOR                                     ,1,18 MART,İSMET ARZUMAN,6.03.1999 - 13:30
1202,https://www.tff.org/Default.aspx?pageId=397&macId=35115,SAKARYASPOR A.Ş.                                  ,3,İSTANBULSPOR A.Ş.                                 ,0,SAKARYA ATATÜRK,SEBAHATTİN BİTİRİM,6.03.1999 - 13:30
1204,https://www.tff.org/Default.aspx?pageId=397&macId=35117,MKE ANKARAGÜCÜ                                    ,2,BURSASPOR                                         ,2,ANKARA 19 MAYIS,GALİP BİTİGEN,6.03.1999 - 13:30
1203,https://www.tff.org/Default.aspx?pageId=397&macId=35116,BEŞİKTAŞ                                          ,0,KOCAELİSPOR                                       ,3,BEŞİKTAŞ İNÖNÜ,ÜNSAL ÇİMEN,6.03.1999 - 19:00
1199,https://www.tff.org/Default.aspx?pageId=397&macId=35118,ANTALYASPOR A.Ş.                                  ,4,ALTAY                                             ,2,ANTALYA ATATÜRK,MUSTAFA KALKANDELEN,7.03.1999 - 13:30
1205,https://www.tff.org/Default.aspx?pageId=397&macId=35120,SAMSUNSPOR                                        ,2,ADANASPOR A.Ş.                                    ,0,SAMSUN 19 MAYIS,BÜLENT UZUN,7.03.1999 - 13:30
1206,https://www.tff.org/Default.aspx?pageId=397&macId=35121,KARDEMİR D.Ç. KARABÜKSPOR                         ,1,GENÇLERBİRLİĞİ                                    ,6,KARABÜK YENİŞEHİR,İSMET CENGİZ,7.03.1999 - 13:30
1201,https://www.tff.org/Default.aspx?pageId=397&macId=35119,GALATASARAY                                       ,2,FENERBAHÇE                                        ,0,ALİ SAMİ YEN,ORHAN ERDEMİR,7.03.1999 - 19:03
1214,https://www.tff.org/Default.aspx?pageId=397&macId=35230,BURSASPOR                                         ,1,ANTALYASPOR A.Ş.                                  ,0,BURSA ATATÜRK,MUSA ERYILMAZ,12.03.1999 - 20:00
1212,https://www.tff.org/Default.aspx?pageId=397&macId=35231,FENERBAHÇE                                        ,1,TRABZONSPOR                                       ,0,FB ŞÜKRÜ SARACOĞLU,OĞUZ SARVAN,13.03.1999 - 19:00
1211,https://www.tff.org/Default.aspx?pageId=397&macId=35235,ERZURUMSPOR                                       ,4,SAKARYASPOR A.Ş.                                  ,2,CEMAL GÜRSEL,MURAT ILGAZ,14.03.1999 - 12:00
1208,https://www.tff.org/Default.aspx?pageId=397&macId=35232,İSTANBULSPOR A.Ş.                                 ,0,BEŞİKTAŞ                                          ,2,BAYRAMPAŞA ÇETİN EMEÇ,İLHAMİ KAPLAN,14.03.1999 - 13:30
1210,https://www.tff.org/Default.aspx?pageId=397&macId=35234,ALTAY                                             ,0,GAZİANTEPSPOR                                     ,0,İZMİR ALSANCAK,METİN TOKAT,14.03.1999 - 13:30
1213,https://www.tff.org/Default.aspx?pageId=397&macId=35236,ADANASPOR A.Ş.                                    ,2,KARDEMİR D.Ç. KARABÜKSPOR                         ,0,5 OCAK,NAMIK KEMAL DEMİROĞLU,14.03.1999 - 13:30
1215,https://www.tff.org/Default.aspx?pageId=397&macId=35237,KOCAELİSPOR                                       ,0,MKE ANKARAGÜCÜ                                    ,1, İSMETPAŞA,SERDAR ÇAKIR,14.03.1999 - 13:30
1216,https://www.tff.org/Default.aspx?pageId=397&macId=35238,SAMSUNSPOR                                        ,2,DARDANELSPOR A.Ş.                                 ,1,SAMSUN 19 MAYIS,SERDAR TATLI,14.03.1999 - 13:30
1209,https://www.tff.org/Default.aspx?pageId=397&macId=35233,GENÇLERBİRLİĞİ                                    ,1,GALATASARAY                                       ,2,ANKARA 19 MAYIS,EROL ERSOY,14.03.1999 - 19:00
1224,https://www.tff.org/Default.aspx?pageId=397&macId=35343,GALATASARAY                                       ,1,ADANASPOR A.Ş.                                    ,1,ALİ SAMİ YEN,ALİ ULUYOL,19.03.1999 - 20:00
1217,https://www.tff.org/Default.aspx?pageId=397&macId=35344,SAKARYASPOR A.Ş.                                  ,2,FENERBAHÇE                                        ,1,SAKARYA ATATÜRK,ÜNSAL ÇİMEN,20.03.1999 - 13:30
1220,https://www.tff.org/Default.aspx?pageId=397&macId=35346,MKE ANKARAGÜCÜ                                    ,5,İSTANBULSPOR A.Ş.                                 ,0,ANKARA 19 MAYIS,BÜLENT UZUN,20.03.1999 - 13:30
1221,https://www.tff.org/Default.aspx?pageId=397&macId=35347,GAZİANTEPSPOR                                     ,5,BURSASPOR                                         ,2,KAMİL OCAK,MUSTAFA KALKANDELEN,20.03.1999 - 13:30
1223,https://www.tff.org/Default.aspx?pageId=397&macId=35348,KARDEMİR D.Ç. KARABÜKSPOR                         ,0,SAMSUNSPOR                                        ,3,KARABÜK YENİŞEHİR,KAZIM ERÇAKIR,20.03.1999 - 13:30
1219,https://www.tff.org/Default.aspx?pageId=397&macId=35345,TRABZONSPOR                                       ,4,GENÇLERBİRLİĞİ                                    ,0,HÜSEYİN AVNİ AKER,MUSTAFA ÇULCU,20.03.1999 - 19:00
1222,https://www.tff.org/Default.aspx?pageId=397&macId=35350,DARDANELSPOR A.Ş.                                 ,4,ALTAY                                             ,1,18 MART,ORHAN ERDEMİR,21.03.1999 - 13:30
1218,https://www.tff.org/Default.aspx?pageId=397&macId=35349,ANTALYASPOR A.Ş.                                  ,2,KOCAELİSPOR                                       ,1,ANTALYA ATATÜRK,MUSTAFA ARSLAN,21.03.1999 - 17:00
1225,https://www.tff.org/Default.aspx?pageId=397&macId=35351,BEŞİKTAŞ                                          ,2,ERZURUMSPOR                                       ,1,BEŞİKTAŞ İNÖNÜ,YILNUR ÖNEN,21.03.1999 - 19:00
1226,https://www.tff.org/Default.aspx?pageId=397&macId=35581,ADANASPOR A.Ş.                                    ,0,TRABZONSPOR                                       ,2,5 OCAK,SADIK İLHAN,2.04.1999 - 20:00
1233,https://www.tff.org/Default.aspx?pageId=397&macId=35583,İSTANBULSPOR A.Ş.                                 ,0,ANTALYASPOR A.Ş.                                  ,1,BAYRAMPAŞA ÇETİN EMEÇ,SEBAHATTİN ŞAHİN,3.04.1999 - 14:30
1231,https://www.tff.org/Default.aspx?pageId=397&macId=35582,SAMSUNSPOR                                        ,0,GALATASARAY                                       ,3,SAMSUN 19 MAYIS,BÜLENT UZUN,3.04.1999 - 19:00
1228,https://www.tff.org/Default.aspx?pageId=397&macId=35585,ERZURUMSPOR                                       ,2,MKE ANKARAGÜCÜ                                    ,2,CEMAL GÜRSEL,İLHAMİ KAPLAN,4.04.1999 - 12:00
1230,https://www.tff.org/Default.aspx?pageId=397&macId=35587,GENÇLERBİRLİĞİ                                    ,1,SAKARYASPOR A.Ş.                                  ,0,ANKARA 19 MAYIS,İBRAHİM AKSOY,4.04.1999 - 14:30
1234,https://www.tff.org/Default.aspx?pageId=397&macId=35589,KARDEMİR D.Ç. KARABÜKSPOR                         ,1,DARDANELSPOR A.Ş.                                 ,0,KARABÜK YENİŞEHİR,MEHMET ÇAYAN,4.04.1999 - 14:30
1227,https://www.tff.org/Default.aspx?pageId=397&macId=35584,BURSASPOR                                         ,2,ALTAY                                             ,0,BURSA ATATÜRK,MUHİTTİN BOŞAT,4.04.1999 - 17:00
1232,https://www.tff.org/Default.aspx?pageId=397&macId=35588,KOCAELİSPOR                                       ,1,GAZİANTEPSPOR                                     ,1, İSMETPAŞA,ALİ AYDIN,4.04.1999 - 17:00
1229,https://www.tff.org/Default.aspx?pageId=397&macId=35586,FENERBAHÇE                                        ,1,BEŞİKTAŞ                                          ,2,FB ŞÜKRÜ SARACOĞLU,SERDAR TATLI,4.04.1999 - 19:00
1243,https://www.tff.org/Default.aspx?pageId=397&macId=35669,BEŞİKTAŞ                                          ,2,GENÇLERBİRLİĞİ                                    ,0,BEŞİKTAŞ İNÖNÜ,AYHAN YÜCEBİLGİÇ,9.04.1999 - 20:00
1241,https://www.tff.org/Default.aspx?pageId=397&macId=35670,GALATASARAY                                       ,2,KARDEMİR D.Ç. KARABÜKSPOR                         ,0,ALİ SAMİ YEN,İSMET ARZUMAN,10.04.1999 - 19:00
1235,https://www.tff.org/Default.aspx?pageId=397&macId=35671,SAKARYASPOR A.Ş.                                  ,0,ADANASPOR A.Ş.                                    ,0,SAKARYA ATATÜRK,METİN TOKAT,11.04.1999 - 14:30
1238,https://www.tff.org/Default.aspx?pageId=397&macId=35674,GAZİANTEPSPOR                                     ,2,İSTANBULSPOR A.Ş.                                 ,1,KAMİL OCAK,GALİP BİTİGEN,11.04.1999 - 14:30
1239,https://www.tff.org/Default.aspx?pageId=397&macId=35675,ALTAY                                             ,3,KOCAELİSPOR                                       ,1,İZMİR ALSANCAK,ALİ ULUYOL,11.04.1999 - 14:30
1240,https://www.tff.org/Default.aspx?pageId=397&macId=35676,DARDANELSPOR A.Ş.                                 ,3,BURSASPOR                                         ,1,18 MART,SERDAR ÇAKIR,11.04.1999 - 14:30
1242,https://www.tff.org/Default.aspx?pageId=397&macId=35677,TRABZONSPOR                                       ,3,SAMSUNSPOR                                        ,1,HÜSEYİN AVNİ AKER,MURAT ILGAZ,11.04.1999 - 14:30
1236,https://www.tff.org/Default.aspx?pageId=397&macId=35672,ANTALYASPOR A.Ş.                                  ,1,ERZURUMSPOR                                       ,0,ANTALYA ATATÜRK,SABİT HACIÖMEROĞLU,11.04.1999 - 17:00
1237,https://www.tff.org/Default.aspx?pageId=397&macId=35673,MKE ANKARAGÜCÜ                                    ,2,FENERBAHÇE                                        ,4,ANKARA 19 MAYIS,EROL ERSOY,11.04.1999 - 19:00
1249,https://www.tff.org/Default.aspx?pageId=397&macId=35788,KARDEMİR D.Ç. KARABÜKSPOR                         ,0,TRABZONSPOR                                       ,0,KARABÜK YENİŞEHİR,CEM TOSYALI,15.04.1999 - 20:00
1251,https://www.tff.org/Default.aspx?pageId=397&macId=35785,FENERBAHÇE                                        ,3,ANTALYASPOR A.Ş.                                  ,1,FB ŞÜKRÜ SARACOĞLU,İBRAHİM AKSOY,16.04.1999 - 20:00
1244,https://www.tff.org/Default.aspx?pageId=397&macId=35792,İSTANBULSPOR A.Ş.                                 ,3,ALTAY                                             ,0,BAYRAMPAŞA ÇETİN EMEÇ,SERDAR TATLI,17.04.1999 - 15:30
1245,https://www.tff.org/Default.aspx?pageId=397&macId=35793,ERZURUMSPOR                                       ,2,GAZİANTEPSPOR                                     ,1,CEMAL GÜRSEL,BÜLENT UZUN,17.04.1999 - 15:30
1248,https://www.tff.org/Default.aspx?pageId=397&macId=35795,SAMSUNSPOR                                        ,2,SAKARYASPOR A.Ş.                                  ,2,SAMSUN 19 MAYIS,ORHAN ERDEMİR,17.04.1999 - 15:30
1250,https://www.tff.org/Default.aspx?pageId=397&macId=35796,KOCAELİSPOR                                       ,4,BURSASPOR                                         ,0, İSMETPAŞA,KADİR TOZLU,17.04.1999 - 15:30
1252,https://www.tff.org/Default.aspx?pageId=397&macId=35797,GENÇLERBİRLİĞİ                                    ,3,MKE ANKARAGÜCÜ                                    ,1,ANKARA 19 MAYIS,SADIK İLHAN,17.04.1999 - 15:30
1247,https://www.tff.org/Default.aspx?pageId=397&macId=35794,ADANASPOR A.Ş.                                    ,0,BEŞİKTAŞ                                          ,1,5 OCAK,ÜNSAL ÇİMEN,17.04.1999 - 15:37
1246,https://www.tff.org/Default.aspx?pageId=397&macId=35784,GALATASARAY                                       ,5,DARDANELSPOR A.Ş.                                 ,2,ALİ SAMİ YEN,İLHAMİ KAPLAN,17.04.1999 - 19:00
1260,https://www.tff.org/Default.aspx?pageId=397&macId=35902,BEŞİKTAŞ                                          ,0,SAMSUNSPOR                                        ,0,BEŞİKTAŞ İNÖNÜ,EROL ERSOY,23.04.1999 - 20:00
1256,https://www.tff.org/Default.aspx?pageId=397&macId=35903,GAZİANTEPSPOR                                     ,2,FENERBAHÇE                                        ,2,KAMİL OCAK,METİN TOKAT,24.04.1999 - 19:00
1253,https://www.tff.org/Default.aspx?pageId=397&macId=35904,SAKARYASPOR A.Ş.                                  ,4,KARDEMİR D.Ç. KARABÜKSPOR                         ,0,SAKARYA ATATÜRK,MUSA ERYILMAZ,25.04.1999 - 16:30
1254,https://www.tff.org/Default.aspx?pageId=397&macId=35905,MKE ANKARAGÜCÜ                                    ,2,ADANASPOR A.Ş.                                    ,2,ANKARA 19 MAYIS,OĞUZ SARVAN,25.04.1999 - 16:30
1255,https://www.tff.org/Default.aspx?pageId=397&macId=35906,ALTAY                                             ,3,ERZURUMSPOR                                       ,1,İZMİR ALSANCAK,MURAT ILGAZ,25.04.1999 - 16:30
1257,https://www.tff.org/Default.aspx?pageId=397&macId=35907,BURSASPOR                                         ,2,İSTANBULSPOR A.Ş.                                 ,0,BURSA ATATÜRK,ALİ ULUYOL,25.04.1999 - 16:30
1258,https://www.tff.org/Default.aspx?pageId=397&macId=35908,DARDANELSPOR A.Ş.                                 ,3,KOCAELİSPOR                                       ,1,18 MART,ŞAHİN TAŞKINSOY,25.04.1999 - 16:30
1261,https://www.tff.org/Default.aspx?pageId=397&macId=35910,ANTALYASPOR A.Ş.                                  ,1,GENÇLERBİRLİĞİ                                    ,1,ANTALYA ATATÜRK,METİN KARAASLAN,25.04.1999 - 16:30
1259,https://www.tff.org/Default.aspx?pageId=397&macId=35909,TRABZONSPOR                                       ,0,GALATASARAY                                       ,3,HÜSEYİN AVNİ AKER,BÜLENT UZUN,25.04.1999 - 19:00
1265,https://www.tff.org/Default.aspx?pageId=397&macId=36017,GALATASARAY                                       ,3,SAKARYASPOR A.Ş.                                  ,0,ALİ SAMİ YEN,SERDAR TATLI,30.04.1999 - 20:00
1262,https://www.tff.org/Default.aspx?pageId=397&macId=36018,KARDEMİR D.Ç. KARABÜKSPOR                         ,1,BEŞİKTAŞ                                          ,2,KARABÜK YENİŞEHİR,SADIK İLHAN,1.05.1999 - 19:00
1263,https://www.tff.org/Default.aspx?pageId=397&macId=36019,GENÇLERBİRLİĞİ                                    ,3,GAZİANTEPSPOR                                     ,0,ANKARA 19 MAYIS,SERDAR ÇAKIR,2.05.1999 - 14:00
1264,https://www.tff.org/Default.aspx?pageId=397&macId=36020,ADANASPOR A.Ş.                                    ,4,ANTALYASPOR A.Ş.                                  ,2,5 OCAK,MUSTAFA ÇULCU,2.05.1999 - 16:30
1266,https://www.tff.org/Default.aspx?pageId=397&macId=36021,İSTANBULSPOR A.Ş.                                 ,2,KOCAELİSPOR                                       ,1,BAYRAMPAŞA ÇETİN EMEÇ,İSMET ARZUMAN,2.05.1999 - 16:30
1267,https://www.tff.org/Default.aspx?pageId=397&macId=36022,ERZURUMSPOR                                       ,2,BURSASPOR                                         ,1,CEMAL GÜRSEL,ORHAN ERDEMİR,2.05.1999 - 16:30
1269,https://www.tff.org/Default.aspx?pageId=397&macId=36024,SAMSUNSPOR                                        ,0,MKE ANKARAGÜCÜ                                    ,0,SAMSUN 19 MAYIS,AYHAN YÜCEBİLGİÇ,2.05.1999 - 16:30
1270,https://www.tff.org/Default.aspx?pageId=397&macId=36025,TRABZONSPOR                                       ,2,DARDANELSPOR A.Ş.                                 ,1,HÜSEYİN AVNİ AKER,KADİR TOZLU,2.05.1999 - 16:30
1268,https://www.tff.org/Default.aspx?pageId=397&macId=36023,FENERBAHÇE                                        ,5,ALTAY                                             ,0,FB ŞÜKRÜ SARACOĞLU,İLHAMİ KAPLAN,2.05.1999 - 19:00
1277,https://www.tff.org/Default.aspx?pageId=397&macId=36135,ANTALYASPOR A.Ş.                                  ,1,SAMSUNSPOR                                        ,2,ANTALYA ATATÜRK,METİN TOKAT,7.05.1999 - 20:00
1274,https://www.tff.org/Default.aspx?pageId=397&macId=36136,BURSASPOR                                         ,1,FENERBAHÇE                                        ,3,BURSA ATATÜRK,BÜLENT UZUN,8.05.1999 - 19:00
1271,https://www.tff.org/Default.aspx?pageId=397&macId=36137,SAKARYASPOR A.Ş.                                  ,1,TRABZONSPOR                                       ,1,SAKARYA ATATÜRK,MUHİTTİN BOŞAT,9.05.1999 - 17:00
1273,https://www.tff.org/Default.aspx?pageId=397&macId=36139,KOCAELİSPOR                                       ,1,ERZURUMSPOR                                       ,1, İSMETPAŞA,ÜNSAL ÇİMEN,9.05.1999 - 17:00
1275,https://www.tff.org/Default.aspx?pageId=397&macId=36140,DARDANELSPOR A.Ş.                                 ,5,İSTANBULSPOR A.Ş.                                 ,1,18 MART,YILNUR ÖNEN,9.05.1999 - 17:00
1276,https://www.tff.org/Default.aspx?pageId=397&macId=36141,MKE ANKARAGÜCÜ                                    ,1,KARDEMİR D.Ç. KARABÜKSPOR                         ,1,ANKARA 19 MAYIS,ERDAL GÜLEÇ,9.05.1999 - 17:00
1278,https://www.tff.org/Default.aspx?pageId=397&macId=36142,GAZİANTEPSPOR                                     ,3,ADANASPOR A.Ş.                                    ,1,KAMİL OCAK,ALİ ULUYOL,9.05.1999 - 17:00
1279,https://www.tff.org/Default.aspx?pageId=397&macId=36143,ALTAY                                             ,0,GENÇLERBİRLİĞİ                                    ,0,İZMİR ALSANCAK,CEM TOSYALI,9.05.1999 - 17:00
1272,https://www.tff.org/Default.aspx?pageId=397&macId=36138,BEŞİKTAŞ                                          ,1,GALATASARAY                                       ,1,BEŞİKTAŞ İNÖNÜ,MURAT ILGAZ,9.05.1999 - 19:00
1287,https://www.tff.org/Default.aspx?pageId=397&macId=36250,GALATASARAY                                       ,2,MKE ANKARAGÜCÜ                                    ,1,ALİ SAMİ YEN,İLHAMİ KAPLAN,14.05.1999 - 20:00
1284,https://www.tff.org/Default.aspx?pageId=397&macId=36251,FENERBAHÇE                                        ,1,KOCAELİSPOR                                       ,1,FB ŞÜKRÜ SARACOĞLU,SADIK İLHAN,15.05.1999 - 19:00
1282,https://www.tff.org/Default.aspx?pageId=397&macId=36254,KARDEMİR D.Ç. KARABÜKSPOR                         ,2,ANTALYASPOR A.Ş.                                  ,1,KARABÜK YENİŞEHİR,ÇETİN SARIGÜL,16.05.1999 - 16:00
1281,https://www.tff.org/Default.aspx?pageId=397&macId=36253,GENÇLERBİRLİĞİ                                    ,1,BURSASPOR                                         ,4,ANKARA 19 MAYIS,SERDAR TATLI,16.05.1999 - 17:00
1283,https://www.tff.org/Default.aspx?pageId=397&macId=36255,DARDANELSPOR A.Ş.                                 ,1,SAKARYASPOR A.Ş.                                  ,0,18 MART,METİN TOKAT,16.05.1999 - 17:00
1285,https://www.tff.org/Default.aspx?pageId=397&macId=36256,ADANASPOR A.Ş.                                    ,2,ALTAY                                             ,0,5 OCAK,SERDAR ÇAKIR,16.05.1999 - 17:00
1286,https://www.tff.org/Default.aspx?pageId=397&macId=36257,SAMSUNSPOR                                        ,2,GAZİANTEPSPOR                                     ,1,SAMSUN 19 MAYIS,GALİP BİTİGEN,16.05.1999 - 17:00
1288,https://www.tff.org/Default.aspx?pageId=397&macId=36258,İSTANBULSPOR A.Ş.                                 ,0,ERZURUMSPOR                                       ,2,BAYRAMPAŞA ÇETİN EMEÇ,OĞUZ SARVAN,16.05.1999 - 17:00
1280,https://www.tff.org/Default.aspx?pageId=397&macId=36252,TRABZONSPOR                                       ,1,BEŞİKTAŞ                                          ,2,İZMİR ATATÜRK,İBRAHİM AKSOY,16.05.1999 - 19:00
1297,https://www.tff.org/Default.aspx?pageId=397&macId=36299,KOCAELİSPOR                                       ,2,GENÇLERBİRLİĞİ                                    ,0, İSMETPAŞA,METİN SEVAL,21.05.1999 - 20:00
1295,https://www.tff.org/Default.aspx?pageId=397&macId=36300,GAZİANTEPSPOR                                     ,4,KARDEMİR D.Ç. KARABÜKSPOR                         ,2,KAMİL OCAK,SEBAHATTİN BİTİRİM,22.05.1999 - 19:00
1289,https://www.tff.org/Default.aspx?pageId=397&macId=36301,ANTALYASPOR A.Ş.                                  ,1,GALATASARAY                                       ,1,ANTALYA ATATÜRK,MUSTAFA ÇULCU,23.05.1999 - 17:00
1290,https://www.tff.org/Default.aspx?pageId=397&macId=36302,BURSASPOR                                         ,1,ADANASPOR A.Ş.                                    ,1,BURSA ATATÜRK,MUSTAFA KALKANDELEN,23.05.1999 - 17:00
1291,https://www.tff.org/Default.aspx?pageId=397&macId=36303,ERZURUMSPOR                                       ,1,DARDANELSPOR A.Ş.                                 ,0,CEMAL GÜRSEL,EROL ERSOY,23.05.1999 - 17:00
1292,https://www.tff.org/Default.aspx?pageId=397&macId=36304,İSTANBULSPOR A.Ş.                                 ,1,FENERBAHÇE                                        ,2,BAYRAMPAŞA ÇETİN EMEÇ,MUHİTTİN BOŞAT,23.05.1999 - 17:00
1293,https://www.tff.org/Default.aspx?pageId=397&macId=36305,BEŞİKTAŞ                                          ,3,SAKARYASPOR A.Ş.                                  ,0,BEŞİKTAŞ İNÖNÜ,ÜNSAL ÇİMEN,23.05.1999 - 17:00
1294,https://www.tff.org/Default.aspx?pageId=397&macId=36306,MKE ANKARAGÜCÜ                                    ,1,TRABZONSPOR                                       ,0,ANKARA 19 MAYIS,BÜLENT UZUN,23.05.1999 - 17:00
1296,https://www.tff.org/Default.aspx?pageId=397&macId=36307,ALTAY                                             ,2,SAMSUNSPOR                                        ,0,İZMİR ALSANCAK,ORHAN ERDEMİR,23.05.1999 - 17:00
1298,https://www.tff.org/Default.aspx?pageId=397&macId=36324,DARDANELSPOR A.Ş.                                 ,1,BEŞİKTAŞ                                          ,3,18 MART,MUSTAFA ARSLAN,28.05.1999 - 20:00
1299,https://www.tff.org/Default.aspx?pageId=397&macId=36327,KARDEMİR D.Ç. KARABÜKSPOR                         ,1,ALTAY                                             ,1,KARABÜK YENİŞEHİR,SELÇUK ŞAHİN,29.05.1999 - 17:00
1300,https://www.tff.org/Default.aspx?pageId=397&macId=36328,SAKARYASPOR A.Ş.                                  ,4,MKE ANKARAGÜCÜ                                    ,0,SAKARYA ATATÜRK,LALE ORTA,29.05.1999 - 17:00
1301,https://www.tff.org/Default.aspx?pageId=397&macId=36329,GENÇLERBİRLİĞİ                                    ,2,İSTANBULSPOR A.Ş.                                 ,3,ANKARA 19 MAYIS,KAZIM ERÇAKIR,29.05.1999 - 17:00
1302,https://www.tff.org/Default.aspx?pageId=397&macId=36330,ADANASPOR A.Ş.                                    ,1,KOCAELİSPOR                                       ,1,5 OCAK,ADNAN ŞEKER,29.05.1999 - 17:00
1303,https://www.tff.org/Default.aspx?pageId=397&macId=36331,SAMSUNSPOR                                        ,1,BURSASPOR                                         ,1,SAMSUN 19 MAYIS,NAMIK KEMAL DEMİROĞLU,29.05.1999 - 17:00
1306,https://www.tff.org/Default.aspx?pageId=397&macId=36332,FENERBAHÇE                                        ,4,ERZURUMSPOR                                       ,1,FB ŞÜKRÜ SARACOĞLU,ORHAN ERDEMİR,29.05.1999 - 19:00
1305,https://www.tff.org/Default.aspx?pageId=397&macId=36334,TRABZONSPOR                                       ,2,ANTALYASPOR A.Ş.                                  ,3,ANKARA 19 MAYIS,NECDET ERDİLEK,30.05.1999 - 17:00
1304,https://www.tff.org/Default.aspx?pageId=397&macId=36333,GALATASARAY                                       ,0,GAZİANTEPSPOR                                     ,0,ALİ SAMİ YEN,MURAT ILGAZ,30.05.1999 - 19:00
