Takim_adi,Oynadigi_mac_sayisi,Galibiyet_sayisi,Beraberlik_sayisi,Maglubiyet_sayisi,Attigi_gol_sayisi,Yedigi_gol_sayisi,Averaj,Puan
FENERBAHÇE A.Ş,34,23,5,6,74,33,41,74
GALATASARAY A.Ş,34,18,11,5,59,32,27,65
BEŞİKTAŞ A.Ş,34,17,11,6,53,33,20,62
TRABZONSPOR A.Ş,34,14,11,9,53,41,12,53
SİVASSPOR,34,16,5,13,60,55,5,53
KASIMPAŞA A.Ş,34,13,12,9,56,39,17,51
KARDEMİR KARABÜKSPOR,34,13,11,10,33,34,-1,50
BURSASPOR,34,12,10,12,40,46,-6,46
GENÇLERBİRLİĞİ,34,13,6,15,39,43,-4,45
AKHİSAR BELEDİYE GENÇLİK VE SPOR,34,12,8,14,44,55,-11,44
TORKU KONYASPOR,34,11,9,14,48,45,3,42
ESKİŞEHİRSPOR,34,10,12,12,33,35,-2,42
ÇAYKUR RİZESPOR A.Ş,34,10,12,12,43,43,0,42
KAYSERİ ERCİYESSPOR,34,10,7,17,34,50,-16,37
GAZİANTEPSPOR,34,10,7,17,38,58,-20,37
ELAZIĞSPOR,34,10,4,20,38,62,-24,34
MEDİCAL PARK ANTALYASPOR,34,6,13,15,34,47,-13,31
KAYSERİSPOR,34,7,8,19,30,58,-28,29
