Mac_kodu,TFF_mac_linki,Ev_sahibi,Ev_sahibi_gol,Misafir_takim,Misafir_takim_gol,Stat,Ana_hakem,Tarih_saat
1007,https://www.tff.org/Default.aspx?pageId=29&macId=118460,MEDİCAL PARK ANTALYASPOR,0,KAYSERİ ERCİYESSPOR,0,AKDENİZ ÜNİVERSİTESİ STADI - ANTALYA,CÜNEYT ÇAKIR,16.08.2013 - 21:45
1002,https://www.tff.org/Default.aspx?pageId=29&macId=118455,KARDEMİR D.Ç. KARABÜKSPOR,2,KASIMPAŞA A.Ş.,0,DR.NECMETTİN ŞEYHOĞLU - KARABÜK,MUSTAFA İLKER COŞKUN,17.08.2013 - 20:00
1005,https://www.tff.org/Default.aspx?pageId=29&macId=118458,ÇAYKUR RİZESPOR A.Ş.,1,GENÇLERBİRLİĞİ,0,YENİ RİZE ŞEHİR - RİZE,ÖZGÜR YANKAYA,17.08.2013 - 20:00
1001,https://www.tff.org/Default.aspx?pageId=29&macId=118454,TORKU KONYASPOR,3,FENERBAHÇE A.Ş.,2,BŞ BLD ATATÜRK - KONYA,TOLGA ÖZKALFA,17.08.2013 - 21:45
1003,https://www.tff.org/Default.aspx?pageId=29&macId=118456,AKHİSAR BELEDİYE GENÇLİK VE SPOR,3,SANİCA BORU ELAZIĞSPOR,1,MANİSA 19 MAYIS - MANİSA,ALİ PALABIYIK,18.08.2013 - 20:00
1009,https://www.tff.org/Default.aspx?pageId=29&macId=118462,ESKİŞEHİRSPOR,2,BURSASPOR,0,ESKİŞEHİR ATATÜRK - ESKİŞEHİR,FIRAT AYDINUS,18.08.2013 - 20:00
1006,https://www.tff.org/Default.aspx?pageId=29&macId=118459,BEŞİKTAŞ A.Ş.,2,TRABZONSPOR A.Ş.,0,ATATÜRK OLİMPİYAT - İSTANBUL,HALİS ÖZKAHYA,18.08.2013 - 21:45
1004,https://www.tff.org/Default.aspx?pageId=29&macId=118457,KAYSERİSPOR,1,SİVASSPOR,0,BÜYÜKŞEHİR BELEDİYESİ KADİR HAS - KAYSERİ,YUNUS YILDIRIM,19.08.2013 - 20:00
1008,https://www.tff.org/Default.aspx?pageId=29&macId=118461,GALATASARAY A.Ş.,2,GAZİANTEPSPOR,1,ALİ SAMİ YEN SPOR KOMPLEKSİ TÜRK TELEKOM STADYUMU,BARIŞ ŞİMŞEK,19.08.2013 - 21:45
1017,https://www.tff.org/Default.aspx?pageId=29&macId=118470,GENÇLERBİRLİĞİ,3,AKHİSAR BELEDİYE GENÇLİK VE SPOR,0,ANKARA 19 MAYIS - ANKARA,ABDULLAH YILMAZ,23.08.2013 - 21:45
1010,https://www.tff.org/Default.aspx?pageId=29&macId=118463,KASIMPAŞA A.Ş.,3,KAYSERİSPOR,1,RECEP TAYYİP ERDOĞAN STADYUMU - İSTANBUL,KUDDUSİ MÜFTÜOĞLU,24.08.2013 - 20:00
1011,https://www.tff.org/Default.aspx?pageId=29&macId=118464,GAZİANTEPSPOR,0,MEDİCAL PARK ANTALYASPOR,0,KAMİL OCAK - GAZİANTEP,HÜSEYİN SABANCI,24.08.2013 - 21:45
1016,https://www.tff.org/Default.aspx?pageId=29&macId=118469,FENERBAHÇE A.Ş.,1,ESKİŞEHİRSPOR,0,FB ŞÜKRÜ SARACOĞLU - İSTANBUL,İLKER MERAL,24.08.2013 - 21:45
1014,https://www.tff.org/Default.aspx?pageId=29&macId=118467,SANİCA BORU ELAZIĞSPOR,2,KARDEMİR D.Ç. KARABÜKSPOR,2,ELAZIĞ ATATÜRK - ELAZIĞ,ÇAĞATAY ŞAHAN,25.08.2013 - 20:15
1015,https://www.tff.org/Default.aspx?pageId=29&macId=118468,SİVASSPOR,2,TORKU KONYASPOR,0,SİVAS 4 EYLÜL - SİVAS,HÜSEYİN GÖÇEK,25.08.2013 - 20:15
1018,https://www.tff.org/Default.aspx?pageId=29&macId=118471,BURSASPOR,1,GALATASARAY A.Ş.,1,BURSA ATATÜRK - BURSA,MUSTAFA KAMİL ABİTOĞLU,25.08.2013 - 21:45
1013,https://www.tff.org/Default.aspx?pageId=29&macId=118466,TRABZONSPOR A.Ş.,2,ÇAYKUR RİZESPOR A.Ş.,1,HÜSEYİN AVNİ AKER - TRABZON,BÜLENT YILDIRIM,26.08.2013 - 20:00
1012,https://www.tff.org/Default.aspx?pageId=29&macId=118465,KAYSERİ ERCİYESSPOR,2,BEŞİKTAŞ A.Ş.,4,BÜYÜKŞEHİR BELEDİYESİ KADİR HAS - KAYSERİ,SERKAN ÇINAR,26.08.2013 - 21:45
1022,https://www.tff.org/Default.aspx?pageId=29&macId=118475,TORKU KONYASPOR,1,KASIMPAŞA A.Ş.,2,BŞ BLD ATATÜRK - KONYA,YUNUS YILDIRIM,30.08.2013 - 20:00
1019,https://www.tff.org/Default.aspx?pageId=29&macId=118472,ESKİŞEHİRSPOR,0,GALATASARAY A.Ş.,0,ESKİŞEHİR ATATÜRK - ESKİŞEHİR,CÜNEYT ÇAKIR,30.08.2013 - 21:45
1020,https://www.tff.org/Default.aspx?pageId=29&macId=118473,KAYSERİSPOR,1,SANİCA BORU ELAZIĞSPOR,3,BÜYÜKŞEHİR BELEDİYESİ KADİR HAS - KAYSERİ,VOLKAN BAYARSLAN,31.08.2013 - 20:00
1025,https://www.tff.org/Default.aspx?pageId=29&macId=118478,MEDİCAL PARK ANTALYASPOR,1,BURSASPOR,2,AKDENİZ ÜNİVERSİTESİ STADI - ANTALYA,BARIŞ ŞİMŞEK,31.08.2013 - 21:45
1026,https://www.tff.org/Default.aspx?pageId=29&macId=118479,FENERBAHÇE A.Ş.,5,SİVASSPOR,2,FB ŞÜKRÜ SARACOĞLU - İSTANBUL,ÖZGÜR YANKAYA,31.08.2013 - 21:45
1027,https://www.tff.org/Default.aspx?pageId=29&macId=118480,BEŞİKTAŞ A.Ş.,2,GAZİANTEPSPOR,0,ATATÜRK OLİMPİYAT - İSTANBUL,ALİ PALABIYIK,1.09.2013 - 19:30
1023,https://www.tff.org/Default.aspx?pageId=29&macId=118476,KARDEMİR D.Ç. KARABÜKSPOR,1,GENÇLERBİRLİĞİ,0,DR.NECMETTİN ŞEYHOĞLU - KARABÜK,DENİZ ATEŞ BİTNEL,1.09.2013 - 20:00
1021,https://www.tff.org/Default.aspx?pageId=29&macId=118474,ÇAYKUR RİZESPOR A.Ş.,2,KAYSERİ ERCİYESSPOR,1,YENİ RİZE ŞEHİR - RİZE,SÜLEYMAN ABAY,1.09.2013 - 20:30
1024,https://www.tff.org/Default.aspx?pageId=29&macId=118477,AKHİSAR BELEDİYE GENÇLİK VE SPOR,3,TRABZONSPOR A.Ş.,0,MANİSA 19 MAYIS - MANİSA,METE KALKAVAN,1.09.2013 - 21:45
1030,https://www.tff.org/Default.aspx?pageId=29&macId=118483,GALATASARAY A.Ş.,1,MEDİCAL PARK ANTALYASPOR,1,ALİ SAMİ YEN SPOR KOMPLEKSİ TÜRK TELEKOM STADYUMU,TOLGA ÖZKALFA,13.09.2013 - 20:00
1031,https://www.tff.org/Default.aspx?pageId=29&macId=118484,KAYSERİ ERCİYESSPOR,1,AKHİSAR BELEDİYE GENÇLİK VE SPOR,0,BÜYÜKŞEHİR BELEDİYESİ KADİR HAS - KAYSERİ,HÜSEYİN GÖÇEK,14.09.2013 - 18:00
1028,https://www.tff.org/Default.aspx?pageId=29&macId=118481,TRABZONSPOR A.Ş.,1,KARDEMİR D.Ç. KARABÜKSPOR,0,HÜSEYİN AVNİ AKER - TRABZON,SERKAN ÇINAR,14.09.2013 - 20:30
1035,https://www.tff.org/Default.aspx?pageId=29&macId=118488,GAZİANTEPSPOR,2,ÇAYKUR RİZESPOR A.Ş.,5,KAMİL OCAK - GAZİANTEP,FIRAT AYDINUS,14.09.2013 - 20:30
1032,https://www.tff.org/Default.aspx?pageId=29&macId=118485,GENÇLERBİRLİĞİ,1,KAYSERİSPOR,1,ANKARA 19 MAYIS - ANKARA,CÜNEYT ÇAKIR,15.09.2013 - 18:00
1034,https://www.tff.org/Default.aspx?pageId=29&macId=118487,SİVASSPOR,3,ESKİŞEHİRSPOR,2,SİVAS 4 EYLÜL - SİVAS,KUDDUSİ MÜFTÜOĞLU,15.09.2013 - 18:00
1029,https://www.tff.org/Default.aspx?pageId=29&macId=118482,SANİCA BORU ELAZIĞSPOR,2,TORKU KONYASPOR,0,ELAZIĞ ATATÜRK - ELAZIĞ,MUSTAFA İLKER COŞKUN,15.09.2013 - 20:30
1036,https://www.tff.org/Default.aspx?pageId=29&macId=118489,BURSASPOR,0,BEŞİKTAŞ A.Ş.,3,BURSA ATATÜRK - BURSA,BÜLENT YILDIRIM,15.09.2013 - 20:30
1033,https://www.tff.org/Default.aspx?pageId=29&macId=118486,KASIMPAŞA A.Ş.,2,FENERBAHÇE A.Ş.,3,RECEP TAYYİP ERDOĞAN STADYUMU - İSTANBUL,MUSTAFA KAMİL ABİTOĞLU,16.09.2013 - 20:00
1042,https://www.tff.org/Default.aspx?pageId=29&macId=118495,KARDEMİR D.Ç. KARABÜKSPOR,0,KAYSERİ ERCİYESSPOR,0,DR.NECMETTİN ŞEYHOĞLU - KARABÜK,ALİ PALABIYIK,20.09.2013 - 20:00
1043,https://www.tff.org/Default.aspx?pageId=29&macId=118496,AKHİSAR BELEDİYE GENÇLİK VE SPOR,2,GAZİANTEPSPOR,0,MANİSA 19 MAYIS - MANİSA,SUAT ARSLANBOĞA,20.09.2013 - 20:00
1037,https://www.tff.org/Default.aspx?pageId=29&macId=118490,TORKU KONYASPOR,1,GENÇLERBİRLİĞİ,0,BŞ BLD ATATÜRK - KONYA,BARIŞ ŞİMŞEK,21.09.2013 - 18:00
1038,https://www.tff.org/Default.aspx?pageId=29&macId=118491,SİVASSPOR,1,KASIMPAŞA A.Ş.,2,SİVAS 4 EYLÜL - SİVAS,HALİS ÖZKAHYA,21.09.2013 - 18:00
1039,https://www.tff.org/Default.aspx?pageId=29&macId=118492,FENERBAHÇE A.Ş.,4,SANİCA BORU ELAZIĞSPOR,0,FB ŞÜKRÜ SARACOĞLU - İSTANBUL,YUNUS YILDIRIM,21.09.2013 - 20:30
1040,https://www.tff.org/Default.aspx?pageId=29&macId=118493,ESKİŞEHİRSPOR,2,MEDİCAL PARK ANTALYASPOR,1,ESKİŞEHİR ATATÜRK - ESKİŞEHİR,METE KALKAVAN,21.09.2013 - 20:30
1044,https://www.tff.org/Default.aspx?pageId=29&macId=118497,ÇAYKUR RİZESPOR A.Ş.,2,BURSASPOR,1,YENİ RİZE ŞEHİR - RİZE,İLKER MERAL,22.09.2013 - 17:00
1045,https://www.tff.org/Default.aspx?pageId=29&macId=118498,BEŞİKTAŞ A.Ş.,0,GALATASARAY A.Ş.,3,ATATÜRK OLİMPİYAT - İSTANBUL,FIRAT AYDINUS,22.09.2013 - 19:00
1041,https://www.tff.org/Default.aspx?pageId=29&macId=118494,KAYSERİSPOR,0,TRABZONSPOR A.Ş.,1,BÜYÜKŞEHİR BELEDİYESİ KADİR HAS - KAYSERİ,SÜLEYMAN ABAY,23.09.2013 - 20:00
1048,https://www.tff.org/Default.aspx?pageId=29&macId=118501,BURSASPOR,0,AKHİSAR BELEDİYE GENÇLİK VE SPOR,0,BURSA ATATÜRK - BURSA,MUSTAFA İLKER COŞKUN,27.09.2013 - 20:00
1053,https://www.tff.org/Default.aspx?pageId=29&macId=118506,GALATASARAY A.Ş.,1,ÇAYKUR RİZESPOR A.Ş.,1,ALİ SAMİ YEN SPOR KOMPLEKSİ TÜRK TELEKOM STADYUMU,ALİ PALABIYIK,28.09.2013 - 19:00
1054,https://www.tff.org/Default.aspx?pageId=29&macId=118507,GAZİANTEPSPOR,3,KARDEMİR KARABÜKSPOR,0,KAMİL OCAK - GAZİANTEP,CÜNEYT ÇAKIR,28.09.2013 - 19:00
1046,https://www.tff.org/Default.aspx?pageId=29&macId=118499,SANİCA BORU ELAZIĞSPOR,2,SİVASSPOR,4,ELAZIĞ ATATÜRK - ELAZIĞ,DENİZ ÇOBAN,29.09.2013 - 16:00
1050,https://www.tff.org/Default.aspx?pageId=29&macId=118503,TRABZONSPOR A.Ş.,2,TORKU KONYASPOR,0,HÜSEYİN AVNİ AKER - TRABZON,ÖZGÜR YANKAYA,29.09.2013 - 16:00
1047,https://www.tff.org/Default.aspx?pageId=29&macId=118500,KASIMPAŞA A.Ş.,0,ESKİŞEHİRSPOR,2,RECEP TAYYİP ERDOĞAN STADYUMU - İSTANBUL,BÜLENT YILDIRIM,29.09.2013 - 19:00
1051,https://www.tff.org/Default.aspx?pageId=29&macId=118504,GENÇLERBİRLİĞİ,0,FENERBAHÇE A.Ş.,1,ANKARA 19 MAYIS - ANKARA,SERKAN ÇINAR,29.09.2013 - 19:00
1049,https://www.tff.org/Default.aspx?pageId=29&macId=118502,KAYSERİ ERCİYESSPOR,1,KAYSERİSPOR,1,BÜYÜKŞEHİR BELEDİYESİ KADİR HAS - KAYSERİ,ABDULLAH YILMAZ,30.09.2013 - 20:00
1052,https://www.tff.org/Default.aspx?pageId=29&macId=118505,MEDİCAL PARK ANTALYASPOR,2,BEŞİKTAŞ A.Ş.,0,AKDENİZ ÜNİVERSİTESİ STADI - ANTALYA,İLKER MERAL,30.09.2013 - 20:00
1059,https://www.tff.org/Default.aspx?pageId=29&macId=118512,KARDEMİR KARABÜKSPOR,0,BURSASPOR,1,DR.NECMETTİN ŞEYHOĞLU - KARABÜK,SÜLEYMAN ABAY,4.10.2013 - 20:00
1058,https://www.tff.org/Default.aspx?pageId=29&macId=118511,KAYSERİSPOR,0,GAZİANTEPSPOR,1,BÜYÜKŞEHİR BELEDİYESİ KADİR HAS - KAYSERİ,MUSTAFA KAMİL ABİTOĞLU,5.10.2013 - 16:00
1055,https://www.tff.org/Default.aspx?pageId=29&macId=118508,TORKU KONYASPOR,1,KAYSERİ ERCİYESSPOR,0,BŞ BLD ATATÜRK - KONYA,ÇAĞATAY ŞAHAN,5.10.2013 - 19:00
1063,https://www.tff.org/Default.aspx?pageId=29&macId=118516,ESKİŞEHİRSPOR,0,BEŞİKTAŞ A.Ş.,1,ESKİŞEHİR ATATÜRK - ESKİŞEHİR,TOLGA ÖZKALFA,5.10.2013 - 19:00
1057,https://www.tff.org/Default.aspx?pageId=29&macId=118510,KASIMPAŞA A.Ş.,4,SANİCA BORU ELAZIĞSPOR,0,RECEP TAYYİP ERDOĞAN STADYUMU - İSTANBUL,METE KALKAVAN,6.10.2013 - 14:00
1056,https://www.tff.org/Default.aspx?pageId=29&macId=118509,AKHİSAR BELEDİYE GENÇLİK VE SPOR,2,GALATASARAY A.Ş.,1,MANİSA 19 MAYIS - MANİSA,BARIŞ ŞİMŞEK,6.10.2013 - 16:30
1060,https://www.tff.org/Default.aspx?pageId=29&macId=118513,ÇAYKUR RİZESPOR A.Ş.,1,MEDİCAL PARK ANTALYASPOR,2,YENİ RİZE ŞEHİR - RİZE,HALİS ÖZKAHYA,6.10.2013 - 16:30
1061,https://www.tff.org/Default.aspx?pageId=29&macId=118514,SİVASSPOR,2,GENÇLERBİRLİĞİ,0,SİVAS 4 EYLÜL - SİVAS,YUNUS YILDIRIM,6.10.2013 - 19:00
1062,https://www.tff.org/Default.aspx?pageId=29&macId=118515,FENERBAHÇE A.Ş.,0,TRABZONSPOR A.Ş.,0,FB ŞÜKRÜ SARACOĞLU - İSTANBUL,HÜSEYİN GÖÇEK,6.10.2013 - 20:00
1069,https://www.tff.org/Default.aspx?pageId=29&macId=118522,SANİCA BORU ELAZIĞSPOR,0,ESKİŞEHİRSPOR,2,ELAZIĞ ATATÜRK - ELAZIĞ,CÜNEYT ÇAKIR,19.10.2013 - 16:00
1066,https://www.tff.org/Default.aspx?pageId=29&macId=118519,GALATASARAY A.Ş.,2,KARDEMİR KARABÜKSPOR,1,ALİ SAMİ YEN SPOR KOMPLEKSİ TÜRK TELEKOM STADYUMU,MUSTAFA İLKER COŞKUN,19.10.2013 - 19:00
1068,https://www.tff.org/Default.aspx?pageId=29&macId=118521,GENÇLERBİRLİĞİ,1,KASIMPAŞA A.Ş.,3,ANKARA 19 MAYIS - ANKARA,İLKER MERAL,19.10.2013 - 19:00
1065,https://www.tff.org/Default.aspx?pageId=29&macId=118518,TRABZONSPOR A.Ş.,0,SİVASSPOR,0,HÜSEYİN AVNİ AKER - TRABZON,FIRAT AYDINUS,20.10.2013 - 16:00
1072,https://www.tff.org/Default.aspx?pageId=29&macId=118525,GAZİANTEPSPOR,3,TORKU KONYASPOR,3,KAMİL OCAK - GAZİANTEP,METE KALKAVAN,20.10.2013 - 16:00
1067,https://www.tff.org/Default.aspx?pageId=29&macId=118520,KAYSERİ ERCİYESSPOR,1,FENERBAHÇE A.Ş.,2,BÜYÜKŞEHİR BELEDİYESİ KADİR HAS - KAYSERİ,HALİS ÖZKAHYA,20.10.2013 - 19:00
1071,https://www.tff.org/Default.aspx?pageId=29&macId=118524,MEDİCAL PARK ANTALYASPOR,1,AKHİSAR BELEDİYE GENÇLİK VE SPOR,0,AKDENİZ ÜNİVERSİTESİ STADI - ANTALYA,DENİZ ÇOBAN,20.10.2013 - 19:00
1064,https://www.tff.org/Default.aspx?pageId=29&macId=118517,BURSASPOR,2,KAYSERİSPOR,0,BURSA ATATÜRK - BURSA,ALİ PALABIYIK,21.10.2013 - 20:00
1070,https://www.tff.org/Default.aspx?pageId=29&macId=118523,BEŞİKTAŞ A.Ş.,0,ÇAYKUR RİZESPOR A.Ş.,0,ATATÜRK OLİMPİYAT - İSTANBUL,YUNUS YILDIRIM,21.10.2013 - 20:00
1075,https://www.tff.org/Default.aspx?pageId=29&macId=118528,FENERBAHÇE A.Ş.,3,GAZİANTEPSPOR,1,FB ŞÜKRÜ SARACOĞLU - İSTANBUL,İLKER MERAL,25.10.2013 - 20:00
1080,https://www.tff.org/Default.aspx?pageId=29&macId=118533,SİVASSPOR,2,KAYSERİ ERCİYESSPOR,0,SİVAS 4 EYLÜL - SİVAS,MUSTAFA ÖĞRETMENOĞLU,25.10.2013 - 20:00
1073,https://www.tff.org/Default.aspx?pageId=29&macId=118526,KARDEMİR KARABÜKSPOR,1,MEDİCAL PARK ANTALYASPOR,1,DR.NECMETTİN ŞEYHOĞLU - KARABÜK,BÜLENT YILDIRIM,26.10.2013 - 15:30
1074,https://www.tff.org/Default.aspx?pageId=29&macId=118527,SANİCA BORU ELAZIĞSPOR,1,GENÇLERBİRLİĞİ,2,ELAZIĞ ATATÜRK - ELAZIĞ,ABDULLAH YILMAZ,26.10.2013 - 19:00
1078,https://www.tff.org/Default.aspx?pageId=29&macId=118531,AKHİSAR BELEDİYE GENÇLİK VE SPOR,3,BEŞİKTAŞ A.Ş.,3,MANİSA 19 MAYIS - MANİSA,MUSTAFA KAMİL ABİTOĞLU,26.10.2013 - 19:00
1081,https://www.tff.org/Default.aspx?pageId=29&macId=118534,ESKİŞEHİRSPOR,4,ÇAYKUR RİZESPOR A.Ş.,1,ESKİŞEHİR ATATÜRK - ESKİŞEHİR,HÜSEYİN GÖÇEK,27.10.2013 - 15:30
1076,https://www.tff.org/Default.aspx?pageId=29&macId=118529,TORKU KONYASPOR,0,BURSASPOR,1,BŞ BLD ATATÜRK - KONYA,VOLKAN BAYARSLAN,27.10.2013 - 19:00
1077,https://www.tff.org/Default.aspx?pageId=29&macId=118530,KAYSERİSPOR,2,GALATASARAY A.Ş.,4,BÜYÜKŞEHİR BELEDİYESİ KADİR HAS - KAYSERİ,CÜNEYT ÇAKIR,27.10.2013 - 19:00
1079,https://www.tff.org/Default.aspx?pageId=29&macId=118532,KASIMPAŞA A.Ş.,3,TRABZONSPOR A.Ş.,2,RECEP TAYYİP ERDOĞAN STADYUMU - İSTANBUL,ÖZGÜR YANKAYA,28.10.2013 - 20:00
1090,https://www.tff.org/Default.aspx?pageId=29&macId=118543,GALATASARAY A.Ş.,2,TORKU KONYASPOR,1,ALİ SAMİ YEN SPOR KOMPLEKSİ TÜRK TELEKOM STADYUMU,MUSTAFA KAMİL ABİTOĞLU,1.11.2013 - 20:00
1084,https://www.tff.org/Default.aspx?pageId=29&macId=118537,BURSASPOR,2,FENERBAHÇE A.Ş.,3,BURSA ATATÜRK - BURSA,HÜSEYİN GÖÇEK,2.11.2013 - 19:00
1085,https://www.tff.org/Default.aspx?pageId=29&macId=118538,KAYSERİ ERCİYESSPOR,0,KASIMPAŞA A.Ş.,3,BÜYÜKŞEHİR BELEDİYESİ KADİR HAS - KAYSERİ,YUNUS YILDIRIM,2.11.2013 - 19:00
1086,https://www.tff.org/Default.aspx?pageId=29&macId=118539,TRABZONSPOR A.Ş.,4,SANİCA BORU ELAZIĞSPOR,0,HÜSEYİN AVNİ AKER - TRABZON,SÜLEYMAN ABAY,3.11.2013 - 15:30
1088,https://www.tff.org/Default.aspx?pageId=29&macId=118541,ÇAYKUR RİZESPOR A.Ş.,0,AKHİSAR BELEDİYE GENÇLİK VE SPOR,0,YENİ RİZE ŞEHİR - RİZE,CÜNEYT ÇAKIR,3.11.2013 - 19:00
1089,https://www.tff.org/Default.aspx?pageId=29&macId=118542,BEŞİKTAŞ A.Ş.,0,KARDEMİR KARABÜKSPOR,0,RECEP TAYYİP ERDOĞAN STADYUMU - İSTANBUL,BARIŞ ŞİMŞEK,3.11.2013 - 19:00
1082,https://www.tff.org/Default.aspx?pageId=29&macId=118535,MEDİCAL PARK ANTALYASPOR,2,KAYSERİSPOR,2,AKDENİZ ÜNİVERSİTESİ STADI - ANTALYA,İLKER MERAL,4.11.2013 - 20:00
1083,https://www.tff.org/Default.aspx?pageId=29&macId=118536,GAZİANTEPSPOR,0,SİVASSPOR,4,KAMİL OCAK - GAZİANTEP,MUSTAFA İLKER COŞKUN,4.11.2013 - 20:00
1087,https://www.tff.org/Default.aspx?pageId=29&macId=118540,GENÇLERBİRLİĞİ,2,ESKİŞEHİRSPOR,0,ANKARA 19 MAYIS - ANKARA,DENİZ ÇOBAN,4.11.2013 - 20:00
1091,https://www.tff.org/Default.aspx?pageId=29&macId=118544,SANİCA BORU ELAZIĞSPOR,0,KAYSERİ ERCİYESSPOR,1,ELAZIĞ ATATÜRK - ELAZIĞ,BARIŞ ŞİMŞEK,8.11.2013 - 20:00
1093,https://www.tff.org/Default.aspx?pageId=29&macId=118546,ESKİŞEHİRSPOR,2,AKHİSAR BELEDİYE GENÇLİK VE SPOR,0,ESKİŞEHİR ATATÜRK - ESKİŞEHİR,ÖZGÜR YANKAYA,8.11.2013 - 20:00
1092,https://www.tff.org/Default.aspx?pageId=29&macId=118545,KASIMPAŞA A.Ş.,3,GAZİANTEPSPOR,0,RECEP TAYYİP ERDOĞAN STADYUMU - İSTANBUL,ÇAĞATAY ŞAHAN,9.11.2013 - 15:30
1095,https://www.tff.org/Default.aspx?pageId=29&macId=118548,KAYSERİSPOR,0,BEŞİKTAŞ A.Ş.,3,BÜYÜKŞEHİR BELEDİYESİ KADİR HAS - KAYSERİ,MUSTAFA İLKER COŞKUN,9.11.2013 - 19:00
1098,https://www.tff.org/Default.aspx?pageId=29&macId=118551,SİVASSPOR,2,BURSASPOR,1,SİVAS 4 EYLÜL - SİVAS,METE KALKAVAN,9.11.2013 - 19:00
1096,https://www.tff.org/Default.aspx?pageId=29&macId=118549,KARDEMİR KARABÜKSPOR,2,ÇAYKUR RİZESPOR A.Ş.,1,DR.NECMETTİN ŞEYHOĞLU - KARABÜK,MUSTAFA ÖĞRETMENOĞLU,9.11.2013 - 19:30
1094,https://www.tff.org/Default.aspx?pageId=29&macId=118547,TORKU KONYASPOR,2,MEDİCAL PARK ANTALYASPOR,0,BŞ BLD ATATÜRK - KONYA,HALİS ÖZKAHYA,10.11.2013 - 14:00
1097,https://www.tff.org/Default.aspx?pageId=29&macId=118550,GENÇLERBİRLİĞİ,3,TRABZONSPOR A.Ş.,2,ANKARA 19 MAYIS - ANKARA,TOLGA ÖZKALFA,10.11.2013 - 16:30
1099,https://www.tff.org/Default.aspx?pageId=29&macId=118552,FENERBAHÇE A.Ş.,2,GALATASARAY A.Ş.,0,FB ŞÜKRÜ SARACOĞLU - İSTANBUL,BÜLENT YILDIRIM,10.11.2013 - 19:00
1100,https://www.tff.org/Default.aspx?pageId=29&macId=118553,ÇAYKUR RİZESPOR A.Ş.,0,KAYSERİSPOR,2,YENİ RİZE ŞEHİR - RİZE,FIRAT AYDINUS,23.11.2013 - 15:30
1103,https://www.tff.org/Default.aspx?pageId=29&macId=118556,BURSASPOR,1,KASIMPAŞA A.Ş.,1,BURSA ATATÜRK - BURSA,CÜNEYT ÇAKIR,23.11.2013 - 19:00
1108,https://www.tff.org/Default.aspx?pageId=29&macId=118561,GALATASARAY A.Ş.,2,SİVASSPOR,1,ALİ SAMİ YEN SPOR KOMPLEKSİ TÜRK TELEKOM STADYUMU,HALİS ÖZKAHYA,23.11.2013 - 19:00
1104,https://www.tff.org/Default.aspx?pageId=29&macId=118557,KAYSERİ ERCİYESSPOR,1,GENÇLERBİRLİĞİ,0,BÜYÜKŞEHİR BELEDİYESİ KADİR HAS - KAYSERİ,SÜLEYMAN ABAY,24.11.2013 - 13:30
1102,https://www.tff.org/Default.aspx?pageId=29&macId=118555,GAZİANTEPSPOR,3,SANİCA BORU ELAZIĞSPOR,1,KAMİL OCAK - GAZİANTEP,BÜLENT YILDIRIM,24.11.2013 - 16:00
1101,https://www.tff.org/Default.aspx?pageId=29&macId=118554,MEDİCAL PARK ANTALYASPOR,1,FENERBAHÇE A.Ş.,2,AKDENİZ ÜNİVERSİTESİ STADI - ANTALYA,ÇAĞATAY ŞAHAN,24.11.2013 - 19:00
1105,https://www.tff.org/Default.aspx?pageId=29&macId=118558,TRABZONSPOR A.Ş.,1,ESKİŞEHİRSPOR,0,HÜSEYİN AVNİ AKER - TRABZON,YUNUS YILDIRIM,24.11.2013 - 19:00
1106,https://www.tff.org/Default.aspx?pageId=29&macId=118559,AKHİSAR BELEDİYE GENÇLİK VE SPOR,0,KARDEMİR KARABÜKSPOR,1,MANİSA 19 MAYIS - MANİSA,DENİZ ÇOBAN,25.11.2013 - 20:00
1107,https://www.tff.org/Default.aspx?pageId=29&macId=118560,BEŞİKTAŞ A.Ş.,3,TORKU KONYASPOR,1,RECEP TAYYİP ERDOĞAN STADYUMU - İSTANBUL,ÖZGÜR YANKAYA,25.11.2013 - 20:00
1111,https://www.tff.org/Default.aspx?pageId=29&macId=118564,SİVASSPOR,0,MEDİCAL PARK ANTALYASPOR,3,SİVAS 4 EYLÜL - SİVAS,ABDULLAH YILMAZ,29.11.2013 - 20:00
1115,https://www.tff.org/Default.aspx?pageId=29&macId=118568,SANİCA BORU ELAZIĞSPOR,1,BURSASPOR,2,ELAZIĞ ATATÜRK - ELAZIĞ,İLKER MERAL,29.11.2013 - 20:00
1112,https://www.tff.org/Default.aspx?pageId=29&macId=118565,KAYSERİSPOR,0,AKHİSAR BELEDİYE GENÇLİK VE SPOR,0,BÜYÜKŞEHİR BELEDİYESİ KADİR HAS - KAYSERİ,BARIŞ ŞİMŞEK,30.11.2013 - 15:30
1114,https://www.tff.org/Default.aspx?pageId=29&macId=118567,GENÇLERBİRLİĞİ,1,GAZİANTEPSPOR,3,ANKARA 19 MAYIS - ANKARA,FIRAT AYDINUS,30.11.2013 - 19:00
1116,https://www.tff.org/Default.aspx?pageId=29&macId=118569,FENERBAHÇE A.Ş.,3,BEŞİKTAŞ A.Ş.,3,FB ŞÜKRÜ SARACOĞLU - İSTANBUL,CÜNEYT ÇAKIR,30.11.2013 - 20:00
1113,https://www.tff.org/Default.aspx?pageId=29&macId=118566,TRABZONSPOR A.Ş.,3,KAYSERİ ERCİYESSPOR,1,HÜSEYİN AVNİ AKER - TRABZON,METE KALKAVAN,1.12.2013 - 15:30
1110,https://www.tff.org/Default.aspx?pageId=29&macId=118563,KASIMPAŞA A.Ş.,1,GALATASARAY A.Ş.,1,RECEP TAYYİP ERDOĞAN STADYUMU - İSTANBUL,HÜSEYİN GÖÇEK,1.12.2013 - 19:00
1117,https://www.tff.org/Default.aspx?pageId=29&macId=118570,ESKİŞEHİRSPOR,0,KARDEMİR KARABÜKSPOR,0,ESKİŞEHİR ATATÜRK - ESKİŞEHİR,MUSTAFA KAMİL ABİTOĞLU,1.12.2013 - 19:00
1109,https://www.tff.org/Default.aspx?pageId=29&macId=118562,TORKU KONYASPOR,2,ÇAYKUR RİZESPOR A.Ş.,1,BŞ BLD ATATÜRK - KONYA,TOLGA ÖZKALFA,2.12.2013 - 20:00
1126,https://www.tff.org/Default.aspx?pageId=29&macId=118579,GALATASARAY A.Ş.,2,SANİCA BORU ELAZIĞSPOR,0,ALİ SAMİ YEN SPOR KOMPLEKSİ TÜRK TELEKOM STADYUMU,ÇAĞATAY ŞAHAN,6.12.2013 - 20:00
1123,https://www.tff.org/Default.aspx?pageId=29&macId=118576,ÇAYKUR RİZESPOR A.Ş.,1,FENERBAHÇE A.Ş.,2,YENİ RİZE ŞEHİR - RİZE,YUNUS YILDIRIM,7.12.2013 - 19:00
1125,https://www.tff.org/Default.aspx?pageId=29&macId=118578,MEDİCAL PARK ANTALYASPOR,1,KASIMPAŞA A.Ş.,1,AKDENİZ ÜNİVERSİTESİ STADI - ANTALYA,DENİZ ÇOBAN,7.12.2013 - 19:00
1119,https://www.tff.org/Default.aspx?pageId=29&macId=118572,AKHİSAR BELEDİYE GENÇLİK VE SPOR,2,TORKU KONYASPOR,1,MANİSA 19 MAYIS - MANİSA,SÜLEYMAN ABAY,8.12.2013 - 13:30
1118,https://www.tff.org/Default.aspx?pageId=29&macId=118571,KARDEMİR KARABÜKSPOR,1,KAYSERİSPOR,0,DR.NECMETTİN ŞEYHOĞLU - KARABÜK,TOLGA ÖZKALFA,8.12.2013 - 16:00
1121,https://www.tff.org/Default.aspx?pageId=29&macId=118574,BURSASPOR,0,GENÇLERBİRLİĞİ,0,BURSA ATATÜRK - BURSA,BARIŞ ŞİMŞEK,8.12.2013 - 16:00
1120,https://www.tff.org/Default.aspx?pageId=29&macId=118573,GAZİANTEPSPOR,3,TRABZONSPOR A.Ş.,2,KAMİL OCAK - GAZİANTEP,İLKER MERAL,8.12.2013 - 19:00
1122,https://www.tff.org/Default.aspx?pageId=29&macId=118575,KAYSERİ ERCİYESSPOR,0,ESKİŞEHİRSPOR,2,BÜYÜKŞEHİR BELEDİYESİ KADİR HAS - KAYSERİ,MUSTAFA İLKER COŞKUN,9.12.2013 - 20:00
1124,https://www.tff.org/Default.aspx?pageId=29&macId=118577,BEŞİKTAŞ A.Ş.,1,SİVASSPOR,1,RECEP TAYYİP ERDOĞAN STADYUMU - İSTANBUL,MUSTAFA KAMİL ABİTOĞLU,9.12.2013 - 20:00
1127,https://www.tff.org/Default.aspx?pageId=29&macId=118580,TORKU KONYASPOR,2,KARDEMİR KARABÜKSPOR,3,BŞ BLD ATATÜRK - KONYA,MUSTAFA ÖĞRETMENOĞLU,13.12.2013 - 20:00
1134,https://www.tff.org/Default.aspx?pageId=29&macId=118587,FENERBAHÇE A.Ş.,4,AKHİSAR BELEDİYE GENÇLİK VE SPOR,0,FB ŞÜKRÜ SARACOĞLU - İSTANBUL,METE KALKAVAN,13.12.2013 - 20:00
1129,https://www.tff.org/Default.aspx?pageId=29&macId=118582,SİVASSPOR,3,ÇAYKUR RİZESPOR A.Ş.,1,SİVAS 4 EYLÜL - SİVAS,CÜNEYT ÇAKIR,14.12.2013 - 13:30
1132,https://www.tff.org/Default.aspx?pageId=29&macId=118585,SANİCA BORU ELAZIĞSPOR,4,MEDİCAL PARK ANTALYASPOR,1,ELAZIĞ ATATÜRK - ELAZIĞ,FIRAT AYDINUS,14.12.2013 - 16:00
1130,https://www.tff.org/Default.aspx?pageId=29&macId=118583,KAYSERİSPOR,1,ESKİŞEHİRSPOR,1,BÜYÜKŞEHİR BELEDİYESİ KADİR HAS - KAYSERİ,HÜSEYİN GÖÇEK,14.12.2013 - 19:00
1128,https://www.tff.org/Default.aspx?pageId=29&macId=118581,GENÇLERBİRLİĞİ,1,GALATASARAY A.Ş.,1,ANKARA 19 MAYIS - ANKARA,YUNUS YILDIRIM,15.12.2013 - 15:30
1135,https://www.tff.org/Default.aspx?pageId=29&macId=118588,GAZİANTEPSPOR,2,KAYSERİ ERCİYESSPOR,1,KAMİL OCAK - GAZİANTEP,ÖZGÜR YANKAYA,15.12.2013 - 19:00
1131,https://www.tff.org/Default.aspx?pageId=29&macId=118584,TRABZONSPOR A.Ş.,2,BURSASPOR,2,HÜSEYİN AVNİ AKER - TRABZON,HALİS ÖZKAHYA,16.12.2013 - 20:00
1307,https://www.tff.org/Default.aspx?pageId=29&macId=129310,KASIMPAŞA A.Ş.,0,BEŞİKTAŞ A.Ş.,3,RECEP TAYYİP ERDOĞAN STADYUMU - İSTANBUL,TOLGA ÖZKALFA,11.02.2014 - 20:00
1142,https://www.tff.org/Default.aspx?pageId=29&macId=118595,ÇAYKUR RİZESPOR A.Ş.,0,KASIMPAŞA A.Ş.,0,YENİ RİZE ŞEHİR - RİZE,İLKER MERAL,20.12.2013 - 19:00
1143,https://www.tff.org/Default.aspx?pageId=29&macId=118596,BEŞİKTAŞ A.Ş.,4,SANİCA BORU ELAZIĞSPOR,1,RECEP TAYYİP ERDOĞAN STADYUMU - İSTANBUL,METE KALKAVAN,21.12.2013 - 19:04
1138,https://www.tff.org/Default.aspx?pageId=29&macId=118591,ESKİŞEHİRSPOR,2,GAZİANTEPSPOR,0,ESKİŞEHİR ATATÜRK - ESKİŞEHİR,CÜNEYT ÇAKIR,22.12.2013 - 13:30
1140,https://www.tff.org/Default.aspx?pageId=29&macId=118593,KAYSERİSPOR,0,TORKU KONYASPOR,0,BÜYÜKŞEHİR BELEDİYESİ KADİR HAS - KAYSERİ,YUNUS YILDIRIM,22.12.2013 - 13:30
1137,https://www.tff.org/Default.aspx?pageId=29&macId=118590,MEDİCAL PARK ANTALYASPOR,2,GENÇLERBİRLİĞİ,3,AKDENİZ ÜNİVERSİTESİ STADI - ANTALYA,TOLGA ÖZKALFA,22.12.2013 - 16:00
1141,https://www.tff.org/Default.aspx?pageId=29&macId=118594,KARDEMİR KARABÜKSPOR,2,FENERBAHÇE A.Ş.,1,DR.NECMETTİN ŞEYHOĞLU - KARABÜK,BÜLENT YILDIRIM,22.12.2013 - 16:00
1144,https://www.tff.org/Default.aspx?pageId=29&macId=118597,GALATASARAY A.Ş.,2,TRABZONSPOR A.Ş.,1,ALİ SAMİ YEN SPOR KOMPLEKSİ TÜRK TELEKOM STADYUMU,FIRAT AYDINUS,22.12.2013 - 20:00
1136,https://www.tff.org/Default.aspx?pageId=29&macId=118589,AKHİSAR BELEDİYE GENÇLİK VE SPOR,2,SİVASSPOR,1,MANİSA 19 MAYIS - MANİSA,SERKAN ÇINAR,23.12.2013 - 20:00
1139,https://www.tff.org/Default.aspx?pageId=29&macId=118592,BURSASPOR,3,KAYSERİ ERCİYESSPOR,1,BURSA ATATÜRK - BURSA,SÜLEYMAN ABAY,23.12.2013 - 20:00
1150,https://www.tff.org/Default.aspx?pageId=29&macId=118603,GENÇLERBİRLİĞİ,1,BEŞİKTAŞ A.Ş.,0,ANKARA 19 MAYIS - ANKARA,ÖZGÜR YANKAYA,27.12.2013 - 20:00
1151,https://www.tff.org/Default.aspx?pageId=29&macId=118604,KASIMPAŞA A.Ş.,2,AKHİSAR BELEDİYE GENÇLİK VE SPOR,4,RECEP TAYYİP ERDOĞAN STADYUMU - İSTANBUL,MUSTAFA ÖĞRETMENOĞLU,27.12.2013 - 20:00
1146,https://www.tff.org/Default.aspx?pageId=29&macId=118599,SANİCA BORU ELAZIĞSPOR,1,ÇAYKUR RİZESPOR A.Ş.,0,ELAZIĞ ATATÜRK - ELAZIĞ,HALİS ÖZKAHYA,28.12.2013 - 13:30
1153,https://www.tff.org/Default.aspx?pageId=29&macId=118606,GAZİANTEPSPOR,0,BURSASPOR,0,KAMİL OCAK - GAZİANTEP,ABDULLAH YILMAZ,28.12.2013 - 16:00
1148,https://www.tff.org/Default.aspx?pageId=29&macId=118601,KAYSERİ ERCİYESSPOR,1,GALATASARAY A.Ş.,3,BÜYÜKŞEHİR BELEDİYESİ KADİR HAS - KAYSERİ,TOLGA ÖZKALFA,28.12.2013 - 19:00
1145,https://www.tff.org/Default.aspx?pageId=29&macId=118598,TORKU KONYASPOR,4,ESKİŞEHİRSPOR,1,BŞ BLD ATATÜRK - KONYA,ÇAĞATAY ŞAHAN,29.12.2013 - 13:30
1152,https://www.tff.org/Default.aspx?pageId=29&macId=118605,SİVASSPOR,3,KARDEMİR KARABÜKSPOR,1,SİVAS 4 EYLÜL - SİVAS,METE KALKAVAN,29.12.2013 - 13:30
1149,https://www.tff.org/Default.aspx?pageId=29&macId=118602,TRABZONSPOR A.Ş.,2,MEDİCAL PARK ANTALYASPOR,1,HÜSEYİN AVNİ AKER - TRABZON,HÜSEYİN GÖÇEK,29.12.2013 - 16:00
1147,https://www.tff.org/Default.aspx?pageId=29&macId=118600,FENERBAHÇE A.Ş.,5,KAYSERİSPOR,1,FB ŞÜKRÜ SARACOĞLU - İSTANBUL,İLKER MERAL,29.12.2013 - 19:00
1155,https://www.tff.org/Default.aspx?pageId=29&macId=118608,KASIMPAŞA A.Ş.,0,KARDEMİR KARABÜKSPOR,0,RECEP TAYYİP ERDOĞAN STADYUMU - İSTANBUL,CÜNEYT ÇAKIR,24.01.2014 - 20:00
1158,https://www.tff.org/Default.aspx?pageId=29&macId=118611,GENÇLERBİRLİĞİ,3,ÇAYKUR RİZESPOR A.Ş.,1,ANKARA 19 MAYIS - ANKARA,DENİZ ATEŞ BİTNEL,25.01.2014 - 13:30
1162,https://www.tff.org/Default.aspx?pageId=29&macId=118615,BURSASPOR,3,ESKİŞEHİRSPOR,1,BURSA ATATÜRK - BURSA,BÜLENT YILDIRIM,25.01.2014 - 16:00
1159,https://www.tff.org/Default.aspx?pageId=29&macId=118612,TRABZONSPOR A.Ş.,1,BEŞİKTAŞ A.Ş.,1,HÜSEYİN AVNİ AKER - TRABZON,YUNUS YILDIRIM,25.01.2014 - 19:00
1157,https://www.tff.org/Default.aspx?pageId=29&macId=118610,SİVASSPOR,3,KAYSERİSPOR,0,SİVAS 4 EYLÜL - SİVAS,FIRAT AYDINUS,26.01.2014 - 13:30
1156,https://www.tff.org/Default.aspx?pageId=29&macId=118609,SANİCA BORU ELAZIĞSPOR,2,AKHİSAR BELEDİYE GENÇLİK VE SPOR,1,ELAZIĞ ATATÜRK - ELAZIĞ,MUSTAFA KAMİL ABİTOĞLU,26.01.2014 - 15:30
1160,https://www.tff.org/Default.aspx?pageId=29&macId=118613,KAYSERİ ERCİYESSPOR,1,MEDİCAL PARK ANTALYASPOR,3,BÜYÜKŞEHİR BELEDİYESİ KADİR HAS - KAYSERİ,ÇAĞATAY ŞAHAN,26.01.2014 - 16:00
1161,https://www.tff.org/Default.aspx?pageId=29&macId=118614,GAZİANTEPSPOR,0,GALATASARAY A.Ş.,0,KAMİL OCAK - GAZİANTEP,İLKER MERAL,26.01.2014 - 19:00
1154,https://www.tff.org/Default.aspx?pageId=29&macId=118607,FENERBAHÇE A.Ş.,2,TORKU KONYASPOR,1,FB ŞÜKRÜ SARACOĞLU - İSTANBUL,ALİ PALABIYIK,27.01.2014 - 20:00
1165,https://www.tff.org/Default.aspx?pageId=29&macId=118618,BEŞİKTAŞ A.Ş.,3,KAYSERİ ERCİYESSPOR,2,ATATÜRK OLİMPİYAT - İSTANBUL,CÜNEYT ÇAKIR,31.01.2014 - 20:00
1163,https://www.tff.org/Default.aspx?pageId=29&macId=118616,KAYSERİSPOR,0,KASIMPAŞA A.Ş.,0,BÜYÜKŞEHİR BELEDİYESİ KADİR HAS - KAYSERİ,ÇAĞATAY ŞAHAN,1.02.2014 - 15:00
1164,https://www.tff.org/Default.aspx?pageId=29&macId=118617,MEDİCAL PARK ANTALYASPOR,0,GAZİANTEPSPOR,1,AKDENİZ ÜNİVERSİTESİ STADI - ANTALYA,FIRAT AYDINUS,1.02.2014 - 19:00
1169,https://www.tff.org/Default.aspx?pageId=29&macId=118622,ESKİŞEHİRSPOR,2,FENERBAHÇE A.Ş.,1,ESKİŞEHİR ATATÜRK - ESKİŞEHİR,MUSTAFA KAMİL ABİTOĞLU,1.02.2014 - 19:00
1167,https://www.tff.org/Default.aspx?pageId=29&macId=118620,KARDEMİR KARABÜKSPOR,3,SANİCA BORU ELAZIĞSPOR,1,DR.NECMETTİN ŞEYHOĞLU - KARABÜK,ÖZGÜR YANKAYA,2.02.2014 - 13:30
1168,https://www.tff.org/Default.aspx?pageId=29&macId=118621,TORKU KONYASPOR,3,SİVASSPOR,0,BŞ BLD ATATÜRK - KONYA,BÜLENT YILDIRIM,2.02.2014 - 16:00
1170,https://www.tff.org/Default.aspx?pageId=29&macId=118623,AKHİSAR BELEDİYE GENÇLİK VE SPOR,3,GENÇLERBİRLİĞİ,1,MANİSA 19 MAYIS - MANİSA,BARIŞ ŞİMŞEK,2.02.2014 - 16:00
1171,https://www.tff.org/Default.aspx?pageId=29&macId=118624,GALATASARAY A.Ş.,6,BURSASPOR,0,ALİ SAMİ YEN SPOR KOMPLEKSİ TÜRK TELEKOM STADYUMU,METE KALKAVAN,2.02.2014 - 19:00
1166,https://www.tff.org/Default.aspx?pageId=29&macId=118619,ÇAYKUR RİZESPOR A.Ş.,0,TRABZONSPOR A.Ş.,0,YENİ RİZE ŞEHİR - RİZE,TOLGA ÖZKALFA,3.02.2014 - 20:00
1175,https://www.tff.org/Default.aspx?pageId=29&macId=118628,KASIMPAŞA A.Ş.,1,TORKU KONYASPOR,3,RECEP TAYYİP ERDOĞAN STADYUMU - İSTANBUL,İLKER MERAL,7.02.2014 - 20:00
1180,https://www.tff.org/Default.aspx?pageId=29&macId=118633,GAZİANTEPSPOR,1,BEŞİKTAŞ A.Ş.,2,KAMİL OCAK - GAZİANTEP,MUSTAFA KAMİL ABİTOĞLU,7.02.2014 - 20:00
1174,https://www.tff.org/Default.aspx?pageId=29&macId=118627,KAYSERİ ERCİYESSPOR,1,ÇAYKUR RİZESPOR A.Ş.,1,BÜYÜKŞEHİR BELEDİYESİ KADİR HAS - KAYSERİ,FIRAT AYDINUS,8.02.2014 - 16:00
1172,https://www.tff.org/Default.aspx?pageId=29&macId=118625,GALATASARAY A.Ş.,3,ESKİŞEHİRSPOR,0,ALİ SAMİ YEN SPOR KOMPLEKSİ TÜRK TELEKOM STADYUMU,CÜNEYT ÇAKIR,8.02.2014 - 19:00
1173,https://www.tff.org/Default.aspx?pageId=29&macId=118626,SANİCA BORU ELAZIĞSPOR,3,KAYSERİSPOR,0,ELAZIĞ ATATÜRK - ELAZIĞ,HALİS ÖZKAHYA,9.02.2014 - 13:30
1179,https://www.tff.org/Default.aspx?pageId=29&macId=118632,SİVASSPOR,2,FENERBAHÇE A.Ş.,0,SİVAS 4 EYLÜL - SİVAS,YUNUS YILDIRIM,9.02.2014 - 16:00
1177,https://www.tff.org/Default.aspx?pageId=29&macId=118630,TRABZONSPOR A.Ş.,2,AKHİSAR BELEDİYE GENÇLİK VE SPOR,4,HÜSEYİN AVNİ AKER - TRABZON,ALİ PALABIYIK,9.02.2014 - 19:00
1178,https://www.tff.org/Default.aspx?pageId=29&macId=118631,BURSASPOR,1,MEDİCAL PARK ANTALYASPOR,1,BURSA ATATÜRK - BURSA,ÖZGÜR YANKAYA,9.02.2014 - 19:00
1176,https://www.tff.org/Default.aspx?pageId=29&macId=118629,GENÇLERBİRLİĞİ,1,KARDEMİR KARABÜKSPOR,2,ANKARA 19 MAYIS - ANKARA,METE KALKAVAN,10.02.2014 - 19:00
1188,https://www.tff.org/Default.aspx?pageId=29&macId=118641,ÇAYKUR RİZESPOR A.Ş.,5,GAZİANTEPSPOR,1,YENİ RİZE ŞEHİR - RİZE,BÜLENT YILDIRIM,14.02.2014 - 20:00
1185,https://www.tff.org/Default.aspx?pageId=29&macId=118638,KAYSERİSPOR,1,GENÇLERBİRLİĞİ,0,BÜYÜKŞEHİR BELEDİYESİ KADİR HAS - KAYSERİ,HÜSEYİN GÖÇEK,15.02.2014 - 16:00
1181,https://www.tff.org/Default.aspx?pageId=29&macId=118634,KARDEMİR KARABÜKSPOR,2,TRABZONSPOR A.Ş.,2,DR.NECMETTİN ŞEYHOĞLU - KARABÜK,SÜLEYMAN ABAY,15.02.2014 - 19:00
1184,https://www.tff.org/Default.aspx?pageId=29&macId=118637,AKHİSAR BELEDİYE GENÇLİK VE SPOR,0,KAYSERİ ERCİYESSPOR,2,MANİSA 19 MAYIS - MANİSA,METE KALKAVAN,16.02.2014 - 14:00
1189,https://www.tff.org/Default.aspx?pageId=29&macId=118642,BEŞİKTAŞ A.Ş.,1,BURSASPOR,0,ATATÜRK OLİMPİYAT - İSTANBUL,İLKER MERAL,16.02.2014 - 14:00
1186,https://www.tff.org/Default.aspx?pageId=29&macId=118639,FENERBAHÇE A.Ş.,2,KASIMPAŞA A.Ş.,1,FB ŞÜKRÜ SARACOĞLU - İSTANBUL,FIRAT AYDINUS,16.02.2014 - 19:00
1182,https://www.tff.org/Default.aspx?pageId=29&macId=118635,TORKU KONYASPOR,2,SANİCA BORU ELAZIĞSPOR,3,BŞ BLD ATATÜRK - KONYA,CÜNEYT ÇAKIR,17.02.2014 - 19:00
1183,https://www.tff.org/Default.aspx?pageId=29&macId=118636,MEDİCAL PARK ANTALYASPOR,2,GALATASARAY A.Ş.,2,AKDENİZ ÜNİVERSİTESİ STADI - ANTALYA,HALİS ÖZKAHYA,17.02.2014 - 20:00
1187,https://www.tff.org/Default.aspx?pageId=29&macId=118640,ESKİŞEHİRSPOR,2,SİVASSPOR,2,ESKİŞEHİR ATATÜRK - ESKİŞEHİR,DENİZ ÇOBAN,17.02.2014 - 20:00
1197,https://www.tff.org/Default.aspx?pageId=29&macId=118650,BURSASPOR,2,ÇAYKUR RİZESPOR A.Ş.,0,BURSA ATATÜRK - BURSA,ÇAĞATAY ŞAHAN,21.02.2014 - 20:00
1196,https://www.tff.org/Default.aspx?pageId=29&macId=118649,GAZİANTEPSPOR,1,AKHİSAR BELEDİYE GENÇLİK VE SPOR,1,KAMİL OCAK - GAZİANTEP,TOLGA ÖZKALFA,22.02.2014 - 13:30
1195,https://www.tff.org/Default.aspx?pageId=29&macId=118648,KAYSERİ ERCİYESSPOR,2,KARDEMİR KARABÜKSPOR,1,BÜYÜKŞEHİR BELEDİYESİ KADİR HAS - KAYSERİ,BARIŞ ŞİMŞEK,22.02.2014 - 17:00
1198,https://www.tff.org/Default.aspx?pageId=29&macId=118651,GALATASARAY A.Ş.,1,BEŞİKTAŞ A.Ş.,0,ALİ SAMİ YEN SPOR KOMPLEKSİ TÜRK TELEKOM STADYUMU,CÜNEYT ÇAKIR,22.02.2014 - 19:00
1190,https://www.tff.org/Default.aspx?pageId=29&macId=118643,GENÇLERBİRLİĞİ,2,TORKU KONYASPOR,2,ANKARA 19 MAYIS - ANKARA,HALİS ÖZKAHYA,23.02.2014 - 13:30
1191,https://www.tff.org/Default.aspx?pageId=29&macId=118644,KASIMPAŞA A.Ş.,6,SİVASSPOR,2,RECEP TAYYİP ERDOĞAN STADYUMU - İSTANBUL,BÜLENT YILDIRIM,23.02.2014 - 13:30
1193,https://www.tff.org/Default.aspx?pageId=29&macId=118646,MEDİCAL PARK ANTALYASPOR,0,ESKİŞEHİRSPOR,0,AKDENİZ ÜNİVERSİTESİ STADI - ANTALYA,ALİ PALABIYIK,23.02.2014 - 16:00
1194,https://www.tff.org/Default.aspx?pageId=29&macId=118647,TRABZONSPOR A.Ş.,2,KAYSERİSPOR,1,HÜSEYİN AVNİ AKER - TRABZON,FIRAT AYDINUS,23.02.2014 - 19:00
1192,https://www.tff.org/Default.aspx?pageId=29&macId=118645,SANİCA BORU ELAZIĞSPOR,1,FENERBAHÇE A.Ş.,1,ELAZIĞ ATATÜRK - ELAZIĞ,HÜSEYİN GÖÇEK,24.02.2014 - 20:00
1201,https://www.tff.org/Default.aspx?pageId=29&macId=118654,AKHİSAR BELEDİYE GENÇLİK VE SPOR,2,BURSASPOR,1,MANİSA 19 MAYIS - MANİSA,MUSTAFA ÖĞRETMENOĞLU,28.02.2014 - 20:00
1205,https://www.tff.org/Default.aspx?pageId=29&macId=118658,BEŞİKTAŞ A.Ş.,0,MEDİCAL PARK ANTALYASPOR,0,ATATÜRK OLİMPİYAT - İSTANBUL,ÇAĞATAY ŞAHAN,28.02.2014 - 20:00
1207,https://www.tff.org/Default.aspx?pageId=29&macId=118660,KARDEMİR KARABÜKSPOR,0,GAZİANTEPSPOR,1,DR.NECMETTİN ŞEYHOĞLU - KARABÜK,VOLKAN BAYARSLAN,1.03.2014 - 16:00
1200,https://www.tff.org/Default.aspx?pageId=29&macId=118653,ESKİŞEHİRSPOR,0,KASIMPAŞA A.Ş.,0,ESKİŞEHİR ATATÜRK - ESKİŞEHİR,HALİS ÖZKAHYA,1.03.2014 - 19:00
1204,https://www.tff.org/Default.aspx?pageId=29&macId=118657,FENERBAHÇE A.Ş.,2,GENÇLERBİRLİĞİ,0,FB ŞÜKRÜ SARACOĞLU - İSTANBUL,CÜNEYT ÇAKIR,1.03.2014 - 19:00
1199,https://www.tff.org/Default.aspx?pageId=29&macId=118652,SİVASSPOR,1,SANİCA BORU ELAZIĞSPOR,3,SİVAS 4 EYLÜL - SİVAS,FIRAT AYDINUS,2.03.2014 - 13:30
1202,https://www.tff.org/Default.aspx?pageId=29&macId=118655,KAYSERİSPOR,0,KAYSERİ ERCİYESSPOR,4,BÜYÜKŞEHİR BELEDİYESİ KADİR HAS - KAYSERİ,BÜLENT YILDIRIM,2.03.2014 - 13:30
1203,https://www.tff.org/Default.aspx?pageId=29&macId=118656,TORKU KONYASPOR,0,TRABZONSPOR A.Ş.,0,BŞ BLD ATATÜRK - KONYA,HÜSEYİN GÖÇEK,2.03.2014 - 16:00
1206,https://www.tff.org/Default.aspx?pageId=29&macId=118659,ÇAYKUR RİZESPOR A.Ş.,1,GALATASARAY A.Ş.,1,YENİ RİZE ŞEHİR - RİZE,MUSTAFA KAMİL ABİTOĞLU,2.03.2014 - 19:00
1210,https://www.tff.org/Default.aspx?pageId=29&macId=118663,SANİCA BORU ELAZIĞSPOR,0,KASIMPAŞA A.Ş.,0,ELAZIĞ ATATÜRK - ELAZIĞ,ÇAĞATAY ŞAHAN,8.03.2014 - 13:30
1212,https://www.tff.org/Default.aspx?pageId=29&macId=118665,BURSASPOR,1,KARDEMİR KARABÜKSPOR,0,BURSA ATATÜRK - BURSA,HALİS ÖZKAHYA,8.03.2014 - 16:00
1208,https://www.tff.org/Default.aspx?pageId=29&macId=118661,KAYSERİ ERCİYESSPOR,1,TORKU KONYASPOR,0,BÜYÜKŞEHİR BELEDİYESİ KADİR HAS - KAYSERİ,İLKER MERAL,8.03.2014 - 19:00
1209,https://www.tff.org/Default.aspx?pageId=29&macId=118662,GALATASARAY A.Ş.,6,AKHİSAR BELEDİYE GENÇLİK VE SPOR,1,ALİ SAMİ YEN SPOR KOMPLEKSİ TÜRK TELEKOM STADYUMU,FIRAT AYDINUS,8.03.2014 - 19:00
1211,https://www.tff.org/Default.aspx?pageId=29&macId=118664,GAZİANTEPSPOR,2,KAYSERİSPOR,1,KAMİL OCAK - GAZİANTEP,BARIŞ ŞİMŞEK,9.03.2014 - 13:30
1214,https://www.tff.org/Default.aspx?pageId=29&macId=118667,GENÇLERBİRLİĞİ,2,SİVASSPOR,1,ANKARA 19 MAYIS - ANKARA,TOLGA ÖZKALFA,9.03.2014 - 13:30
1213,https://www.tff.org/Default.aspx?pageId=29&macId=118666,MEDİCAL PARK ANTALYASPOR,1,ÇAYKUR RİZESPOR A.Ş.,2,AKDENİZ ÜNİVERSİTESİ STADI - ANTALYA,CÜNEYT ÇAKIR,9.03.2014 - 16:00
1216,https://www.tff.org/Default.aspx?pageId=29&macId=118669,BEŞİKTAŞ A.Ş.,1,ESKİŞEHİRSPOR,0,ATATÜRK OLİMPİYAT - İSTANBUL,MUSTAFA KAMİL ABİTOĞLU,9.03.2014 - 19:00
1215,https://www.tff.org/Default.aspx?pageId=29&macId=118668,TRABZONSPOR A.Ş.,0,FENERBAHÇE A.Ş.,3,HÜSEYİN AVNİ AKER - TRABZON,BÜLENT YILDIRIM,10.03.2014 - 20:00
1219,https://www.tff.org/Default.aspx?pageId=29&macId=118672,KARDEMİR KARABÜKSPOR,0,GALATASARAY A.Ş.,0,DR.NECMETTİN ŞEYHOĞLU - KARABÜK,İLKER MERAL,14.03.2014 - 20:00
1221,https://www.tff.org/Default.aspx?pageId=29&macId=118674,KASIMPAŞA A.Ş.,1,GENÇLERBİRLİĞİ,2,RECEP TAYYİP ERDOĞAN STADYUMU - İSTANBUL,ABDULLAH YILMAZ,15.03.2014 - 13:30
1224,https://www.tff.org/Default.aspx?pageId=29&macId=118677,AKHİSAR BELEDİYE GENÇLİK VE SPOR,0,MEDİCAL PARK ANTALYASPOR,0,MANİSA 19 MAYIS - MANİSA,MUSTAFA İLKER COŞKUN,15.03.2014 - 16:00
1223,https://www.tff.org/Default.aspx?pageId=29&macId=118676,ÇAYKUR RİZESPOR A.Ş.,2,BEŞİKTAŞ A.Ş.,2,YENİ RİZE ŞEHİR - RİZE,ALİ PALABIYIK,15.03.2014 - 19:00
1225,https://www.tff.org/Default.aspx?pageId=29&macId=118678,TORKU KONYASPOR,0,GAZİANTEPSPOR,1,BŞ BLD ATATÜRK - KONYA,SERKAN ÇINAR,16.03.2014 - 13:00
1222,https://www.tff.org/Default.aspx?pageId=29&macId=118675,ESKİŞEHİRSPOR,1,SANİCA BORU ELAZIĞSPOR,0,ESKİŞEHİR ATATÜRK - ESKİŞEHİR,HÜSEYİN GÖÇEK,16.03.2014 - 13:30
1218,https://www.tff.org/Default.aspx?pageId=29&macId=118671,SİVASSPOR,0,TRABZONSPOR A.Ş.,4,SİVAS 4 EYLÜL - SİVAS,CÜNEYT ÇAKIR,16.03.2014 - 16:00
1220,https://www.tff.org/Default.aspx?pageId=29&macId=118673,FENERBAHÇE A.Ş.,2,KAYSERİ ERCİYESSPOR,1,FB ŞÜKRÜ SARACOĞLU - İSTANBUL,ÇAĞATAY ŞAHAN,16.03.2014 - 19:00
1217,https://www.tff.org/Default.aspx?pageId=29&macId=118670,KAYSERİSPOR,2,BURSASPOR,0,BÜYÜKŞEHİR BELEDİYESİ KADİR HAS - KAYSERİ,TOLGA ÖZKALFA,17.03.2014 - 20:00
1232,https://www.tff.org/Default.aspx?pageId=29&macId=118685,TRABZONSPOR A.Ş.,0,KASIMPAŞA A.Ş.,0,HÜSEYİN AVNİ AKER - TRABZON,MUSTAFA İLKER COŞKUN,21.03.2014 - 20:00
1234,https://www.tff.org/Default.aspx?pageId=29&macId=118687,ÇAYKUR RİZESPOR A.Ş.,0,ESKİŞEHİRSPOR,0,YENİ RİZE ŞEHİR - RİZE,FIRAT AYDINUS,22.03.2014 - 13:30
1229,https://www.tff.org/Default.aspx?pageId=29&macId=118682,BURSASPOR,1,TORKU KONYASPOR,2,BURSA ATATÜRK - BURSA,BARIŞ ŞİMŞEK,22.03.2014 - 16:00
1226,https://www.tff.org/Default.aspx?pageId=29&macId=118679,MEDİCAL PARK ANTALYASPOR,0,KARDEMİR KARABÜKSPOR,0,AKDENİZ ÜNİVERSİTESİ STADI - ANTALYA,ABDULLAH YILMAZ,22.03.2014 - 19:00
1230,https://www.tff.org/Default.aspx?pageId=29&macId=118683,GALATASARAY A.Ş.,0,KAYSERİSPOR,1,ALİ SAMİ YEN SPOR KOMPLEKSİ TÜRK TELEKOM STADYUMU,HÜSEYİN GÖÇEK,22.03.2014 - 19:00
1227,https://www.tff.org/Default.aspx?pageId=29&macId=118680,GENÇLERBİRLİĞİ,3,SANİCA BORU ELAZIĞSPOR,1,ANKARA 19 MAYIS - ANKARA,SÜLEYMAN ABAY,23.03.2014 - 13:30
1233,https://www.tff.org/Default.aspx?pageId=29&macId=118686,KAYSERİ ERCİYESSPOR,1,SİVASSPOR,1,BÜYÜKŞEHİR BELEDİYESİ KADİR HAS - KAYSERİ,ÖZGÜR YANKAYA,23.03.2014 - 16:00
1231,https://www.tff.org/Default.aspx?pageId=29&macId=118684,BEŞİKTAŞ A.Ş.,3,AKHİSAR BELEDİYE GENÇLİK VE SPOR,0,ATATÜRK OLİMPİYAT - İSTANBUL,BÜLENT YILDIRIM,23.03.2014 - 19:00
1228,https://www.tff.org/Default.aspx?pageId=29&macId=118681,GAZİANTEPSPOR,0,FENERBAHÇE A.Ş.,3,KAMİL OCAK - GAZİANTEP,HALİS ÖZKAHYA,24.03.2014 - 20:00
1238,https://www.tff.org/Default.aspx?pageId=29&macId=118691,KASIMPAŞA A.Ş.,3,KAYSERİ ERCİYESSPOR,0,RECEP TAYYİP ERDOĞAN STADYUMU - İSTANBUL,SÜLEYMAN ABAY,28.03.2014 - 20:00
1242,https://www.tff.org/Default.aspx?pageId=29&macId=118695,KARDEMİR KARABÜKSPOR,1,BEŞİKTAŞ A.Ş.,0,DR.NECMETTİN ŞEYHOĞLU - KARABÜK,TOLGA ÖZKALFA,28.03.2014 - 20:00
1236,https://www.tff.org/Default.aspx?pageId=29&macId=118689,SİVASSPOR,3,GAZİANTEPSPOR,2,SİVAS 4 EYLÜL - SİVAS,ALİ PALABIYIK,29.03.2014 - 13:30
1239,https://www.tff.org/Default.aspx?pageId=29&macId=118692,SANİCA BORU ELAZIĞSPOR,0,TRABZONSPOR A.Ş.,0,ELAZIĞ ATATÜRK - ELAZIĞ,METE KALKAVAN,29.03.2014 - 16:00
1241,https://www.tff.org/Default.aspx?pageId=29&macId=118694,AKHİSAR BELEDİYE GENÇLİK VE SPOR,2,ÇAYKUR RİZESPOR A.Ş.,3,MANİSA 19 MAYIS - MANİSA,VOLKAN BAYARSLAN,29.03.2014 - 19:00
1243,https://www.tff.org/Default.aspx?pageId=29&macId=118696,TORKU KONYASPOR,0,GALATASARAY A.Ş.,0,BŞ BLD ATATÜRK - KONYA,HALİS ÖZKAHYA,29.03.2014 - 19:00
1235,https://www.tff.org/Default.aspx?pageId=29&macId=118688,KAYSERİSPOR,3,MEDİCAL PARK ANTALYASPOR,1,BÜYÜKŞEHİR BELEDİYESİ KADİR HAS - KAYSERİ,FIRAT AYDINUS,31.03.2014 - 20:00
1237,https://www.tff.org/Default.aspx?pageId=29&macId=118690,FENERBAHÇE A.Ş.,3,BURSASPOR,0,FB ŞÜKRÜ SARACOĞLU - İSTANBUL,CÜNEYT ÇAKIR,31.03.2014 - 20:00
1240,https://www.tff.org/Default.aspx?pageId=29&macId=118693,ESKİŞEHİRSPOR,0,GENÇLERBİRLİĞİ,1,ESKİŞEHİR ATATÜRK - ESKİŞEHİR,SUAT ARSLANBOĞA,31.03.2014 - 20:00
1245,https://www.tff.org/Default.aspx?pageId=29&macId=118698,GAZİANTEPSPOR,2,KASIMPAŞA A.Ş.,2,KAMİL OCAK - GAZİANTEP,MUSTAFA KAMİL ABİTOĞLU,4.04.2014 - 20:00
1246,https://www.tff.org/Default.aspx?pageId=29&macId=118699,AKHİSAR BELEDİYE GENÇLİK VE SPOR,0,ESKİŞEHİRSPOR,0,MANİSA 19 MAYIS - MANİSA,ABDULLAH YILMAZ,5.04.2014 - 13:30
1247,https://www.tff.org/Default.aspx?pageId=29&macId=118700,MEDİCAL PARK ANTALYASPOR,1,TORKU KONYASPOR,1,AKDENİZ ÜNİVERSİTESİ STADI - ANTALYA,HÜSEYİN GÖÇEK,5.04.2014 - 16:00
1248,https://www.tff.org/Default.aspx?pageId=29&macId=118701,BEŞİKTAŞ A.Ş.,2,KAYSERİSPOR,1,ATATÜRK OLİMPİYAT - İSTANBUL,CÜNEYT ÇAKIR,5.04.2014 - 19:00
1249,https://www.tff.org/Default.aspx?pageId=29&macId=118702,ÇAYKUR RİZESPOR A.Ş.,0,KARDEMİR KARABÜKSPOR,1,YENİ RİZE ŞEHİR - RİZE,HALİS ÖZKAHYA,5.04.2014 - 19:00
1244,https://www.tff.org/Default.aspx?pageId=29&macId=118697,KAYSERİ ERCİYESSPOR,3,SANİCA BORU ELAZIĞSPOR,0,BÜYÜKŞEHİR BELEDİYESİ KADİR HAS - KAYSERİ,FIRAT AYDINUS,6.04.2014 - 13:30
1251,https://www.tff.org/Default.aspx?pageId=29&macId=118704,BURSASPOR,4,SİVASSPOR,3,BURSA ATATÜRK - BURSA,VOLKAN BAYARSLAN,6.04.2014 - 16:00
1252,https://www.tff.org/Default.aspx?pageId=29&macId=118705,GALATASARAY A.Ş.,1,FENERBAHÇE A.Ş.,0,ALİ SAMİ YEN SPOR KOMPLEKSİ TÜRK TELEKOM STADYUMU,BÜLENT YILDIRIM,6.04.2014 - 19:00
1250,https://www.tff.org/Default.aspx?pageId=29&macId=118703,TRABZONSPOR A.Ş.,3,GENÇLERBİRLİĞİ,0,HÜSEYİN AVNİ AKER - TRABZON,İLKER MERAL,7.04.2014 - 20:00
1260,https://www.tff.org/Default.aspx?pageId=29&macId=118713,TORKU KONYASPOR,1,BEŞİKTAŞ A.Ş.,1,BŞ BLD ATATÜRK - KONYA,ÇAĞATAY ŞAHAN,11.04.2014 - 20:00
1256,https://www.tff.org/Default.aspx?pageId=29&macId=118709,KASIMPAŞA A.Ş.,1,BURSASPOR,1,RECEP TAYYİP ERDOĞAN STADYUMU - İSTANBUL,ALİ PALABIYIK,12.04.2014 - 13:30
1259,https://www.tff.org/Default.aspx?pageId=29&macId=118712,KARDEMİR KARABÜKSPOR,0,AKHİSAR BELEDİYE GENÇLİK VE SPOR,2,DR.NECMETTİN ŞEYHOĞLU - KARABÜK,FIRAT AYDINUS,12.04.2014 - 16:00
1253,https://www.tff.org/Default.aspx?pageId=29&macId=118706,KAYSERİSPOR,0,ÇAYKUR RİZESPOR A.Ş.,2,BÜYÜKŞEHİR BELEDİYESİ KADİR HAS - KAYSERİ,YUNUS YILDIRIM,12.04.2014 - 19:00
1261,https://www.tff.org/Default.aspx?pageId=29&macId=118714,SİVASSPOR,2,GALATASARAY A.Ş.,1,SİVAS 4 EYLÜL - SİVAS,MUSTAFA İLKER COŞKUN,12.04.2014 - 19:00
1257,https://www.tff.org/Default.aspx?pageId=29&macId=118710,GENÇLERBİRLİĞİ,0,KAYSERİ ERCİYESSPOR,0,ANKARA 19 MAYIS - ANKARA,BARIŞ ŞİMŞEK,13.04.2014 - 13:30
1258,https://www.tff.org/Default.aspx?pageId=29&macId=118711,ESKİŞEHİRSPOR,2,TRABZONSPOR A.Ş.,2,ESKİŞEHİR ATATÜRK - ESKİŞEHİR,VOLKAN BAYARSLAN,13.04.2014 - 16:00
1254,https://www.tff.org/Default.aspx?pageId=29&macId=118707,FENERBAHÇE A.Ş.,4,MEDİCAL PARK ANTALYASPOR,1,FB ŞÜKRÜ SARACOĞLU - İSTANBUL,SÜLEYMAN ABAY,13.04.2014 - 19:00
1255,https://www.tff.org/Default.aspx?pageId=29&macId=118708,ELAZIĞSPOR,2,GAZİANTEPSPOR,1,ELAZIĞ ATATÜRK - ELAZIĞ,TOLGA ÖZKALFA,14.04.2014 - 20:00
1266,https://www.tff.org/Default.aspx?pageId=29&macId=118719,KAYSERİ ERCİYESSPOR,0,TRABZONSPOR A.Ş.,5,BÜYÜKŞEHİR BELEDİYESİ KADİR HAS - KAYSERİ,HÜSEYİN GÖÇEK,18.04.2014 - 20:00
1267,https://www.tff.org/Default.aspx?pageId=29&macId=118720,GAZİANTEPSPOR,0,GENÇLERBİRLİĞİ,1,KAMİL OCAK - GAZİANTEP,VOLKAN BAYARSLAN,19.04.2014 - 13:30
1265,https://www.tff.org/Default.aspx?pageId=29&macId=118718,AKHİSAR BELEDİYE GENÇLİK VE SPOR,2,KAYSERİSPOR,2,MANİSA 19 MAYIS - MANİSA,BARIŞ ŞİMŞEK,19.04.2014 - 16:00
1263,https://www.tff.org/Default.aspx?pageId=29&macId=118716,GALATASARAY A.Ş.,0,KASIMPAŞA A.Ş.,4,ALİ SAMİ YEN SPOR KOMPLEKSİ TÜRK TELEKOM STADYUMU,CÜNEYT ÇAKIR,19.04.2014 - 19:00
1268,https://www.tff.org/Default.aspx?pageId=29&macId=118721,BURSASPOR,1,ELAZIĞSPOR,0,BURSA ATATÜRK - BURSA,YUNUS YILDIRIM,19.04.2014 - 19:00
1262,https://www.tff.org/Default.aspx?pageId=29&macId=118715,ÇAYKUR RİZESPOR A.Ş.,3,TORKU KONYASPOR,1,YENİ RİZE ŞEHİR - RİZE,BÜLENT YILDIRIM,20.04.2014 - 13:30
1269,https://www.tff.org/Default.aspx?pageId=29&macId=118722,BEŞİKTAŞ A.Ş.,1,FENERBAHÇE A.Ş.,1,ATATÜRK OLİMPİYAT - İSTANBUL,HALİS ÖZKAHYA,20.04.2014 - 19:00
1264,https://www.tff.org/Default.aspx?pageId=29&macId=118717,MEDİCAL PARK ANTALYASPOR,1,SİVASSPOR,2,AKDENİZ ÜNİVERSİTESİ STADI - ANTALYA,ÇAĞATAY ŞAHAN,21.04.2014 - 20:00
1270,https://www.tff.org/Default.aspx?pageId=29&macId=118723,KARDEMİR KARABÜKSPOR,0,ESKİŞEHİRSPOR,0,DR.NECMETTİN ŞEYHOĞLU - KARABÜK,SERKAN ÇINAR,21.04.2014 - 20:00
1274,https://www.tff.org/Default.aspx?pageId=29&macId=118727,GENÇLERBİRLİĞİ,1,BURSASPOR,0,ANKARA 19 MAYIS - ANKARA,SÜLEYMAN ABAY,25.04.2014 - 20:00
1273,https://www.tff.org/Default.aspx?pageId=29&macId=118726,TRABZONSPOR A.Ş.,2,GAZİANTEPSPOR,1,HÜSEYİN AVNİ AKER - TRABZON,YUNUS YILDIRIM,26.04.2014 - 19:00
1271,https://www.tff.org/Default.aspx?pageId=29&macId=118724,KAYSERİSPOR,1,KARDEMİR KARABÜKSPOR,3,BÜYÜKŞEHİR BELEDİYESİ KADİR HAS - KAYSERİ,MUSTAFA İLKER COŞKUN,27.04.2014 - 19:00
1272,https://www.tff.org/Default.aspx?pageId=29&macId=118725,TORKU KONYASPOR,4,AKHİSAR BELEDİYE GENÇLİK VE SPOR,0,BŞ BLD ATATÜRK - KONYA,ÖZGÜR YANKAYA,27.04.2014 - 19:00
1275,https://www.tff.org/Default.aspx?pageId=29&macId=118728,ESKİŞEHİRSPOR,0,KAYSERİ ERCİYESSPOR,1,ESKİŞEHİR ATATÜRK - ESKİŞEHİR,HALİS ÖZKAHYA,27.04.2014 - 19:00
1276,https://www.tff.org/Default.aspx?pageId=29&macId=118729,FENERBAHÇE A.Ş.,0,ÇAYKUR RİZESPOR A.Ş.,0,FB ŞÜKRÜ SARACOĞLU - İSTANBUL,TOLGA ÖZKALFA,27.04.2014 - 19:00
1277,https://www.tff.org/Default.aspx?pageId=29&macId=118730,SİVASSPOR,3,BEŞİKTAŞ A.Ş.,0,SİVAS 4 EYLÜL - SİVAS,METE KALKAVAN,27.04.2014 - 19:00
1278,https://www.tff.org/Default.aspx?pageId=29&macId=118731,KASIMPAŞA A.Ş.,2,MEDİCAL PARK ANTALYASPOR,0,RECEP TAYYİP ERDOĞAN STADYUMU - İSTANBUL,BÜLENT YILDIRIM,27.04.2014 - 19:00
1279,https://www.tff.org/Default.aspx?pageId=29&macId=118732,ELAZIĞSPOR,0,GALATASARAY A.Ş.,1,ELAZIĞ ATATÜRK - ELAZIĞ,BARIŞ ŞİMŞEK,27.04.2014 - 19:00
1280,https://www.tff.org/Default.aspx?pageId=29&macId=118733,KARDEMİR KARABÜKSPOR,2,TORKU KONYASPOR,2,DR.NECMETTİN ŞEYHOĞLU - KARABÜK,CÜNEYT ÇAKIR,3.05.2014 - 15:30
1283,https://www.tff.org/Default.aspx?pageId=29&macId=118736,ESKİŞEHİRSPOR,1,KAYSERİSPOR,4,ESKİŞEHİR ATATÜRK - ESKİŞEHİR,ABDULLAH YILMAZ,3.05.2014 - 15:30
1285,https://www.tff.org/Default.aspx?pageId=29&macId=118738,MEDİCAL PARK ANTALYASPOR,1,ELAZIĞSPOR,2,AKDENİZ ÜNİVERSİTESİ STADI - ANTALYA,HÜSEYİN GÖÇEK,3.05.2014 - 15:30
1288,https://www.tff.org/Default.aspx?pageId=29&macId=118741,KAYSERİ ERCİYESSPOR,1,GAZİANTEPSPOR,0,BÜYÜKŞEHİR BELEDİYESİ KADİR HAS - KAYSERİ,METE KALKAVAN,3.05.2014 - 15:30
1281,https://www.tff.org/Default.aspx?pageId=29&macId=118734,GALATASARAY A.Ş.,3,GENÇLERBİRLİĞİ,2,ALİ SAMİ YEN SPOR KOMPLEKSİ TÜRK TELEKOM STADYUMU,HALİS ÖZKAHYA,3.05.2014 - 19:00
1286,https://www.tff.org/Default.aspx?pageId=29&macId=118739,BEŞİKTAŞ A.Ş.,2,KASIMPAŞA A.Ş.,1,ATATÜRK OLİMPİYAT - İSTANBUL,MUSTAFA KAMİL ABİTOĞLU,3.05.2014 - 19:00
1282,https://www.tff.org/Default.aspx?pageId=29&macId=118735,ÇAYKUR RİZESPOR A.Ş.,1,SİVASSPOR,1,YENİ RİZE ŞEHİR - RİZE,VOLKAN BAYARSLAN,4.05.2014 - 15:30
1284,https://www.tff.org/Default.aspx?pageId=29&macId=118737,BURSASPOR,2,TRABZONSPOR A.Ş.,2,BURSA ATATÜRK - BURSA,ÇAĞATAY ŞAHAN,4.05.2014 - 15:30
1287,https://www.tff.org/Default.aspx?pageId=29&macId=118740,AKHİSAR BELEDİYE GENÇLİK VE SPOR,3,FENERBAHÇE A.Ş.,1,MANİSA 19 MAYIS - MANİSA,ALİ PALABIYIK,4.05.2014 - 19:00
1294,https://www.tff.org/Default.aspx?pageId=29&macId=118747,FENERBAHÇE A.Ş.,4,KARDEMİR KARABÜKSPOR,0,FB ŞÜKRÜ SARACOĞLU - İSTANBUL,İLKER MERAL,9.05.2014 - 20:00
1290,https://www.tff.org/Default.aspx?pageId=29&macId=118743,GENÇLERBİRLİĞİ,1,MEDİCAL PARK ANTALYASPOR,2,ANKARA 19 MAYIS - ANKARA,KUTLUHAN BİLGİÇ,10.05.2014 - 19:00
1289,https://www.tff.org/Default.aspx?pageId=29&macId=118742,SİVASSPOR,3,AKHİSAR BELEDİYE GENÇLİK VE SPOR,1,SİVAS 4 EYLÜL - SİVAS,MUSTAFA İLKER COŞKUN,11.05.2014 - 19:00
1291,https://www.tff.org/Default.aspx?pageId=29&macId=118744,GAZİANTEPSPOR,1,ESKİŞEHİRSPOR,1,KAMİL OCAK - GAZİANTEP,BARIŞ ŞİMŞEK,11.05.2014 - 19:00
1292,https://www.tff.org/Default.aspx?pageId=29&macId=118745,KAYSERİ ERCİYESSPOR,1,BURSASPOR,1,BÜYÜKŞEHİR BELEDİYESİ KADİR HAS - KAYSERİ,MUSTAFA KAMİL ABİTOĞLU,11.05.2014 - 19:00
1293,https://www.tff.org/Default.aspx?pageId=29&macId=118746,TORKU KONYASPOR,3,KAYSERİSPOR,0,BŞ BLD ATATÜRK - KONYA,VOLKAN BAYARSLAN,11.05.2014 - 19:00
1295,https://www.tff.org/Default.aspx?pageId=29&macId=118748,KASIMPAŞA A.Ş.,1,ÇAYKUR RİZESPOR A.Ş.,1,RECEP TAYYİP ERDOĞAN STADYUMU - İSTANBUL,YUNUS YILDIRIM,11.05.2014 - 19:00
1296,https://www.tff.org/Default.aspx?pageId=29&macId=118749,ELAZIĞSPOR,0,BEŞİKTAŞ A.Ş.,1,ELAZIĞ ATATÜRK - ELAZIĞ,TOLGA ÖZKALFA,11.05.2014 - 19:00
1297,https://www.tff.org/Default.aspx?pageId=29&macId=118750,TRABZONSPOR A.Ş.,1,GALATASARAY A.Ş.,4,HÜSEYİN AVNİ AKER - TRABZON,FIRAT AYDINUS,11.05.2014 - 19:00
1298,https://www.tff.org/Default.aspx?pageId=29&macId=118751,ESKİŞEHİRSPOR,1,TORKU KONYASPOR,1,ESKİŞEHİR ATATÜRK - ESKİŞEHİR,MUSTAFA ÖĞRETMENOĞLU,16.05.2014 - 20:00
1300,https://www.tff.org/Default.aspx?pageId=29&macId=118753,KAYSERİSPOR,0,FENERBAHÇE A.Ş.,2,BÜYÜKŞEHİR BELEDİYESİ KADİR HAS - KAYSERİ,DENİZ ÇOBAN,16.05.2014 - 20:00
1299,https://www.tff.org/Default.aspx?pageId=29&macId=118752,ÇAYKUR RİZESPOR A.Ş.,3,ELAZIĞSPOR,1,YENİ RİZE ŞEHİR - RİZE,HAKAN CEYLAN,17.05.2014 - 13:30
1306,https://www.tff.org/Default.aspx?pageId=29&macId=118759,BURSASPOR,3,GAZİANTEPSPOR,1,BURSA ATATÜRK - BURSA,CÜNEYT ÇAKIR,17.05.2014 - 16:00
1301,https://www.tff.org/Default.aspx?pageId=29&macId=118754,GALATASARAY A.Ş.,2,KAYSERİ ERCİYESSPOR,1,ALİ SAMİ YEN SPOR KOMPLEKSİ TÜRK TELEKOM STADYUMU,YUNUS YILDIRIM,17.05.2014 - 19:00
1303,https://www.tff.org/Default.aspx?pageId=29&macId=118756,BEŞİKTAŞ A.Ş.,1,GENÇLERBİRLİĞİ,1,ATATÜRK OLİMPİYAT - İSTANBUL,İLKER MERAL,17.05.2014 - 19:00
1302,https://www.tff.org/Default.aspx?pageId=29&macId=118755,MEDİCAL PARK ANTALYASPOR,0,TRABZONSPOR A.Ş.,2,AKDENİZ ÜNİVERSİTESİ STADI - ANTALYA,SERKAN ÇINAR,18.05.2014 - 19:00
1304,https://www.tff.org/Default.aspx?pageId=29&macId=118757,AKHİSAR BELEDİYE GENÇLİK VE SPOR,1,KASIMPAŞA A.Ş.,3,MANİSA 19 MAYIS - MANİSA,DENİZ ATEŞ BİTNEL,18.05.2014 - 19:00
1305,https://www.tff.org/Default.aspx?pageId=29&macId=118758,KARDEMİR KARABÜKSPOR,1,SİVASSPOR,0,DR.NECMETTİN ŞEYHOĞLU - KARABÜK,METE KALKAVAN,18.05.2014 - 19:00
