Mac_kodu,TFF_mac_linki,Ev_sahibi,Ev_sahibi_gol,Misafir_takim,Misafir_takim_gol,Stat,Ana_hakem,Tarih_saat
1001,https://www.tff.org/Default.aspx?pageId=397&macId=17080,BEŞİKTAŞ                                          ,1,TRABZONSPOR                                       ,2,BEŞİKTAŞ İNÖNÜ,MUSTAFA ÇULCU,10.08.2001 - 20:04
1004,https://www.tff.org/Default.aspx?pageId=397&macId=17083,GÖZTEPE A.Ş.                                      ,2,BURSASPOR                                         ,0,İZMİR ALSANCAK,ALİ ULUYOL,11.08.2001 - 17:00
1002,https://www.tff.org/Default.aspx?pageId=397&macId=17081,GENÇLERBİRLİĞİ                                    ,4,DİYARBAKIRSPOR                                    ,4,ANKARA 19 MAYIS,METİN SEVAL,11.08.2001 - 19:00
1003,https://www.tff.org/Default.aspx?pageId=397&macId=17082,FENERBAHÇE                                        ,3,SAMSUNSPOR                                        ,0,FB ŞÜKRÜ SARACOĞLU,EROL ERSOY,11.08.2001 - 19:00
1007,https://www.tff.org/Default.aspx?pageId=397&macId=17084,ÇAYKUR RİZESPOR                                   ,0,KOCAELİSPOR                                       ,0,RİZE ATATÜRK,ÜNSAL ÇİMEN,11.08.2001 - 19:05
1005,https://www.tff.org/Default.aspx?pageId=397&macId=17085,İSTANBULSPOR A.Ş.                                 ,1,MALATYASPOR                                       ,0,GÜNGÖREN BELEDİYE,MUTLU ÇELİK,12.08.2001 - 17:00
1006,https://www.tff.org/Default.aspx?pageId=397&macId=17086,ANTALYASPOR A.Ş.                                  ,1,MKE ANKARAGÜCÜ                                    ,8,ANTALYA ATATÜRK,İSMET ARZUMAN,12.08.2001 - 19:00
1008,https://www.tff.org/Default.aspx?pageId=397&macId=17087,DENİZLİSPOR                                       ,5,YİMPAŞ YOZGATSPOR A.Ş.                            ,0,DENİZLİ ATATÜRK,SELÇUK DERELİ,12.08.2001 - 19:00
1009,https://www.tff.org/Default.aspx?pageId=397&macId=17088,GAZİANTEPSPOR                                     ,1,GALATASARAY                                       ,1,KAMİL OCAK,BÜLENT UZUN,12.08.2001 - 19:00
1015,https://www.tff.org/Default.aspx?pageId=397&macId=17108,BURSASPOR                                         ,2,BEŞİKTAŞ                                          ,2,BURSA ATATÜRK,MURAT ILGAZ,17.08.2001 - 20:00
1010,https://www.tff.org/Default.aspx?pageId=397&macId=17109,DİYARBAKIRSPOR                                    ,1,GÖZTEPE A.Ş.                                      ,2,KAMİL OCAK,YILNUR ÖNEN,18.08.2001 - 19:00
1012,https://www.tff.org/Default.aspx?pageId=397&macId=17110,KOCAELİSPOR                                       ,3,ANTALYASPOR A.Ş.                                  ,1, İSMETPAŞA,SADIK İLHAN,18.08.2001 - 19:00
1014,https://www.tff.org/Default.aspx?pageId=397&macId=17111,GENÇLERBİRLİĞİ                                    ,2,SAMSUNSPOR                                        ,2,ANKARA 19 MAYIS,SABİT HACIÖMEROĞLU,18.08.2001 - 19:00
1018,https://www.tff.org/Default.aspx?pageId=397&macId=17112,GALATASARAY                                       ,1,DENİZLİSPOR                                       ,0,ALİ SAMİ YEN,METİN TOKAT,18.08.2001 - 19:00
1011,https://www.tff.org/Default.aspx?pageId=397&macId=17113,YİMPAŞ YOZGATSPOR A.Ş.                            ,2,ÇAYKUR RİZESPOR                                   ,1,YOZGAT BOZOK,KADİR TOZLU,19.08.2001 - 17:00
1017,https://www.tff.org/Default.aspx?pageId=397&macId=17116,İSTANBULSPOR A.Ş.                                 ,1,FENERBAHÇE                                        ,0,GÜNGÖREN BELEDİYE,İSMET CENGİZ,19.08.2001 - 17:00
1013,https://www.tff.org/Default.aspx?pageId=397&macId=17114,MKE ANKARAGÜCÜ                                    ,6,MALATYASPOR                                       ,0,ANKARA 19 MAYIS,KUDDUSİ MÜFTÜOĞLU,19.08.2001 - 19:00
1016,https://www.tff.org/Default.aspx?pageId=397&macId=17115,TRABZONSPOR                                       ,2,GAZİANTEPSPOR                                     ,1,HÜSEYİN AVNİ AKER,MUHİTTİN BOŞAT,19.08.2001 - 19:00
1026,https://www.tff.org/Default.aspx?pageId=397&macId=17161,TRABZONSPOR                                       ,5,BURSASPOR                                         ,0,HÜSEYİN AVNİ AKER,EROL ERSOY,24.08.2001 - 20:00
1020,https://www.tff.org/Default.aspx?pageId=397&macId=17162,GÖZTEPE A.Ş.                                      ,2,SAMSUNSPOR                                        ,1,İZMİR ALSANCAK,ŞAHİN TAŞKINSOY,25.08.2001 - 17:00
1022,https://www.tff.org/Default.aspx?pageId=397&macId=17163,BEŞİKTAŞ                                          ,4,DİYARBAKIRSPOR                                    ,0,BEŞİKTAŞ İNÖNÜ,ALİ AYDIN,25.08.2001 - 19:00
1023,https://www.tff.org/Default.aspx?pageId=397&macId=17164,GENÇLERBİRLİĞİ                                    ,0,İSTANBULSPOR A.Ş.                                 ,1,ANKARA 19 MAYIS,KAZIM ERÇAKIR,25.08.2001 - 19:00
1027,https://www.tff.org/Default.aspx?pageId=397&macId=17165,ANTALYASPOR A.Ş.                                  ,3,YİMPAŞ YOZGATSPOR A.Ş.                            ,3,ANTALYA ATATÜRK,HARUN YİĞİT,25.08.2001 - 19:00
1019,https://www.tff.org/Default.aspx?pageId=397&macId=17166,GAZİANTEPSPOR                                     ,0,DENİZLİSPOR                                       ,0,KAMİL OCAK,ZAFER ÖNDER İPEK,26.08.2001 - 19:00
1021,https://www.tff.org/Default.aspx?pageId=397&macId=17167,KOCAELİSPOR                                       ,2,MALATYASPOR                                       ,0, İSMETPAŞA,FERHAT GÜNDOĞDU,26.08.2001 - 19:00
1024,https://www.tff.org/Default.aspx?pageId=397&macId=17168,FENERBAHÇE                                        ,4,MKE ANKARAGÜCÜ                                    ,1,FB ŞÜKRÜ SARACOĞLU,SERDAR TATLI,26.08.2001 - 19:00
1025,https://www.tff.org/Default.aspx?pageId=397&macId=17169,ÇAYKUR RİZESPOR                                   ,3,GALATASARAY                                       ,6,RİZE ATATÜRK,MUSTAFA ÇULCU,26.08.2001 - 19:00
1028,https://www.tff.org/Default.aspx?pageId=397&macId=17339,MKE ANKARAGÜCÜ                                    ,2,GENÇLERBİRLİĞİ                                    ,5,ANKARA 19 MAYIS,EROL ERSOY,7.09.2001 - 20:00
1031,https://www.tff.org/Default.aspx?pageId=397&macId=17340,KOCAELİSPOR                                       ,3,FENERBAHÇE                                        ,3, İSMETPAŞA,MUSA ERYILMAZ,8.09.2001 - 19:00
1033,https://www.tff.org/Default.aspx?pageId=397&macId=17341,DİYARBAKIRSPOR                                    ,3,TRABZONSPOR                                       ,1,DİYARBAKIR ATATÜRK,MURAT ILGAZ,8.09.2001 - 19:00
1034,https://www.tff.org/Default.aspx?pageId=397&macId=17342,BURSASPOR                                         ,0,GAZİANTEPSPOR                                     ,2,BURSA ATATÜRK,ORHAN ERDEMİR,8.09.2001 - 19:00
1036,https://www.tff.org/Default.aspx?pageId=397&macId=17343,GALATASARAY                                       ,2,ANTALYASPOR A.Ş.                                  ,1,ALİ SAMİ YEN,MUTLU ÇELİK,8.09.2001 - 19:00
1035,https://www.tff.org/Default.aspx?pageId=397&macId=17347,YİMPAŞ YOZGATSPOR A.Ş.                            ,3,MALATYASPOR                                       ,0,YOZGAT BOZOK,İBRAHİM ÇINAR,9.09.2001 - 16:00
1032,https://www.tff.org/Default.aspx?pageId=397&macId=17346,İSTANBULSPOR A.Ş.                                 ,0,GÖZTEPE A.Ş.                                      ,0,GÜNGÖREN BELEDİYE,CEM TOSYALI,9.09.2001 - 16:30
1029,https://www.tff.org/Default.aspx?pageId=397&macId=17344,SAMSUNSPOR,0,MEHMET YILMAZ,0,SAMSUN 19 MAYIS,,9.09.2001 - 19:00
1030,https://www.tff.org/Default.aspx?pageId=397&macId=17345,DENİZLİSPOR                                       ,1,ÇAYKUR RİZESPOR                                   ,2,DENİZLİ ATATÜRK,ÇETİN SARIGÜL,9.09.2001 - 19:00
1307,https://www.tff.org/Default.aspx?pageId=397&macId=17845,SAMSUNSPOR                                        ,2,BEŞİKTAŞ                                          ,1,ANKARA 19 MAYIS,MUSTAFA ÇULCU,10.10.2001 - 19:00
1037,https://www.tff.org/Default.aspx?pageId=397&macId=17438,BEŞİKTAŞ                                          ,0,İSTANBULSPOR A.Ş.                                 ,1,BEŞİKTAŞ İNÖNÜ,MUHİTTİN BOŞAT,14.09.2001 - 20:00
1044,https://www.tff.org/Default.aspx?pageId=397&macId=17441,MALATYASPOR                                       ,0,GALATASARAY                                       ,2,MALATYA İNÖNÜ,SELÇUK DERELİ,15.09.2001 - 15:30
1038,https://www.tff.org/Default.aspx?pageId=397&macId=17439,BURSASPOR                                         ,2,DİYARBAKIRSPOR                                    ,1,BURSA ATATÜRK,ÜNSAL ÇİMEN,15.09.2001 - 19:00
1043,https://www.tff.org/Default.aspx?pageId=397&macId=17440,FENERBAHÇE                                        ,1,YİMPAŞ YOZGATSPOR A.Ş.                            ,0,FB ŞÜKRÜ SARACOĞLU,KUDDUSİ MÜFTÜOĞLU,15.09.2001 - 19:00
1045,https://www.tff.org/Default.aspx?pageId=397&macId=17442,ANTALYASPOR A.Ş.                                  ,1,DENİZLİSPOR                                       ,0,ANTALYA ATATÜRK,SADIK İLHAN,15.09.2001 - 19:00
1041,https://www.tff.org/Default.aspx?pageId=397&macId=17445,GÖZTEPE A.Ş.                                      ,2,MKE ANKARAGÜCÜ                                    ,1,İZMİR ALSANCAK,KADİR TOZLU,16.09.2001 - 16:30
1039,https://www.tff.org/Default.aspx?pageId=397&macId=17443,TRABZONSPOR                                       ,1,SAMSUNSPOR                                        ,2,HÜSEYİN AVNİ AKER,SERDAR TATLI,16.09.2001 - 19:00
1040,https://www.tff.org/Default.aspx?pageId=397&macId=17444,GAZİANTEPSPOR                                     ,0,ÇAYKUR RİZESPOR                                   ,2,KAMİL OCAK,ALİ ULUYOL,16.09.2001 - 19:00
1042,https://www.tff.org/Default.aspx?pageId=397&macId=17446,GENÇLERBİRLİĞİ                                    ,2,KOCAELİSPOR                                       ,2,ANKARA 19 MAYIS,SEBAHATTİN BİTİRİM,16.09.2001 - 19:00
1049,https://www.tff.org/Default.aspx?pageId=397&macId=17537,KOCAELİSPOR                                       ,2,GÖZTEPE A.Ş.                                      ,0, İSMETPAŞA,İSMET ARZUMAN,21.09.2001 - 20:00
1046,https://www.tff.org/Default.aspx?pageId=397&macId=17538,BURSASPOR                                         ,2,SAMSUNSPOR                                        ,1,BURSA ATATÜRK,BÜLENT UZUN,22.09.2001 - 19:00
1048,https://www.tff.org/Default.aspx?pageId=397&macId=17539,GALATASARAY                                       ,2,FENERBAHÇE                                        ,0,ALİ SAMİ YEN,METİN TOKAT,22.09.2001 - 19:00
1053,https://www.tff.org/Default.aspx?pageId=397&macId=17540,DENİZLİSPOR                                       ,4,MALATYASPOR                                       ,1,DENİZLİ ATATÜRK,SEBAHATTİN ŞAHİN,22.09.2001 - 19:00
1054,https://www.tff.org/Default.aspx?pageId=397&macId=17544,YİMPAŞ YOZGATSPOR A.Ş.                            ,0,GENÇLERBİRLİĞİ                                    ,2,YOZGAT BOZOK,ORHAN ERDEMİR,23.09.2001 - 16:00
1050,https://www.tff.org/Default.aspx?pageId=397&macId=17541,MKE ANKARAGÜCÜ                                    ,3,BEŞİKTAŞ                                          ,4,ANKARA 19 MAYIS,MUSA ERYILMAZ,23.09.2001 - 19:00
1051,https://www.tff.org/Default.aspx?pageId=397&macId=17542,İSTANBULSPOR A.Ş.                                 ,2,TRABZONSPOR                                       ,1,BEŞİKTAŞ İNÖNÜ,EROL ERSOY,23.09.2001 - 19:00
1052,https://www.tff.org/Default.aspx?pageId=397&macId=17543,ÇAYKUR RİZESPOR                                   ,1,ANTALYASPOR A.Ş.                                  ,1,RİZE ATATÜRK,YILNUR ÖNEN,23.09.2001 - 19:00
1047,https://www.tff.org/Default.aspx?pageId=397&macId=17844,DİYARBAKIRSPOR                                    ,2,GAZİANTEPSPOR                                     ,3,DİYARBAKIR ATATÜRK,SELÇUK DERELİ,10.10.2001 - 19:00
1062,https://www.tff.org/Default.aspx?pageId=397&macId=17645,TRABZONSPOR                                       ,2,MKE ANKARAGÜCÜ                                    ,2,HÜSEYİN AVNİ AKER,MUSTAFA ÇULCU,28.09.2001 - 20:00
1060,https://www.tff.org/Default.aspx?pageId=397&macId=17648,MALATYASPOR                                       ,2,ÇAYKUR RİZESPOR                                   ,1,MALATYA İNÖNÜ,CÜNEYT ÇAKIR,29.09.2001 - 14:00
1056,https://www.tff.org/Default.aspx?pageId=397&macId=17646,FENERBAHÇE                                        ,2,DENİZLİSPOR                                       ,1,FB ŞÜKRÜ SARACOĞLU,MURAT ILGAZ,29.09.2001 - 19:00
1057,https://www.tff.org/Default.aspx?pageId=397&macId=17647,DİYARBAKIRSPOR                                    ,1,SAMSUNSPOR                                        ,1,DİYARBAKIR ATATÜRK,ZAFER ÖNDER İPEK,29.09.2001 - 19:00
1058,https://www.tff.org/Default.aspx?pageId=397&macId=17650,GÖZTEPE A.Ş.                                      ,0,YİMPAŞ YOZGATSPOR A.Ş.                            ,0, İSMETPAŞA,ALİ ŞAHAN,30.09.2001 - 15:30
1055,https://www.tff.org/Default.aspx?pageId=397&macId=17649,BEŞİKTAŞ                                          ,4,KOCAELİSPOR                                       ,2,BEŞİKTAŞ İNÖNÜ,MUTLU ÇELİK,30.09.2001 - 19:00
1059,https://www.tff.org/Default.aspx?pageId=397&macId=17651,GENÇLERBİRLİĞİ                                    ,1,GALATASARAY                                       ,3,ANKARA 19 MAYIS,ALİ AYDIN,30.09.2001 - 19:00
1061,https://www.tff.org/Default.aspx?pageId=397&macId=17652,BURSASPOR                                         ,1,İSTANBULSPOR A.Ş.                                 ,2,BURSA ATATÜRK,SABİT HACIÖMEROĞLU,30.09.2001 - 19:00
1063,https://www.tff.org/Default.aspx?pageId=397&macId=17653,GAZİANTEPSPOR                                     ,2,ANTALYASPOR A.Ş.                                  ,3,KAMİL OCAK,ORHAN ERDEMİR,30.09.2001 - 19:00
1064,https://www.tff.org/Default.aspx?pageId=397&macId=17846,GALATASARAY                                       ,4,GÖZTEPE A.Ş.                                      ,1,ALİ SAMİ YEN,SABİT HACIÖMEROĞLU,12.10.2001 - 20:00
1065,https://www.tff.org/Default.aspx?pageId=397&macId=17847,MKE ANKARAGÜCÜ                                    ,0,BURSASPOR                                         ,1,ANKARA 19 MAYIS,İSMET ARZUMAN,13.10.2001 - 19:00
1066,https://www.tff.org/Default.aspx?pageId=397&macId=17848,DENİZLİSPOR                                       ,4,GENÇLERBİRLİĞİ                                    ,1,DENİZLİ ATATÜRK,ÜNSAL ÇİMEN,13.10.2001 - 19:00
1067,https://www.tff.org/Default.aspx?pageId=397&macId=17849,KOCAELİSPOR                                       ,1,TRABZONSPOR                                       ,0, İSMETPAŞA,METİN TOKAT,13.10.2001 - 19:00
1070,https://www.tff.org/Default.aspx?pageId=397&macId=17850,ANTALYASPOR A.Ş.                                  ,2,MALATYASPOR                                       ,1,ANTALYA ATATÜRK,BÜLENT UZUN,13.10.2001 - 19:00
1072,https://www.tff.org/Default.aspx?pageId=397&macId=17854,YİMPAŞ YOZGATSPOR A.Ş.                            ,1,BEŞİKTAŞ                                          ,3,YOZGAT BOZOK,MURAT ILGAZ,14.10.2001 - 15:00
1068,https://www.tff.org/Default.aspx?pageId=397&macId=17851,İSTANBULSPOR A.Ş.                                 ,1,DİYARBAKIRSPOR                                    ,0,GÜNGÖREN BELEDİYE,ALİ ULUYOL,14.10.2001 - 15:30
1069,https://www.tff.org/Default.aspx?pageId=397&macId=17852,GAZİANTEPSPOR                                     ,1,SAMSUNSPOR                                        ,0,KAMİL OCAK,SADIK İLHAN,14.10.2001 - 19:00
1071,https://www.tff.org/Default.aspx?pageId=397&macId=17853,ÇAYKUR RİZESPOR                                   ,1,FENERBAHÇE                                        ,2,RİZE ATATÜRK,EROL ERSOY,14.10.2001 - 19:00
1079,https://www.tff.org/Default.aspx?pageId=397&macId=17945,DİYARBAKIRSPOR                                    ,2,MKE ANKARAGÜCÜ                                    ,1,DİYARBAKIR ATATÜRK,SEBAHATTİN BİTİRİM,19.10.2001 - 20:00
1074,https://www.tff.org/Default.aspx?pageId=397&macId=17946,İSTANBULSPOR A.Ş.                                 ,0,SAMSUNSPOR                                        ,1,GÜNGÖREN BELEDİYE,KUDDUSİ MÜFTÜOĞLU,20.10.2001 - 15:30
1075,https://www.tff.org/Default.aspx?pageId=397&macId=17947,TRABZONSPOR                                       ,2,YİMPAŞ YOZGATSPOR A.Ş.                            ,0,HÜSEYİN AVNİ AKER,ZAFER ÖNDER İPEK,20.10.2001 - 19:00
1078,https://www.tff.org/Default.aspx?pageId=397&macId=17948,FENERBAHÇE                                        ,3,ANTALYASPOR A.Ş.                                  ,2,FB ŞÜKRÜ SARACOĞLU,ALİ AYDIN,20.10.2001 - 19:00
1081,https://www.tff.org/Default.aspx?pageId=397&macId=17949,GAZİANTEPSPOR                                     ,1,MALATYASPOR                                       ,0,KAMİL OCAK,BÜLENT DEMİRLEK,20.10.2001 - 19:00
1077,https://www.tff.org/Default.aspx?pageId=397&macId=17952,GÖZTEPE A.Ş.                                      ,1,DENİZLİSPOR                                       ,1,İZMİR ALSANCAK,ORHAN ERDEMİR,21.10.2001 - 15:30
1073,https://www.tff.org/Default.aspx?pageId=397&macId=17950,GENÇLERBİRLİĞİ                                    ,2,ÇAYKUR RİZESPOR                                   ,2,ANKARA 19 MAYIS,CEM TOSYALI,21.10.2001 - 19:00
1076,https://www.tff.org/Default.aspx?pageId=397&macId=17951,BEŞİKTAŞ                                          ,2,GALATASARAY                                       ,2,BEŞİKTAŞ İNÖNÜ,MUHİTTİN BOŞAT,21.10.2001 - 19:00
1080,https://www.tff.org/Default.aspx?pageId=397&macId=17953,BURSASPOR                                         ,2,KOCAELİSPOR                                       ,1,BURSA ATATÜRK,YILNUR ÖNEN,21.10.2001 - 19:00
1085,https://www.tff.org/Default.aspx?pageId=397&macId=18044,KOCAELİSPOR                                       ,3,DİYARBAKIRSPOR                                    ,1, İSMETPAŞA,SERDAR TATLI,26.10.2001 - 20:00
1083,https://www.tff.org/Default.aspx?pageId=397&macId=18046,YİMPAŞ YOZGATSPOR A.Ş.                            ,3,BURSASPOR                                         ,4,YOZGAT BOZOK,FERHAT GÜNDOĞDU,27.10.2001 - 13:30
1088,https://www.tff.org/Default.aspx?pageId=397&macId=18048,MALATYASPOR                                       ,1,FENERBAHÇE                                        ,3,MALATYA İNÖNÜ,SABİT HACIÖMEROĞLU,27.10.2001 - 13:30
1082,https://www.tff.org/Default.aspx?pageId=397&macId=18045,ÇAYKUR RİZESPOR                                   ,0,GÖZTEPE A.Ş.                                      ,0,RİZE ATATÜRK,SELÇUK DERELİ,27.10.2001 - 19:00
1084,https://www.tff.org/Default.aspx?pageId=397&macId=18047,GALATASARAY                                       ,3,TRABZONSPOR                                       ,1,ALİ SAMİ YEN,MUTLU ÇELİK,27.10.2001 - 19:00
1087,https://www.tff.org/Default.aspx?pageId=397&macId=18050,İSTANBULSPOR A.Ş.                                 ,0,GAZİANTEPSPOR                                     ,1,GÜNGÖREN BELEDİYE,MURAT ILGAZ,28.10.2001 - 13:30
1086,https://www.tff.org/Default.aspx?pageId=397&macId=18049,MKE ANKARAGÜCÜ                                    ,2,SAMSUNSPOR                                        ,0,ANKARA 19 MAYIS,BÜLENT UZUN,28.10.2001 - 19:00
1089,https://www.tff.org/Default.aspx?pageId=397&macId=18051,ANTALYASPOR A.Ş.                                  ,2,GENÇLERBİRLİĞİ                                    ,2,ANTALYA ATATÜRK,EROL ERSOY,28.10.2001 - 19:00
1090,https://www.tff.org/Default.aspx?pageId=397&macId=18052,DENİZLİSPOR                                       ,3,BEŞİKTAŞ                                          ,3,DENİZLİ ATATÜRK,METİN TOKAT,28.10.2001 - 19:00
1098,https://www.tff.org/Default.aspx?pageId=397&macId=18153,BURSASPOR                                         ,5,GALATASARAY                                       ,0,BURSA ATATÜRK,METİN TOKAT,2.11.2001 - 20:00
1097,https://www.tff.org/Default.aspx?pageId=397&macId=18157,İSTANBULSPOR A.Ş.                                 ,1,MKE ANKARAGÜCÜ                                    ,2,GÜNGÖREN BELEDİYE,MUSTAFA ÇULCU,3.11.2001 - 13:30
1091,https://www.tff.org/Default.aspx?pageId=397&macId=18154,KOCAELİSPOR                                       ,0,SAMSUNSPOR                                        ,1, İSMETPAŞA,KAZIM ERÇAKIR,3.11.2001 - 19:00
1094,https://www.tff.org/Default.aspx?pageId=397&macId=18155,BEŞİKTAŞ                                          ,2,ÇAYKUR RİZESPOR                                   ,1,BEŞİKTAŞ İNÖNÜ,ALİ AYDIN,3.11.2001 - 19:00
1096,https://www.tff.org/Default.aspx?pageId=397&macId=18156,GENÇLERBİRLİĞİ                                    ,1,MALATYASPOR                                       ,2,ANKARA 19 MAYIS,İSMET ARZUMAN,3.11.2001 - 19:00
1095,https://www.tff.org/Default.aspx?pageId=397&macId=18160,GÖZTEPE A.Ş.                                      ,0,ANTALYASPOR A.Ş.                                  ,0,İZMİR ALSANCAK,ZAFER ÖNDER İPEK,4.11.2001 - 13:30
1092,https://www.tff.org/Default.aspx?pageId=397&macId=18158,DİYARBAKIRSPOR                                    ,1,YİMPAŞ YOZGATSPOR A.Ş.                            ,1,DİYARBAKIR ATATÜRK,SABİT HACIÖMEROĞLU,4.11.2001 - 19:00
1093,https://www.tff.org/Default.aspx?pageId=397&macId=18159,GAZİANTEPSPOR                                     ,0,FENERBAHÇE                                        ,2,KAMİL OCAK,EROL ERSOY,4.11.2001 - 19:00
1099,https://www.tff.org/Default.aspx?pageId=397&macId=18161,TRABZONSPOR                                       ,2,DENİZLİSPOR                                       ,2,HÜSEYİN AVNİ AKER,ALİ ULUYOL,4.11.2001 - 19:00
1107,https://www.tff.org/Default.aspx?pageId=397&macId=18368,ANTALYASPOR A.Ş.                                  ,1,BEŞİKTAŞ                                          ,4,ANTALYA ATATÜRK,ÜNSAL ÇİMEN,16.11.2001 - 20:00
1101,https://www.tff.org/Default.aspx?pageId=397&macId=18369,ÇAYKUR RİZESPOR                                   ,1,TRABZONSPOR                                       ,1,RİZE ATATÜRK,METİN TOKAT,17.11.2001 - 13:30
1102,https://www.tff.org/Default.aspx?pageId=397&macId=18370,YİMPAŞ YOZGATSPOR A.Ş.                            ,2,SAMSUNSPOR                                        ,0,YOZGAT BOZOK,METİN SEVAL,17.11.2001 - 13:30
1105,https://www.tff.org/Default.aspx?pageId=397&macId=18372,MKE ANKARAGÜCÜ                                    ,1,GAZİANTEPSPOR                                     ,1,ANKARA 19 MAYIS,ALİ AYDIN,17.11.2001 - 13:30
1103,https://www.tff.org/Default.aspx?pageId=397&macId=18371,GALATASARAY                                       ,5,DİYARBAKIRSPOR                                    ,1,ALİ SAMİ YEN,KUDDUSİ MÜFTÜOĞLU,17.11.2001 - 19:00
1100,https://www.tff.org/Default.aspx?pageId=397&macId=18373,MALATYASPOR                                       ,3,GÖZTEPE A.Ş.                                      ,1,MALATYA İNÖNÜ,MUHİTTİN BOŞAT,18.11.2001 - 13:30
1104,https://www.tff.org/Default.aspx?pageId=397&macId=18374,KOCAELİSPOR                                       ,2,İSTANBULSPOR A.Ş.                                 ,0, İSMETPAŞA,ÇETİN SARIGÜL,18.11.2001 - 13:30
1108,https://www.tff.org/Default.aspx?pageId=397&macId=18376,DENİZLİSPOR                                       ,0,BURSASPOR                                         ,0,DENİZLİ ATATÜRK,ŞAHİN TAŞKINSOY,18.11.2001 - 13:30
1106,https://www.tff.org/Default.aspx?pageId=397&macId=18375,FENERBAHÇE                                        ,2,GENÇLERBİRLİĞİ                                    ,0,FB ŞÜKRÜ SARACOĞLU,SELÇUK DERELİ,18.11.2001 - 19:00
1112,https://www.tff.org/Default.aspx?pageId=397&macId=18457,GÖZTEPE A.Ş.                                      ,0,FENERBAHÇE                                        ,5,İZMİR ATATÜRK,ALİ AYDIN,23.11.2001 - 20:00
1110,https://www.tff.org/Default.aspx?pageId=397&macId=18458,DİYARBAKIRSPOR                                    ,3,DENİZLİSPOR                                       ,0,DİYARBAKIR ATATÜRK,ALİ ULUYOL,24.11.2001 - 13:30
1114,https://www.tff.org/Default.aspx?pageId=397&macId=18459,İSTANBULSPOR A.Ş.                                 ,2,YİMPAŞ YOZGATSPOR A.Ş.                            ,0,GÜNGÖREN BELEDİYE,SADIK İLHAN,24.11.2001 - 13:30
1116,https://www.tff.org/Default.aspx?pageId=397&macId=18461,TRABZONSPOR                                       ,2,ANTALYASPOR A.Ş.                                  ,0,HÜSEYİN AVNİ AKER,FERHAT GÜNDOĞDU,24.11.2001 - 13:30
1115,https://www.tff.org/Default.aspx?pageId=397&macId=18460,GALATASARAY                                       ,2,SAMSUNSPOR                                        ,0,ALİ SAMİ YEN,MURAT ILGAZ,24.11.2001 - 19:00
1111,https://www.tff.org/Default.aspx?pageId=397&macId=18463,BURSASPOR                                         ,1,ÇAYKUR RİZESPOR                                   ,0,BURSA ATATÜRK,SEBAHATTİN BİTİRİM,25.11.2001 - 13:30
1113,https://www.tff.org/Default.aspx?pageId=397&macId=18464,MKE ANKARAGÜCÜ                                    ,2,KOCAELİSPOR                                       ,0,ANKARA 19 MAYIS,BÜLENT UZUN,25.11.2001 - 13:30
1117,https://www.tff.org/Default.aspx?pageId=397&macId=18465,GAZİANTEPSPOR                                     ,5,GENÇLERBİRLİĞİ                                    ,0,KAMİL OCAK,MUSTAFA ÇULCU,25.11.2001 - 13:30
1109,https://www.tff.org/Default.aspx?pageId=397&macId=18462,BEŞİKTAŞ                                          ,3,MALATYASPOR                                       ,1,BEŞİKTAŞ İNÖNÜ,SERDAR TATLI,25.11.2001 - 19:00
1121,https://www.tff.org/Default.aspx?pageId=397&macId=18562,GALATASARAY                                       ,4,İSTANBULSPOR A.Ş.                                 ,1,ALİ SAMİ YEN,ZAFER ÖNDER İPEK,30.11.2001 - 19:00
1120,https://www.tff.org/Default.aspx?pageId=397&macId=18563,YİMPAŞ YOZGATSPOR A.Ş.                            ,0,MKE ANKARAGÜCÜ                                    ,2,YOZGAT BOZOK,KUDDUSİ MÜFTÜOĞLU,1.12.2001 - 13:30
1125,https://www.tff.org/Default.aspx?pageId=397&macId=18565,ÇAYKUR RİZESPOR                                   ,2,DİYARBAKIRSPOR                                    ,0,RİZE ATATÜRK,MUHİTTİN BOŞAT,1.12.2001 - 13:30
1126,https://www.tff.org/Default.aspx?pageId=397&macId=18566,DENİZLİSPOR                                       ,4,SAMSUNSPOR                                        ,1,DENİZLİ ATATÜRK,CÜNEYT ÇAKIR,1.12.2001 - 13:30
1122,https://www.tff.org/Default.aspx?pageId=397&macId=18564,KOCAELİSPOR                                       ,0,GAZİANTEPSPOR                                     ,0, İSMETPAŞA,METİN TOKAT,1.12.2001 - 19:00
1118,https://www.tff.org/Default.aspx?pageId=397&macId=18567,GENÇLERBİRLİĞİ                                    ,0,GÖZTEPE A.Ş.                                      ,1,ANKARA 19 MAYIS,MUTLU ÇELİK,2.12.2001 - 13:30
1123,https://www.tff.org/Default.aspx?pageId=397&macId=18569,MALATYASPOR                                       ,1,TRABZONSPOR                                       ,0,MALATYA İNÖNÜ,EROL ERSOY,2.12.2001 - 13:30
1124,https://www.tff.org/Default.aspx?pageId=397&macId=18570,ANTALYASPOR A.Ş.                                  ,3,BURSASPOR                                         ,0,ANTALYA ATATÜRK,ALİ ŞAHAN,2.12.2001 - 13:30
1119,https://www.tff.org/Default.aspx?pageId=397&macId=18568,FENERBAHÇE                                        ,1,BEŞİKTAŞ                                          ,2,FB ŞÜKRÜ SARACOĞLU,ORHAN ERDEMİR,2.12.2001 - 19:00
1127,https://www.tff.org/Default.aspx?pageId=397&macId=18661,BEŞİKTAŞ                                          ,1,GENÇLERBİRLİĞİ                                    ,0,BEŞİKTAŞ İNÖNÜ,EROL ERSOY,7.12.2001 - 20:00
1128,https://www.tff.org/Default.aspx?pageId=397&macId=18662,İSTANBULSPOR A.Ş.                                 ,1,DENİZLİSPOR                                       ,1,GÜNGÖREN BELEDİYE,İSMET ARZUMAN,8.12.2001 - 13:30
1129,https://www.tff.org/Default.aspx?pageId=397&macId=18663,BURSASPOR                                         ,1,MALATYASPOR                                       ,0,BURSA ATATÜRK,YILNUR ÖNEN,8.12.2001 - 13:30
1130,https://www.tff.org/Default.aspx?pageId=397&macId=18664,GÖZTEPE A.Ş.                                      ,1,GAZİANTEPSPOR                                     ,3,ALİ SAMİ YEN,SADIK İLHAN,8.12.2001 - 13:30
1134,https://www.tff.org/Default.aspx?pageId=397&macId=18665,TRABZONSPOR                                       ,2,FENERBAHÇE                                        ,1,HÜSEYİN AVNİ AKER,SERDAR TATLI,8.12.2001 - 19:00
1132,https://www.tff.org/Default.aspx?pageId=397&macId=18667,ÇAYKUR RİZESPOR                                   ,1,SAMSUNSPOR                                        ,0,RİZE ATATÜRK,ÜNSAL ÇİMEN,9.12.2001 - 13:30
1133,https://www.tff.org/Default.aspx?pageId=397&macId=18668,DİYARBAKIRSPOR                                    ,3,ANTALYASPOR A.Ş.                                  ,1,DİYARBAKIR ATATÜRK,BÜLENT UZUN,9.12.2001 - 13:30
1135,https://www.tff.org/Default.aspx?pageId=397&macId=18669,YİMPAŞ YOZGATSPOR A.Ş.                            ,4,KOCAELİSPOR                                       ,0,YOZGAT BOZOK,ORHAN ERDEMİR,9.12.2001 - 13:30
1131,https://www.tff.org/Default.aspx?pageId=397&macId=18666,MKE ANKARAGÜCÜ                                    ,2,GALATASARAY                                       ,1,ANKARA 19 MAYIS,ALİ AYDIN,9.12.2001 - 19:00
1136,https://www.tff.org/Default.aspx?pageId=397&macId=18764,FENERBAHÇE                                        ,3,BURSASPOR                                         ,1,FB ŞÜKRÜ SARACOĞLU,ALİ AYDIN,14.12.2001 - 20:00
1138,https://www.tff.org/Default.aspx?pageId=397&macId=18765,GAZİANTEPSPOR                                     ,3,YİMPAŞ YOZGATSPOR A.Ş.                            ,2,KAMİL OCAK,HARUN YİĞİT,15.12.2001 - 13:30
1143,https://www.tff.org/Default.aspx?pageId=397&macId=18767,ANTALYASPOR A.Ş.                                  ,1,SAMSUNSPOR                                        ,1,ANTALYA ATATÜRK,SELÇUK DERELİ,15.12.2001 - 13:30
1144,https://www.tff.org/Default.aspx?pageId=397&macId=18768,DENİZLİSPOR                                       ,3,MKE ANKARAGÜCÜ                                    ,4,DENİZLİ ATATÜRK,SERDAR TATLI,15.12.2001 - 13:30
1140,https://www.tff.org/Default.aspx?pageId=397&macId=18766,GÖZTEPE A.Ş.                                      ,0,BEŞİKTAŞ                                          ,6,İZMİR ATATÜRK,MURAT ILGAZ,15.12.2001 - 19:00
1137,https://www.tff.org/Default.aspx?pageId=397&macId=18769,ÇAYKUR RİZESPOR                                   ,1,İSTANBULSPOR A.Ş.                                 ,1,RİZE ATATÜRK,ALİ ULUYOL,16.12.2001 - 13:30
1141,https://www.tff.org/Default.aspx?pageId=397&macId=18770,GENÇLERBİRLİĞİ                                    ,1,TRABZONSPOR                                       ,1,ANKARA 19 MAYIS,ORHAN ERDEMİR,16.12.2001 - 13:30
1142,https://www.tff.org/Default.aspx?pageId=397&macId=18771,MALATYASPOR                                       ,1,DİYARBAKIRSPOR                                    ,3,MALATYA İNÖNÜ,MUSTAFA ÇULCU,16.12.2001 - 13:30
1139,https://www.tff.org/Default.aspx?pageId=397&macId=18878,GALATASARAY                                       ,5,KOCAELİSPOR                                       ,1,ALİ SAMİ YEN,ALİ AYDIN,15.01.2002 - 20:00
1151,https://www.tff.org/Default.aspx?pageId=397&macId=18857,DİYARBAKIRSPOR                                    ,2,FENERBAHÇE                                        ,1,DİYARBAKIR ATATÜRK,EROL ERSOY,21.12.2001 - 20:00
1146,https://www.tff.org/Default.aspx?pageId=397&macId=18859,MALATYASPOR                                       ,1,SAMSUNSPOR                                        ,3,MALATYA İNÖNÜ,METİN TOKAT,22.12.2001 - 13:30
1147,https://www.tff.org/Default.aspx?pageId=397&macId=18860,TRABZONSPOR                                       ,3,GÖZTEPE A.Ş.                                      ,0,HÜSEYİN AVNİ AKER,MUSTAFA ÇULCU,22.12.2001 - 13:30
1148,https://www.tff.org/Default.aspx?pageId=397&macId=18861,KOCAELİSPOR                                       ,2,DENİZLİSPOR                                       ,1, İSMETPAŞA,METİN SEVAL,22.12.2001 - 13:30
1149,https://www.tff.org/Default.aspx?pageId=397&macId=18862,MKE ANKARAGÜCÜ                                    ,1,ÇAYKUR RİZESPOR                                   ,1,ANKARA 19 MAYIS,BÜLENT UZUN,22.12.2001 - 13:30
1150,https://www.tff.org/Default.aspx?pageId=397&macId=18863,İSTANBULSPOR A.Ş.                                 ,4,ANTALYASPOR A.Ş.                                  ,1,GÜNGÖREN BELEDİYE,KAZIM ERÇAKIR,22.12.2001 - 13:30
1152,https://www.tff.org/Default.aspx?pageId=397&macId=18864,BURSASPOR                                         ,0,GENÇLERBİRLİĞİ                                    ,1,BURSA ATATÜRK,SERDAR TATLI,22.12.2001 - 13:30
1145,https://www.tff.org/Default.aspx?pageId=397&macId=18858,BEŞİKTAŞ                                          ,3,GAZİANTEPSPOR                                     ,1,BEŞİKTAŞ İNÖNÜ,ALİ AYDIN,22.12.2001 - 19:00
1153,https://www.tff.org/Default.aspx?pageId=397&macId=18865,YİMPAŞ YOZGATSPOR A.Ş.                            ,3,GALATASARAY                                       ,3,YOZGAT BOZOK,SELÇUK DERELİ,23.12.2001 - 13:00
1156,https://www.tff.org/Default.aspx?pageId=397&macId=18885,SAMSUNSPOR                                        ,1,FENERBAHÇE                                        ,0,SAMSUN 19 MAYIS,BÜLENT UZUN,18.01.2002 - 20:00
1155,https://www.tff.org/Default.aspx?pageId=397&macId=18886,DİYARBAKIRSPOR                                    ,1,GENÇLERBİRLİĞİ                                    ,2,5 OCAK,MUSTAFA ÇULCU,19.01.2002 - 13:30
1158,https://www.tff.org/Default.aspx?pageId=397&macId=18887,MALATYASPOR                                       ,2,İSTANBULSPOR A.Ş.                                 ,0,MALATYA İNÖNÜ,MUSA ERYILMAZ,19.01.2002 - 13:30
1159,https://www.tff.org/Default.aspx?pageId=397&macId=18888,MKE ANKARAGÜCÜ                                    ,2,ANTALYASPOR A.Ş.                                  ,0,ANKARA 19 MAYIS,ŞAHİN TAŞKINSOY,19.01.2002 - 13:30
1162,https://www.tff.org/Default.aspx?pageId=397&macId=18889,GALATASARAY                                       ,2,GAZİANTEPSPOR                                     ,0,ALİ SAMİ YEN,METİN TOKAT,19.01.2002 - 19:00
1157,https://www.tff.org/Default.aspx?pageId=397&macId=18891,BURSASPOR                                         ,0,GÖZTEPE A.Ş.                                      ,0,BURSA ATATÜRK,KUDDUSİ MÜFTÜOĞLU,20.01.2002 - 13:30
1160,https://www.tff.org/Default.aspx?pageId=397&macId=18892,KOCAELİSPOR                                       ,2,ÇAYKUR RİZESPOR                                   ,1, İSMETPAŞA,ORHAN ERDEMİR,20.01.2002 - 13:30
1161,https://www.tff.org/Default.aspx?pageId=397&macId=18893,YİMPAŞ YOZGATSPOR A.Ş.                            ,0,DENİZLİSPOR                                       ,1,YOZGAT BOZOK,YILNUR ÖNEN,20.01.2002 - 13:30
1154,https://www.tff.org/Default.aspx?pageId=397&macId=18890,TRABZONSPOR                                       ,0,BEŞİKTAŞ                                          ,5,HÜSEYİN AVNİ AKER,SERDAR TATLI,20.01.2002 - 19:00
1166,https://www.tff.org/Default.aspx?pageId=397&macId=18963,MALATYASPOR                                       ,4,MKE ANKARAGÜCÜ                                    ,1,MALATYA İNÖNÜ,CEM TOSYALI,22.01.2002 - 13:30
1170,https://www.tff.org/Default.aspx?pageId=397&macId=18964,FENERBAHÇE                                        ,2,İSTANBULSPOR A.Ş.                                 ,0,FB ŞÜKRÜ SARACOĞLU,MUHİTTİN BOŞAT,22.01.2002 - 20:00
1163,https://www.tff.org/Default.aspx?pageId=397&macId=18965,GÖZTEPE A.Ş.                                      ,3,DİYARBAKIRSPOR                                    ,1,İZMİR ALSANCAK,İSMET CENGİZ,23.01.2002 - 13:30
1164,https://www.tff.org/Default.aspx?pageId=397&macId=18966,ÇAYKUR RİZESPOR                                   ,1,YİMPAŞ YOZGATSPOR A.Ş.                            ,1,RİZE ATATÜRK,METİN SEVAL,23.01.2002 - 13:30
1165,https://www.tff.org/Default.aspx?pageId=397&macId=18967,ANTALYASPOR A.Ş.                                  ,2,KOCAELİSPOR                                       ,0,ANTALYA ATATÜRK,SEBAHATTİN ŞAHİN,23.01.2002 - 13:30
1167,https://www.tff.org/Default.aspx?pageId=397&macId=18968,SAMSUNSPOR                                        ,0,GENÇLERBİRLİĞİ                                    ,2,SAMSUN 19 MAYIS,SEBAHATTİN BİTİRİM,23.01.2002 - 13:30
1169,https://www.tff.org/Default.aspx?pageId=397&macId=18969,GAZİANTEPSPOR                                     ,5,TRABZONSPOR                                       ,2,KAMİL OCAK,EROL ERSOY,23.01.2002 - 13:30
1171,https://www.tff.org/Default.aspx?pageId=397&macId=18970,DENİZLİSPOR                                       ,1,GALATASARAY                                       ,1,DENİZLİ ATATÜRK,MURAT ILGAZ,23.01.2002 - 20:00
1168,https://www.tff.org/Default.aspx?pageId=397&macId=18971,BEŞİKTAŞ                                          ,2,BURSASPOR                                         ,1,BEŞİKTAŞ İNÖNÜ,ÜNSAL ÇİMEN,24.01.2002 - 20:00
1177,https://www.tff.org/Default.aspx?pageId=397&macId=18981,MKE ANKARAGÜCÜ                                    ,3,FENERBAHÇE                                        ,2,ANKARA 19 MAYIS,ALİ AYDIN,26.01.2002 - 19:00
1172,https://www.tff.org/Default.aspx?pageId=397&macId=18982,DENİZLİSPOR                                       ,5,GAZİANTEPSPOR                                     ,2,DENİZLİ ATATÜRK,MUSTAFA ÇULCU,27.01.2002 - 13:30
1173,https://www.tff.org/Default.aspx?pageId=397&macId=18983,SAMSUNSPOR                                        ,1,GÖZTEPE A.Ş.                                      ,2,SAMSUN 19 MAYIS,ORHAN ERDEMİR,27.01.2002 - 13:30
1174,https://www.tff.org/Default.aspx?pageId=397&macId=18984,MALATYASPOR                                       ,2,KOCAELİSPOR                                       ,1,MALATYA İNÖNÜ,SERDAR TATLI,27.01.2002 - 13:30
1176,https://www.tff.org/Default.aspx?pageId=397&macId=18986,İSTANBULSPOR A.Ş.                                 ,0,GENÇLERBİRLİĞİ                                    ,0,GÜNGÖREN BELEDİYE,İSMET ARZUMAN,27.01.2002 - 13:30
1179,https://www.tff.org/Default.aspx?pageId=397&macId=18988,BURSASPOR                                         ,2,TRABZONSPOR                                       ,2,BURSA ATATÜRK,SADIK İLHAN,27.01.2002 - 13:30
1180,https://www.tff.org/Default.aspx?pageId=397&macId=18989,YİMPAŞ YOZGATSPOR A.Ş.                            ,3,ANTALYASPOR A.Ş.                                  ,2,YOZGAT BOZOK,EROL ERSOY,27.01.2002 - 13:30
1175,https://www.tff.org/Default.aspx?pageId=397&macId=18985,DİYARBAKIRSPOR                                    ,0,BEŞİKTAŞ                                          ,0,DİYARBAKIR ATATÜRK,METİN TOKAT,27.01.2002 - 17:00
1178,https://www.tff.org/Default.aspx?pageId=397&macId=18987,GALATASARAY                                       ,4,ÇAYKUR RİZESPOR                                   ,1,ALİ SAMİ YEN,ALİ ULUYOL,27.01.2002 - 19:00
1184,https://www.tff.org/Default.aspx?pageId=397&macId=19058,FENERBAHÇE                                        ,3,KOCAELİSPOR                                       ,0,FB ŞÜKRÜ SARACOĞLU,SEBAHATTİN BİTİRİM,1.02.2002 - 20:00
1186,https://www.tff.org/Default.aspx?pageId=397&macId=19061,TRABZONSPOR                                       ,0,DİYARBAKIRSPOR                                    ,2, İSMETPAŞA,ÜNSAL ÇİMEN,2.02.2002 - 13:30
1187,https://www.tff.org/Default.aspx?pageId=397&macId=19062,GAZİANTEPSPOR                                     ,5,BURSASPOR                                         ,2,KAMİL OCAK,SABİT HACIÖMEROĞLU,2.02.2002 - 13:30
1183,https://www.tff.org/Default.aspx?pageId=397&macId=19060,ÇAYKUR RİZESPOR                                   ,3,DENİZLİSPOR                                       ,1,RİZE ATATÜRK,BÜLENT UZUN,2.02.2002 - 13:36
1182,https://www.tff.org/Default.aspx?pageId=397&macId=19059,BEŞİKTAŞ                                          ,0,SAMSUNSPOR                                        ,0,BEŞİKTAŞ İNÖNÜ,SERDAR TATLI,2.02.2002 - 19:00
1181,https://www.tff.org/Default.aspx?pageId=397&macId=19063,GENÇLERBİRLİĞİ                                    ,0,MKE ANKARAGÜCÜ                                    ,1,ANKARA 19 MAYIS,SADIK İLHAN,3.02.2002 - 13:30
1185,https://www.tff.org/Default.aspx?pageId=397&macId=19064,GÖZTEPE A.Ş.                                      ,0,İSTANBULSPOR A.Ş.                                 ,0,İZMİR ALSANCAK,YILNUR ÖNEN,3.02.2002 - 13:30
1188,https://www.tff.org/Default.aspx?pageId=397&macId=19065,MALATYASPOR                                       ,2,YİMPAŞ YOZGATSPOR A.Ş.                            ,1,MALATYA İNÖNÜ,ALİ AYDIN,3.02.2002 - 13:30
1189,https://www.tff.org/Default.aspx?pageId=397&macId=19066,ANTALYASPOR A.Ş.                                  ,1,GALATASARAY                                       ,1,ANTALYA ATATÜRK,MUSTAFA ÇULCU,3.02.2002 - 19:00
1197,https://www.tff.org/Default.aspx?pageId=397&macId=19138,GALATASARAY                                       ,1,MALATYASPOR                                       ,0,ALİ SAMİ YEN,ÜNSAL ÇİMEN,8.02.2002 - 20:00
1191,https://www.tff.org/Default.aspx?pageId=397&macId=19139,DİYARBAKIRSPOR                                    ,2,BURSASPOR                                         ,3,DİYARBAKIR ATATÜRK,YILNUR ÖNEN,9.02.2002 - 13:30
1194,https://www.tff.org/Default.aspx?pageId=397&macId=19140,MKE ANKARAGÜCÜ                                    ,4,GÖZTEPE A.Ş.                                      ,2,ANKARA 19 MAYIS,İSMET ARZUMAN,9.02.2002 - 13:30
1196,https://www.tff.org/Default.aspx?pageId=397&macId=19141,YİMPAŞ YOZGATSPOR A.Ş.                            ,1,FENERBAHÇE                                        ,2,YOZGAT BOZOK,METİN TOKAT,9.02.2002 - 13:30
1198,https://www.tff.org/Default.aspx?pageId=397&macId=19142,DENİZLİSPOR                                       ,3,ANTALYASPOR A.Ş.                                  ,2,DENİZLİ ATATÜRK,MUTLU ÇELİK,9.02.2002 - 13:30
1190,https://www.tff.org/Default.aspx?pageId=397&macId=19143,İSTANBULSPOR A.Ş.                                 ,1,BEŞİKTAŞ                                          ,2,GÜNGÖREN BELEDİYE,ORHAN ERDEMİR,10.02.2002 - 12:30
1192,https://www.tff.org/Default.aspx?pageId=397&macId=19144,SAMSUNSPOR                                        ,1,TRABZONSPOR                                       ,2,SAMSUN 19 MAYIS,SADIK İLHAN,10.02.2002 - 13:30
1193,https://www.tff.org/Default.aspx?pageId=397&macId=19145,ÇAYKUR RİZESPOR                                   ,1,GAZİANTEPSPOR                                     ,0,RİZE ATATÜRK,SEBAHATTİN BİTİRİM,10.02.2002 - 13:30
1195,https://www.tff.org/Default.aspx?pageId=397&macId=19146,KOCAELİSPOR                                       ,0,GENÇLERBİRLİĞİ                                    ,1, İSMETPAŞA,BÜLENT UZUN,10.02.2002 - 13:30
1200,https://www.tff.org/Default.aspx?pageId=397&macId=19240,GAZİANTEPSPOR                                     ,0,DİYARBAKIRSPOR                                    ,1,KAMİL OCAK,ORHAN ERDEMİR,15.02.2002 - 20:00
1199,https://www.tff.org/Default.aspx?pageId=397&macId=19241,SAMSUNSPOR                                        ,2,BURSASPOR                                         ,3,SAMSUN 19 MAYIS,EROL ERSOY,16.02.2002 - 13:30
1206,https://www.tff.org/Default.aspx?pageId=397&macId=19243,MALATYASPOR                                       ,0,DENİZLİSPOR                                       ,0,MALATYA İNÖNÜ,İSMET CENGİZ,16.02.2002 - 13:30
1207,https://www.tff.org/Default.aspx?pageId=397&macId=19244,GENÇLERBİRLİĞİ                                    ,3,YİMPAŞ YOZGATSPOR A.Ş.                            ,2,ANKARA 19 MAYIS,ÜNSAL ÇİMEN,16.02.2002 - 13:30
1201,https://www.tff.org/Default.aspx?pageId=397&macId=19242,FENERBAHÇE                                        ,1,GALATASARAY                                       ,0,FB ŞÜKRÜ SARACOĞLU,ALİ AYDIN,16.02.2002 - 19:00
1202,https://www.tff.org/Default.aspx?pageId=397&macId=19245,GÖZTEPE A.Ş.                                      ,3,KOCAELİSPOR                                       ,0,İZMİR ALSANCAK,MURAT ILGAZ,17.02.2002 - 13:30
1204,https://www.tff.org/Default.aspx?pageId=397&macId=19247,TRABZONSPOR                                       ,2,İSTANBULSPOR A.Ş.                                 ,0,HÜSEYİN AVNİ AKER,KUDDUSİ MÜFTÜOĞLU,17.02.2002 - 13:30
1205,https://www.tff.org/Default.aspx?pageId=397&macId=19248,ANTALYASPOR A.Ş.                                  ,2,ÇAYKUR RİZESPOR                                   ,2,ANTALYA ATATÜRK,METİN TOKAT,17.02.2002 - 13:30
1203,https://www.tff.org/Default.aspx?pageId=397&macId=19246,BEŞİKTAŞ                                          ,1,MKE ANKARAGÜCÜ                                    ,2,BEŞİKTAŞ İNÖNÜ,BÜLENT UZUN,17.02.2002 - 19:00
1208,https://www.tff.org/Default.aspx?pageId=397&macId=19353,KOCAELİSPOR                                       ,0,BEŞİKTAŞ                                          ,2, İSMETPAŞA,EROL ERSOY,22.02.2002 - 20:00
1210,https://www.tff.org/Default.aspx?pageId=397&macId=19354,SAMSUNSPOR                                        ,0,DİYARBAKIRSPOR                                    ,0,SAMSUN 19 MAYIS,METİN TOKAT,23.02.2002 - 13:30
1214,https://www.tff.org/Default.aspx?pageId=397&macId=19356,İSTANBULSPOR A.Ş.                                 ,3,BURSASPOR                                         ,0,GÜNGÖREN BELEDİYE,KADİR TOZLU,23.02.2002 - 13:30
1216,https://www.tff.org/Default.aspx?pageId=397&macId=19357,ANTALYASPOR A.Ş.                                  ,3,GAZİANTEPSPOR                                     ,3,ANTALYA ATATÜRK,MUHİTTİN BOŞAT,23.02.2002 - 13:30
1212,https://www.tff.org/Default.aspx?pageId=397&macId=19355,GALATASARAY                                       ,3,GENÇLERBİRLİĞİ                                    ,1,ALİ SAMİ YEN,BÜLENT UZUN,23.02.2002 - 19:00
1211,https://www.tff.org/Default.aspx?pageId=397&macId=19359,YİMPAŞ YOZGATSPOR A.Ş.                            ,1,GÖZTEPE A.Ş.                                      ,1,YOZGAT BOZOK,ORHAN ERDEMİR,24.02.2002 - 13:30
1213,https://www.tff.org/Default.aspx?pageId=397&macId=19360,ÇAYKUR RİZESPOR                                   ,0,MALATYASPOR                                       ,0,RİZE ATATÜRK,MUSA ERYILMAZ,24.02.2002 - 13:30
1215,https://www.tff.org/Default.aspx?pageId=397&macId=19361,MKE ANKARAGÜCÜ                                    ,4,TRABZONSPOR                                       ,2,ANKARA 19 MAYIS,ÜNSAL ÇİMEN,24.02.2002 - 13:30
1209,https://www.tff.org/Default.aspx?pageId=397&macId=19358,DENİZLİSPOR                                       ,1,FENERBAHÇE                                        ,2,DENİZLİ ATATÜRK,MUSTAFA ÇULCU,24.02.2002 - 19:00
1224,https://www.tff.org/Default.aspx?pageId=397&macId=19452,FENERBAHÇE                                        ,2,ÇAYKUR RİZESPOR                                   ,1,FB ŞÜKRÜ SARACOĞLU,ÜNSAL ÇİMEN,1.03.2002 - 20:00
1219,https://www.tff.org/Default.aspx?pageId=397&macId=19453,GENÇLERBİRLİĞİ                                    ,4,DENİZLİSPOR                                       ,2,ANKARA 19 MAYIS,MUHİTTİN BOŞAT,2.03.2002 - 13:30
1220,https://www.tff.org/Default.aspx?pageId=397&macId=19454,TRABZONSPOR                                       ,1,KOCAELİSPOR                                       ,2,HÜSEYİN AVNİ AKER,SELÇUK DERELİ,2.03.2002 - 13:30
1222,https://www.tff.org/Default.aspx?pageId=397&macId=19455,SAMSUNSPOR                                        ,2,GAZİANTEPSPOR                                     ,1,SAMSUN 19 MAYIS,İSMET CENGİZ,2.03.2002 - 13:30
1225,https://www.tff.org/Default.aspx?pageId=397&macId=19456,BEŞİKTAŞ                                          ,4,YİMPAŞ YOZGATSPOR A.Ş.                            ,2,BEŞİKTAŞ İNÖNÜ,YILNUR ÖNEN,2.03.2002 - 19:00
1218,https://www.tff.org/Default.aspx?pageId=397&macId=19458,BURSASPOR                                         ,2,MKE ANKARAGÜCÜ                                    ,1,BURSA ATATÜRK,KAZIM ERÇAKIR,3.03.2002 - 13:30
1221,https://www.tff.org/Default.aspx?pageId=397&macId=19459,DİYARBAKIRSPOR                                    ,1,İSTANBULSPOR A.Ş.                                 ,0,DİYARBAKIR ATATÜRK,ALİ AYDIN,3.03.2002 - 13:30
1223,https://www.tff.org/Default.aspx?pageId=397&macId=19460,MALATYASPOR                                       ,2,ANTALYASPOR A.Ş.                                  ,1,MALATYA İNÖNÜ,MUSTAFA ÇULCU,3.03.2002 - 13:30
1217,https://www.tff.org/Default.aspx?pageId=397&macId=19457,GÖZTEPE A.Ş.                                      ,2,GALATASARAY                                       ,0,İZMİR ATATÜRK,KUDDUSİ MÜFTÜOĞLU,3.03.2002 - 19:00
1232,https://www.tff.org/Default.aspx?pageId=397&macId=19560,MKE ANKARAGÜCÜ                                    ,1,DİYARBAKIRSPOR                                    ,1,ANKARA 19 MAYIS,CÜNEYT ÇAKIR,8.03.2002 - 20:00
1226,https://www.tff.org/Default.aspx?pageId=397&macId=19561,ÇAYKUR RİZESPOR                                   ,1,GENÇLERBİRLİĞİ                                    ,2,RİZE ATATÜRK,CEM TOSYALI,9.03.2002 - 13:30
1227,https://www.tff.org/Default.aspx?pageId=397&macId=19562,SAMSUNSPOR                                        ,0,İSTANBULSPOR A.Ş.                                 ,1,SAMSUN 19 MAYIS,MURAT ILGAZ,9.03.2002 - 13:30
1228,https://www.tff.org/Default.aspx?pageId=397&macId=19563,YİMPAŞ YOZGATSPOR A.Ş.                            ,2,TRABZONSPOR                                       ,3,YOZGAT BOZOK,MUHİTTİN BOŞAT,9.03.2002 - 13:30
1229,https://www.tff.org/Default.aspx?pageId=397&macId=19564,GALATASARAY                                       ,1,BEŞİKTAŞ                                          ,0,ALİ SAMİ YEN,ORHAN ERDEMİR,9.03.2002 - 19:05
1230,https://www.tff.org/Default.aspx?pageId=397&macId=19565,DENİZLİSPOR                                       ,2,GÖZTEPE A.Ş.                                      ,1,DENİZLİ ATATÜRK,SEBAHATTİN ŞAHİN,10.03.2002 - 13:30
1233,https://www.tff.org/Default.aspx?pageId=397&macId=19567,KOCAELİSPOR                                       ,1,BURSASPOR                                         ,2, İSMETPAŞA,İSMET ARZUMAN,10.03.2002 - 13:30
1234,https://www.tff.org/Default.aspx?pageId=397&macId=19568,MALATYASPOR                                       ,1,GAZİANTEPSPOR                                     ,1,MALATYA İNÖNÜ,METİN TOKAT,10.03.2002 - 13:30
1231,https://www.tff.org/Default.aspx?pageId=397&macId=19566,ANTALYASPOR A.Ş.                                  ,0,FENERBAHÇE                                        ,1,ANTALYA ATATÜRK,EROL ERSOY,10.03.2002 - 19:00
1243,https://www.tff.org/Default.aspx?pageId=397&macId=19670,BEŞİKTAŞ                                          ,2,DENİZLİSPOR                                       ,2,BEŞİKTAŞ İNÖNÜ,METİN TOKAT,15.03.2002 - 20:00
1235,https://www.tff.org/Default.aspx?pageId=397&macId=19671,GÖZTEPE A.Ş.                                      ,2,ÇAYKUR RİZESPOR                                   ,3,İZMİR ALSANCAK,KAZIM ERÇAKIR,16.03.2002 - 13:30
1240,https://www.tff.org/Default.aspx?pageId=397&macId=19673,GAZİANTEPSPOR                                     ,2,İSTANBULSPOR A.Ş.                                 ,2,KAMİL OCAK,ÇETİN SARIGÜL,16.03.2002 - 13:30
1236,https://www.tff.org/Default.aspx?pageId=397&macId=19672,BURSASPOR                                         ,3,YİMPAŞ YOZGATSPOR A.Ş.                            ,1,BURSA ATATÜRK,REHA BİÇİCİ,16.03.2002 - 19:00
1239,https://www.tff.org/Default.aspx?pageId=397&macId=19675,SAMSUNSPOR                                        ,2,MKE ANKARAGÜCÜ                                    ,0,SAMSUN 19 MAYIS,SELÇUK DERELİ,17.03.2002 - 13:30
1242,https://www.tff.org/Default.aspx?pageId=397&macId=19677,GENÇLERBİRLİĞİ                                    ,1,ANTALYASPOR A.Ş.                                  ,0,ANKARA 19 MAYIS,BÜLENT DEMİRLEK,17.03.2002 - 13:30
1238,https://www.tff.org/Default.aspx?pageId=397&macId=19674,DİYARBAKIRSPOR                                    ,1,KOCAELİSPOR                                       ,1,DİYARBAKIR ATATÜRK,MUSA ERYILMAZ,17.03.2002 - 13:31
1241,https://www.tff.org/Default.aspx?pageId=397&macId=19676,FENERBAHÇE                                        ,2,MALATYASPOR                                       ,2,FB ŞÜKRÜ SARACOĞLU,SERDAR TATLI,17.03.2002 - 19:00
1237,https://www.tff.org/Default.aspx?pageId=397&macId=19986,TRABZONSPOR                                       ,0,GALATASARAY                                       ,2,HÜSEYİN AVNİ AKER,BÜLENT UZUN,3.04.2002 - 19:00
1246,https://www.tff.org/Default.aspx?pageId=397&macId=19778,FENERBAHÇE                                        ,4,GAZİANTEPSPOR                                     ,1,FB ŞÜKRÜ SARACOĞLU,ALİ AYDIN,22.03.2002 - 20:00
1244,https://www.tff.org/Default.aspx?pageId=397&macId=19779,SAMSUNSPOR                                        ,0,KOCAELİSPOR                                       ,0,SAMSUN 19 MAYIS,MUHİTTİN BOŞAT,23.03.2002 - 14:30
1245,https://www.tff.org/Default.aspx?pageId=397&macId=19780,YİMPAŞ YOZGATSPOR A.Ş.                            ,2,DİYARBAKIRSPOR                                    ,0,YOZGAT BOZOK,EROL ERSOY,23.03.2002 - 14:30
1252,https://www.tff.org/Default.aspx?pageId=397&macId=19782,DENİZLİSPOR                                       ,2,TRABZONSPOR                                       ,1,DENİZLİ ATATÜRK,KUDDUSİ MÜFTÜOĞLU,23.03.2002 - 14:30
1251,https://www.tff.org/Default.aspx?pageId=397&macId=19781,GALATASARAY                                       ,2,BURSASPOR                                         ,1,ALİ SAMİ YEN,MUSTAFA ÇULCU,23.03.2002 - 19:00
1248,https://www.tff.org/Default.aspx?pageId=397&macId=19784,ANTALYASPOR A.Ş.                                  ,2,GÖZTEPE A.Ş.                                      ,0,ANTALYA ATATÜRK,MURAT ILGAZ,24.03.2002 - 14:30
1249,https://www.tff.org/Default.aspx?pageId=397&macId=19785,MALATYASPOR                                       ,1,GENÇLERBİRLİĞİ                                    ,0,MALATYA İNÖNÜ,MUSA ERYILMAZ,24.03.2002 - 14:30
1250,https://www.tff.org/Default.aspx?pageId=397&macId=19786,MKE ANKARAGÜCÜ                                    ,4,İSTANBULSPOR A.Ş.                                 ,2,ANKARA 19 MAYIS,SABİT HACIÖMEROĞLU,24.03.2002 - 14:30
1247,https://www.tff.org/Default.aspx?pageId=397&macId=19783,ÇAYKUR RİZESPOR                                   ,1,BEŞİKTAŞ                                          ,3,RİZE ATATÜRK,BÜLENT UZUN,24.03.2002 - 19:00
1260,https://www.tff.org/Default.aspx?pageId=397&macId=19888,BEŞİKTAŞ                                          ,0,ANTALYASPOR A.Ş.                                  ,0,BEŞİKTAŞ İNÖNÜ,SERDAR TATLI,29.03.2002 - 20:00
1254,https://www.tff.org/Default.aspx?pageId=397&macId=19889,TRABZONSPOR                                       ,2,ÇAYKUR RİZESPOR                                   ,1,HÜSEYİN AVNİ AKER,MUHİTTİN BOŞAT,30.03.2002 - 14:30
1257,https://www.tff.org/Default.aspx?pageId=397&macId=19891,İSTANBULSPOR A.Ş.                                 ,0,KOCAELİSPOR                                       ,1,GÜNGÖREN BELEDİYE,SELÇUK DERELİ,30.03.2002 - 14:30
1258,https://www.tff.org/Default.aspx?pageId=397&macId=19892,GAZİANTEPSPOR                                     ,1,MKE ANKARAGÜCÜ                                    ,1,KAMİL OCAK,ORHAN ERDEMİR,30.03.2002 - 14:30
1256,https://www.tff.org/Default.aspx?pageId=397&macId=19890,DİYARBAKIRSPOR                                    ,0,GALATASARAY                                       ,0,DİYARBAKIR ATATÜRK,ÜNSAL ÇİMEN,30.03.2002 - 19:00
1253,https://www.tff.org/Default.aspx?pageId=397&macId=19893,GÖZTEPE A.Ş.                                      ,2,MALATYASPOR                                       ,1,İZMİR ALSANCAK,YILNUR ÖNEN,31.03.2002 - 14:30
1255,https://www.tff.org/Default.aspx?pageId=397&macId=19894,SAMSUNSPOR                                        ,0,YİMPAŞ YOZGATSPOR A.Ş.                            ,0,SAMSUN 19 MAYIS,KUDDUSİ MÜFTÜOĞLU,31.03.2002 - 14:30
1261,https://www.tff.org/Default.aspx?pageId=397&macId=19896,BURSASPOR                                         ,3,DENİZLİSPOR                                       ,3,BURSA ATATÜRK,İSMET ARZUMAN,31.03.2002 - 14:30
1259,https://www.tff.org/Default.aspx?pageId=397&macId=19895,GENÇLERBİRLİĞİ                                    ,1,FENERBAHÇE                                        ,1,ANKARA 19 MAYIS,MUSTAFA ÇULCU,31.03.2002 - 19:00
1265,https://www.tff.org/Default.aspx?pageId=397&macId=19988,FENERBAHÇE                                        ,3,GÖZTEPE A.Ş.                                      ,0,FB ŞÜKRÜ SARACOĞLU,KUDDUSİ MÜFTÜOĞLU,5.04.2002 - 20:00
1263,https://www.tff.org/Default.aspx?pageId=397&macId=19989,DENİZLİSPOR                                       ,2,DİYARBAKIRSPOR                                    ,1,DENİZLİ ATATÜRK,SELÇUK DERELİ,6.04.2002 - 14:30
1264,https://www.tff.org/Default.aspx?pageId=397&macId=19990,ÇAYKUR RİZESPOR                                   ,3,BURSASPOR                                         ,1,RİZE ATATÜRK,ÇETİN SARIGÜL,6.04.2002 - 14:30
1270,https://www.tff.org/Default.aspx?pageId=397&macId=19991,GENÇLERBİRLİĞİ                                    ,1,GAZİANTEPSPOR                                     ,1,ANKARA 19 MAYIS,İSMET ARZUMAN,6.04.2002 - 19:00
1262,https://www.tff.org/Default.aspx?pageId=397&macId=19992,MALATYASPOR                                       ,0,BEŞİKTAŞ                                          ,1,MALATYA İNÖNÜ,ALİ AYDIN,7.04.2002 - 14:30
1266,https://www.tff.org/Default.aspx?pageId=397&macId=19993,KOCAELİSPOR                                       ,4,MKE ANKARAGÜCÜ                                    ,4, İSMETPAŞA,İSMET CENGİZ,7.04.2002 - 14:30
1267,https://www.tff.org/Default.aspx?pageId=397&macId=19994,YİMPAŞ YOZGATSPOR A.Ş.                            ,1,İSTANBULSPOR A.Ş.                                 ,1,YOZGAT BOZOK,MUTLU ÇELİK,7.04.2002 - 14:30
1269,https://www.tff.org/Default.aspx?pageId=397&macId=19996,ANTALYASPOR A.Ş.                                  ,4,TRABZONSPOR                                       ,2,ANTALYA ATATÜRK,KADİR TOZLU,7.04.2002 - 14:30
1268,https://www.tff.org/Default.aspx?pageId=397&macId=19995,SAMSUNSPOR                                        ,0,GALATASARAY                                       ,1,SAMSUN 19 MAYIS,SERDAR TATLI,7.04.2002 - 19:00
1276,https://www.tff.org/Default.aspx?pageId=397&macId=20087,TRABZONSPOR                                       ,0,MALATYASPOR                                       ,0,HÜSEYİN AVNİ AKER,MUSTAFA ÇULCU,12.04.2002 - 20:00
1271,https://www.tff.org/Default.aspx?pageId=397&macId=20088,GÖZTEPE A.Ş.                                      ,1,GENÇLERBİRLİĞİ                                    ,1,İZMİR ALSANCAK,SELÇUK DERELİ,13.04.2002 - 14:30
1273,https://www.tff.org/Default.aspx?pageId=397&macId=20089,MKE ANKARAGÜCÜ                                    ,1,YİMPAŞ YOZGATSPOR A.Ş.                            ,1,ANKARA 19 MAYIS,ALİ ŞAHAN,13.04.2002 - 14:30
1274,https://www.tff.org/Default.aspx?pageId=397&macId=20090,İSTANBULSPOR A.Ş.                                 ,0,GALATASARAY                                       ,2,GÜNGÖREN BELEDİYE,ORHAN ERDEMİR,13.04.2002 - 14:30
1279,https://www.tff.org/Default.aspx?pageId=397&macId=20091,SAMSUNSPOR                                        ,3,DENİZLİSPOR                                       ,4,SAMSUN 19 MAYIS,EROL ERSOY,13.04.2002 - 14:30
1275,https://www.tff.org/Default.aspx?pageId=397&macId=20093,GAZİANTEPSPOR                                     ,3,KOCAELİSPOR                                       ,5,KAMİL OCAK,MURAT ILGAZ,14.04.2002 - 14:30
1277,https://www.tff.org/Default.aspx?pageId=397&macId=20094,BURSASPOR                                         ,0,ANTALYASPOR A.Ş.                                  ,1,BURSA ATATÜRK,ÜNSAL ÇİMEN,14.04.2002 - 14:30
1278,https://www.tff.org/Default.aspx?pageId=397&macId=20095,DİYARBAKIRSPOR                                    ,1,ÇAYKUR RİZESPOR                                   ,0,DİYARBAKIR ATATÜRK,METİN TOKAT,14.04.2002 - 14:30
1272,https://www.tff.org/Default.aspx?pageId=397&macId=20092,BEŞİKTAŞ                                          ,0,FENERBAHÇE                                        ,2,BEŞİKTAŞ İNÖNÜ,MUHİTTİN BOŞAT,14.04.2002 - 19:06
1280,https://www.tff.org/Default.aspx?pageId=397&macId=20264,GENÇLERBİRLİĞİ                                    ,1,BEŞİKTAŞ                                          ,1,ANKARA 19 MAYIS,ÜNSAL ÇİMEN,20.04.2002 - 19:00
1281,https://www.tff.org/Default.aspx?pageId=397&macId=20265,DENİZLİSPOR                                       ,1,İSTANBULSPOR A.Ş.                                 ,1,DENİZLİ ATATÜRK,MURAT ILGAZ,21.04.2002 - 14:30
1282,https://www.tff.org/Default.aspx?pageId=397&macId=20266,MALATYASPOR                                       ,2,BURSASPOR                                         ,1,MALATYA İNÖNÜ,BÜLENT UZUN,21.04.2002 - 14:30
1283,https://www.tff.org/Default.aspx?pageId=397&macId=20267,GAZİANTEPSPOR                                     ,4,GÖZTEPE A.Ş.                                      ,0,KAMİL OCAK,METİN TOKAT,21.04.2002 - 14:30
1285,https://www.tff.org/Default.aspx?pageId=397&macId=20269,SAMSUNSPOR                                        ,1,ÇAYKUR RİZESPOR                                   ,0,SAMSUN 19 MAYIS,MUSTAFA ÇULCU,21.04.2002 - 14:30
1286,https://www.tff.org/Default.aspx?pageId=397&macId=20270,ANTALYASPOR A.Ş.                                  ,0,DİYARBAKIRSPOR                                    ,0,ANTALYA ATATÜRK,ALİ AYDIN,21.04.2002 - 14:30
1288,https://www.tff.org/Default.aspx?pageId=397&macId=20272,KOCAELİSPOR                                       ,4,YİMPAŞ YOZGATSPOR A.Ş.                            ,3, İSMETPAŞA,BÜLENT DEMİRLEK,21.04.2002 - 14:30
1284,https://www.tff.org/Default.aspx?pageId=397&macId=20268,GALATASARAY                                       ,2,MKE ANKARAGÜCÜ                                    ,0,ALİ SAMİ YEN,İSMET ARZUMAN,21.04.2002 - 19:00
1287,https://www.tff.org/Default.aspx?pageId=397&macId=20271,FENERBAHÇE                                        ,3,TRABZONSPOR                                       ,0,FB ŞÜKRÜ SARACOĞLU,KUDDUSİ MÜFTÜOĞLU,21.04.2002 - 19:00
1290,https://www.tff.org/Default.aspx?pageId=397&macId=20299,İSTANBULSPOR A.Ş.                                 ,3,ÇAYKUR RİZESPOR                                   ,1,GÜNGÖREN BELEDİYE,BÜLENT UZUN,27.04.2002 - 15:30
1291,https://www.tff.org/Default.aspx?pageId=397&macId=20300,YİMPAŞ YOZGATSPOR A.Ş.                            ,1,GAZİANTEPSPOR                                     ,2,YOZGAT BOZOK,ŞAHİN TAŞKINSOY,27.04.2002 - 15:30
1293,https://www.tff.org/Default.aspx?pageId=397&macId=20301,BEŞİKTAŞ                                          ,1,GÖZTEPE A.Ş.                                      ,2,BEŞİKTAŞ İNÖNÜ,MURAT ILGAZ,27.04.2002 - 15:30
1294,https://www.tff.org/Default.aspx?pageId=397&macId=20302,TRABZONSPOR                                       ,0,GENÇLERBİRLİĞİ                                    ,0,HÜSEYİN AVNİ AKER,KAZIM ERÇAKIR,27.04.2002 - 15:30
1295,https://www.tff.org/Default.aspx?pageId=397&macId=20303,DİYARBAKIRSPOR                                    ,0,MALATYASPOR                                       ,0,DİYARBAKIR ATATÜRK,EROL ERSOY,27.04.2002 - 15:30
1296,https://www.tff.org/Default.aspx?pageId=397&macId=20304,SAMSUNSPOR                                        ,2,ANTALYASPOR A.Ş.                                  ,0,SAMSUN 19 MAYIS,ÜNSAL ÇİMEN,27.04.2002 - 15:30
1297,https://www.tff.org/Default.aspx?pageId=397&macId=20305,MKE ANKARAGÜCÜ                                    ,1,DENİZLİSPOR                                       ,1,ANKARA 19 MAYIS,REHA BİÇİCİ,27.04.2002 - 15:30
1289,https://www.tff.org/Default.aspx?pageId=397&macId=20306,BURSASPOR                                         ,0,FENERBAHÇE                                        ,1,BURSA ATATÜRK,MUSTAFA ÇULCU,28.04.2002 - 19:00
1292,https://www.tff.org/Default.aspx?pageId=397&macId=20307,KOCAELİSPOR                                       ,0,GALATASARAY                                       ,2, İSMETPAŞA,METİN TOKAT,28.04.2002 - 19:00
1300,https://www.tff.org/Default.aspx?pageId=397&macId=20399,GÖZTEPE A.Ş.                                      ,4,TRABZONSPOR                                       ,2,İZMİR ALSANCAK,İBRAHİM ÇINAR,3.05.2002 - 20:00
1304,https://www.tff.org/Default.aspx?pageId=397&macId=20405,FENERBAHÇE                                        ,3,DİYARBAKIRSPOR                                    ,1,FB ŞÜKRÜ SARACOĞLU,BÜLENT DEMİRLEK,4.05.2002 - 15:30
1298,https://www.tff.org/Default.aspx?pageId=397&macId=20400,GAZİANTEPSPOR                                     ,1,BEŞİKTAŞ                                          ,0,KAMİL OCAK,KADİR TOZLU,4.05.2002 - 17:30
1299,https://www.tff.org/Default.aspx?pageId=397&macId=20401,SAMSUNSPOR                                        ,1,MALATYASPOR                                       ,1,SAMSUN 19 MAYIS,BÜLENT UZUN,4.05.2002 - 17:30
1301,https://www.tff.org/Default.aspx?pageId=397&macId=20402,DENİZLİSPOR                                       ,4,KOCAELİSPOR                                       ,0,DENİZLİ ATATÜRK,İSMET ARZUMAN,4.05.2002 - 17:30
1302,https://www.tff.org/Default.aspx?pageId=397&macId=20403,ÇAYKUR RİZESPOR                                   ,3,MKE ANKARAGÜCÜ                                    ,2,RİZE ATATÜRK,ÇETİN SARIGÜL,4.05.2002 - 17:30
1303,https://www.tff.org/Default.aspx?pageId=397&macId=20404,ANTALYASPOR A.Ş.                                  ,2,İSTANBULSPOR A.Ş.                                 ,0,ANTALYA ATATÜRK,SELÇUK DERELİ,4.05.2002 - 17:30
1305,https://www.tff.org/Default.aspx?pageId=397&macId=20406,GENÇLERBİRLİĞİ                                    ,3,BURSASPOR                                         ,2,ANKARA 19 MAYIS,CEM TOSYALI,4.05.2002 - 17:30
1306,https://www.tff.org/Default.aspx?pageId=397&macId=20407,GALATASARAY                                       ,5,YİMPAŞ YOZGATSPOR A.Ş.                            ,0,ALİ SAMİ YEN,MURAT ILGAZ,4.05.2002 - 19:30
