Takim_adi,Oynadigi_mac_sayisi,Galibiyet_sayisi,Beraberlik_sayisi,Maglubiyet_sayisi,Attigi_gol_sayisi,Yedigi_gol_sayisi,Averaj,Puan
GALATASARAY,34,24,6,4,75,31,44,78
FENERBAHÇE,34,24,3,7,70,31,39,75
BEŞİKTAŞ,34,18,8,8,69,39,30,62
MKE ANKARAGÜCÜ,34,15,8,11,72,58,14,53
DENİZLİSPOR,34,12,12,10,65,52,13,48
GAZİANTEPSPOR,34,13,9,12,57,52,5,48
GÖZTEPE A.Ş,34,12,9,13,38,56,-18,45
GENÇLERBİRLİĞİ,34,11,12,11,47,51,-4,45
İSTANBULSPOR A.Ş,34,12,8,14,33,38,-5,44
BURSASPOR,34,13,5,16,48,60,-12,44
KOCAELİSPOR,34,12,7,15,45,60,-15,43
DİYARBAKIRSPOR,34,10,10,14,41,50,-9,40
MALATYASPOR,34,11,7,16,34,50,-16,40
TRABZONSPOR,34,11,7,16,49,60,-11,40
SAMSUNSPOR,34,10,8,16,32,43,-11,38
ÇAYKUR RİZESPOR,34,9,10,15,43,51,-8,37
ANTALYASPOR A.Ş,34,9,10,15,46,61,-15,37
YİMPAŞ YOZGATSPOR A.Ş,34,6,9,19,46,67,-21,27
