Mac_kodu,TFF_mac_linki,Ev_sahibi,Ev_sahibi_gol,Misafir_takim,Misafir_takim_gol,Stat,Ana_hakem,Tarih_saat
1005,https://www.tff.org/Default.aspx?pageId=397&macId=20642,KOCAELİSPOR                                       ,0,FENERBAHÇE                                        ,4, İSMETPAŞA,OĞUZ SARVAN,11.08.2000 - 20:00
1001,https://www.tff.org/Default.aspx?pageId=397&macId=20643,BEŞİKTAŞ                                          ,3,YİMPAŞ YOZGATSPOR                                 ,0,BEŞİKTAŞ İNÖNÜ,ALİ AYDIN,12.08.2000 - 19:00
1002,https://www.tff.org/Default.aspx?pageId=397&macId=20644,GENÇLERBİRLİĞİ                                    ,0,ÇAYKUR RİZESPOR                                   ,0,ANKARA 19 MAYIS,METİN SEVAL,12.08.2000 - 19:00
1007,https://www.tff.org/Default.aspx?pageId=397&macId=20645,BURSASPOR                                         ,3,GAZİANTEPSPOR                                     ,3,BURSA ATATÜRK,ORHAN ERDEMİR,12.08.2000 - 19:00
1008,https://www.tff.org/Default.aspx?pageId=397&macId=20646,ERZURUMSPOR                                       ,1,TRABZONSPOR                                       ,3,CEMAL GÜRSEL,BÜLENT UZUN,12.08.2000 - 19:00
1003,https://www.tff.org/Default.aspx?pageId=397&macId=20647,İSTANBULSPOR A.Ş.                                 ,1,ADANASPOR A.Ş.                                    ,6,BAYRAMPAŞA ÇETİN EMEÇ,SADIK İLHAN,13.08.2000 - 17:00
1004,https://www.tff.org/Default.aspx?pageId=397&macId=20648,SİİRT JETPA SPOR                                  ,1,ANTALYASPOR A.Ş.                                  ,2,SİİRT ATATÜRK,MUSTAFA KALKANDELEN,13.08.2000 - 17:00
1006,https://www.tff.org/Default.aspx?pageId=397&macId=20649,SAMSUNSPOR                                        ,3,MKE ANKARAGÜCÜ                                    ,0,SAMSUN 19 MAYIS,SELÇUK DERELİ,13.08.2000 - 19:00
1009,https://www.tff.org/Default.aspx?pageId=397&macId=20650,DENİZLİSPOR                                       ,0,GALATASARAY                                       ,1,DENİZLİ ATATÜRK,MUSTAFA ÇULCU,13.08.2000 - 19:00
1015,https://www.tff.org/Default.aspx?pageId=397&macId=20684,ANTALYASPOR A.Ş.                                  ,1,BEŞİKTAŞ                                          ,2,ANTALYA ATATÜRK,METİN TOKAT,18.08.2000 - 20:00
1010,https://www.tff.org/Default.aspx?pageId=397&macId=20685,SİİRT JETPA SPOR                                  ,2,ÇAYKUR RİZESPOR                                   ,3,SİİRT ATATÜRK,EROL ERSOY,19.08.2000 - 17:00
1013,https://www.tff.org/Default.aspx?pageId=397&macId=20686,MKE ANKARAGÜCÜ                                    ,1,KOCAELİSPOR                                       ,0,ANKARA 19 MAYIS,MUTLU ÇELİK,19.08.2000 - 17:00
1016,https://www.tff.org/Default.aspx?pageId=397&macId=20687,YİMPAŞ YOZGATSPOR                                 ,2,DENİZLİSPOR                                       ,0,YOZGAT BOZOK,ALİ ULUYOL,19.08.2000 - 17:00
1018,https://www.tff.org/Default.aspx?pageId=397&macId=20688,GALATASARAY                                       ,7,ERZURUMSPOR                                       ,0,ALİ SAMİ YEN,MURAT ILGAZ,19.08.2000 - 19:00
1011,https://www.tff.org/Default.aspx?pageId=397&macId=20689,TRABZONSPOR                                       ,2,BURSASPOR                                         ,1,HÜSEYİN AVNİ AKER,SERDAR TATLI,20.08.2000 - 17:00
1012,https://www.tff.org/Default.aspx?pageId=397&macId=20690,GAZİANTEPSPOR                                     ,4,SAMSUNSPOR                                        ,0,KAMİL OCAK,YILNUR ÖNEN,20.08.2000 - 17:00
1014,https://www.tff.org/Default.aspx?pageId=397&macId=20691,GENÇLERBİRLİĞİ                                    ,1,ADANASPOR A.Ş.                                    ,0,ANKARA 19 MAYIS,SEBAHATTİN BİTİRİM,20.08.2000 - 17:00
1017,https://www.tff.org/Default.aspx?pageId=397&macId=20692,FENERBAHÇE                                        ,2,İSTANBULSPOR A.Ş.                                 ,0,FB ŞÜKRÜ SARACOĞLU,MUHİTTİN BOŞAT,20.08.2000 - 19:00
1027,https://www.tff.org/Default.aspx?pageId=397&macId=20728,SAMSUNSPOR                                        ,1,TRABZONSPOR                                       ,1,SAMSUN 19 MAYIS,OĞUZ SARVAN,25.08.2000 - 20:00
1020,https://www.tff.org/Default.aspx?pageId=397&macId=20730,SİİRT JETPA SPOR                                  ,2,ADANASPOR A.Ş.                                    ,2,SİİRT ATATÜRK,ÜNSAL ÇİMEN,26.08.2000 - 17:00
1019,https://www.tff.org/Default.aspx?pageId=397&macId=20729,DENİZLİSPOR                                       ,3,ERZURUMSPOR                                       ,1,DENİZLİ ATATÜRK,ŞAHİN TAŞKINSOY,26.08.2000 - 19:00
1023,https://www.tff.org/Default.aspx?pageId=397&macId=20731,GENÇLERBİRLİĞİ                                    ,3,FENERBAHÇE                                        ,1,ANKARA 19 MAYIS,MUSTAFA ÇULCU,26.08.2000 - 19:04
1024,https://www.tff.org/Default.aspx?pageId=397&macId=20734,İSTANBULSPOR A.Ş.                                 ,0,MKE ANKARAGÜCÜ                                    ,2,BAYRAMPAŞA ÇETİN EMEÇ,MUSA ERYILMAZ,27.08.2000 - 17:00
1026,https://www.tff.org/Default.aspx?pageId=397&macId=20735,YİMPAŞ YOZGATSPOR                                 ,0,ANTALYASPOR A.Ş.                                  ,0,YOZGAT BOZOK,SEBAHATTİN ŞAHİN,27.08.2000 - 17:00
1021,https://www.tff.org/Default.aspx?pageId=397&macId=20732,KOCAELİSPOR                                       ,1,GAZİANTEPSPOR                                     ,2, İSMETPAŞA,İSMET ARZUMAN,27.08.2000 - 19:00
1022,https://www.tff.org/Default.aspx?pageId=397&macId=20733,BEŞİKTAŞ                                          ,2,ÇAYKUR RİZESPOR                                   ,1,BEŞİKTAŞ İNÖNÜ,HARUN YİĞİT,27.08.2000 - 19:00
1025,https://www.tff.org/Default.aspx?pageId=397&macId=20874,BURSASPOR                                         ,0,GALATASARAY                                       ,2,BURSA ATATÜRK,EROL ERSOY,6.09.2000 - 20:00
1029,https://www.tff.org/Default.aspx?pageId=397&macId=20875,ADANASPOR A.Ş.                                    ,1,BEŞİKTAŞ                                          ,1,5 OCAK,MURAT ILGAZ,8.09.2000 - 20:00
1034,https://www.tff.org/Default.aspx?pageId=397&macId=20877,ANTALYASPOR A.Ş.                                  ,4,DENİZLİSPOR                                       ,1,ANTALYA ATATÜRK,İSMET CENGİZ,9.09.2000 - 19:00
1035,https://www.tff.org/Default.aspx?pageId=397&macId=20878,TRABZONSPOR                                       ,2,KOCAELİSPOR                                       ,1,HÜSEYİN AVNİ AKER,CEM TOSYALI,9.09.2000 - 19:00
1036,https://www.tff.org/Default.aspx?pageId=397&macId=20879,GALATASARAY                                       ,1,SAMSUNSPOR                                        ,2,ALİ SAMİ YEN,SERDAR TATLI,9.09.2000 - 19:00
1028,https://www.tff.org/Default.aspx?pageId=397&macId=20876,MKE ANKARAGÜCÜ                                    ,2,GENÇLERBİRLİĞİ                                    ,3,ANKARA 19 MAYIS,BÜLENT UZUN,9.09.2000 - 19:03
1033,https://www.tff.org/Default.aspx?pageId=397&macId=20883,YİMPAŞ YOZGATSPOR                                 ,0,ÇAYKUR RİZESPOR                                   ,0,YOZGAT BOZOK,ORHAN ERDEMİR,10.09.2000 - 16:00
1030,https://www.tff.org/Default.aspx?pageId=397&macId=20880,ERZURUMSPOR                                       ,5,BURSASPOR                                         ,0,CEMAL GÜRSEL,KAZIM ERÇAKIR,10.09.2000 - 19:00
1031,https://www.tff.org/Default.aspx?pageId=397&macId=20881,GAZİANTEPSPOR                                     ,0,İSTANBULSPOR A.Ş.                                 ,0,KAMİL OCAK,SABİT HACIÖMEROĞLU,10.09.2000 - 19:00
1032,https://www.tff.org/Default.aspx?pageId=397&macId=20882,FENERBAHÇE                                        ,4,SİİRT JETPA SPOR                                  ,2,FB ŞÜKRÜ SARACOĞLU,ALİ AYDIN,10.09.2000 - 19:07
1044,https://www.tff.org/Default.aspx?pageId=397&macId=20989,KOCAELİSPOR                                       ,1,GALATASARAY                                       ,4, İSMETPAŞA,SADIK İLHAN,15.09.2000 - 20:00
1037,https://www.tff.org/Default.aspx?pageId=397&macId=20990,BEŞİKTAŞ                                          ,3,FENERBAHÇE                                        ,0,BEŞİKTAŞ İNÖNÜ,METİN TOKAT,16.09.2000 - 19:00
1040,https://www.tff.org/Default.aspx?pageId=397&macId=20991,DENİZLİSPOR                                       ,1,BURSASPOR                                         ,1,DENİZLİ ATATÜRK,ÇETİN SARIGÜL,16.09.2000 - 19:00
1045,https://www.tff.org/Default.aspx?pageId=397&macId=20992,SAMSUNSPOR                                        ,2,ERZURUMSPOR                                       ,2,SAMSUN 19 MAYIS,FERHAT GÜNDOĞDU,16.09.2000 - 19:00
1041,https://www.tff.org/Default.aspx?pageId=397&macId=20995,SİİRT JETPA SPOR                                  ,1,MKE ANKARAGÜCÜ                                    ,1,SİİRT ATATÜRK,İSMET ARZUMAN,17.09.2000 - 15:30
1039,https://www.tff.org/Default.aspx?pageId=397&macId=20994,YİMPAŞ YOZGATSPOR                                 ,4,ADANASPOR A.Ş.                                    ,1,YOZGAT BOZOK,REHA BİÇİCİ,17.09.2000 - 16:00
1038,https://www.tff.org/Default.aspx?pageId=397&macId=20993,ANTALYASPOR A.Ş.                                  ,2,ÇAYKUR RİZESPOR                                   ,1,ANTALYA ATATÜRK,SEBAHATTİN BİTİRİM,17.09.2000 - 19:00
1042,https://www.tff.org/Default.aspx?pageId=397&macId=20996,GENÇLERBİRLİĞİ                                    ,2,GAZİANTEPSPOR                                     ,0,ANKARA 19 MAYIS,MUTLU ÇELİK,17.09.2000 - 19:00
1043,https://www.tff.org/Default.aspx?pageId=397&macId=20997,İSTANBULSPOR A.Ş.                                 ,1,TRABZONSPOR                                       ,0,FB ŞÜKRÜ SARACOĞLU,MUSTAFA ÇULCU,17.09.2000 - 19:00
1050,https://www.tff.org/Default.aspx?pageId=397&macId=21108,MKE ANKARAGÜCÜ                                    ,1,BEŞİKTAŞ                                          ,5,ANKARA 19 MAYIS,OĞUZ SARVAN,22.09.2000 - 20:00
1046,https://www.tff.org/Default.aspx?pageId=397&macId=21109,ADANASPOR A.Ş.                                    ,1,ANTALYASPOR A.Ş.                                  ,1,5 OCAK,METİN SEVAL,23.09.2000 - 19:00
1048,https://www.tff.org/Default.aspx?pageId=397&macId=21110,GALATASARAY                                       ,1,İSTANBULSPOR A.Ş.                                 ,1,ALİ SAMİ YEN,İSMET CENGİZ,23.09.2000 - 19:00
1049,https://www.tff.org/Default.aspx?pageId=397&macId=21111,GAZİANTEPSPOR                                     ,4,SİİRT JETPA SPOR                                  ,0,KAMİL OCAK,SELÇUK DERELİ,23.09.2000 - 19:00
1052,https://www.tff.org/Default.aspx?pageId=397&macId=21112,BURSASPOR                                         ,0,SAMSUNSPOR                                        ,2,BURSA ATATÜRK,ALİ ULUYOL,23.09.2000 - 19:00
1047,https://www.tff.org/Default.aspx?pageId=397&macId=21113,DENİZLİSPOR                                       ,0,ÇAYKUR RİZESPOR                                   ,0,DENİZLİ ATATÜRK,MUSA ERYILMAZ,24.09.2000 - 19:00
1051,https://www.tff.org/Default.aspx?pageId=397&macId=21114,FENERBAHÇE                                        ,3,YİMPAŞ YOZGATSPOR                                 ,1,FB ŞÜKRÜ SARACOĞLU,MURAT ILGAZ,24.09.2000 - 19:00
1053,https://www.tff.org/Default.aspx?pageId=397&macId=21115,ERZURUMSPOR                                       ,1,KOCAELİSPOR                                       ,0,CEMAL GÜRSEL,YILNUR ÖNEN,24.09.2000 - 19:00
1054,https://www.tff.org/Default.aspx?pageId=397&macId=21116,TRABZONSPOR                                       ,2,GENÇLERBİRLİĞİ                                    ,0,HÜSEYİN AVNİ AKER,EROL ERSOY,24.09.2000 - 19:00
1063,https://www.tff.org/Default.aspx?pageId=397&macId=21222,DENİZLİSPOR                                       ,3,SAMSUNSPOR                                        ,1,DENİZLİ ATATÜRK,MUTLU ÇELİK,29.09.2000 - 20:00
1056,https://www.tff.org/Default.aspx?pageId=397&macId=21223,İSTANBULSPOR A.Ş.                                 ,1,ERZURUMSPOR                                       ,0,FB ŞÜKRÜ SARACOĞLU,SEBAHATTİN ŞAHİN,30.09.2000 - 19:00
1059,https://www.tff.org/Default.aspx?pageId=397&macId=21224,GENÇLERBİRLİĞİ                                    ,1,GALATASARAY                                       ,4,ANKARA 19 MAYIS,ALİ AYDIN,30.09.2000 - 19:00
1060,https://www.tff.org/Default.aspx?pageId=397&macId=21225,KOCAELİSPOR                                       ,0,BURSASPOR                                         ,0, İSMETPAŞA,MUHİTTİN BOŞAT,30.09.2000 - 19:00
1058,https://www.tff.org/Default.aspx?pageId=397&macId=21228,SİİRT JETPA SPOR                                  ,1,TRABZONSPOR                                       ,4,SİİRT ATATÜRK,ORHAN ERDEMİR,1.10.2000 - 14:00
1062,https://www.tff.org/Default.aspx?pageId=397&macId=21230,YİMPAŞ YOZGATSPOR                                 ,0,MKE ANKARAGÜCÜ                                    ,1,YOZGAT BOZOK,CEM TOSYALI,1.10.2000 - 15:00
1055,https://www.tff.org/Default.aspx?pageId=397&macId=21226,BEŞİKTAŞ                                          ,2,GAZİANTEPSPOR                                     ,4,BEŞİKTAŞ İNÖNÜ,BÜLENT UZUN,1.10.2000 - 19:00
1057,https://www.tff.org/Default.aspx?pageId=397&macId=21227,ADANASPOR A.Ş.                                    ,1,ÇAYKUR RİZESPOR                                   ,0,5 OCAK,MUSTAFA KALKANDELEN,1.10.2000 - 19:00
1061,https://www.tff.org/Default.aspx?pageId=397&macId=21229,ANTALYASPOR A.Ş.                                  ,0,FENERBAHÇE                                        ,1,ANTALYA ATATÜRK,ÜNSAL ÇİMEN,1.10.2000 - 19:00
1069,https://www.tff.org/Default.aspx?pageId=397&macId=21457,ADANASPOR A.Ş.                                    ,2,DENİZLİSPOR                                       ,3,5 OCAK,İSMET ARZUMAN,13.10.2000 - 20:00
1064,https://www.tff.org/Default.aspx?pageId=397&macId=21458,GALATASARAY                                       ,4,SİİRT JETPA SPOR                                  ,1,ALİ SAMİ YEN,SABİT HACIÖMEROĞLU,14.10.2000 - 19:00
1067,https://www.tff.org/Default.aspx?pageId=397&macId=21459,GAZİANTEPSPOR                                     ,3,YİMPAŞ YOZGATSPOR                                 ,1,KAMİL OCAK,ALİ ULUYOL,14.10.2000 - 19:00
1071,https://www.tff.org/Default.aspx?pageId=397&macId=21460,BURSASPOR                                         ,2,İSTANBULSPOR A.Ş.                                 ,5,BURSA ATATÜRK,SEBAHATTİN BİTİRİM,14.10.2000 - 19:00
1072,https://www.tff.org/Default.aspx?pageId=397&macId=21461,TRABZONSPOR                                       ,2,BEŞİKTAŞ                                          ,0,HÜSEYİN AVNİ AKER,METİN TOKAT,14.10.2000 - 19:00
1065,https://www.tff.org/Default.aspx?pageId=397&macId=21462,MKE ANKARAGÜCÜ                                    ,1,ANTALYASPOR A.Ş.                                  ,1,ANKARA 19 MAYIS,ŞAHİN TAŞKINSOY,15.10.2000 - 17:00
1066,https://www.tff.org/Default.aspx?pageId=397&macId=21463,ERZURUMSPOR                                       ,1,GENÇLERBİRLİĞİ                                    ,2,CEMAL GÜRSEL,MUHİTTİN BOŞAT,15.10.2000 - 19:00
1068,https://www.tff.org/Default.aspx?pageId=397&macId=21464,FENERBAHÇE                                        ,1,ÇAYKUR RİZESPOR                                   ,0,FB ŞÜKRÜ SARACOĞLU,OĞUZ SARVAN,15.10.2000 - 19:00
1070,https://www.tff.org/Default.aspx?pageId=397&macId=21465,SAMSUNSPOR                                        ,3,KOCAELİSPOR                                       ,0,SAMSUN 19 MAYIS,KAZIM ERÇAKIR,15.10.2000 - 19:00
1080,https://www.tff.org/Default.aspx?pageId=397&macId=21570,ANTALYASPOR A.Ş.                                  ,2,GAZİANTEPSPOR                                     ,2,ANTALYA ATATÜRK,YILNUR ÖNEN,19.10.2000 - 20:00
1074,https://www.tff.org/Default.aspx?pageId=397&macId=21571,ADANASPOR A.Ş.                                    ,1,FENERBAHÇE                                        ,1,5 OCAK,EROL ERSOY,20.10.2000 - 20:00
1077,https://www.tff.org/Default.aspx?pageId=397&macId=21575,SİİRT JETPA SPOR                                  ,1,ERZURUMSPOR                                       ,1,SİİRT ATATÜRK,MUSA ERYILMAZ,21.10.2000 - 14:00
1073,https://www.tff.org/Default.aspx?pageId=397&macId=21572,GENÇLERBİRLİĞİ                                    ,0,BURSASPOR                                         ,1,ANKARA 19 MAYIS,MUSTAFA KALKANDELEN,21.10.2000 - 15:00
1075,https://www.tff.org/Default.aspx?pageId=397&macId=21573,YİMPAŞ YOZGATSPOR                                 ,1,TRABZONSPOR                                       ,1,YOZGAT BOZOK,MUTLU ÇELİK,21.10.2000 - 15:00
1078,https://www.tff.org/Default.aspx?pageId=397&macId=21576,İSTANBULSPOR A.Ş.                                 ,0,SAMSUNSPOR                                        ,0,FB ŞÜKRÜ SARACOĞLU,SELÇUK DERELİ,21.10.2000 - 15:30
1081,https://www.tff.org/Default.aspx?pageId=397&macId=21578,DENİZLİSPOR                                       ,2,KOCAELİSPOR                                       ,1,DENİZLİ ATATÜRK,SERDAR TATLI,21.10.2000 - 15:30
1076,https://www.tff.org/Default.aspx?pageId=397&macId=21574,BEŞİKTAŞ                                          ,3,GALATASARAY                                       ,1,BEŞİKTAŞ İNÖNÜ,MUSTAFA ÇULCU,21.10.2000 - 19:00
1079,https://www.tff.org/Default.aspx?pageId=397&macId=21577,ÇAYKUR RİZESPOR                                   ,1,MKE ANKARAGÜCÜ                                    ,1,RİZE ATATÜRK,ALİ AYDIN,21.10.2000 - 19:00
1087,https://www.tff.org/Default.aspx?pageId=397&macId=21700,FENERBAHÇE                                        ,5,DENİZLİSPOR                                       ,2,FB ŞÜKRÜ SARACOĞLU,ALİ ULUYOL,27.10.2000 - 20:00
1083,https://www.tff.org/Default.aspx?pageId=397&macId=21702,TRABZONSPOR                                       ,4,ANTALYASPOR A.Ş.                                  ,0,HÜSEYİN AVNİ AKER,MURAT ILGAZ,28.10.2000 - 13:00
1086,https://www.tff.org/Default.aspx?pageId=397&macId=21703,MKE ANKARAGÜCÜ                                    ,4,ADANASPOR A.Ş.                                    ,0,ANKARA 19 MAYIS,İSMET CENGİZ,28.10.2000 - 13:30
1082,https://www.tff.org/Default.aspx?pageId=397&macId=21701,BURSASPOR                                         ,3,SİİRT JETPA SPOR                                  ,2,BURSA ATATÜRK,CEM TOSYALI,28.10.2000 - 14:00
1090,https://www.tff.org/Default.aspx?pageId=397&macId=21704,ERZURUMSPOR                                       ,1,BEŞİKTAŞ                                          ,3,CEMAL GÜRSEL,ÜNSAL ÇİMEN,28.10.2000 - 19:00
1085,https://www.tff.org/Default.aspx?pageId=397&macId=21706,GAZİANTEPSPOR                                     ,2,ÇAYKUR RİZESPOR                                   ,1,KAMİL OCAK,MUHİTTİN BOŞAT,29.10.2000 - 13:30
1089,https://www.tff.org/Default.aspx?pageId=397&macId=21708,SAMSUNSPOR                                        ,1,GENÇLERBİRLİĞİ                                    ,2,SAMSUN 19 MAYIS,ORHAN ERDEMİR,29.10.2000 - 13:30
1088,https://www.tff.org/Default.aspx?pageId=397&macId=21707,KOCAELİSPOR                                       ,1,İSTANBULSPOR A.Ş.                                 ,1, İSMETPAŞA,ÇETİN SARIGÜL,29.10.2000 - 14:00
1084,https://www.tff.org/Default.aspx?pageId=397&macId=21705,GALATASARAY                                       ,3,YİMPAŞ YOZGATSPOR                                 ,0,ALİ SAMİ YEN,BÜLENT UZUN,29.10.2000 - 19:00
1092,https://www.tff.org/Default.aspx?pageId=397&macId=21821,ÇAYKUR RİZESPOR                                   ,2,TRABZONSPOR                                       ,1,RİZE ATATÜRK,EROL ERSOY,3.11.2000 - 20:00
1096,https://www.tff.org/Default.aspx?pageId=397&macId=21824,GENÇLERBİRLİĞİ                                    ,0,KOCAELİSPOR                                       ,0,ANKARA 19 MAYIS,SABİT HACIÖMEROĞLU,4.11.2000 - 13:30
1093,https://www.tff.org/Default.aspx?pageId=397&macId=21822,DENİZLİSPOR                                       ,0,İSTANBULSPOR A.Ş.                                 ,4,DENİZLİ ATATÜRK,KUDDUSİ MÜFTÜOĞLU,4.11.2000 - 14:00
1094,https://www.tff.org/Default.aspx?pageId=397&macId=21823,BEŞİKTAŞ                                          ,2,BURSASPOR                                         ,1,BEŞİKTAŞ İNÖNÜ,SERDAR TATLI,4.11.2000 - 19:00
1095,https://www.tff.org/Default.aspx?pageId=397&macId=21826,SİİRT JETPA SPOR                                  ,1,SAMSUNSPOR                                        ,2,SİİRT ATATÜRK,SEBAHATTİN BİTİRİM,5.11.2000 - 13:00
1091,https://www.tff.org/Default.aspx?pageId=397&macId=21825,ADANASPOR A.Ş.                                    ,0,GAZİANTEPSPOR                                     ,1,5 OCAK,SADIK İLHAN,5.11.2000 - 13:30
1099,https://www.tff.org/Default.aspx?pageId=397&macId=21828,YİMPAŞ YOZGATSPOR                                 ,4,ERZURUMSPOR                                       ,0,YOZGAT BOZOK,ALİ AYDIN,5.11.2000 - 13:30
1097,https://www.tff.org/Default.aspx?pageId=397&macId=21827,FENERBAHÇE                                        ,5,MKE ANKARAGÜCÜ                                    ,1,FB ŞÜKRÜ SARACOĞLU,MUTLU ÇELİK,5.11.2000 - 19:00
1098,https://www.tff.org/Default.aspx?pageId=397&macId=22600,ANTALYASPOR A.Ş.                                  ,0,GALATASARAY                                       ,1,ANTALYA ATATÜRK,MUTLU ÇELİK,20.12.2000 - 20:00
1104,https://www.tff.org/Default.aspx?pageId=397&macId=21934,GAZİANTEPSPOR                                     ,2,FENERBAHÇE                                        ,1,KAMİL OCAK,METİN TOKAT,10.11.2000 - 20:00
1108,https://www.tff.org/Default.aspx?pageId=397&macId=21938,ERZURUMSPOR                                       ,0,ANTALYASPOR A.Ş.                                  ,1,CEMAL GÜRSEL,KAZIM ERÇAKIR,11.11.2000 - 13:00
1101,https://www.tff.org/Default.aspx?pageId=397&macId=21935,BURSASPOR                                         ,1,YİMPAŞ YOZGATSPOR                                 ,4,BURSA ATATÜRK,YILNUR ÖNEN,11.11.2000 - 14:00
1106,https://www.tff.org/Default.aspx?pageId=397&macId=21937,İSTANBULSPOR A.Ş.                                 ,2,GENÇLERBİRLİĞİ                                    ,1,FB ŞÜKRÜ SARACOĞLU,MUSA ERYILMAZ,11.11.2000 - 14:00
1103,https://www.tff.org/Default.aspx?pageId=397&macId=21936,GALATASARAY                                       ,2,ÇAYKUR RİZESPOR                                   ,0,ALİ SAMİ YEN,MURAT ILGAZ,11.11.2000 - 19:00
1102,https://www.tff.org/Default.aspx?pageId=397&macId=21940,TRABZONSPOR                                       ,3,ADANASPOR A.Ş.                                    ,3,HÜSEYİN AVNİ AKER,SELÇUK DERELİ,12.11.2000 - 13:30
1105,https://www.tff.org/Default.aspx?pageId=397&macId=21941,MKE ANKARAGÜCÜ                                    ,3,DENİZLİSPOR                                       ,1,ANKARA 19 MAYIS,İSMET ARZUMAN,12.11.2000 - 13:30
1100,https://www.tff.org/Default.aspx?pageId=397&macId=21939,KOCAELİSPOR                                       ,1,SİİRT JETPA SPOR                                  ,1, İSMETPAŞA,ÜNSAL ÇİMEN,12.11.2000 - 14:00
1107,https://www.tff.org/Default.aspx?pageId=397&macId=21942,SAMSUNSPOR                                        ,2,BEŞİKTAŞ                                          ,3,SAMSUN 19 MAYIS,MUTLU ÇELİK,12.11.2000 - 19:00
1109,https://www.tff.org/Default.aspx?pageId=397&macId=22048,BEŞİKTAŞ                                          ,3,KOCAELİSPOR                                       ,2,BEŞİKTAŞ İNÖNÜ,ALİ AYDIN,17.11.2000 - 20:00
1110,https://www.tff.org/Default.aspx?pageId=397&macId=22049,ÇAYKUR RİZESPOR                                   ,4,ERZURUMSPOR                                       ,1,RİZE ATATÜRK,BÜLENT UZUN,18.11.2000 - 13:00
1112,https://www.tff.org/Default.aspx?pageId=397&macId=22050,SİİRT JETPA SPOR                                  ,0,İSTANBULSPOR A.Ş.                                 ,2,SİİRT ATATÜRK,SABİT HACIÖMEROĞLU,18.11.2000 - 13:00
1113,https://www.tff.org/Default.aspx?pageId=397&macId=22051,MKE ANKARAGÜCÜ                                    ,1,GAZİANTEPSPOR                                     ,1,ANKARA 19 MAYIS,İSMET CENGİZ,18.11.2000 - 13:30
1115,https://www.tff.org/Default.aspx?pageId=397&macId=22052,ADANASPOR A.Ş.                                    ,1,GALATASARAY                                       ,2,5 OCAK,METİN TOKAT,18.11.2000 - 19:00
1116,https://www.tff.org/Default.aspx?pageId=397&macId=22055,YİMPAŞ YOZGATSPOR                                 ,0,SAMSUNSPOR                                        ,0,YOZGAT BOZOK,MUSTAFA KALKANDELEN,19.11.2000 - 13:30
1111,https://www.tff.org/Default.aspx?pageId=397&macId=22053,ANTALYASPOR A.Ş.                                  ,2,BURSASPOR                                         ,1,ANTALYA ATATÜRK,KADİR TOZLU,19.11.2000 - 14:00
1117,https://www.tff.org/Default.aspx?pageId=397&macId=22056,DENİZLİSPOR                                       ,0,GENÇLERBİRLİĞİ                                    ,0,DENİZLİ ATATÜRK,SEBAHATTİN BİTİRİM,19.11.2000 - 14:00
1114,https://www.tff.org/Default.aspx?pageId=397&macId=22054,FENERBAHÇE                                        ,5,TRABZONSPOR                                       ,2,FB ŞÜKRÜ SARACOĞLU,MUSTAFA ÇULCU,19.11.2000 - 19:00
1120,https://www.tff.org/Default.aspx?pageId=397&macId=22162,TRABZONSPOR                                       ,2,MKE ANKARAGÜCÜ                                    ,2,HÜSEYİN AVNİ AKER,ORHAN ERDEMİR,24.11.2000 - 20:00
1126,https://www.tff.org/Default.aspx?pageId=397&macId=22165,ERZURUMSPOR                                       ,2,ADANASPOR A.Ş.                                    ,0,CEMAL GÜRSEL,ÇETİN SARIGÜL,25.11.2000 - 13:00
1124,https://www.tff.org/Default.aspx?pageId=397&macId=22164,SAMSUNSPOR                                        ,4,ANTALYASPOR A.Ş.                                  ,2,SAMSUN 19 MAYIS,ZAFER ÖNDER İPEK,25.11.2000 - 13:30
1119,https://www.tff.org/Default.aspx?pageId=397&macId=22163,İSTANBULSPOR A.Ş.                                 ,2,BEŞİKTAŞ                                          ,3,FB ŞÜKRÜ SARACOĞLU,SERDAR TATLI,25.11.2000 - 19:00
1118,https://www.tff.org/Default.aspx?pageId=397&macId=22166,GENÇLERBİRLİĞİ                                    ,2,SİİRT JETPA SPOR                                  ,0,ANKARA 19 MAYIS,MUHİTTİN BOŞAT,26.11.2000 - 13:30
1122,https://www.tff.org/Default.aspx?pageId=397&macId=22168,GAZİANTEPSPOR                                     ,1,DENİZLİSPOR                                       ,1,KAMİL OCAK,ŞAHİN TAŞKINSOY,26.11.2000 - 13:30
1123,https://www.tff.org/Default.aspx?pageId=397&macId=22169,KOCAELİSPOR                                       ,2,YİMPAŞ YOZGATSPOR                                 ,2, İSMETPAŞA,CEM TOSYALI,26.11.2000 - 14:00
1125,https://www.tff.org/Default.aspx?pageId=397&macId=22170,BURSASPOR                                         ,2,ÇAYKUR RİZESPOR                                   ,1,BURSA ATATÜRK,SADIK İLHAN,26.11.2000 - 14:00
1121,https://www.tff.org/Default.aspx?pageId=397&macId=22167,GALATASARAY                                       ,0,FENERBAHÇE                                        ,0,ALİ SAMİ YEN,EROL ERSOY,26.11.2000 - 19:00
1131,https://www.tff.org/Default.aspx?pageId=397&macId=22292,MKE ANKARAGÜCÜ                                    ,1,GALATASARAY                                       ,3,ANKARA 19 MAYIS,BÜLENT UZUN,1.12.2000 - 20:00
1135,https://www.tff.org/Default.aspx?pageId=397&macId=22296,TRABZONSPOR                                       ,3,GAZİANTEPSPOR                                     ,1,HÜSEYİN AVNİ AKER,METİN TOKAT,2.12.2000 - 13:00
1134,https://www.tff.org/Default.aspx?pageId=397&macId=22295,YİMPAŞ YOZGATSPOR                                 ,3,İSTANBULSPOR A.Ş.                                 ,0,YOZGAT BOZOK,KAZIM ERÇAKIR,2.12.2000 - 13:30
1129,https://www.tff.org/Default.aspx?pageId=397&macId=22294,ANTALYASPOR A.Ş.                                  ,2,KOCAELİSPOR                                       ,2,ANTALYA ATATÜRK,ALİ ULUYOL,2.12.2000 - 14:00
1127,https://www.tff.org/Default.aspx?pageId=397&macId=22293,BEŞİKTAŞ                                          ,0,GENÇLERBİRLİĞİ                                    ,3,BEŞİKTAŞ İNÖNÜ,MUSTAFA ÇULCU,2.12.2000 - 19:00
1130,https://www.tff.org/Default.aspx?pageId=397&macId=22298,SİİRT JETPA SPOR                                  ,1,DENİZLİSPOR                                       ,1,SİİRT ATATÜRK,SERDAR TATLI,3.12.2000 - 13:00
1133,https://www.tff.org/Default.aspx?pageId=397&macId=22300,ÇAYKUR RİZESPOR                                   ,0,SAMSUNSPOR                                        ,1,RİZE ATATÜRK,ORHAN ERDEMİR,3.12.2000 - 13:00
1132,https://www.tff.org/Default.aspx?pageId=397&macId=22299,ADANASPOR A.Ş.                                    ,1,BURSASPOR                                         ,1,5 OCAK,ALİ AYDIN,3.12.2000 - 13:30
1128,https://www.tff.org/Default.aspx?pageId=397&macId=22297,FENERBAHÇE                                        ,4,ERZURUMSPOR                                       ,2,FB ŞÜKRÜ SARACOĞLU,MUTLU ÇELİK,3.12.2000 - 19:00
1138,https://www.tff.org/Default.aspx?pageId=397&macId=22405,DENİZLİSPOR                                       ,2,TRABZONSPOR                                       ,0,DENİZLİ ATATÜRK,SEBAHATTİN BİTİRİM,8.12.2000 - 20:00
1143,https://www.tff.org/Default.aspx?pageId=397&macId=22409,SAMSUNSPOR                                        ,3,ADANASPOR A.Ş.                                    ,1,SAMSUN 19 MAYIS,ÜNSAL ÇİMEN,9.12.2000 - 13:30
1136,https://www.tff.org/Default.aspx?pageId=397&macId=22406,İSTANBULSPOR A.Ş.                                 ,2,ANTALYASPOR A.Ş.                                  ,0,FB ŞÜKRÜ SARACOĞLU,İBRAHİM ÇINAR,9.12.2000 - 14:00
1142,https://www.tff.org/Default.aspx?pageId=397&macId=22408,KOCAELİSPOR                                       ,2,ÇAYKUR RİZESPOR                                   ,1, İSMETPAŞA,MUSA ERYILMAZ,9.12.2000 - 14:00
1137,https://www.tff.org/Default.aspx?pageId=397&macId=22407,BURSASPOR                                         ,2,FENERBAHÇE                                        ,2,BURSA ATATÜRK,OĞUZ SARVAN,9.12.2000 - 19:00
1140,https://www.tff.org/Default.aspx?pageId=397&macId=22411,SİİRT JETPA SPOR                                  ,1,BEŞİKTAŞ                                          ,1,SİİRT ATATÜRK,SADIK İLHAN,10.12.2000 - 13:00
1144,https://www.tff.org/Default.aspx?pageId=397&macId=22413,ERZURUMSPOR                                       ,1,MKE ANKARAGÜCÜ                                    ,1,CEMAL GÜRSEL,MUHİTTİN BOŞAT,10.12.2000 - 13:00
1141,https://www.tff.org/Default.aspx?pageId=397&macId=22412,GENÇLERBİRLİĞİ                                    ,2,YİMPAŞ YOZGATSPOR                                 ,1,ANKARA 19 MAYIS,ALİ ŞAHAN,10.12.2000 - 13:30
1139,https://www.tff.org/Default.aspx?pageId=397&macId=22410,GALATASARAY                                       ,2,GAZİANTEPSPOR                                     ,0,ALİ SAMİ YEN,ALİ ULUYOL,10.12.2000 - 19:00
1150,https://www.tff.org/Default.aspx?pageId=397&macId=22528,FENERBAHÇE                                        ,2,SAMSUNSPOR                                        ,1,FB ŞÜKRÜ SARACOĞLU,YILNUR ÖNEN,15.12.2000 - 20:00
1151,https://www.tff.org/Default.aspx?pageId=397&macId=22532,ÇAYKUR RİZESPOR                                   ,2,İSTANBULSPOR A.Ş.                                 ,1,RİZE ATATÜRK,ÇETİN SARIGÜL,16.12.2000 - 13:00
1147,https://www.tff.org/Default.aspx?pageId=397&macId=22530,YİMPAŞ YOZGATSPOR                                 ,2,SİİRT JETPA SPOR                                  ,1,YOZGAT BOZOK,ORHAN ERDEMİR,16.12.2000 - 13:30
1148,https://www.tff.org/Default.aspx?pageId=397&macId=22531,GAZİANTEPSPOR                                     ,6,ERZURUMSPOR                                       ,1,KAMİL OCAK,MUSTAFA KALKANDELEN,16.12.2000 - 13:30
1145,https://www.tff.org/Default.aspx?pageId=397&macId=22529,BEŞİKTAŞ                                          ,1,DENİZLİSPOR                                       ,1,BEŞİKTAŞ İNÖNÜ,İSMET ARZUMAN,16.12.2000 - 19:00
1146,https://www.tff.org/Default.aspx?pageId=397&macId=22533,ADANASPOR A.Ş.                                    ,4,KOCAELİSPOR                                       ,4,5 OCAK,OĞUZ SARVAN,17.12.2000 - 13:30
1149,https://www.tff.org/Default.aspx?pageId=397&macId=22534,MKE ANKARAGÜCÜ                                    ,1,BURSASPOR                                         ,1,ANKARA 19 MAYIS,SABİT HACIÖMEROĞLU,17.12.2000 - 13:30
1152,https://www.tff.org/Default.aspx?pageId=397&macId=22535,ANTALYASPOR A.Ş.                                  ,4,GENÇLERBİRLİĞİ                                    ,2,ANTALYA ATATÜRK,İSMET CENGİZ,17.12.2000 - 14:00
1153,https://www.tff.org/Default.aspx?pageId=397&macId=22536,TRABZONSPOR                                       ,1,GALATASARAY                                       ,1,HÜSEYİN AVNİ AKER,METİN TOKAT,17.12.2000 - 19:00
1161,https://www.tff.org/Default.aspx?pageId=397&macId=22601,TRABZONSPOR                                       ,3,ERZURUMSPOR                                       ,0,HÜSEYİN AVNİ AKER,ALİ ULUYOL,21.12.2000 - 20:00
1155,https://www.tff.org/Default.aspx?pageId=397&macId=22602,ÇAYKUR RİZESPOR                                   ,2,GENÇLERBİRLİĞİ                                    ,0,RİZE ATATÜRK,BÜLENT UZUN,22.12.2000 - 13:00
1156,https://www.tff.org/Default.aspx?pageId=397&macId=22603,ADANASPOR A.Ş.                                    ,2,İSTANBULSPOR A.Ş.                                 ,2,5 OCAK,EROL ERSOY,22.12.2000 - 13:30
1159,https://www.tff.org/Default.aspx?pageId=397&macId=22605,MKE ANKARAGÜCÜ                                    ,2,SAMSUNSPOR                                        ,0,ANKARA 19 MAYIS,SERDAR TATLI,22.12.2000 - 13:30
1158,https://www.tff.org/Default.aspx?pageId=397&macId=22604,FENERBAHÇE                                        ,4,KOCAELİSPOR                                       ,0,FB ŞÜKRÜ SARACOĞLU,SEBAHATTİN BİTİRİM,22.12.2000 - 20:00
1154,https://www.tff.org/Default.aspx?pageId=397&macId=22606,YİMPAŞ YOZGATSPOR                                 ,1,BEŞİKTAŞ                                          ,1,YOZGAT BOZOK,MURAT ILGAZ,23.12.2000 - 13:30
1160,https://www.tff.org/Default.aspx?pageId=397&macId=22608,GAZİANTEPSPOR                                     ,2,BURSASPOR                                         ,1,KAMİL OCAK,İSMET ARZUMAN,23.12.2000 - 13:30
1157,https://www.tff.org/Default.aspx?pageId=397&macId=22607,ANTALYASPOR A.Ş.                                  ,1,SİİRT JETPA SPOR                                  ,3,ANTALYA ATATÜRK,CEM TOSYALI,23.12.2000 - 14:00
1162,https://www.tff.org/Default.aspx?pageId=397&macId=22609,GALATASARAY                                       ,1,DENİZLİSPOR                                       ,2,ALİ SAMİ YEN,ALİ AYDIN,23.12.2000 - 19:00
1165,https://www.tff.org/Default.aspx?pageId=397&macId=22688,SAMSUNSPOR                                        ,3,GAZİANTEPSPOR                                     ,3,SAMSUN 19 MAYIS,ALİ ULUYOL,2.02.2001 - 20:00
1163,https://www.tff.org/Default.aspx?pageId=397&macId=22689,ÇAYKUR RİZESPOR                                   ,3,SİİRT JETPA SPOR                                  ,0,RİZE ATATÜRK,MUSTAFA KALKANDELEN,3.02.2001 - 13:30
1169,https://www.tff.org/Default.aspx?pageId=397&macId=22691,DENİZLİSPOR                                       ,2,YİMPAŞ YOZGATSPOR                                 ,0,DENİZLİ ATATÜRK,MUTLU ÇELİK,3.02.2001 - 13:30
1171,https://www.tff.org/Default.aspx?pageId=397&macId=22692,ERZURUMSPOR                                       ,1,GALATASARAY                                       ,2,CEMAL GÜRSEL,SEBAHATTİN BİTİRİM,3.02.2001 - 17:00
1168,https://www.tff.org/Default.aspx?pageId=397&macId=22690,BEŞİKTAŞ                                          ,4,ANTALYASPOR A.Ş.                                  ,2,BEŞİKTAŞ İNÖNÜ,SELÇUK DERELİ,3.02.2001 - 19:00
1164,https://www.tff.org/Default.aspx?pageId=397&macId=22693,BURSASPOR                                         ,4,TRABZONSPOR                                       ,2,BURSA ATATÜRK,MURAT ILGAZ,4.02.2001 - 13:30
1166,https://www.tff.org/Default.aspx?pageId=397&macId=22694,KOCAELİSPOR                                       ,4,MKE ANKARAGÜCÜ                                    ,0, İSMETPAŞA,KADİR TOZLU,4.02.2001 - 13:30
1167,https://www.tff.org/Default.aspx?pageId=397&macId=22695,ADANASPOR A.Ş.                                    ,2,GENÇLERBİRLİĞİ                                    ,3,5 OCAK,MUHİTTİN BOŞAT,4.02.2001 - 13:30
1170,https://www.tff.org/Default.aspx?pageId=397&macId=22696,İSTANBULSPOR A.Ş.                                 ,1,FENERBAHÇE                                        ,2,ALİ SAMİ YEN,İSMET CENGİZ,4.02.2001 - 19:00
1180,https://www.tff.org/Default.aspx?pageId=397&macId=22772,TRABZONSPOR                                       ,3,SAMSUNSPOR                                        ,2,HÜSEYİN AVNİ AKER,ORHAN ERDEMİR,9.02.2001 - 20:00
1173,https://www.tff.org/Default.aspx?pageId=397&macId=22773,ADANASPOR A.Ş.                                    ,0,SİİRT JETPA SPOR                                  ,2,5 OCAK,ŞAHİN TAŞKINSOY,10.02.2001 - 13:30
1177,https://www.tff.org/Default.aspx?pageId=397&macId=22775,MKE ANKARAGÜCÜ                                    ,1,İSTANBULSPOR A.Ş.                                 ,1,ANKARA 19 MAYIS,CEM TOSYALI,10.02.2001 - 13:30
1178,https://www.tff.org/Default.aspx?pageId=397&macId=22776,GALATASARAY                                       ,2,BURSASPOR                                         ,1,ALİ SAMİ YEN,SADIK İLHAN,10.02.2001 - 19:00
1172,https://www.tff.org/Default.aspx?pageId=397&macId=22777,ERZURUMSPOR                                       ,2,DENİZLİSPOR                                       ,2,CEMAL GÜRSEL,SABİT HACIÖMEROĞLU,11.02.2001 - 13:30
1174,https://www.tff.org/Default.aspx?pageId=397&macId=22774,GAZİANTEPSPOR                                     ,0,KOCAELİSPOR                                       ,0,KAMİL OCAK,MUTLU ÇELİK,11.02.2001 - 13:30
1179,https://www.tff.org/Default.aspx?pageId=397&macId=22780,ANTALYASPOR A.Ş.                                  ,1,YİMPAŞ YOZGATSPOR                                 ,1,ANTALYA ATATÜRK,ÜNSAL ÇİMEN,11.02.2001 - 13:30
1175,https://www.tff.org/Default.aspx?pageId=397&macId=22778,ÇAYKUR RİZESPOR                                   ,5,BEŞİKTAŞ                                          ,1,RİZE ATATÜRK,MUSTAFA ÇULCU,11.02.2001 - 17:00
1176,https://www.tff.org/Default.aspx?pageId=397&macId=22779,FENERBAHÇE                                        ,3,GENÇLERBİRLİĞİ                                    ,0,FB ŞÜKRÜ SARACOĞLU,BÜLENT UZUN,11.02.2001 - 19:00
1184,https://www.tff.org/Default.aspx?pageId=397&macId=22854,İSTANBULSPOR A.Ş.                                 ,0,GAZİANTEPSPOR                                     ,1,FB ŞÜKRÜ SARACOĞLU,HARUN YİĞİT,16.02.2001 - 20:00
1187,https://www.tff.org/Default.aspx?pageId=397&macId=22856,DENİZLİSPOR                                       ,1,ANTALYASPOR A.Ş.                                  ,1,DENİZLİ ATATÜRK,REHA BİÇİCİ,17.02.2001 - 13:30
1185,https://www.tff.org/Default.aspx?pageId=397&macId=22855,SİİRT JETPA SPOR                                  ,0,FENERBAHÇE                                        ,4,SİİRT ATATÜRK,MUSTAFA ÇULCU,17.02.2001 - 14:00
1189,https://www.tff.org/Default.aspx?pageId=397&macId=22857,SAMSUNSPOR                                        ,1,GALATASARAY                                       ,1,SAMSUN 19 MAYIS,MURAT ILGAZ,17.02.2001 - 19:00
1181,https://www.tff.org/Default.aspx?pageId=397&macId=22858,GENÇLERBİRLİĞİ                                    ,3,MKE ANKARAGÜCÜ                                    ,4,ANKARA 19 MAYIS,İSMET CENGİZ,18.02.2001 - 13:30
1183,https://www.tff.org/Default.aspx?pageId=397&macId=22860,BURSASPOR                                         ,6,ERZURUMSPOR                                       ,0,BURSA ATATÜRK,EROL ERSOY,18.02.2001 - 13:30
1186,https://www.tff.org/Default.aspx?pageId=397&macId=22861,ÇAYKUR RİZESPOR                                   ,1,YİMPAŞ YOZGATSPOR                                 ,0,RİZE ATATÜRK,KUDDUSİ MÜFTÜOĞLU,18.02.2001 - 13:30
1188,https://www.tff.org/Default.aspx?pageId=397&macId=22862,KOCAELİSPOR                                       ,3,TRABZONSPOR                                       ,2, İSMETPAŞA,İSMET ARZUMAN,18.02.2001 - 13:30
1182,https://www.tff.org/Default.aspx?pageId=397&macId=22859,BEŞİKTAŞ                                          ,2,ADANASPOR A.Ş.                                    ,1,BEŞİKTAŞ İNÖNÜ,ALİ AYDIN,18.02.2001 - 19:05
1195,https://www.tff.org/Default.aspx?pageId=397&macId=22973,GAZİANTEPSPOR                                     ,1,GENÇLERBİRLİĞİ                                    ,0,KAMİL OCAK,ORHAN ERDEMİR,23.02.2001 - 20:00
1191,https://www.tff.org/Default.aspx?pageId=397&macId=22975,ÇAYKUR RİZESPOR                                   ,0,ANTALYASPOR A.Ş.                                  ,2,RİZE ATATÜRK,SERDAR TATLI,24.02.2001 - 13:30
1194,https://www.tff.org/Default.aspx?pageId=397&macId=22976,MKE ANKARAGÜCÜ                                    ,4,SİİRT JETPA SPOR                                  ,1,ANKARA 19 MAYIS,SEBAHATTİN ŞAHİN,24.02.2001 - 13:30
1190,https://www.tff.org/Default.aspx?pageId=397&macId=22974,FENERBAHÇE                                        ,3,BEŞİKTAŞ                                          ,1,FB ŞÜKRÜ SARACOĞLU,MUHİTTİN BOŞAT,24.02.2001 - 19:00
1192,https://www.tff.org/Default.aspx?pageId=397&macId=22977,ADANASPOR A.Ş.                                    ,3,YİMPAŞ YOZGATSPOR                                 ,3,5 OCAK,METİN SEVAL,25.02.2001 - 13:30
1193,https://www.tff.org/Default.aspx?pageId=397&macId=22978,BURSASPOR                                         ,2,DENİZLİSPOR                                       ,1,BURSA ATATÜRK,KAZIM ERÇAKIR,25.02.2001 - 13:30
1196,https://www.tff.org/Default.aspx?pageId=397&macId=22979,TRABZONSPOR                                       ,1,İSTANBULSPOR A.Ş.                                 ,2,HÜSEYİN AVNİ AKER,BÜLENT UZUN,25.02.2001 - 13:30
1198,https://www.tff.org/Default.aspx?pageId=397&macId=22981,ERZURUMSPOR                                       ,1,SAMSUNSPOR                                        ,2,CEMAL GÜRSEL,MUSA ERYILMAZ,25.02.2001 - 13:30
1197,https://www.tff.org/Default.aspx?pageId=397&macId=22980,GALATASARAY                                       ,2,KOCAELİSPOR                                       ,3,ALİ SAMİ YEN,METİN TOKAT,25.02.2001 - 19:00
1207,https://www.tff.org/Default.aspx?pageId=397&macId=23175,GENÇLERBİRLİĞİ                                    ,0,TRABZONSPOR                                       ,2,ANKARA 19 MAYIS,CEM TOSYALI,2.03.2001 - 20:00
1199,https://www.tff.org/Default.aspx?pageId=397&macId=23176,ANTALYASPOR A.Ş.                                  ,2,ADANASPOR A.Ş.                                    ,1,ANTALYA ATATÜRK,MUSTAFA KALKANDELEN,3.03.2001 - 14:00
1202,https://www.tff.org/Default.aspx?pageId=397&macId=23177,SİİRT JETPA SPOR                                  ,1,GAZİANTEPSPOR                                     ,2,SİİRT ATATÜRK,METİN SEVAL,3.03.2001 - 14:00
1204,https://www.tff.org/Default.aspx?pageId=397&macId=23178,YİMPAŞ YOZGATSPOR                                 ,2,FENERBAHÇE                                        ,3,YOZGAT BOZOK,ALİ AYDIN,3.03.2001 - 14:00
1205,https://www.tff.org/Default.aspx?pageId=397&macId=23179,SAMSUNSPOR                                        ,2,BURSASPOR                                         ,0,SAMSUN 19 MAYIS,ÜNSAL ÇİMEN,3.03.2001 - 19:00
1200,https://www.tff.org/Default.aspx?pageId=397&macId=23180,ÇAYKUR RİZESPOR                                   ,2,DENİZLİSPOR                                       ,1,RİZE ATATÜRK,KADİR TOZLU,4.03.2001 - 14:00
1206,https://www.tff.org/Default.aspx?pageId=397&macId=23182,KOCAELİSPOR                                       ,1,ERZURUMSPOR                                       ,0, İSMETPAŞA,MUHİTTİN BOŞAT,4.03.2001 - 14:00
1203,https://www.tff.org/Default.aspx?pageId=397&macId=23181,BEŞİKTAŞ                                          ,4,MKE ANKARAGÜCÜ                                    ,0,BEŞİKTAŞ İNÖNÜ,MUTLU ÇELİK,4.03.2001 - 19:00
1201,https://www.tff.org/Default.aspx?pageId=397&macId=24520,İSTANBULSPOR A.Ş.                                 ,3,GALATASARAY                                       ,5,FB ŞÜKRÜ SARACOĞLU,MUHİTTİN BOŞAT,11.04.2001 - 17:30
1208,https://www.tff.org/Default.aspx?pageId=397&macId=23192,GAZİANTEPSPOR                                     ,3,BEŞİKTAŞ                                          ,1,KAMİL OCAK,METİN TOKAT,9.03.2001 - 20:00
1209,https://www.tff.org/Default.aspx?pageId=397&macId=23193,ERZURUMSPOR                                       ,1,İSTANBULSPOR A.Ş.                                 ,3,CEMAL GÜRSEL,ÇETİN SARIGÜL,10.03.2001 - 14:00
1213,https://www.tff.org/Default.aspx?pageId=397&macId=23195,BURSASPOR                                         ,1,KOCAELİSPOR                                       ,1,BURSA ATATÜRK,MURAT ILGAZ,10.03.2001 - 14:00
1216,https://www.tff.org/Default.aspx?pageId=397&macId=23196,SAMSUNSPOR                                        ,2,DENİZLİSPOR                                       ,1,SAMSUN 19 MAYIS,SERDAR TATLI,10.03.2001 - 14:00
1212,https://www.tff.org/Default.aspx?pageId=397&macId=23194,GALATASARAY                                       ,2,GENÇLERBİRLİĞİ                                    ,1,ALİ SAMİ YEN,EROL ERSOY,10.03.2001 - 19:00
1210,https://www.tff.org/Default.aspx?pageId=397&macId=23197,ÇAYKUR RİZESPOR                                   ,4,ADANASPOR A.Ş.                                    ,2,RİZE ATATÜRK,SEBAHATTİN BİTİRİM,11.03.2001 - 14:00
1211,https://www.tff.org/Default.aspx?pageId=397&macId=23198,TRABZONSPOR                                       ,2,SİİRT JETPA SPOR                                  ,4,HÜSEYİN AVNİ AKER,HARUN YİĞİT,11.03.2001 - 14:00
1215,https://www.tff.org/Default.aspx?pageId=397&macId=23200,MKE ANKARAGÜCÜ                                    ,4,YİMPAŞ YOZGATSPOR                                 ,0,ANKARA 19 MAYIS,BÜLENT UZUN,11.03.2001 - 14:00
1214,https://www.tff.org/Default.aspx?pageId=397&macId=23199,FENERBAHÇE                                        ,2,ANTALYASPOR A.Ş.                                  ,1,FB ŞÜKRÜ SARACOĞLU,MUSA ERYILMAZ,11.03.2001 - 19:00
1223,https://www.tff.org/Default.aspx?pageId=397&macId=23306,KOCAELİSPOR                                       ,1,SAMSUNSPOR                                        ,0, İSMETPAŞA,ORHAN ERDEMİR,16.03.2001 - 20:00
1218,https://www.tff.org/Default.aspx?pageId=397&macId=23308,ANTALYASPOR A.Ş.                                  ,3,MKE ANKARAGÜCÜ                                    ,4,ANTALYA ATATÜRK,İSMET ARZUMAN,17.03.2001 - 14:00
1219,https://www.tff.org/Default.aspx?pageId=397&macId=23309,GENÇLERBİRLİĞİ                                    ,1,ERZURUMSPOR                                       ,2,ANKARA 19 MAYIS,ŞAHİN TAŞKINSOY,17.03.2001 - 14:00
1224,https://www.tff.org/Default.aspx?pageId=397&macId=23311,İSTANBULSPOR A.Ş.                                 ,2,BURSASPOR                                         ,4,FB ŞÜKRÜ SARACOĞLU,ZAFER ÖNDER İPEK,17.03.2001 - 14:00
1221,https://www.tff.org/Default.aspx?pageId=397&macId=23310,ÇAYKUR RİZESPOR                                   ,1,FENERBAHÇE                                        ,1,RİZE ATATÜRK,METİN TOKAT,17.03.2001 - 19:00
1220,https://www.tff.org/Default.aspx?pageId=397&macId=23330,YİMPAŞ YOZGATSPOR                                 ,1,GAZİANTEPSPOR                                     ,2,YOZGAT BOZOK,MUSA ERYILMAZ,18.03.2001 - 14:00
1222,https://www.tff.org/Default.aspx?pageId=397&macId=23331,DENİZLİSPOR                                       ,4,ADANASPOR A.Ş.                                    ,2,DENİZLİ ATATÜRK,SADIK İLHAN,18.03.2001 - 14:00
1217,https://www.tff.org/Default.aspx?pageId=397&macId=23329,SİİRT JETPA SPOR                                  ,0,GALATASARAY                                       ,1,İZMİR ATATÜRK,CEM TOSYALI,18.03.2001 - 17:00
1225,https://www.tff.org/Default.aspx?pageId=397&macId=23332,BEŞİKTAŞ                                          ,3,TRABZONSPOR                                       ,1,BEŞİKTAŞ İNÖNÜ,SERDAR TATLI,18.03.2001 - 19:00
1234,https://www.tff.org/Default.aspx?pageId=397&macId=23524,KOCAELİSPOR                                       ,4,DENİZLİSPOR                                       ,2, İSMETPAŞA,YILNUR ÖNEN,30.03.2001 - 20:00
1226,https://www.tff.org/Default.aspx?pageId=397&macId=23516,BURSASPOR                                         ,2,GENÇLERBİRLİĞİ                                    ,0,BURSA ATATÜRK,KAZIM ERÇAKIR,31.03.2001 - 15:00
1230,https://www.tff.org/Default.aspx?pageId=397&macId=23520,ERZURUMSPOR                                       ,2,SİİRT JETPA SPOR                                  ,1,CEMAL GÜRSEL,KUDDUSİ MÜFTÜOĞLU,31.03.2001 - 15:00
1232,https://www.tff.org/Default.aspx?pageId=397&macId=23522,MKE ANKARAGÜCÜ                                    ,4,ÇAYKUR RİZESPOR                                   ,0,ANKARA 19 MAYIS,MUSA ERYILMAZ,31.03.2001 - 15:00
1229,https://www.tff.org/Default.aspx?pageId=397&macId=23519,GALATASARAY                                       ,2,BEŞİKTAŞ                                          ,0,ALİ SAMİ YEN,ORHAN ERDEMİR,31.03.2001 - 19:00
1228,https://www.tff.org/Default.aspx?pageId=397&macId=23518,TRABZONSPOR                                       ,1,YİMPAŞ YOZGATSPOR                                 ,1,HÜSEYİN AVNİ AKER,ALİ ULUYOL,1.04.2001 - 15:00
1231,https://www.tff.org/Default.aspx?pageId=397&macId=23521,SAMSUNSPOR                                        ,2,İSTANBULSPOR A.Ş.                                 ,3,SAMSUN 19 MAYIS,SABİT HACIÖMEROĞLU,1.04.2001 - 15:00
1233,https://www.tff.org/Default.aspx?pageId=397&macId=23523,GAZİANTEPSPOR                                     ,2,ANTALYASPOR A.Ş.                                  ,0,KAMİL OCAK,SELÇUK DERELİ,1.04.2001 - 15:00
1227,https://www.tff.org/Default.aspx?pageId=397&macId=23517,FENERBAHÇE                                        ,4,ADANASPOR A.Ş.                                    ,0,FB ŞÜKRÜ SARACOĞLU,MURAT ILGAZ,1.04.2001 - 19:00
1238,https://www.tff.org/Default.aspx?pageId=397&macId=23633,ÇAYKUR RİZESPOR                                   ,2,GAZİANTEPSPOR                                     ,1,RİZE ATATÜRK,METİN TOKAT,6.04.2001 - 20:00
1236,https://www.tff.org/Default.aspx?pageId=397&macId=23631,ANTALYASPOR A.Ş.                                  ,2,TRABZONSPOR                                       ,3,ANTALYA ATATÜRK,KADİR TOZLU,7.04.2001 - 15:00
1239,https://www.tff.org/Default.aspx?pageId=397&macId=23634,ADANASPOR A.Ş.                                    ,1,MKE ANKARAGÜCÜ                                    ,3,5 OCAK,ALİ AYDIN,7.04.2001 - 15:00
1242,https://www.tff.org/Default.aspx?pageId=397&macId=23637,GENÇLERBİRLİĞİ                                    ,1,SAMSUNSPOR                                        ,0,ANKARA 19 MAYIS,İSMET ARZUMAN,7.04.2001 - 15:00
1240,https://www.tff.org/Default.aspx?pageId=397&macId=23635,DENİZLİSPOR                                       ,2,FENERBAHÇE                                        ,1,DENİZLİ ATATÜRK,SEBAHATTİN BİTİRİM,7.04.2001 - 19:00
1235,https://www.tff.org/Default.aspx?pageId=397&macId=23630,SİİRT JETPA SPOR                                  ,2,BURSASPOR                                         ,5,ANKARA 19 MAYIS,İBRAHİM ÇINAR,8.04.2001 - 15:00
1237,https://www.tff.org/Default.aspx?pageId=397&macId=23632,YİMPAŞ YOZGATSPOR                                 ,4,GALATASARAY                                       ,2,YOZGAT BOZOK,MUSTAFA ÇULCU,8.04.2001 - 15:00
1241,https://www.tff.org/Default.aspx?pageId=397&macId=23636,İSTANBULSPOR A.Ş.                                 ,1,KOCAELİSPOR                                       ,1,ALİ SAMİ YEN,ÜNSAL ÇİMEN,8.04.2001 - 15:00
1243,https://www.tff.org/Default.aspx?pageId=397&macId=23638,BEŞİKTAŞ                                          ,2,ERZURUMSPOR                                       ,0,BEŞİKTAŞ İNÖNÜ,BÜLENT UZUN,8.04.2001 - 19:00
1247,https://www.tff.org/Default.aspx?pageId=397&macId=23747,BURSASPOR                                         ,0,BEŞİKTAŞ                                          ,1,BURSA ATATÜRK,ÜNSAL ÇİMEN,13.04.2001 - 20:00
1246,https://www.tff.org/Default.aspx?pageId=397&macId=23746,İSTANBULSPOR A.Ş.                                 ,1,DENİZLİSPOR                                       ,3,FB ŞÜKRÜ SARACOĞLU,FERHAT GÜNDOĞDU,14.04.2001 - 15:00
1248,https://www.tff.org/Default.aspx?pageId=397&macId=23748,SAMSUNSPOR                                        ,4,SİİRT JETPA SPOR                                  ,3,SAMSUN 19 MAYIS,REHA BİÇİCİ,14.04.2001 - 15:00
1251,https://www.tff.org/Default.aspx?pageId=397&macId=23751,GALATASARAY                                       ,2,ANTALYASPOR A.Ş.                                  ,0,ALİ SAMİ YEN,ALİ ULUYOL,14.04.2001 - 19:00
1244,https://www.tff.org/Default.aspx?pageId=397&macId=23744,GAZİANTEPSPOR                                     ,3,ADANASPOR A.Ş.                                    ,0,KAMİL OCAK,ZAFER ÖNDER İPEK,15.04.2001 - 15:00
1245,https://www.tff.org/Default.aspx?pageId=397&macId=23745,TRABZONSPOR                                       ,2,ÇAYKUR RİZESPOR                                   ,0,HÜSEYİN AVNİ AKER,EROL ERSOY,15.04.2001 - 15:00
1249,https://www.tff.org/Default.aspx?pageId=397&macId=23749,KOCAELİSPOR                                       ,4,GENÇLERBİRLİĞİ                                    ,1, İSMETPAŞA,MUTLU ÇELİK,15.04.2001 - 15:00
1252,https://www.tff.org/Default.aspx?pageId=397&macId=23752,ERZURUMSPOR                                       ,1,YİMPAŞ YOZGATSPOR                                 ,2,CEMAL GÜRSEL,SADIK İLHAN,15.04.2001 - 15:00
1250,https://www.tff.org/Default.aspx?pageId=397&macId=23750,MKE ANKARAGÜCÜ                                    ,2,FENERBAHÇE                                        ,1,ANKARA 19 MAYIS,MUSTAFA ÇULCU,15.04.2001 - 19:00
1260,https://www.tff.org/Default.aspx?pageId=397&macId=23869,BEŞİKTAŞ                                          ,0,SAMSUNSPOR                                        ,0,BEŞİKTAŞ İNÖNÜ,SERDAR TATLI,20.04.2001 - 20:00
1255,https://www.tff.org/Default.aspx?pageId=397&macId=23864,ADANASPOR A.Ş.                                    ,1,TRABZONSPOR                                       ,7,5 OCAK,ORHAN ERDEMİR,21.04.2001 - 15:00
1258,https://www.tff.org/Default.aspx?pageId=397&macId=23867,DENİZLİSPOR                                       ,2,MKE ANKARAGÜCÜ                                    ,0,DENİZLİ ATATÜRK,SEBAHATTİN ŞAHİN,21.04.2001 - 15:00
1257,https://www.tff.org/Default.aspx?pageId=397&macId=23866,FENERBAHÇE                                        ,4,GAZİANTEPSPOR                                     ,3,FB ŞÜKRÜ SARACOĞLU,MURAT ILGAZ,21.04.2001 - 19:00
1253,https://www.tff.org/Default.aspx?pageId=397&macId=23862,SİİRT JETPA SPOR                                  ,4,KOCAELİSPOR                                       ,3,SİİRT ATATÜRK,ALİ ŞAHAN,22.04.2001 - 15:00
1254,https://www.tff.org/Default.aspx?pageId=397&macId=23863,YİMPAŞ YOZGATSPOR                                 ,1,BURSASPOR                                         ,0,YOZGAT BOZOK,İSMET CENGİZ,22.04.2001 - 15:00
1259,https://www.tff.org/Default.aspx?pageId=397&macId=23868,GENÇLERBİRLİĞİ                                    ,3,İSTANBULSPOR A.Ş.                                 ,0,ANKARA 19 MAYIS,ÇETİN SARIGÜL,22.04.2001 - 15:00
1261,https://www.tff.org/Default.aspx?pageId=397&macId=23870,ANTALYASPOR A.Ş.                                  ,1,ERZURUMSPOR                                       ,0,ANTALYA ATATÜRK,METİN SEVAL,22.04.2001 - 15:00
1256,https://www.tff.org/Default.aspx?pageId=397&macId=23865,ÇAYKUR RİZESPOR                                   ,2,GALATASARAY                                       ,4,RİZE ATATÜRK,BÜLENT UZUN,22.04.2001 - 19:00
1266,https://www.tff.org/Default.aspx?pageId=397&macId=23980,GAZİANTEPSPOR                                     ,2,MKE ANKARAGÜCÜ                                    ,1,KAMİL OCAK,BÜLENT UZUN,27.04.2001 - 20:00
1262,https://www.tff.org/Default.aspx?pageId=397&macId=23976,KOCAELİSPOR                                       ,1,BEŞİKTAŞ                                          ,1, İSMETPAŞA,MURAT ILGAZ,28.04.2001 - 16:30
1263,https://www.tff.org/Default.aspx?pageId=397&macId=23977,ERZURUMSPOR                                       ,0,ÇAYKUR RİZESPOR                                   ,0,CEMAL GÜRSEL,İBRAHİM ÇINAR,28.04.2001 - 16:30
1265,https://www.tff.org/Default.aspx?pageId=397&macId=23979,İSTANBULSPOR A.Ş.                                 ,2,SİİRT JETPA SPOR                                  ,1,B.PAŞA ÇETİN EMEÇ,HARUN YİĞİT,28.04.2001 - 16:30
1268,https://www.tff.org/Default.aspx?pageId=397&macId=23982,GALATASARAY                                       ,4,ADANASPOR A.Ş.                                    ,1,ALİ SAMİ YEN,SEBAHATTİN BİTİRİM,28.04.2001 - 19:00
1264,https://www.tff.org/Default.aspx?pageId=397&macId=23978,BURSASPOR                                         ,4,ANTALYASPOR A.Ş.                                  ,0,BURSA ATATÜRK,ŞAHİN TAŞKINSOY,29.04.2001 - 16:30
1269,https://www.tff.org/Default.aspx?pageId=397&macId=23983,SAMSUNSPOR                                        ,0,YİMPAŞ YOZGATSPOR                                 ,2,SAMSUN 19 MAYIS,SELÇUK DERELİ,29.04.2001 - 16:30
1270,https://www.tff.org/Default.aspx?pageId=397&macId=23984,GENÇLERBİRLİĞİ                                    ,2,DENİZLİSPOR                                       ,4,ANKARA 19 MAYIS,SABİT HACIÖMEROĞLU,29.04.2001 - 16:30
1267,https://www.tff.org/Default.aspx?pageId=397&macId=23981,TRABZONSPOR                                       ,1,FENERBAHÇE                                        ,0,HÜSEYİN AVNİ AKER,METİN TOKAT,29.04.2001 - 19:00
1273,https://www.tff.org/Default.aspx?pageId=397&macId=24092,MKE ANKARAGÜCÜ                                    ,2,TRABZONSPOR                                       ,4,ANKARA 19 MAYIS,MUSA ERYILMAZ,4.05.2001 - 20:00
1277,https://www.tff.org/Default.aspx?pageId=397&macId=24096,ANTALYASPOR A.Ş.                                  ,2,SAMSUNSPOR                                        ,2,ANTALYA ATATÜRK,ZAFER ÖNDER İPEK,5.05.2001 - 16:00
1276,https://www.tff.org/Default.aspx?pageId=397&macId=24095,YİMPAŞ YOZGATSPOR                                 ,4,KOCAELİSPOR                                       ,2,YOZGAT BOZOK,KADİR TOZLU,5.05.2001 - 16:30
1279,https://www.tff.org/Default.aspx?pageId=397&macId=24098,ADANASPOR A.Ş.                                    ,3,ERZURUMSPOR                                       ,3,5 OCAK,LALE ORTA,5.05.2001 - 16:30
1272,https://www.tff.org/Default.aspx?pageId=397&macId=24091,BEŞİKTAŞ                                          ,2,İSTANBULSPOR A.Ş.                                 ,0,BEŞİKTAŞ İNÖNÜ,MUTLU ÇELİK,5.05.2001 - 19:00
1271,https://www.tff.org/Default.aspx?pageId=397&macId=24090,SİİRT JETPA SPOR                                  ,3,GENÇLERBİRLİĞİ                                    ,0,SİİRT ATATÜRK,MUSTAFA KALKANDELEN,6.05.2001 - 14:30
1275,https://www.tff.org/Default.aspx?pageId=397&macId=24094,DENİZLİSPOR                                       ,2,GAZİANTEPSPOR                                     ,3,DENİZLİ ATATÜRK,EROL ERSOY,6.05.2001 - 16:30
1278,https://www.tff.org/Default.aspx?pageId=397&macId=24097,ÇAYKUR RİZESPOR                                   ,3,BURSASPOR                                         ,1,RİZE ATATÜRK,YILNUR ÖNEN,6.05.2001 - 16:30
1274,https://www.tff.org/Default.aspx?pageId=397&macId=24093,FENERBAHÇE                                        ,2,GALATASARAY                                       ,1,FB ŞÜKRÜ SARACOĞLU,ORHAN ERDEMİR,6.05.2001 - 19:00
1287,https://www.tff.org/Default.aspx?pageId=397&macId=24211,İSTANBULSPOR A.Ş.                                 ,0,YİMPAŞ YOZGATSPOR                                 ,4,B.PAŞA ÇETİN EMEÇ,KUDDUSİ MÜFTÜOĞLU,12.05.2001 - 17:00
1282,https://www.tff.org/Default.aspx?pageId=397&macId=24206,KOCAELİSPOR                                       ,5,ANTALYASPOR A.Ş.                                  ,0, İSMETPAŞA,FERHAT GÜNDOĞDU,12.05.2001 - 19:00
1283,https://www.tff.org/Default.aspx?pageId=397&macId=24207,DENİZLİSPOR                                       ,1,SİİRT JETPA SPOR                                  ,2,DENİZLİ ATATÜRK,KAZIM ERÇAKIR,12.05.2001 - 19:00
1285,https://www.tff.org/Default.aspx?pageId=397&macId=24209,BURSASPOR                                         ,2,ADANASPOR A.Ş.                                    ,1,BURSA ATATÜRK,ALİ ŞAHAN,12.05.2001 - 19:00
1286,https://www.tff.org/Default.aspx?pageId=397&macId=24210,SAMSUNSPOR                                        ,1,ÇAYKUR RİZESPOR                                   ,1,SAMSUN 19 MAYIS,ÜNSAL ÇİMEN,12.05.2001 - 19:00
1280,https://www.tff.org/Default.aspx?pageId=397&macId=24204,GENÇLERBİRLİĞİ                                    ,2,BEŞİKTAŞ                                          ,1,ANKARA 19 MAYIS,SERDAR TATLI,13.05.2001 - 19:00
1281,https://www.tff.org/Default.aspx?pageId=397&macId=24205,ERZURUMSPOR                                       ,1,FENERBAHÇE                                        ,2,CEMAL GÜRSEL,MUSA ERYILMAZ,13.05.2001 - 19:00
1284,https://www.tff.org/Default.aspx?pageId=397&macId=24208,GALATASARAY                                       ,1,MKE ANKARAGÜCÜ                                    ,2,ALİ SAMİ YEN,BÜLENT UZUN,13.05.2001 - 19:00
1288,https://www.tff.org/Default.aspx?pageId=397&macId=24212,GAZİANTEPSPOR                                     ,1,TRABZONSPOR                                       ,1,KAMİL OCAK,ORHAN ERDEMİR,13.05.2001 - 19:00
1294,https://www.tff.org/Default.aspx?pageId=397&macId=24323,YİMPAŞ YOZGATSPOR                                 ,1,GENÇLERBİRLİĞİ                                    ,1,YOZGAT BOZOK,CEM TOSYALI,19.05.2001 - 17:00
1289,https://www.tff.org/Default.aspx?pageId=397&macId=24318,ANTALYASPOR A.Ş.                                  ,2,İSTANBULSPOR A.Ş.                                 ,2,ANTALYA ATATÜRK,İBRAHİM ÇINAR,19.05.2001 - 18:00
1293,https://www.tff.org/Default.aspx?pageId=397&macId=24322,BEŞİKTAŞ                                          ,5,SİİRT JETPA SPOR                                  ,1,BEŞİKTAŞ İNÖNÜ,KUDDUSİ MÜFTÜOĞLU,19.05.2001 - 19:00
1295,https://www.tff.org/Default.aspx?pageId=397&macId=24324,ÇAYKUR RİZESPOR                                   ,2,KOCAELİSPOR                                       ,1,RİZE ATATÜRK,KAZIM ERÇAKIR,19.05.2001 - 19:00
1296,https://www.tff.org/Default.aspx?pageId=397&macId=24325,ADANASPOR A.Ş.                                    ,3,SAMSUNSPOR                                        ,5,5 OCAK,FERHAT GÜNDOĞDU,19.05.2001 - 19:00
1297,https://www.tff.org/Default.aspx?pageId=397&macId=24326,MKE ANKARAGÜCÜ                                    ,5,ERZURUMSPOR                                       ,2,ANKARA 19 MAYIS,METİN SEVAL,19.05.2001 - 19:00
1291,https://www.tff.org/Default.aspx?pageId=397&macId=24320,TRABZONSPOR                                       ,1,DENİZLİSPOR                                       ,0,HÜSEYİN AVNİ AKER,MUHİTTİN BOŞAT,20.05.2001 - 19:00
1292,https://www.tff.org/Default.aspx?pageId=397&macId=24321,GAZİANTEPSPOR                                     ,0,GALATASARAY                                       ,2,KAMİL OCAK,METİN TOKAT,20.05.2001 - 19:00
1290,https://www.tff.org/Default.aspx?pageId=397&macId=24319,FENERBAHÇE                                        ,2,BURSASPOR                                         ,0,FB ŞÜKRÜ SARACOĞLU,ALİ ULUYOL,20.05.2001 - 19:05
1302,https://www.tff.org/Default.aspx?pageId=397&macId=24436,BURSASPOR                                         ,2,MKE ANKARAGÜCÜ                                    ,3,BURSA ATATÜRK,İSMET CENGİZ,25.05.2001 - 17:00
1304,https://www.tff.org/Default.aspx?pageId=397&macId=24438,İSTANBULSPOR A.Ş.                                 ,1,ÇAYKUR RİZESPOR                                   ,0,GÜNGÖREN BELEDİYE,YILNUR ÖNEN,25.05.2001 - 17:00
1298,https://www.tff.org/Default.aspx?pageId=397&macId=24432,DENİZLİSPOR                                       ,2,BEŞİKTAŞ                                          ,2,DENİZLİ ATATÜRK,FERHAT GÜNDOĞDU,25.05.2001 - 20:00
1301,https://www.tff.org/Default.aspx?pageId=397&macId=24435,ERZURUMSPOR                                       ,0,GAZİANTEPSPOR                                     ,2,CEMAL GÜRSEL,BÜLENT UZUN,25.05.2001 - 20:00
1300,https://www.tff.org/Default.aspx?pageId=397&macId=24434,SİİRT JETPA SPOR                                  ,1,YİMPAŞ YOZGATSPOR                                 ,3,SİİRT ATATÜRK,ÇETİN SARIGÜL,26.05.2001 - 14:30
1299,https://www.tff.org/Default.aspx?pageId=397&macId=24433,KOCAELİSPOR                                       ,4,ADANASPOR A.Ş.                                    ,3, İSMETPAŞA,SELÇUK DERELİ,26.05.2001 - 17:00
1305,https://www.tff.org/Default.aspx?pageId=397&macId=24439,GENÇLERBİRLİĞİ                                    ,2,ANTALYASPOR A.Ş.                                  ,1,ANKARA 19 MAYIS,REHA BİÇİCİ,26.05.2001 - 17:00
1303,https://www.tff.org/Default.aspx?pageId=397&macId=24437,SAMSUNSPOR                                        ,1,FENERBAHÇE                                        ,3,SAMSUN 19 MAYIS,MURAT ILGAZ,26.05.2001 - 19:00
1306,https://www.tff.org/Default.aspx?pageId=397&macId=24440,GALATASARAY                                       ,4,TRABZONSPOR                                       ,0,ALİ SAMİ YEN,ALİ AYDIN,26.05.2001 - 19:04
