Takim_adi,Oynadigi_mac_sayisi,Galibiyet_sayisi,Beraberlik_sayisi,Maglubiyet_sayisi,Attigi_gol_sayisi,Yedigi_gol_sayisi,Averaj,Puan
GALATASARAY A.Ş,34,26,5,3,82,34,48,83
FENERBAHÇE,34,25,6,3,90,34,56,81
BEŞİKTAŞ A.Ş,34,15,9,10,52,39,13,54
TRABZONSPOR A.Ş,34,15,7,12,51,42,9,52
KAYSERİSPOR,34,15,6,13,59,42,17,51
GENÇLERBİRLİĞİ,34,14,9,11,47,39,8,51
KONYASPOR,34,12,10,12,39,43,-4,46
SİVASSPOR,34,10,13,11,34,44,-10,43
ÇAYKUR RİZESPOR,34,10,11,13,35,44,-9,41
KAYSERİ ERCİYESSPOR,34,9,13,12,36,47,-11,40
GAZİANTEPSPOR,34,10,10,14,34,50,-16,40
VESTEL MANİSASPOR,34,11,7,16,52,61,-9,40
MKE ANKARAGÜCÜ,34,10,9,15,43,48,-5,39
ANKARASPOR A.Ş,34,9,12,13,44,51,-7,39
DENİZLİSPOR,34,9,10,15,41,50,-9,37
MALATYASPOR,34,9,9,16,34,50,-16,36
SAMSUNSPOR,34,9,9,16,45,62,-17,36
DİYARBAKIRSPOR,34,8,5,21,31,69,-38,29
