Mac_kodu,TFF_mac_linki,Ev_sahibi,Ev_sahibi_gol,Misafir_takim,Misafir_takim_gol,Stat,Ana_hakem,Tarih_saat
1004,https://www.tff.org/Default.aspx?pageId=397&macId=5085,GENÇLERBİRLİĞİ,0,FENERBAHÇE,0,ANKARA 19 MAYIS,EROL ERSOY,5.08.2005 - 20:00
1003,https://www.tff.org/Default.aspx?pageId=397&macId=5087,KAYSERİ ERCİYESSPOR,1,BEŞİKTAŞ A.Ş.,1,KAYSERİ ATATÜRK,İSMET ARZUMAN,6.08.2005 - 19:00
1001,https://www.tff.org/Default.aspx?pageId=397&macId=5086,DİYARBAKIRSPOR,1,ÇAYKUR RİZESPOR,0,DİYARBAKIR ATATÜRK,OKTAY DEMİRAY,6.08.2005 - 20:00
1008,https://www.tff.org/Default.aspx?pageId=397&macId=5089,SİVASSPOR,1,MALATYASPOR,1,ATATÜRK OLİMPİYAT,ORHAN ERDEMİR,6.08.2005 - 20:00
1005,https://www.tff.org/Default.aspx?pageId=397&macId=5088,TRABZONSPOR A.Ş.,2,KAYSERİSPOR,1,HÜSEYİN AVNİ AKER,BÜLENT DEMİRLEK,6.08.2005 - 21:15
1002,https://www.tff.org/Default.aspx?pageId=397&macId=5090,DENİZLİSPOR,1,ANKARASPOR A.Ş.,1,DENİZLİ ATATÜRK,FIRAT AYDINUS,7.08.2005 - 20:00
1006,https://www.tff.org/Default.aspx?pageId=397&macId=5091,GALATASARAY A.Ş.,2,KONYASPOR,1,ALİ SAMİ YEN,CEM PAPİLA,7.08.2005 - 20:00
1007,https://www.tff.org/Default.aspx?pageId=397&macId=5092,VESTEL MANİSASPOR,2,MKE ANKARAGÜCÜ,2,İZMİR ALSANCAK,KUDDUSİ MÜFTÜOĞLU,7.08.2005 - 20:00
1009,https://www.tff.org/Default.aspx?pageId=397&macId=5093,SAMSUNSPOR,2,GAZİANTEPSPOR,3,SAMSUN 19 MAYIS,SÜLEYMAN ABAY,7.08.2005 - 20:00
1012,https://www.tff.org/Default.aspx?pageId=397&macId=5103,MKE ANKARAGÜCÜ,0,GALATASARAY A.Ş.,1,ANKARA 19 MAYIS,SELÇUK DERELİ,12.08.2005 - 20:00
1011,https://www.tff.org/Default.aspx?pageId=397&macId=5104,MALATYASPOR,0,VESTEL MANİSASPOR,5,MALATYA İNÖNÜ,MEHMET FATİH GÖKÇE,13.08.2005 - 20:00
1016,https://www.tff.org/Default.aspx?pageId=397&macId=5106,ÇAYKUR RİZESPOR,1,SAMSUNSPOR,2,RİZE ATATÜRK,YUNUS YILDIRIM,13.08.2005 - 20:00
1018,https://www.tff.org/Default.aspx?pageId=397&macId=5107,GAZİANTEPSPOR,0,SİVASSPOR,0,5 OCAK,TOLGA ÖZKALFA,13.08.2005 - 20:00
1015,https://www.tff.org/Default.aspx?pageId=397&macId=5105,FENERBAHÇE,2,DİYARBAKIRSPOR,2,FB ŞÜKRÜ SARACOĞLU,SERDAR TATLI,13.08.2005 - 20:04
1013,https://www.tff.org/Default.aspx?pageId=397&macId=5109,KONYASPOR,0,TRABZONSPOR A.Ş.,0,KONYA ATATÜRK,CÜNEYT ÇAKIR,14.08.2005 - 19:00
1010,https://www.tff.org/Default.aspx?pageId=397&macId=5108,ANKARASPOR A.Ş.,0,GENÇLERBİRLİĞİ,0,ANKARA 19 MAYIS,METİN TOKAT,14.08.2005 - 20:00
1017,https://www.tff.org/Default.aspx?pageId=397&macId=5111,KAYSERİSPOR,1,KAYSERİ ERCİYESSPOR,2,KAYSERİ ATATÜRK,HAKAN SİVRİSERVİ,14.08.2005 - 20:00
1014,https://www.tff.org/Default.aspx?pageId=397&macId=5110,BEŞİKTAŞ A.Ş.,2,DENİZLİSPOR,0,BEŞİKTAŞ İNÖNÜ,ÖZGÜÇ TÜRKALP,14.08.2005 - 21:15
1021,https://www.tff.org/Default.aspx?pageId=397&macId=5129,TRABZONSPOR A.Ş.,3,MKE ANKARAGÜCÜ,1,HÜSEYİN AVNİ AKER,METİN AYDOĞAN,20.08.2005 - 19:00
1019,https://www.tff.org/Default.aspx?pageId=397&macId=5127,SAMSUNSPOR,1,SİVASSPOR,2,SAMSUN 19 MAYIS,YILNUR ÖNEN,20.08.2005 - 20:00
1023,https://www.tff.org/Default.aspx?pageId=397&macId=5130,DENİZLİSPOR,1,KAYSERİSPOR,3,DENİZLİ ATATÜRK,MUSTAFA ÇULCU,20.08.2005 - 20:00
1020,https://www.tff.org/Default.aspx?pageId=397&macId=5128,GENÇLERBİRLİĞİ,0,BEŞİKTAŞ A.Ş.,2,ANKARA 19 MAYIS,SERDAR TATLI,20.08.2005 - 21:15
1026,https://www.tff.org/Default.aspx?pageId=397&macId=5134,ÇAYKUR RİZESPOR,1,FENERBAHÇE,2,RİZE ATATÜRK,METİN TOKAT,21.08.2005 - 19:00
1022,https://www.tff.org/Default.aspx?pageId=397&macId=5131,DİYARBAKIRSPOR,1,ANKARASPOR A.Ş.,2,DİYARBAKIR ATATÜRK,CEM DEDA,21.08.2005 - 20:00
1024,https://www.tff.org/Default.aspx?pageId=397&macId=5132,KAYSERİ ERCİYESSPOR,0,KONYASPOR,0,KAYSERİ ATATÜRK,BÜLENT YILDIRIM,21.08.2005 - 20:00
1025,https://www.tff.org/Default.aspx?pageId=397&macId=5133,VESTEL MANİSASPOR,1,GAZİANTEPSPOR,2,İZMİR ALSANCAK,AYTEKİN DURMAZ,21.08.2005 - 20:00
1027,https://www.tff.org/Default.aspx?pageId=397&macId=5135,GALATASARAY A.Ş.,5,MALATYASPOR,2,ALİ SAMİ YEN,ZAFER ÖNDER İPEK,21.08.2005 - 21:18
1036,https://www.tff.org/Default.aspx?pageId=397&macId=5151,GAZİANTEPSPOR,2,GALATASARAY A.Ş.,2,KAMİL OCAK,İSMET ARZUMAN,26.08.2005 - 20:00
1028,https://www.tff.org/Default.aspx?pageId=397&macId=5152,KONYASPOR,1,DENİZLİSPOR,0,KONYA ATATÜRK,SÜLEYMAN ABAY,27.08.2005 - 20:00
1030,https://www.tff.org/Default.aspx?pageId=397&macId=5153,SİVASSPOR,1,VESTEL MANİSASPOR,0,ATATÜRK OLİMPİYAT,CEM PAPİLA,27.08.2005 - 20:00
1033,https://www.tff.org/Default.aspx?pageId=397&macId=5154,ANKARASPOR A.Ş.,0,ÇAYKUR RİZESPOR,0,ANKARA 19 MAYIS,KUDDUSİ MÜFTÜOĞLU,27.08.2005 - 20:00
1034,https://www.tff.org/Default.aspx?pageId=397&macId=5155,FENERBAHÇE,5,SAMSUNSPOR,2,FB ŞÜKRÜ SARACOĞLU,BÜLENT DEMİRLEK,27.08.2005 - 20:00
1035,https://www.tff.org/Default.aspx?pageId=397&macId=5159,MALATYASPOR,1,TRABZONSPOR A.Ş.,1,MALATYA İNÖNÜ,EROL ERSOY,28.08.2005 - 19:00
1031,https://www.tff.org/Default.aspx?pageId=397&macId=5157,MKE ANKARAGÜCÜ,1,KAYSERİ ERCİYESSPOR,2,ANKARA 19 MAYIS,YUNUS YILDIRIM,28.08.2005 - 20:00
1032,https://www.tff.org/Default.aspx?pageId=397&macId=5158,KAYSERİSPOR,2,GENÇLERBİRLİĞİ,0,KAYSERİ ATATÜRK,FIRAT AYDINUS,28.08.2005 - 20:00
1029,https://www.tff.org/Default.aspx?pageId=397&macId=5156,BEŞİKTAŞ A.Ş.,1,DİYARBAKIRSPOR,1,BEŞİKTAŞ İNÖNÜ,ORHAN ERDEMİR,28.08.2005 - 21:15
1039,https://www.tff.org/Default.aspx?pageId=397&macId=5298,ÇAYKUR RİZESPOR,1,BEŞİKTAŞ A.Ş.,0,RİZE ATATÜRK,SELÇUK DERELİ,10.09.2005 - 18:30
1037,https://www.tff.org/Default.aspx?pageId=397&macId=5296,DİYARBAKIRSPOR,0,KAYSERİSPOR,2,DİYARBAKIR ATATÜRK,TOLGA ÖZKALFA,10.09.2005 - 20:00
1043,https://www.tff.org/Default.aspx?pageId=397&macId=5299,KAYSERİ ERCİYESSPOR,1,MALATYASPOR,1,KAYSERİ ATATÜRK,CÜNEYT ÇAKIR,10.09.2005 - 20:00
1038,https://www.tff.org/Default.aspx?pageId=397&macId=5297,FENERBAHÇE,2,ANKARASPOR A.Ş.,1,FB ŞÜKRÜ SARACOĞLU,YUNUS YILDIRIM,10.09.2005 - 21:03
1044,https://www.tff.org/Default.aspx?pageId=397&macId=5303,TRABZONSPOR A.Ş.,2,GAZİANTEPSPOR,0,HÜSEYİN AVNİ AKER,ZAFER ÖNDER İPEK,11.09.2005 - 17:00
1040,https://www.tff.org/Default.aspx?pageId=397&macId=5300,SAMSUNSPOR,1,VESTEL MANİSASPOR,1,SAMSUN 19 MAYIS,METİN TOKAT,11.09.2005 - 20:00
1041,https://www.tff.org/Default.aspx?pageId=397&macId=5301,GENÇLERBİRLİĞİ,1,KONYASPOR,1,ANKARA 19 MAYIS,METİN AYDOĞAN,11.09.2005 - 20:00
1042,https://www.tff.org/Default.aspx?pageId=397&macId=5302,DENİZLİSPOR,0,MKE ANKARAGÜCÜ,0,DENİZLİ ATATÜRK,CEM DEDA,11.09.2005 - 20:00
1045,https://www.tff.org/Default.aspx?pageId=397&macId=5304,GALATASARAY A.Ş.,2,SİVASSPOR,0,ALİ SAMİ YEN,MUSTAFA ÇULCU,11.09.2005 - 20:00
1053,https://www.tff.org/Default.aspx?pageId=397&macId=5347,SİVASSPOR,2,TRABZONSPOR A.Ş.,1,ATATÜRK OLİMPİYAT,SERDAR TATLI,16.09.2005 - 20:00
1049,https://www.tff.org/Default.aspx?pageId=397&macId=5348,MKE ANKARAGÜCÜ,1,GENÇLERBİRLİĞİ,1,ANKARA 19 MAYIS,CEM PAPİLA,17.09.2005 - 20:00
1050,https://www.tff.org/Default.aspx?pageId=397&macId=5349,KONYASPOR,5,DİYARBAKIRSPOR,1,KONYA ATATÜRK,YILNUR ÖNEN,17.09.2005 - 20:00
1051,https://www.tff.org/Default.aspx?pageId=397&macId=5350,KAYSERİSPOR,3,ÇAYKUR RİZESPOR,1,KAYSERİ ATATÜRK,ORHAN ERDEMİR,17.09.2005 - 20:00
1054,https://www.tff.org/Default.aspx?pageId=397&macId=5351,MALATYASPOR,0,DENİZLİSPOR,1,MALATYA İNÖNÜ,AYTEKİN DURMAZ,17.09.2005 - 20:00
1052,https://www.tff.org/Default.aspx?pageId=397&macId=5355,VESTEL MANİSASPOR,1,GALATASARAY A.Ş.,4,İZMİR ATATÜRK,BÜLENT DEMİRLEK,18.09.2005 - 17:30
1046,https://www.tff.org/Default.aspx?pageId=397&macId=5352,BEŞİKTAŞ A.Ş.,1,FENERBAHÇE,2,BEŞİKTAŞ İNÖNÜ,FIRAT AYDINUS,18.09.2005 - 20:00
1047,https://www.tff.org/Default.aspx?pageId=397&macId=5353,ANKARASPOR A.Ş.,3,SAMSUNSPOR,3,ANKARA 19 MAYIS,OKTAY DEMİRAY,18.09.2005 - 20:00
1048,https://www.tff.org/Default.aspx?pageId=397&macId=5354,GAZİANTEPSPOR,1,KAYSERİ ERCİYESSPOR,2,KAMİL OCAK,EROL ERSOY,18.09.2005 - 20:00
1060,https://www.tff.org/Default.aspx?pageId=397&macId=5448,TRABZONSPOR A.Ş.,0,VESTEL MANİSASPOR,2,HÜSEYİN AVNİ AKER,OKTAY DEMİRAY,23.09.2005 - 20:00
1058,https://www.tff.org/Default.aspx?pageId=397&macId=5449,GENÇLERBİRLİĞİ,2,MALATYASPOR,0,ANKARA 19 MAYIS,İSMET ARZUMAN,24.09.2005 - 20:00
1059,https://www.tff.org/Default.aspx?pageId=397&macId=5450,DENİZLİSPOR,1,GAZİANTEPSPOR,2,DENİZLİ ATATÜRK,YUNUS YILDIRIM,24.09.2005 - 20:00
1061,https://www.tff.org/Default.aspx?pageId=397&macId=5451,FENERBAHÇE,3,KAYSERİSPOR,0,FB ŞÜKRÜ SARACOĞLU,SELÇUK DERELİ,24.09.2005 - 20:00
1057,https://www.tff.org/Default.aspx?pageId=397&macId=5454,ANKARASPOR A.Ş.,2,BEŞİKTAŞ A.Ş.,0,ANKARA 19 MAYIS,EROL ERSOY,25.09.2005 - 17:30
1055,https://www.tff.org/Default.aspx?pageId=397&macId=5452,DİYARBAKIRSPOR,0,MKE ANKARAGÜCÜ,3,DİYARBAKIR ATATÜRK,CÜNEYT ÇAKIR,25.09.2005 - 19:00
1056,https://www.tff.org/Default.aspx?pageId=397&macId=5453,KAYSERİ ERCİYESSPOR,0,SİVASSPOR,0,KAYSERİ ATATÜRK,METİN AYDOĞAN,25.09.2005 - 20:00
1062,https://www.tff.org/Default.aspx?pageId=397&macId=5455,ÇAYKUR RİZESPOR,1,KONYASPOR,1,RİZE ATATÜRK,SERDAR TATLI,25.09.2005 - 20:00
1063,https://www.tff.org/Default.aspx?pageId=397&macId=5456,SAMSUNSPOR,1,GALATASARAY A.Ş.,2,SAMSUN 19 MAYIS,BÜLENT YILDIRIM,25.09.2005 - 20:00
1064,https://www.tff.org/Default.aspx?pageId=397&macId=5541,GAZİANTEPSPOR,1,GENÇLERBİRLİĞİ,1,KAMİL OCAK,BÜLENT DEMİRLEK,30.09.2005 - 20:00
1066,https://www.tff.org/Default.aspx?pageId=397&macId=5543,SİVASSPOR,1,DENİZLİSPOR,0,SİVAS 4 EYLÜL,BÜLENT YILDIRIM,1.10.2005 - 15:00
1065,https://www.tff.org/Default.aspx?pageId=397&macId=5542,KONYASPOR,2,FENERBAHÇE,4,KONYA ATATÜRK,ÖZGÜÇ TÜRKALP,1.10.2005 - 20:00
1071,https://www.tff.org/Default.aspx?pageId=397&macId=5544,VESTEL MANİSASPOR,0,KAYSERİ ERCİYESSPOR,2,İZMİR ATATÜRK,SÜLEYMAN ABAY,1.10.2005 - 20:00
1069,https://www.tff.org/Default.aspx?pageId=397&macId=5547,BEŞİKTAŞ A.Ş.,3,SAMSUNSPOR,2,BEŞİKTAŞ İNÖNÜ,CÜNEYT ÇAKIR,2.10.2005 - 18:30
1067,https://www.tff.org/Default.aspx?pageId=397&macId=5545,MKE ANKARAGÜCÜ,1,ÇAYKUR RİZESPOR,0,ANKARA 19 MAYIS,FIRAT AYDINUS,2.10.2005 - 20:00
1068,https://www.tff.org/Default.aspx?pageId=397&macId=5546,KAYSERİSPOR,2,ANKARASPOR A.Ş.,1,KAYSERİ ATATÜRK,MEHMET FATİH GÖKÇE,2.10.2005 - 20:00
1072,https://www.tff.org/Default.aspx?pageId=397&macId=5549,MALATYASPOR,1,DİYARBAKIRSPOR,2,MALATYA İNÖNÜ,SELÇUK DERELİ,2.10.2005 - 20:00
1070,https://www.tff.org/Default.aspx?pageId=397&macId=5548,GALATASARAY A.Ş.,4,TRABZONSPOR A.Ş.,1,ALİ SAMİ YEN,YUNUS YILDIRIM,2.10.2005 - 21:00
1078,https://www.tff.org/Default.aspx?pageId=397&macId=5722,KAYSERİ ERCİYESSPOR,1,GALATASARAY A.Ş.,2,KAYSERİ ATATÜRK,SERDAR TATLI,15.10.2005 - 14:00
1076,https://www.tff.org/Default.aspx?pageId=397&macId=5721,DİYARBAKIRSPOR,1,GAZİANTEPSPOR,2,DİYARBAKIR ATATÜRK,METİN TOKAT,15.10.2005 - 20:00
1079,https://www.tff.org/Default.aspx?pageId=397&macId=5723,ANKARASPOR A.Ş.,0,KONYASPOR,0,ANKARA 19 MAYIS,MUSTAFA ÇULCU,15.10.2005 - 20:00
1080,https://www.tff.org/Default.aspx?pageId=397&macId=5724,FENERBAHÇE,2,MKE ANKARAGÜCÜ,1,FB ŞÜKRÜ SARACOĞLU,EROL ERSOY,15.10.2005 - 20:00
1073,https://www.tff.org/Default.aspx?pageId=397&macId=5725,DENİZLİSPOR,1,VESTEL MANİSASPOR,1,DENİZLİ ATATÜRK,CÜNEYT ÇAKIR,16.10.2005 - 15:00
1075,https://www.tff.org/Default.aspx?pageId=397&macId=5727,ÇAYKUR RİZESPOR,1,MALATYASPOR,0,RİZE ATATÜRK,CEM PAPİLA,16.10.2005 - 15:00
1077,https://www.tff.org/Default.aspx?pageId=397&macId=5728,GENÇLERBİRLİĞİ,0,SİVASSPOR,1,ANKARA 19 MAYIS,HAKAN SİVRİSERVİ,16.10.2005 - 15:00
1081,https://www.tff.org/Default.aspx?pageId=397&macId=5729,SAMSUNSPOR,3,TRABZONSPOR A.Ş.,1,SAMSUN 19 MAYIS,İSMET ARZUMAN,16.10.2005 - 15:00
1074,https://www.tff.org/Default.aspx?pageId=397&macId=5726,BEŞİKTAŞ A.Ş.,0,KAYSERİSPOR,0,BEŞİKTAŞ İNÖNÜ,OKTAY DEMİRAY,16.10.2005 - 20:00
1088,https://www.tff.org/Default.aspx?pageId=397&macId=5796,TRABZONSPOR A.Ş.,0,KAYSERİ ERCİYESSPOR,0,HÜSEYİN AVNİ AKER,FIRAT AYDINUS,21.10.2005 - 20:00
1085,https://www.tff.org/Default.aspx?pageId=397&macId=5797,MKE ANKARAGÜCÜ,3,ANKARASPOR A.Ş.,2,ANKARA 19 MAYIS,BÜLENT DEMİRLEK,22.10.2005 - 20:00
1087,https://www.tff.org/Default.aspx?pageId=397&macId=5798,KAYSERİSPOR,6,SAMSUNSPOR,3,KAYSERİ ATATÜRK,TOLGA ÖZKALFA,22.10.2005 - 20:00
1089,https://www.tff.org/Default.aspx?pageId=397&macId=5799,GALATASARAY A.Ş.,1,DENİZLİSPOR,1,ALİ SAMİ YEN,SELÇUK DERELİ,22.10.2005 - 20:00
1082,https://www.tff.org/Default.aspx?pageId=397&macId=5800,VESTEL MANİSASPOR,0,GENÇLERBİRLİĞİ,3,MANİSA 19 MAYIS,SERDAR TATLI,23.10.2005 - 15:00
1084,https://www.tff.org/Default.aspx?pageId=397&macId=5802,GAZİANTEPSPOR,1,ÇAYKUR RİZESPOR,1,KAMİL OCAK,SÜLEYMAN ABAY,23.10.2005 - 15:00
1086,https://www.tff.org/Default.aspx?pageId=397&macId=5803,KONYASPOR,0,BEŞİKTAŞ A.Ş.,1,KONYA ATATÜRK,YUNUS YILDIRIM,23.10.2005 - 15:00
1090,https://www.tff.org/Default.aspx?pageId=397&macId=5804,SİVASSPOR,4,DİYARBAKIRSPOR,1,SİVAS 4 EYLÜL,MEHMET FATİH GÖKÇE,23.10.2005 - 15:00
1083,https://www.tff.org/Default.aspx?pageId=397&macId=5801,MALATYASPOR,0,FENERBAHÇE,3,MALATYA İNÖNÜ,YILNUR ÖNEN,23.10.2005 - 20:00
1096,https://www.tff.org/Default.aspx?pageId=397&macId=5868,DENİZLİSPOR,0,TRABZONSPOR A.Ş.,1,DENİZLİ ATATÜRK,BÜLENT DEMİRLEK,28.10.2005 - 20:00
1092,https://www.tff.org/Default.aspx?pageId=397&macId=5869,ANKARASPOR A.Ş.,1,MALATYASPOR,2,ANKARA 19 MAYIS,VEDAT YÜKSEL,29.10.2005 - 20:00
1098,https://www.tff.org/Default.aspx?pageId=397&macId=5870,FENERBAHÇE,1,GAZİANTEPSPOR,0,FB ŞÜKRÜ SARACOĞLU,CEM PAPİLA,29.10.2005 - 20:00
1093,https://www.tff.org/Default.aspx?pageId=397&macId=5872,SAMSUNSPOR,1,KAYSERİ ERCİYESSPOR,1,SAMSUN 19 MAYIS,ORHAN ERDEMİR,30.10.2005 - 14:00
1094,https://www.tff.org/Default.aspx?pageId=397&macId=5873,DİYARBAKIRSPOR,0,VESTEL MANİSASPOR,2,DİYARBAKIR ATATÜRK,BÜLENT YILDIRIM,30.10.2005 - 14:00
1095,https://www.tff.org/Default.aspx?pageId=397&macId=5874,GENÇLERBİRLİĞİ,2,GALATASARAY A.Ş.,1,ANKARA 19 MAYIS,OKTAY DEMİRAY,30.10.2005 - 14:00
1097,https://www.tff.org/Default.aspx?pageId=397&macId=5875,KAYSERİSPOR,1,KONYASPOR,0,KAYSERİ ATATÜRK,CEM DEDA,30.10.2005 - 14:00
1099,https://www.tff.org/Default.aspx?pageId=397&macId=5876,ÇAYKUR RİZESPOR,1,SİVASSPOR,0,RİZE ATATÜRK,HÜSEYİN GÖÇEK,30.10.2005 - 14:00
1091,https://www.tff.org/Default.aspx?pageId=397&macId=5871,BEŞİKTAŞ A.Ş.,4,MKE ANKARAGÜCÜ,2,BEŞİKTAŞ İNÖNÜ,TOLGA ÖZKALFA,30.10.2005 - 20:00
1107,https://www.tff.org/Default.aspx?pageId=397&macId=5962,GALATASARAY A.Ş.,2,DİYARBAKIRSPOR,0,ALİ SAMİ YEN,METİN TOKAT,4.11.2005 - 20:00
1106,https://www.tff.org/Default.aspx?pageId=397&macId=5965,KAYSERİ ERCİYESSPOR,2,DENİZLİSPOR,0,KAYSERİ ATATÜRK,ZAFER ÖNDER İPEK,5.11.2005 - 14:00
1100,https://www.tff.org/Default.aspx?pageId=397&macId=5963,TRABZONSPOR A.Ş.,1,GENÇLERBİRLİĞİ,1,HÜSEYİN AVNİ AKER,EROL ERSOY,5.11.2005 - 20:00
1103,https://www.tff.org/Default.aspx?pageId=397&macId=5964,GAZİANTEPSPOR,3,ANKARASPOR A.Ş.,3,KAMİL OCAK,SERDAR TATLI,5.11.2005 - 20:00
1101,https://www.tff.org/Default.aspx?pageId=397&macId=5966,VESTEL MANİSASPOR,1,ÇAYKUR RİZESPOR,1,MANİSA 19 MAYIS,SELÇUK DERELİ,6.11.2005 - 14:00
1104,https://www.tff.org/Default.aspx?pageId=397&macId=5968,MKE ANKARAGÜCÜ,2,KAYSERİSPOR,0,ANKARA 19 MAYIS,SÜLEYMAN ABAY,6.11.2005 - 14:00
1105,https://www.tff.org/Default.aspx?pageId=397&macId=5969,KONYASPOR,4,SAMSUNSPOR,2,KONYA ATATÜRK,KUDDUSİ MÜFTÜOĞLU,6.11.2005 - 14:00
1108,https://www.tff.org/Default.aspx?pageId=397&macId=5970,SİVASSPOR,2,FENERBAHÇE,3,SİVAS 4 EYLÜL,İSMET ARZUMAN,6.11.2005 - 14:00
1102,https://www.tff.org/Default.aspx?pageId=397&macId=5967,MALATYASPOR,1,BEŞİKTAŞ A.Ş.,1,MALATYA İNÖNÜ,MUSTAFA ÇULCU,6.11.2005 - 20:05
1109,https://www.tff.org/Default.aspx?pageId=397&macId=5980,DİYARBAKIRSPOR,3,TRABZONSPOR A.Ş.,0,DİYARBAKIR ATATÜRK,FIRAT AYDINUS,19.11.2005 - 14:00
1112,https://www.tff.org/Default.aspx?pageId=397&macId=5983,GENÇLERBİRLİĞİ,3,KAYSERİ ERCİYESSPOR,0,ANKARA 19 MAYIS,TOLGA ÖZKALFA,19.11.2005 - 16:30
1117,https://www.tff.org/Default.aspx?pageId=397&macId=5988,SAMSUNSPOR,1,DENİZLİSPOR,2,SAMSUN 19 MAYIS,HÜSEYİN GÖÇEK,19.11.2005 - 16:30
1111,https://www.tff.org/Default.aspx?pageId=397&macId=5982,FENERBAHÇE,2,VESTEL MANİSASPOR,1,FB ŞÜKRÜ SARACOĞLU,ORHAN ERDEMİR,19.11.2005 - 19:00
1110,https://www.tff.org/Default.aspx?pageId=397&macId=5981,ANKARASPOR A.Ş.,1,SİVASSPOR,1,ANKARA 19 MAYIS,YUNUS YILDIRIM,20.11.2005 - 14:00
1113,https://www.tff.org/Default.aspx?pageId=397&macId=5984,KONYASPOR,2,MKE ANKARAGÜCÜ,0,KONYA ATATÜRK,BÜLENT DEMİRLEK,20.11.2005 - 14:00
1114,https://www.tff.org/Default.aspx?pageId=397&macId=5985,KAYSERİSPOR,2,MALATYASPOR,0,KAYSERİ ATATÜRK,EROL ERSOY,20.11.2005 - 14:00
1115,https://www.tff.org/Default.aspx?pageId=397&macId=5986,BEŞİKTAŞ A.Ş.,0,GAZİANTEPSPOR,1,BEŞİKTAŞ İNÖNÜ,SELÇUK DERELİ,20.11.2005 - 16:00
1116,https://www.tff.org/Default.aspx?pageId=397&macId=5987,ÇAYKUR RİZESPOR,0,GALATASARAY A.Ş.,3,RİZE ATATÜRK,MUSTAFA ÇULCU,20.11.2005 - 19:00
1123,https://www.tff.org/Default.aspx?pageId=397&macId=5994,TRABZONSPOR A.Ş.,3,ÇAYKUR RİZESPOR,1,HÜSEYİN AVNİ AKER,YILNUR ÖNEN,25.11.2005 - 20:00
1120,https://www.tff.org/Default.aspx?pageId=397&macId=5991,MALATYASPOR,1,KONYASPOR,0,MALATYA İNÖNÜ,CÜNEYT ÇAKIR,26.11.2005 - 16:30
1125,https://www.tff.org/Default.aspx?pageId=397&macId=5996,VESTEL MANİSASPOR,1,ANKARASPOR A.Ş.,0,MANİSA 19 MAYIS,OKTAY DEMİRAY,26.11.2005 - 19:00
1126,https://www.tff.org/Default.aspx?pageId=397&macId=5997,SİVASSPOR,1,BEŞİKTAŞ A.Ş.,3,SİVAS 4 EYLÜL,BÜLENT DEMİRLEK,26.11.2005 - 19:00
1118,https://www.tff.org/Default.aspx?pageId=397&macId=5989,DENİZLİSPOR,0,GENÇLERBİRLİĞİ,2,DENİZLİ ATATÜRK,SÜLEYMAN ABAY,27.11.2005 - 14:00
1119,https://www.tff.org/Default.aspx?pageId=397&macId=5990,KAYSERİ ERCİYESSPOR,0,DİYARBAKIRSPOR,2,KAYSERİ ATATÜRK,YUNUS YILDIRIM,27.11.2005 - 14:00
1121,https://www.tff.org/Default.aspx?pageId=397&macId=5992,GAZİANTEPSPOR,1,KAYSERİSPOR,4,KAMİL OCAK,HAKAN SİVRİSERVİ,27.11.2005 - 14:00
1122,https://www.tff.org/Default.aspx?pageId=397&macId=5993,MKE ANKARAGÜCÜ,1,SAMSUNSPOR,1,ANKARA 19 MAYIS,CEM DEDA,27.11.2005 - 14:00
1124,https://www.tff.org/Default.aspx?pageId=397&macId=5995,GALATASARAY A.Ş.,0,FENERBAHÇE,1,ALİ SAMİ YEN,SERDAR TATLI,27.11.2005 - 19:00
1129,https://www.tff.org/Default.aspx?pageId=397&macId=6000,FENERBAHÇE,2,TRABZONSPOR A.Ş.,2,FB ŞÜKRÜ SARACOĞLU,METİN TOKAT,2.12.2005 - 20:00
1131,https://www.tff.org/Default.aspx?pageId=397&macId=6002,KONYASPOR,3,GAZİANTEPSPOR,2,KONYA ATATÜRK,MEHMET FATİH GÖKÇE,3.12.2005 - 16:30
1134,https://www.tff.org/Default.aspx?pageId=397&macId=6005,ÇAYKUR RİZESPOR,2,KAYSERİ ERCİYESSPOR,2,RİZE ATATÜRK,AYTEKİN DURMAZ,3.12.2005 - 16:30
1133,https://www.tff.org/Default.aspx?pageId=397&macId=6004,ANKARASPOR A.Ş.,1,GALATASARAY A.Ş.,2,ANKARA 19 MAYIS,FIRAT AYDINUS,3.12.2005 - 19:00
1127,https://www.tff.org/Default.aspx?pageId=397&macId=5998,DİYARBAKIRSPOR,1,DENİZLİSPOR,0,DİYARBAKIR ATATÜRK,CEM PAPİLA,4.12.2005 - 14:00
1130,https://www.tff.org/Default.aspx?pageId=397&macId=6001,GENÇLERBİRLİĞİ,0,SAMSUNSPOR,1,ANKARA 19 MAYIS,ÇETİN SARIGÜL,4.12.2005 - 14:00
1128,https://www.tff.org/Default.aspx?pageId=397&macId=5999,KAYSERİSPOR,2,SİVASSPOR,2,KAYSERİ ATATÜRK,KUDDUSİ MÜFTÜOĞLU,4.12.2005 - 16:00
1132,https://www.tff.org/Default.aspx?pageId=397&macId=6003,BEŞİKTAŞ A.Ş.,3,VESTEL MANİSASPOR,1,BEŞİKTAŞ İNÖNÜ,İSMET ARZUMAN,4.12.2005 - 19:00
1135,https://www.tff.org/Default.aspx?pageId=397&macId=6006,MALATYASPOR,0,MKE ANKARAGÜCÜ,0,MALATYA İNÖNÜ,ORHAN ERDEMİR,5.12.2005 - 13:00
1137,https://www.tff.org/Default.aspx?pageId=397&macId=6008,VESTEL MANİSASPOR,1,KAYSERİSPOR,0,MANİSA 19 MAYIS,CEM PAPİLA,9.12.2005 - 20:00
1139,https://www.tff.org/Default.aspx?pageId=397&macId=6010,GAZİANTEPSPOR,1,MKE ANKARAGÜCÜ,1,KAMİL OCAK,YUNUS YILDIRIM,10.12.2005 - 14:00
1141,https://www.tff.org/Default.aspx?pageId=397&macId=6012,DENİZLİSPOR,2,ÇAYKUR RİZESPOR,0,DENİZLİ ATATÜRK,İSMET ARZUMAN,10.12.2005 - 16:30
1143,https://www.tff.org/Default.aspx?pageId=397&macId=6014,GALATASARAY A.Ş.,3,BEŞİKTAŞ A.Ş.,2,ALİ SAMİ YEN,CÜNEYT ÇAKIR,10.12.2005 - 19:00
1138,https://www.tff.org/Default.aspx?pageId=397&macId=6009,SAMSUNSPOR,1,MALATYASPOR,2,SAMSUN 19 MAYIS,SERDAR TATLI,11.12.2005 - 14:00
1140,https://www.tff.org/Default.aspx?pageId=397&macId=6011,GENÇLERBİRLİĞİ,4,DİYARBAKIRSPOR,0,ANKARA 19 MAYIS,BÜLENT DEMİRLEK,11.12.2005 - 14:00
1144,https://www.tff.org/Default.aspx?pageId=397&macId=6015,SİVASSPOR,1,KONYASPOR,1,SİVAS 4 EYLÜL,EROL ERSOY,11.12.2005 - 14:00
1142,https://www.tff.org/Default.aspx?pageId=397&macId=6013,TRABZONSPOR A.Ş.,2,ANKARASPOR A.Ş.,3,HÜSEYİN AVNİ AKER,MUSTAFA ÇULCU,11.12.2005 - 16:00
1136,https://www.tff.org/Default.aspx?pageId=397&macId=6007,KAYSERİ ERCİYESSPOR,0,FENERBAHÇE,3,KAYSERİ ATATÜRK,SELÇUK DERELİ,11.12.2005 - 19:00
1150,https://www.tff.org/Default.aspx?pageId=397&macId=6021,KAYSERİSPOR,1,GALATASARAY A.Ş.,3,KAYSERİ ATATÜRK,YUNUS YILDIRIM,16.12.2005 - 20:00
1148,https://www.tff.org/Default.aspx?pageId=397&macId=6019,MKE ANKARAGÜCÜ,0,SİVASSPOR,0,ANKARA 19 MAYIS,MEHMET FATİH GÖKÇE,17.12.2005 - 14:00
1153,https://www.tff.org/Default.aspx?pageId=397&macId=6024,MALATYASPOR,2,GAZİANTEPSPOR,0,MALATYA İNÖNÜ,TOLGA ÖZKALFA,17.12.2005 - 14:15
1152,https://www.tff.org/Default.aspx?pageId=397&macId=6023,FENERBAHÇE,6,DENİZLİSPOR,2,FB ŞÜKRÜ SARACOĞLU,OKTAY DEMİRAY,17.12.2005 - 19:00
1145,https://www.tff.org/Default.aspx?pageId=397&macId=6016,DİYARBAKIRSPOR,0,SAMSUNSPOR,0,DİYARBAKIR ATATÜRK,SELÇUK DERELİ,18.12.2005 - 14:00
1147,https://www.tff.org/Default.aspx?pageId=397&macId=6018,ÇAYKUR RİZESPOR,1,GENÇLERBİRLİĞİ,1,RİZE ATATÜRK,CÜNEYT ÇAKIR,18.12.2005 - 14:00
1149,https://www.tff.org/Default.aspx?pageId=397&macId=6020,KONYASPOR,1,VESTEL MANİSASPOR,1,KONYA ATATÜRK,HAKAN SİVRİSERVİ,18.12.2005 - 14:00
1151,https://www.tff.org/Default.aspx?pageId=397&macId=6022,ANKARASPOR A.Ş.,1,KAYSERİ ERCİYESSPOR,1,ANKARA 19 MAYIS,İSMET ARZUMAN,18.12.2005 - 14:00
1146,https://www.tff.org/Default.aspx?pageId=397&macId=6017,BEŞİKTAŞ A.Ş.,0,TRABZONSPOR A.Ş.,1,BEŞİKTAŞ İNÖNÜ,SERDAR TATLI,18.12.2005 - 19:00
1157,https://www.tff.org/Default.aspx?pageId=397&macId=6028,FENERBAHÇE,3,GENÇLERBİRLİĞİ,0,FB ŞÜKRÜ SARACOĞLU,YUNUS YILDIRIM,20.01.2006 - 20:00
1160,https://www.tff.org/Default.aspx?pageId=397&macId=6031,MKE ANKARAGÜCÜ,0,VESTEL MANİSASPOR,2,ANKARA 19 MAYIS,SÜLEYMAN ABAY,21.01.2006 - 16:30
1156,https://www.tff.org/Default.aspx?pageId=397&macId=6027,BEŞİKTAŞ A.Ş.,2,KAYSERİ ERCİYESSPOR,2,BEŞİKTAŞ İNÖNÜ,EROL ERSOY,21.01.2006 - 19:00
1154,https://www.tff.org/Default.aspx?pageId=397&macId=6025,ÇAYKUR RİZESPOR,2,DİYARBAKIRSPOR,0,RİZE ATATÜRK,OKTAY DEMİRAY,22.01.2006 - 14:00
1155,https://www.tff.org/Default.aspx?pageId=397&macId=6026,ANKARASPOR A.Ş.,1,DENİZLİSPOR,3,ANKARA 19 MAYIS,BÜLENT DEMİRLEK,22.01.2006 - 14:00
1161,https://www.tff.org/Default.aspx?pageId=397&macId=6032,MALATYASPOR,0,SİVASSPOR,0,MALATYA İNÖNÜ,BÜLENT YILDIRIM,22.01.2006 - 14:00
1158,https://www.tff.org/Default.aspx?pageId=397&macId=6029,KAYSERİSPOR,4,TRABZONSPOR A.Ş.,2,KAYSERİ ATATÜRK,FIRAT AYDINUS,22.01.2006 - 16:00
1162,https://www.tff.org/Default.aspx?pageId=397&macId=6033,GAZİANTEPSPOR,0,SAMSUNSPOR,1,KAMİL OCAK,CÜNEYT ÇAKIR,22.01.2006 - 16:30
1159,https://www.tff.org/Default.aspx?pageId=397&macId=6030,KONYASPOR,0,GALATASARAY A.Ş.,1,KONYA ATATÜRK,METİN TOKAT,22.01.2006 - 19:00
1163,https://www.tff.org/Default.aspx?pageId=397&macId=7385,GENÇLERBİRLİĞİ,2,ANKARASPOR A.Ş.,1,ANKARA 19 MAYIS,HAKAN SİVRİSERVİ,29.03.2006 - 14:30
1164,https://www.tff.org/Default.aspx?pageId=397&macId=7386,VESTEL MANİSASPOR,4,MALATYASPOR,3,MANİSA 19 MAYIS,OKTAY DEMİRAY,29.03.2006 - 14:30
1170,https://www.tff.org/Default.aspx?pageId=397&macId=7390,KAYSERİ ERCİYESSPOR,0,KAYSERİSPOR,0,KAYSERİ ATATÜRK,ÖZGÜÇ TÜRKALP,29.03.2006 - 14:30
1171,https://www.tff.org/Default.aspx?pageId=397&macId=7391,SİVASSPOR,0,GAZİANTEPSPOR,0,SİVAS 4 EYLÜL,HÜSEYİN GÖÇEK,29.03.2006 - 14:30
1169,https://www.tff.org/Default.aspx?pageId=397&macId=7389,SAMSUNSPOR,0,ÇAYKUR RİZESPOR,0,SAMSUN 19 MAYIS,CÜNEYT ÇAKIR,29.03.2006 - 14:40
1167,https://www.tff.org/Default.aspx?pageId=397&macId=7388,DENİZLİSPOR,1,BEŞİKTAŞ A.Ş.,1,DENİZLİ ATATÜRK,SELÇUK DERELİ,29.03.2006 - 16:30
1165,https://www.tff.org/Default.aspx?pageId=397&macId=7387,GALATASARAY A.Ş.,2,MKE ANKARAGÜCÜ,0,ALİ SAMİ YEN,YUNUS YILDIRIM,29.03.2006 - 20:10
1166,https://www.tff.org/Default.aspx?pageId=397&macId=7392,TRABZONSPOR A.Ş.,1,KONYASPOR,2,HÜSEYİN AVNİ AKER,BÜLENT YILDIRIM,30.03.2006 - 16:30
1168,https://www.tff.org/Default.aspx?pageId=397&macId=7393,DİYARBAKIRSPOR,0,FENERBAHÇE,4,MALATYA İNÖNÜ,YILNUR ÖNEN,30.03.2006 - 20:00
1179,https://www.tff.org/Default.aspx?pageId=397&macId=6653,FENERBAHÇE,1,ÇAYKUR RİZESPOR,1,FB ŞÜKRÜ SARACOĞLU,SELÇUK DERELİ,3.02.2006 - 20:00
1175,https://www.tff.org/Default.aspx?pageId=397&macId=6655,ANKARASPOR A.Ş.,3,DİYARBAKIRSPOR,3,ANKARA 19 MAYIS,HÜSEYİN GÖÇEK,4.02.2006 - 16:30
1176,https://www.tff.org/Default.aspx?pageId=397&macId=6656,KAYSERİSPOR,2,DENİZLİSPOR,2,KAYSERİ ATATÜRK,CÜNEYT ÇAKIR,4.02.2006 - 16:30
1173,https://www.tff.org/Default.aspx?pageId=397&macId=6654,BEŞİKTAŞ A.Ş.,2,GENÇLERBİRLİĞİ,1,BEŞİKTAŞ İNÖNÜ,İSMET ARZUMAN,4.02.2006 - 19:00
1172,https://www.tff.org/Default.aspx?pageId=397&macId=6657,SİVASSPOR,0,SAMSUNSPOR,3,YOZGAT BOZOK,YILNUR ÖNEN,5.02.2006 - 14:00
1177,https://www.tff.org/Default.aspx?pageId=397&macId=6659,KONYASPOR,2,KAYSERİ ERCİYESSPOR,0,KONYA ATATÜRK,ZAFER ÖNDER İPEK,5.02.2006 - 14:00
1178,https://www.tff.org/Default.aspx?pageId=397&macId=6660,GAZİANTEPSPOR,1,VESTEL MANİSASPOR,1,KAMİL OCAK,CEM DEDA,5.02.2006 - 14:00
1174,https://www.tff.org/Default.aspx?pageId=397&macId=6658,MKE ANKARAGÜCÜ,1,TRABZONSPOR A.Ş.,2,ANKARA 19 MAYIS,KUDDUSİ MÜFTÜOĞLU,5.02.2006 - 16:00
1180,https://www.tff.org/Default.aspx?pageId=397&macId=6661,MALATYASPOR,1,GALATASARAY A.Ş.,1,MALATYA İNÖNÜ,SERDAR TATLI,5.02.2006 - 19:00
1182,https://www.tff.org/Default.aspx?pageId=397&macId=6754,DİYARBAKIRSPOR,1,BEŞİKTAŞ A.Ş.,3,DİYARBAKIR ATATÜRK,YUNUS YILDIRIM,10.02.2006 - 20:00
1183,https://www.tff.org/Default.aspx?pageId=397&macId=6805,VESTEL MANİSASPOR,3,SİVASSPOR,1,MANİSA 19 MAYIS,VEDAT YÜKSEL,11.02.2006 - 16:30
1184,https://www.tff.org/Default.aspx?pageId=397&macId=6806,KAYSERİ ERCİYESSPOR,1,MKE ANKARAGÜCÜ,2,KAYSERİ ATATÜRK,BÜLENT DEMİRLEK,11.02.2006 - 16:30
1187,https://www.tff.org/Default.aspx?pageId=397&macId=6807,SAMSUNSPOR,0,FENERBAHÇE,5,SAMSUN 19 MAYIS,SERDAR TATLI,11.02.2006 - 19:00
1181,https://www.tff.org/Default.aspx?pageId=397&macId=6808,DENİZLİSPOR,5,KONYASPOR,2,DENİZLİ ATATÜRK,CEM PAPİLA,12.02.2006 - 14:00
1185,https://www.tff.org/Default.aspx?pageId=397&macId=6809,GENÇLERBİRLİĞİ,3,KAYSERİSPOR,2,ANKARA 19 MAYIS,TOLGA ÖZKALFA,12.02.2006 - 14:00
1186,https://www.tff.org/Default.aspx?pageId=397&macId=6810,ÇAYKUR RİZESPOR,1,ANKARASPOR A.Ş.,1,RİZE ATATÜRK,EROL ERSOY,12.02.2006 - 14:00
1188,https://www.tff.org/Default.aspx?pageId=397&macId=6811,TRABZONSPOR A.Ş.,1,MALATYASPOR,0,HÜSEYİN AVNİ AKER,CÜNEYT ÇAKIR,12.02.2006 - 16:00
1189,https://www.tff.org/Default.aspx?pageId=397&macId=6812,GALATASARAY A.Ş.,6,GAZİANTEPSPOR,0,ALİ SAMİ YEN,KUDDUSİ MÜFTÜOĞLU,12.02.2006 - 19:00
1192,https://www.tff.org/Default.aspx?pageId=397&macId=6833,BEŞİKTAŞ A.Ş.,0,ÇAYKUR RİZESPOR,1,BEŞİKTAŞ İNÖNÜ,OKTAY DEMİRAY,17.02.2006 - 20:00
1191,https://www.tff.org/Default.aspx?pageId=397&macId=6834,ANKARASPOR A.Ş.,2,FENERBAHÇE,1,ANKARA 19 MAYIS,KUDDUSİ MÜFTÜOĞLU,18.02.2006 - 19:00
1190,https://www.tff.org/Default.aspx?pageId=397&macId=6835,KAYSERİSPOR,3,DİYARBAKIRSPOR,0,KAYSERİ ATATÜRK,VEDAT YÜKSEL,19.02.2006 - 14:00
1193,https://www.tff.org/Default.aspx?pageId=397&macId=6836,VESTEL MANİSASPOR,3,SAMSUNSPOR,0,MANİSA 19 MAYIS,İSMET ARZUMAN,19.02.2006 - 14:00
1194,https://www.tff.org/Default.aspx?pageId=397&macId=6837,KONYASPOR,0,GENÇLERBİRLİĞİ,3,KONYA ATATÜRK,AYTEKİN DURMAZ,19.02.2006 - 14:00
1195,https://www.tff.org/Default.aspx?pageId=397&macId=6838,MKE ANKARAGÜCÜ,1,DENİZLİSPOR,1,ANKARA 19 MAYIS,FIRAT AYDINUS,19.02.2006 - 14:00
1196,https://www.tff.org/Default.aspx?pageId=397&macId=6839,MALATYASPOR,2,KAYSERİ ERCİYESSPOR,2,MALATYA İNÖNÜ,YUNUS YILDIRIM,19.02.2006 - 14:00
1197,https://www.tff.org/Default.aspx?pageId=397&macId=6840,GAZİANTEPSPOR,0,TRABZONSPOR A.Ş.,2,KAMİL OCAK,EROL ERSOY,19.02.2006 - 16:00
1198,https://www.tff.org/Default.aspx?pageId=397&macId=6841,SİVASSPOR,0,GALATASARAY A.Ş.,0,SİVAS 4 EYLÜL,SELÇUK DERELİ,19.02.2006 - 19:00
1201,https://www.tff.org/Default.aspx?pageId=397&macId=6932,KAYSERİ ERCİYESSPOR,1,GAZİANTEPSPOR,0,KAYSERİ ATATÜRK,FIRAT AYDINUS,25.02.2006 - 14:00
1205,https://www.tff.org/Default.aspx?pageId=397&macId=6933,GALATASARAY A.Ş.,4,VESTEL MANİSASPOR,2,ALİ SAMİ YEN,OKTAY DEMİRAY,25.02.2006 - 19:00
1200,https://www.tff.org/Default.aspx?pageId=397&macId=6935,SAMSUNSPOR,0,ANKARASPOR A.Ş.,1,SAMSUN 19 MAYIS,BÜLENT DEMİRLEK,26.02.2006 - 14:00
1202,https://www.tff.org/Default.aspx?pageId=397&macId=6936,GENÇLERBİRLİĞİ,1,MKE ANKARAGÜCÜ,1,ANKARA 19 MAYIS,ZAFER ÖNDER İPEK,26.02.2006 - 14:00
1203,https://www.tff.org/Default.aspx?pageId=397&macId=6937,DİYARBAKIRSPOR,0,KONYASPOR,3,DİYARBAKIR ATATÜRK,KUDDUSİ MÜFTÜOĞLU,26.02.2006 - 14:00
1204,https://www.tff.org/Default.aspx?pageId=397&macId=6938,ÇAYKUR RİZESPOR,0,KAYSERİSPOR,0,RİZE ATATÜRK,CEM PAPİLA,26.02.2006 - 14:00
1207,https://www.tff.org/Default.aspx?pageId=397&macId=6940,DENİZLİSPOR,1,MALATYASPOR,0,DENİZLİ ATATÜRK,VEDAT YÜKSEL,26.02.2006 - 14:00
1206,https://www.tff.org/Default.aspx?pageId=397&macId=6939,TRABZONSPOR A.Ş.,0,SİVASSPOR,0,HÜSEYİN AVNİ AKER,MEHMET FATİH GÖKÇE,26.02.2006 - 16:00
1199,https://www.tff.org/Default.aspx?pageId=397&macId=6934,FENERBAHÇE,2,BEŞİKTAŞ A.Ş.,2,FB ŞÜKRÜ SARACOĞLU,SELÇUK DERELİ,26.02.2006 - 19:00
1213,https://www.tff.org/Default.aspx?pageId=397&macId=7032,VESTEL MANİSASPOR,1,TRABZONSPOR A.Ş.,2,MANİSA 19 MAYIS,CEM DEDA,4.03.2006 - 14:00
1216,https://www.tff.org/Default.aspx?pageId=397&macId=7033,GALATASARAY A.Ş.,3,SAMSUNSPOR,2,ALİ SAMİ YEN,CEM PAPİLA,4.03.2006 - 19:00
1208,https://www.tff.org/Default.aspx?pageId=397&macId=7034,MKE ANKARAGÜCÜ,5,DİYARBAKIRSPOR,1,ANKARA 19 MAYIS,HAKAN SİVRİSERVİ,5.03.2006 - 14:00
1209,https://www.tff.org/Default.aspx?pageId=397&macId=7035,SİVASSPOR,3,KAYSERİ ERCİYESSPOR,0,SİVAS 4 EYLÜL,TOLGA ÖZKALFA,5.03.2006 - 14:00
1211,https://www.tff.org/Default.aspx?pageId=397&macId=7037,MALATYASPOR,1,GENÇLERBİRLİĞİ,3,5 OCAK,FIRAT AYDINUS,5.03.2006 - 14:00
1212,https://www.tff.org/Default.aspx?pageId=397&macId=7038,GAZİANTEPSPOR,1,DENİZLİSPOR,0,KAMİL OCAK,SELÇUK DERELİ,5.03.2006 - 14:00
1215,https://www.tff.org/Default.aspx?pageId=397&macId=7040,KONYASPOR,3,ÇAYKUR RİZESPOR,1,KONYA ATATÜRK,YILNUR ÖNEN,5.03.2006 - 14:00
1210,https://www.tff.org/Default.aspx?pageId=397&macId=7036,BEŞİKTAŞ A.Ş.,3,ANKARASPOR A.Ş.,0,BEŞİKTAŞ İNÖNÜ,YUNUS YILDIRIM,5.03.2006 - 16:00
1214,https://www.tff.org/Default.aspx?pageId=397&macId=7039,KAYSERİSPOR,1,FENERBAHÇE,0,KAYSERİ ATATÜRK,BÜLENT DEMİRLEK,5.03.2006 - 19:00
1224,https://www.tff.org/Default.aspx?pageId=397&macId=7124,KAYSERİ ERCİYESSPOR,2,VESTEL MANİSASPOR,1,KAYSERİ ATATÜRK,HÜSEYİN GÖÇEK,10.03.2006 - 20:00
1217,https://www.tff.org/Default.aspx?pageId=397&macId=7125,GENÇLERBİRLİĞİ,3,GAZİANTEPSPOR,1,ANKARA 19 MAYIS,KUDDUSİ MÜFTÜOĞLU,11.03.2006 - 16:00
1220,https://www.tff.org/Default.aspx?pageId=397&macId=7127,ÇAYKUR RİZESPOR,1,MKE ANKARAGÜCÜ,0,RİZE ATATÜRK,YUNUS YILDIRIM,11.03.2006 - 16:00
1218,https://www.tff.org/Default.aspx?pageId=397&macId=7126,FENERBAHÇE,5,KONYASPOR,0,FB ŞÜKRÜ SARACOĞLU,VEDAT YÜKSEL,11.03.2006 - 19:00
1219,https://www.tff.org/Default.aspx?pageId=397&macId=7128,DENİZLİSPOR,4,SİVASSPOR,0,DENİZLİ ATATÜRK,HAKAN SİVRİSERVİ,12.03.2006 - 14:00
1221,https://www.tff.org/Default.aspx?pageId=397&macId=7129,ANKARASPOR A.Ş.,1,KAYSERİSPOR,3,ANKARA 19 MAYIS,SERDAR TATLI,12.03.2006 - 14:00
1225,https://www.tff.org/Default.aspx?pageId=397&macId=7132,DİYARBAKIRSPOR,3,MALATYASPOR,2,DİYARBAKIR ATATÜRK,CEM PAPİLA,12.03.2006 - 14:00
1222,https://www.tff.org/Default.aspx?pageId=397&macId=7130,SAMSUNSPOR,1,BEŞİKTAŞ A.Ş.,3,SAMSUN 19 MAYIS,OKTAY DEMİRAY,12.03.2006 - 16:00
1223,https://www.tff.org/Default.aspx?pageId=397&macId=7131,TRABZONSPOR A.Ş.,1,GALATASARAY A.Ş.,1,HÜSEYİN AVNİ AKER,BÜLENT DEMİRLEK,12.03.2006 - 19:00
1227,https://www.tff.org/Default.aspx?pageId=397&macId=7219,KAYSERİSPOR,0,BEŞİKTAŞ A.Ş.,1,KAYSERİ ATATÜRK,VEDAT YÜKSEL,17.03.2006 - 20:00
1226,https://www.tff.org/Default.aspx?pageId=397&macId=7220,VESTEL MANİSASPOR,4,DENİZLİSPOR,2,MANİSA 19 MAYIS,CEM PAPİLA,18.03.2006 - 16:00
1233,https://www.tff.org/Default.aspx?pageId=397&macId=7221,MKE ANKARAGÜCÜ,1,FENERBAHÇE,4,ANKARA 19 MAYIS,CEM DEDA,18.03.2006 - 19:00
1228,https://www.tff.org/Default.aspx?pageId=397&macId=7222,MALATYASPOR,1,ÇAYKUR RİZESPOR,0,MALATYA İNÖNÜ,KUDDUSİ MÜFTÜOĞLU,19.03.2006 - 14:00
1229,https://www.tff.org/Default.aspx?pageId=397&macId=7223,GAZİANTEPSPOR,2,DİYARBAKIRSPOR,0,KAMİL OCAK,CÜNEYT ÇAKIR,19.03.2006 - 14:00
1230,https://www.tff.org/Default.aspx?pageId=397&macId=7224,SİVASSPOR,2,GENÇLERBİRLİĞİ,1,SİVAS 4 EYLÜL,ÇETİN SARIGÜL,19.03.2006 - 14:00
1232,https://www.tff.org/Default.aspx?pageId=397&macId=7226,KONYASPOR,0,ANKARASPOR A.Ş.,0,KONYA ATATÜRK,FIRAT AYDINUS,19.03.2006 - 14:00
1234,https://www.tff.org/Default.aspx?pageId=397&macId=7227,TRABZONSPOR A.Ş.,2,SAMSUNSPOR,1,HÜSEYİN AVNİ AKER,SELÇUK DERELİ,19.03.2006 - 16:00
1231,https://www.tff.org/Default.aspx?pageId=397&macId=7225,GALATASARAY A.Ş.,4,KAYSERİ ERCİYESSPOR,2,ALİ SAMİ YEN,ZAFER ÖNDER İPEK,19.03.2006 - 19:00
1239,https://www.tff.org/Default.aspx?pageId=397&macId=7304,BEŞİKTAŞ A.Ş.,0,KONYASPOR,1,BEŞİKTAŞ İNÖNÜ,TOLGA ÖZKALFA,24.03.2006 - 20:00
1235,https://www.tff.org/Default.aspx?pageId=397&macId=7305,GENÇLERBİRLİĞİ,2,VESTEL MANİSASPOR,1,ANKARA 19 MAYIS,SÜLEYMAN ABAY,25.03.2006 - 16:00
1243,https://www.tff.org/Default.aspx?pageId=397&macId=7307,DİYARBAKIRSPOR,1,SİVASSPOR,1,DİYARBAKIR ATATÜRK,ÖZGÜÇ TÜRKALP,25.03.2006 - 16:00
1242,https://www.tff.org/Default.aspx?pageId=397&macId=7306,DENİZLİSPOR,1,GALATASARAY A.Ş.,2,DENİZLİ ATATÜRK,SERDAR TATLI,25.03.2006 - 19:00
1237,https://www.tff.org/Default.aspx?pageId=397&macId=7300,ÇAYKUR RİZESPOR,0,GAZİANTEPSPOR,0,RİZE ATATÜRK,VEDAT YÜKSEL,26.03.2006 - 14:30
1238,https://www.tff.org/Default.aspx?pageId=397&macId=7301,ANKARASPOR A.Ş.,1,MKE ANKARAGÜCÜ,2,ANKARA 19 MAYIS,CÜNEYT ÇAKIR,26.03.2006 - 14:30
1240,https://www.tff.org/Default.aspx?pageId=397&macId=7302,SAMSUNSPOR,0,KAYSERİSPOR,0,SAMSUN 19 MAYIS,KUDDUSİ MÜFTÜOĞLU,26.03.2006 - 14:30
1241,https://www.tff.org/Default.aspx?pageId=397&macId=7303,KAYSERİ ERCİYESSPOR,1,TRABZONSPOR A.Ş.,0,KAYSERİ ATATÜRK,YUNUS YILDIRIM,26.03.2006 - 16:00
1236,https://www.tff.org/Default.aspx?pageId=397&macId=7299,FENERBAHÇE,2,MALATYASPOR,0,FB ŞÜKRÜ SARACOĞLU,SELÇUK DERELİ,26.03.2006 - 19:00
1244,https://www.tff.org/Default.aspx?pageId=397&macId=7375,MKE ANKARAGÜCÜ,2,BEŞİKTAŞ A.Ş.,3,ANKARA 19 MAYIS,VEDAT YÜKSEL,1.04.2006 - 18:30
1248,https://www.tff.org/Default.aspx?pageId=397&macId=7379,GALATASARAY A.Ş.,3,GENÇLERBİRLİĞİ,0,ALİ SAMİ YEN,FIRAT AYDINUS,1.04.2006 - 20:45
1247,https://www.tff.org/Default.aspx?pageId=397&macId=7378,VESTEL MANİSASPOR,0,DİYARBAKIRSPOR,3,MANİSA 19 MAYIS,AYTEKİN DURMAZ,2.04.2006 - 14:00
1245,https://www.tff.org/Default.aspx?pageId=397&macId=7376,MALATYASPOR,0,ANKARASPOR A.Ş.,2,MALATYA İNÖNÜ,BÜLENT DEMİRLEK,2.04.2006 - 14:30
1246,https://www.tff.org/Default.aspx?pageId=397&macId=7377,KAYSERİ ERCİYESSPOR,2,SAMSUNSPOR,2,KAYSERİ ATATÜRK,SELÇUK DERELİ,2.04.2006 - 14:30
1250,https://www.tff.org/Default.aspx?pageId=397&macId=7381,KONYASPOR,1,KAYSERİSPOR,0,KONYA ATATÜRK,MUSTAFA KAMİL ABİTOĞLU,2.04.2006 - 14:30
1252,https://www.tff.org/Default.aspx?pageId=397&macId=7383,SİVASSPOR,1,ÇAYKUR RİZESPOR,2,SİVAS 4 EYLÜL,SÜLEYMAN ABAY,2.04.2006 - 14:30
1249,https://www.tff.org/Default.aspx?pageId=397&macId=7380,TRABZONSPOR A.Ş.,3,DENİZLİSPOR,0,HÜSEYİN AVNİ AKER,CÜNEYT ÇAKIR,2.04.2006 - 16:00
1251,https://www.tff.org/Default.aspx?pageId=397&macId=7382,GAZİANTEPSPOR,0,FENERBAHÇE,2,KAMİL OCAK,YUNUS YILDIRIM,2.04.2006 - 19:00
1260,https://www.tff.org/Default.aspx?pageId=397&macId=7533,DİYARBAKIRSPOR,1,GALATASARAY A.Ş.,3,İZMİR ATATÜRK,SELÇUK DERELİ,7.04.2006 - 20:00
1256,https://www.tff.org/Default.aspx?pageId=397&macId=7535,ANKARASPOR A.Ş.,3,GAZİANTEPSPOR,0,ANKARA 19 MAYIS,VEDAT YÜKSEL,8.04.2006 - 16:00
1255,https://www.tff.org/Default.aspx?pageId=397&macId=7534,BEŞİKTAŞ A.Ş.,2,MALATYASPOR,2,BEŞİKTAŞ İNÖNÜ,CEM DEDA,8.04.2006 - 19:00
1254,https://www.tff.org/Default.aspx?pageId=397&macId=7537,ÇAYKUR RİZESPOR,4,VESTEL MANİSASPOR,1,RİZE ATATÜRK,FIRAT AYDINUS,9.04.2006 - 14:30
1257,https://www.tff.org/Default.aspx?pageId=397&macId=7538,KAYSERİSPOR,1,MKE ANKARAGÜCÜ,2,KAYSERİ ATATÜRK,CÜNEYT ÇAKIR,9.04.2006 - 14:30
1258,https://www.tff.org/Default.aspx?pageId=397&macId=7539,SAMSUNSPOR,1,KONYASPOR,1,SAMSUN 19 MAYIS,YILNUR ÖNEN,9.04.2006 - 14:30
1259,https://www.tff.org/Default.aspx?pageId=397&macId=7540,DENİZLİSPOR,1,KAYSERİ ERCİYESSPOR,1,DENİZLİ ATATÜRK,KUDDUSİ MÜFTÜOĞLU,9.04.2006 - 14:30
1253,https://www.tff.org/Default.aspx?pageId=397&macId=7536,GENÇLERBİRLİĞİ,1,TRABZONSPOR A.Ş.,0,ANKARA 19 MAYIS,YUNUS YILDIRIM,9.04.2006 - 16:00
1261,https://www.tff.org/Default.aspx?pageId=397&macId=7541,FENERBAHÇE,3,SİVASSPOR,0,FB ŞÜKRÜ SARACOĞLU,BÜLENT DEMİRLEK,9.04.2006 - 19:00
1267,https://www.tff.org/Default.aspx?pageId=397&macId=7637,MALATYASPOR,2,KAYSERİSPOR,1,MALATYA İNÖNÜ,SELÇUK DERELİ,15.04.2006 - 16:00
1270,https://www.tff.org/Default.aspx?pageId=397&macId=7638,DENİZLİSPOR,1,SAMSUNSPOR,2,DENİZLİ ATATÜRK,YUNUS YILDIRIM,15.04.2006 - 16:00
1264,https://www.tff.org/Default.aspx?pageId=397&macId=7636,VESTEL MANİSASPOR,5,FENERBAHÇE,3,MANİSA 19 MAYIS,BÜLENT YILDIRIM,15.04.2006 - 21:00
1262,https://www.tff.org/Default.aspx?pageId=397&macId=7635,TRABZONSPOR A.Ş.,3,DİYARBAKIRSPOR,0,HÜSEYİN AVNİ AKER,CEM DEDA,16.04.2006 - 11:00
1263,https://www.tff.org/Default.aspx?pageId=397&macId=7630,SİVASSPOR,2,ANKARASPOR A.Ş.,2,SİVAS 4 EYLÜL,CÜNEYT ÇAKIR,16.04.2006 - 14:30
1265,https://www.tff.org/Default.aspx?pageId=397&macId=7631,KAYSERİ ERCİYESSPOR,2,GENÇLERBİRLİĞİ,0,KAYSERİ ATATÜRK,AYTEKİN DURMAZ,16.04.2006 - 14:30
1266,https://www.tff.org/Default.aspx?pageId=397&macId=7632,MKE ANKARAGÜCÜ,3,KONYASPOR,0,ANKARA 19 MAYIS,BÜLENT DEMİRLEK,16.04.2006 - 14:30
1268,https://www.tff.org/Default.aspx?pageId=397&macId=7633,GAZİANTEPSPOR,2,BEŞİKTAŞ A.Ş.,2,KAMİL OCAK,YILNUR ÖNEN,16.04.2006 - 15:30
1269,https://www.tff.org/Default.aspx?pageId=397&macId=7634,GALATASARAY A.Ş.,4,ÇAYKUR RİZESPOR,2,ALİ SAMİ YEN,TOLGA ÖZKALFA,16.04.2006 - 19:00
1278,https://www.tff.org/Default.aspx?pageId=397&macId=7711,ANKARASPOR A.Ş.,3,VESTEL MANİSASPOR,1,ANKARA 19 MAYIS,CEM DEDA,22.04.2006 - 14:00
1277,https://www.tff.org/Default.aspx?pageId=397&macId=7710,FENERBAHÇE,4,GALATASARAY A.Ş.,0,FB ŞÜKRÜ SARACOĞLU,CÜNEYT ÇAKIR,22.04.2006 - 19:00
1271,https://www.tff.org/Default.aspx?pageId=397&macId=7721,GENÇLERBİRLİĞİ,3,DENİZLİSPOR,3,ANKARA 19 MAYIS,VEDAT YÜKSEL,23.04.2006 - 16:00
1272,https://www.tff.org/Default.aspx?pageId=397&macId=7722,DİYARBAKIRSPOR,2,KAYSERİ ERCİYESSPOR,1,DİYARBAKIR ATATÜRK,CEM PAPİLA,23.04.2006 - 16:00
1273,https://www.tff.org/Default.aspx?pageId=397&macId=7723,KONYASPOR,0,MALATYASPOR,2,KONYA ATATÜRK,HÜSEYİN GÖÇEK,23.04.2006 - 16:00
1274,https://www.tff.org/Default.aspx?pageId=397&macId=7724,KAYSERİSPOR,0,GAZİANTEPSPOR,1,KAYSERİ ATATÜRK,SERDAR TATLI,23.04.2006 - 16:00
1275,https://www.tff.org/Default.aspx?pageId=397&macId=7725,SAMSUNSPOR,2,MKE ANKARAGÜCÜ,1,SAMSUN 19 MAYIS,FIRAT AYDINUS,23.04.2006 - 16:00
1276,https://www.tff.org/Default.aspx?pageId=397&macId=7726,ÇAYKUR RİZESPOR,1,TRABZONSPOR A.Ş.,6,RİZE ATATÜRK,KUDDUSİ MÜFTÜOĞLU,23.04.2006 - 16:00
1279,https://www.tff.org/Default.aspx?pageId=397&macId=7727,BEŞİKTAŞ A.Ş.,0,SİVASSPOR,1,BEŞİKTAŞ İNÖNÜ,BARIŞ ŞİMŞEK,23.04.2006 - 19:00
1285,https://www.tff.org/Default.aspx?pageId=397&macId=7805,VESTEL MANİSASPOR,0,BEŞİKTAŞ A.Ş.,1,MANİSA 19 MAYIS,ZAFER ÖNDER İPEK,28.04.2006 - 20:00
1280,https://www.tff.org/Default.aspx?pageId=397&macId=7806,DENİZLİSPOR,1,DİYARBAKIRSPOR,0,DENİZLİ ATATÜRK,BÜLENT DEMİRLEK,29.04.2006 - 19:00
1282,https://www.tff.org/Default.aspx?pageId=397&macId=7807,TRABZONSPOR A.Ş.,2,FENERBAHÇE,3,HÜSEYİN AVNİ AKER,SELÇUK DERELİ,29.04.2006 - 19:00
1283,https://www.tff.org/Default.aspx?pageId=397&macId=7808,SAMSUNSPOR,2,GENÇLERBİRLİĞİ,0,SAMSUN 19 MAYIS,CÜNEYT ÇAKIR,29.04.2006 - 19:00
1284,https://www.tff.org/Default.aspx?pageId=397&macId=7809,GAZİANTEPSPOR,2,KONYASPOR,0,KAMİL OCAK,BÜLENT YILDIRIM,29.04.2006 - 19:00
1286,https://www.tff.org/Default.aspx?pageId=397&macId=7810,GALATASARAY A.Ş.,4,ANKARASPOR A.Ş.,0,ALİ SAMİ YEN,YUNUS YILDIRIM,29.04.2006 - 19:00
1287,https://www.tff.org/Default.aspx?pageId=397&macId=7811,KAYSERİ ERCİYESSPOR,0,ÇAYKUR RİZESPOR,2,KAYSERİ ATATÜRK,CEM DEDA,29.04.2006 - 19:00
1288,https://www.tff.org/Default.aspx?pageId=397&macId=7812,MKE ANKARAGÜCÜ,0,MALATYASPOR,1,ANKARA 19 MAYIS,KUDDUSİ MÜFTÜOĞLU,29.04.2006 - 19:00
1281,https://www.tff.org/Default.aspx?pageId=397&macId=7813,SİVASSPOR,0,KAYSERİSPOR,5,SİVAS 4 EYLÜL,BÜNYAMİN GEZER,30.04.2006 - 19:00
1290,https://www.tff.org/Default.aspx?pageId=397&macId=7883,KAYSERİSPOR,7,VESTEL MANİSASPOR,2,KAYSERİ ATATÜRK,SÜLEYMAN ABAY,6.05.2006 - 19:00
1291,https://www.tff.org/Default.aspx?pageId=397&macId=7884,MALATYASPOR,3,SAMSUNSPOR,0,MALATYA İNÖNÜ,SELÇUK DERELİ,6.05.2006 - 19:00
1293,https://www.tff.org/Default.aspx?pageId=397&macId=7885,DİYARBAKIRSPOR,0,GENÇLERBİRLİĞİ,2,DİYARBAKIR ATATÜRK,TOLGA ÖZKALFA,6.05.2006 - 19:00
1294,https://www.tff.org/Default.aspx?pageId=397&macId=7886,ÇAYKUR RİZESPOR,1,DENİZLİSPOR,2,RİZE ATATÜRK,CÜNEYT ÇAKIR,6.05.2006 - 19:00
1295,https://www.tff.org/Default.aspx?pageId=397&macId=7887,ANKARASPOR A.Ş.,0,TRABZONSPOR A.Ş.,2,ANKARA 19 MAYIS,İSMET ARZUMAN,6.05.2006 - 19:00
1292,https://www.tff.org/Default.aspx?pageId=397&macId=7889,MKE ANKARAGÜCÜ,2,GAZİANTEPSPOR,1,ANKARA 19 MAYIS,HÜSEYİN GÖÇEK,7.05.2006 - 16:00
1297,https://www.tff.org/Default.aspx?pageId=397&macId=7891,KONYASPOR,2,SİVASSPOR,1,KONYA ATATÜRK,HAKAN ÖZKAN,7.05.2006 - 16:00
1289,https://www.tff.org/Default.aspx?pageId=397&macId=7888,FENERBAHÇE,4,KAYSERİ ERCİYESSPOR,2,FB ŞÜKRÜ SARACOĞLU,YUNUS YILDIRIM,7.05.2006 - 19:00
1296,https://www.tff.org/Default.aspx?pageId=397&macId=7890,BEŞİKTAŞ A.Ş.,1,GALATASARAY A.Ş.,2,BEŞİKTAŞ İNÖNÜ,FIRAT AYDINUS,7.05.2006 - 19:00
1301,https://www.tff.org/Default.aspx?pageId=397&macId=7939,SİVASSPOR,3,MKE ANKARAGÜCÜ,1,SİVAS 4 EYLÜL,M.CEMİL ŞENSÖZ,13.05.2006 - 19:00
1302,https://www.tff.org/Default.aspx?pageId=397&macId=7940,VESTEL MANİSASPOR,0,KONYASPOR,0,MANİSA 19 MAYIS,ABDULLAH YILMAZ,13.05.2006 - 19:00
1298,https://www.tff.org/Default.aspx?pageId=397&macId=7941,SAMSUNSPOR,1,DİYARBAKIRSPOR,0,SAMSUN 19 MAYIS,CEM PAPİLA,14.05.2006 - 19:00
1303,https://www.tff.org/Default.aspx?pageId=397&macId=7944,GALATASARAY A.Ş.,3,KAYSERİSPOR,0,ALİ SAMİ YEN,BÜLENT DEMİRLEK,14.05.2006 - 19:00
1304,https://www.tff.org/Default.aspx?pageId=397&macId=7945,KAYSERİ ERCİYESSPOR,0,ANKARASPOR A.Ş.,1,KAYSERİ ATATÜRK,KUDDUSİ MÜFTÜOĞLU,14.05.2006 - 19:00
1305,https://www.tff.org/Default.aspx?pageId=397&macId=7946,DENİZLİSPOR,1,FENERBAHÇE,1,DENİZLİ ATATÜRK,SELÇUK DERELİ,14.05.2006 - 19:00
1306,https://www.tff.org/Default.aspx?pageId=397&macId=7947,GAZİANTEPSPOR,1,MALATYASPOR,0,KAMİL OCAK,VEDAT YÜKSEL,14.05.2006 - 19:00
1300,https://www.tff.org/Default.aspx?pageId=397&macId=7943,GENÇLERBİRLİĞİ,1,ÇAYKUR RİZESPOR,3,ANKARA 19 MAYIS,SERDAR TATLI,14.05.2006 - 19:06
1299,https://www.tff.org/Default.aspx?pageId=397&macId=7942,TRABZONSPOR A.Ş.,1,BEŞİKTAŞ A.Ş.,2,İZMİR ATATÜRK,YUNUS YILDIRIM,14.05.2006 - 19:10
