Takim_adi,Oynadigi_mac_sayisi,Galibiyet_sayisi,Beraberlik_sayisi,Maglubiyet_sayisi,Attigi_gol_sayisi,Yedigi_gol_sayisi,Averaj,Puan
GALATASARAY A.Ş,34,21,8,5,66,35,31,71
FENERBAHÇE A.Ş,34,18,7,9,56,39,17,61
BEŞİKTAŞ A.Ş,34,16,10,8,63,49,14,58
BURSASPOR,34,14,13,7,52,41,11,55
KAYSERİSPOR,34,15,7,12,48,45,3,52
KASIMPAŞA A.Ş,34,14,8,12,48,37,11,50
MEDİCAL PARK ANTALYASPOR,34,14,5,15,50,52,-2,47
ESKİŞEHİRSPOR,34,11,13,10,48,40,8,46
TRABZONSPOR A.Ş,34,13,7,14,39,40,-1,46
GAZİANTEPSPOR,34,12,10,12,42,49,-7,46
GENÇLERBİRLİĞİ,34,10,15,9,46,47,-1,45
SİVASSPOR,34,12,8,14,42,46,-4,44
SANİCA BORU ELAZIĞSPOR,34,10,13,11,31,46,-15,43
AKHİSAR BELEDİYE GENÇLİK VE SPOR,34,11,9,14,36,44,-8,42
KARDEMİR D.Ç. KARABÜKSPOR,34,11,7,16,41,53,-12,40
İSTANBUL BBSK,34,9,9,16,43,50,-7,36
ORDUSPOR,34,6,11,17,35,51,-16,29
MERSİN İDMANYURDU,34,4,10,20,31,53,-22,22
