Mac_kodu,TFF_mac_linki,Ev_sahibi,Ev_sahibi_gol,Misafir_takim,Misafir_takim_gol,Stat,Ana_hakem,Tarih_saat
1008,https://www.tff.org/Default.aspx?pageId=29&macId=106365,ESKİŞEHİRSPOR,0,AKHİSAR BELEDİYE GENÇLİK VE SPOR,1,ESKİŞEHİR ATATÜRK - ESKİŞEHİR,MUSTAFA İLKER COŞKUN,17.08.2012 - 21:00
1002,https://www.tff.org/Default.aspx?pageId=29&macId=106359,KARDEMİR D.Ç. KARABÜKSPOR,1,TRABZONSPOR A.Ş.,1,DR.NECMETTİN ŞEYHOĞLU - KARABÜK,HÜSEYİN GÖÇEK,18.08.2012 - 17:00
1001,https://www.tff.org/Default.aspx?pageId=29&macId=106358,GAZİANTEPSPOR,0,SİVASSPOR,1,KAMİL OCAK - GAZİANTEP,İLKER MERAL,18.08.2012 - 21:45
1004,https://www.tff.org/Default.aspx?pageId=29&macId=106361,SANİCA BORU ELAZIĞSPOR,1,FENERBAHÇE A.Ş.,1,İZMİR ATATÜRK - İZMİR,TOLGA ÖZKALFA,18.08.2012 - 21:45
1005,https://www.tff.org/Default.aspx?pageId=29&macId=106362,İSTANBUL BBSK,1,BEŞİKTAŞ A.Ş.,1,ATATÜRK OLİMPİYAT - İSTANBUL,ÖZGÜR YANKAYA,19.08.2012 - 20:00
1006,https://www.tff.org/Default.aspx?pageId=29&macId=106363,KAYSERİSPOR,0,BURSASPOR,1,BÜYÜKŞEHİR BELEDİYESİ KADİR HAS - KAYSERİ,BARIŞ ŞİMŞEK,19.08.2012 - 20:00
1009,https://www.tff.org/Default.aspx?pageId=29&macId=106366,MERSİN İDMANYURDU,0,ORDUSPOR,0,TEVFİK SIRRI GÜR - MERSİN,ÇAĞATAY ŞAHAN,19.08.2012 - 21:45
1007,https://www.tff.org/Default.aspx?pageId=29&macId=106364,GENÇLERBİRLİĞİ,3,MEDİCAL PARK ANTALYASPOR,1,ANKARA 19 MAYIS - ANKARA,METE KALKAVAN,20.08.2012 - 19:30
1003,https://www.tff.org/Default.aspx?pageId=29&macId=106360,GALATASARAY A.Ş.,2,KASIMPAŞA A.Ş.,1,ALİ SAMİ YEN SPOR KOMPLEKSİ TÜRK TELEKOM STADYUMU,FIRAT AYDINUS,20.08.2012 - 21:00
1014,https://www.tff.org/Default.aspx?pageId=29&macId=106371,KASIMPAŞA A.Ş.,2,KARDEMİR D.Ç. KARABÜKSPOR,1,RECEP TAYYİP ERDOĞAN STADYUMU - İSTANBUL - BEYOĞLU,HÜSEYİN SABANCI,24.08.2012 - 21:00
1016,https://www.tff.org/Default.aspx?pageId=29&macId=106373,SİVASSPOR,3,MERSİN İDMANYURDU,3,SİVAS 4 EYLÜL - SİVAS,SERKAN ÇINAR,25.08.2012 - 19:00
1018,https://www.tff.org/Default.aspx?pageId=29&macId=106375,ORDUSPOR,2,ESKİŞEHİRSPOR,0,ATATÜRK OLİMPİYAT - İSTANBUL,HÜSEYİN GÖÇEK,25.08.2012 - 20:00
1011,https://www.tff.org/Default.aspx?pageId=29&macId=106368,AKHİSAR BELEDİYE GENÇLİK VE SPOR,0,GENÇLERBİRLİĞİ,0,MANİSA 19 MAYIS - MANİSA,ABDULLAH YILMAZ,25.08.2012 - 21:45
1015,https://www.tff.org/Default.aspx?pageId=29&macId=106372,FENERBAHÇE A.Ş.,3,GAZİANTEPSPOR,0,FB ŞÜKRÜ SARACOĞLU - İSTANBUL,HALİS ÖZKAHYA,25.08.2012 - 21:45
1013,https://www.tff.org/Default.aspx?pageId=29&macId=106370,BURSASPOR,0,İSTANBUL BBSK,1,BURSA ATATÜRK - BURSA,KUDDUSİ MÜFTÜOĞLU,26.08.2012 - 19:00
1010,https://www.tff.org/Default.aspx?pageId=29&macId=106367,TRABZONSPOR A.Ş.,2,SANİCA BORU ELAZIĞSPOR,0,HÜSEYİN AVNİ AKER - TRABZON,YUNUS YILDIRIM,26.08.2012 - 20:00
1017,https://www.tff.org/Default.aspx?pageId=29&macId=106374,BEŞİKTAŞ A.Ş.,3,GALATASARAY A.Ş.,3,BJK İNÖNÜ - İSTANBUL,BÜLENT YILDIRIM,26.08.2012 - 21:45
1012,https://www.tff.org/Default.aspx?pageId=29&macId=106369,MEDİCAL PARK ANTALYASPOR,3,KAYSERİSPOR,0,AKDENİZ ÜNİVERSİTESİ STADI - ANTALYA,CÜNEYT ÇAKIR,27.08.2012 - 21:00
1025,https://www.tff.org/Default.aspx?pageId=29&macId=106382,GENÇLERBİRLİĞİ,1,ORDUSPOR,1,ANKARA 19 MAYIS - ANKARA,CÜNEYT ÇAKIR,31.08.2012 - 19:00
1019,https://www.tff.org/Default.aspx?pageId=29&macId=106376,MERSİN İDMANYURDU,1,ESKİŞEHİRSPOR,3,TEVFİK SIRRI GÜR - MERSİN,MUSTAFA KAMİL ABİTOĞLU,31.08.2012 - 21:15
1021,https://www.tff.org/Default.aspx?pageId=29&macId=106378,İSTANBUL BBSK,0,MEDİCAL PARK ANTALYASPOR,1,ATATÜRK OLİMPİYAT - İSTANBUL,ÇAĞATAY ŞAHAN,1.09.2012 - 18:00
1027,https://www.tff.org/Default.aspx?pageId=29&macId=106384,KAYSERİSPOR,1,AKHİSAR BELEDİYE GENÇLİK VE SPOR,1,BÜYÜKŞEHİR BELEDİYESİ KADİR HAS - KAYSERİ,FIRAT AYDINUS,1.09.2012 - 19:00
1023,https://www.tff.org/Default.aspx?pageId=29&macId=106380,KARDEMİR D.Ç. KARABÜKSPOR,0,BEŞİKTAŞ A.Ş.,3,DR.NECMETTİN ŞEYHOĞLU - KARABÜK,İLKER MERAL,1.09.2012 - 20:30
1020,https://www.tff.org/Default.aspx?pageId=29&macId=106377,SANİCA BORU ELAZIĞSPOR,0,KASIMPAŞA A.Ş.,3,İZMİR ATATÜRK - İZMİR,KORAY GENÇERLER,1.09.2012 - 21:15
1026,https://www.tff.org/Default.aspx?pageId=29&macId=106383,SİVASSPOR,0,FENERBAHÇE A.Ş.,0,SİVAS 4 EYLÜL - SİVAS,YUNUS YILDIRIM,2.09.2012 - 18:00
1024,https://www.tff.org/Default.aspx?pageId=29&macId=106381,GALATASARAY A.Ş.,3,BURSASPOR,2,ALİ SAMİ YEN SPOR KOMPLEKSİ TÜRK TELEKOM STADYUMU,ÖZGÜR YANKAYA,2.09.2012 - 20:30
1022,https://www.tff.org/Default.aspx?pageId=29&macId=106379,GAZİANTEPSPOR,1,TRABZONSPOR A.Ş.,0,KAMİL OCAK - GAZİANTEP,SÜLEYMAN ABAY,2.09.2012 - 21:00
1029,https://www.tff.org/Default.aspx?pageId=29&macId=106386,KASIMPAŞA A.Ş.,3,GAZİANTEPSPOR,0,RECEP TAYYİP ERDOĞAN STADYUMU - İSTANBUL,MUSTAFA İLKER COŞKUN,15.09.2012 - 18:00
1028,https://www.tff.org/Default.aspx?pageId=29&macId=106385,BURSASPOR,4,KARDEMİR D.Ç. KARABÜKSPOR,1,BURSA ATATÜRK - BURSA,ABDULLAH YILMAZ,15.09.2012 - 20:30
1031,https://www.tff.org/Default.aspx?pageId=29&macId=106388,MEDİCAL PARK ANTALYASPOR,0,GALATASARAY A.Ş.,4,AKDENİZ ÜNİVERSİTESİ STADI - ANTALYA,YUNUS YILDIRIM,15.09.2012 - 20:30
1030,https://www.tff.org/Default.aspx?pageId=29&macId=106387,ESKİŞEHİRSPOR,4,GENÇLERBİRLİĞİ,2,ESKİŞEHİR ATATÜRK - ESKİŞEHİR,SERKAN ÇINAR,16.09.2012 - 18:00
1033,https://www.tff.org/Default.aspx?pageId=29&macId=106390,TRABZONSPOR A.Ş.,1,SİVASSPOR,0,HÜSEYİN AVNİ AKER - TRABZON,ÖZGÜR YANKAYA,16.09.2012 - 18:00
1034,https://www.tff.org/Default.aspx?pageId=29&macId=106391,FENERBAHÇE A.Ş.,2,MERSİN İDMANYURDU,1,FB ŞÜKRÜ SARACOĞLU - İSTANBUL,HÜSEYİN GÖÇEK,16.09.2012 - 20:30
1035,https://www.tff.org/Default.aspx?pageId=29&macId=106392,AKHİSAR BELEDİYE GENÇLİK VE SPOR,0,İSTANBUL BBSK,4,MANİSA 19 MAYIS - MANİSA,MUSTAFA KAMİL ABİTOĞLU,16.09.2012 - 20:30
1032,https://www.tff.org/Default.aspx?pageId=29&macId=106389,BEŞİKTAŞ A.Ş.,3,SANİCA BORU ELAZIĞSPOR,0,BJK İNÖNÜ - İSTANBUL,KUDDUSİ MÜFTÜOĞLU,17.09.2012 - 20:00
1036,https://www.tff.org/Default.aspx?pageId=29&macId=106393,ORDUSPOR,3,KAYSERİSPOR,2,19 EYLÜL - ORDU,İLKER MERAL,17.09.2012 - 20:00
1042,https://www.tff.org/Default.aspx?pageId=29&macId=106399,KARDEMİR D.Ç. KARABÜKSPOR,1,MEDİCAL PARK ANTALYASPOR,0,DR.NECMETTİN ŞEYHOĞLU - KARABÜK,VOLKAN BAYARSLAN,21.09.2012 - 20:00
1044,https://www.tff.org/Default.aspx?pageId=29&macId=106401,İSTANBUL BBSK,1,ORDUSPOR,1,ATATÜRK OLİMPİYAT - İSTANBUL,HALİS ÖZKAHYA,22.09.2012 - 17:00
1045,https://www.tff.org/Default.aspx?pageId=29&macId=106402,KAYSERİSPOR,3,ESKİŞEHİRSPOR,2,BÜYÜKŞEHİR BELEDİYESİ KADİR HAS - KAYSERİ,SÜLEYMAN ABAY,22.09.2012 - 17:00
1037,https://www.tff.org/Default.aspx?pageId=29&macId=106394,GAZİANTEPSPOR,3,BEŞİKTAŞ A.Ş.,2,KAMİL OCAK - GAZİANTEP,YUNUS YILDIRIM,22.09.2012 - 20:00
1040,https://www.tff.org/Default.aspx?pageId=29&macId=106397,MERSİN İDMANYURDU,1,GENÇLERBİRLİĞİ,1,TEVFİK SIRRI GÜR - MERSİN,ÖZGÜR YANKAYA,22.09.2012 - 20:00
1039,https://www.tff.org/Default.aspx?pageId=29&macId=106396,SİVASSPOR,1,KASIMPAŞA A.Ş.,0,SİVAS 4 EYLÜL - SİVAS,ÇAĞATAY ŞAHAN,23.09.2012 - 17:00
1041,https://www.tff.org/Default.aspx?pageId=29&macId=106398,SANİCA BORU ELAZIĞSPOR,1,BURSASPOR,1,ANKARA 19 MAYIS - ANKARA,MUSTAFA KAMİL ABİTOĞLU,23.09.2012 - 17:00
1043,https://www.tff.org/Default.aspx?pageId=29&macId=106400,GALATASARAY A.Ş.,3,AKHİSAR BELEDİYE GENÇLİK VE SPOR,0,ALİ SAMİ YEN SPOR KOMPLEKSİ TÜRK TELEKOM STADYUMU,METE KALKAVAN,23.09.2012 - 20:00
1038,https://www.tff.org/Default.aspx?pageId=29&macId=106395,FENERBAHÇE A.Ş.,0,TRABZONSPOR A.Ş.,0,FB ŞÜKRÜ SARACOĞLU - İSTANBUL,FIRAT AYDINUS,24.09.2012 - 20:00
1048,https://www.tff.org/Default.aspx?pageId=29&macId=106405,ORDUSPOR,2,GALATASARAY A.Ş.,0,19 EYLÜL - ORDU,BARIŞ ŞİMŞEK,28.09.2012 - 20:00
1050,https://www.tff.org/Default.aspx?pageId=29&macId=106407,BURSASPOR,1,GAZİANTEPSPOR,1,BURSA ATATÜRK - BURSA,SUAT ARSLANBOĞA,29.09.2012 - 17:00
1046,https://www.tff.org/Default.aspx?pageId=29&macId=106403,KASIMPAŞA A.Ş.,2,FENERBAHÇE A.Ş.,0,RECEP TAYYİP ERDOĞAN STADYUMU - İSTANBUL,İLKER MERAL,29.09.2012 - 19:00
1054,https://www.tff.org/Default.aspx?pageId=29&macId=106411,AKHİSAR BELEDİYE GENÇLİK VE SPOR,1,KARDEMİR D.Ç. KARABÜKSPOR,3,MANİSA 19 MAYIS - MANİSA,HAKAN CEYLAN,29.09.2012 - 19:00
1053,https://www.tff.org/Default.aspx?pageId=29&macId=106410,ESKİŞEHİRSPOR,1,İSTANBUL BBSK,0,ESKİŞEHİR ATATÜRK - ESKİŞEHİR,HÜSEYİN SABANCI,30.09.2012 - 16:00
1047,https://www.tff.org/Default.aspx?pageId=29&macId=106404,TRABZONSPOR A.Ş.,1,MERSİN İDMANYURDU,1,HÜSEYİN AVNİ AKER - TRABZON,MUSTAFA İLKER COŞKUN,30.09.2012 - 19:00
1049,https://www.tff.org/Default.aspx?pageId=29&macId=106406,MEDİCAL PARK ANTALYASPOR,4,SANİCA BORU ELAZIĞSPOR,0,AKDENİZ ÜNİVERSİTESİ STADI - ANTALYA,FIRAT AYDINUS,30.09.2012 - 19:00
1052,https://www.tff.org/Default.aspx?pageId=29&macId=106409,GENÇLERBİRLİĞİ,4,KAYSERİSPOR,0,ANKARA 19 MAYIS - ANKARA,HÜSEYİN GÖÇEK,30.09.2012 - 20:00
1051,https://www.tff.org/Default.aspx?pageId=29&macId=106408,BEŞİKTAŞ A.Ş.,0,SİVASSPOR,1,BJK İNÖNÜ - İSTANBUL,METE KALKAVAN,1.10.2012 - 20:00
1055,https://www.tff.org/Default.aspx?pageId=29&macId=106412,GAZİANTEPSPOR,0,MEDİCAL PARK ANTALYASPOR,1,KAMİL OCAK - GAZİANTEP,SERKAN ÇINAR,5.10.2012 - 20:00
1057,https://www.tff.org/Default.aspx?pageId=29&macId=106414,TRABZONSPOR A.Ş.,1,KASIMPAŞA A.Ş.,0,HÜSEYİN AVNİ AKER - TRABZON,HÜSEYİN GÖÇEK,5.10.2012 - 20:00
1059,https://www.tff.org/Default.aspx?pageId=29&macId=106416,KARDEMİR D.Ç. KARABÜKSPOR,1,ORDUSPOR,1,DR.NECMETTİN ŞEYHOĞLU - KARABÜK,CÜNEYT ÇAKIR,5.10.2012 - 20:00
1060,https://www.tff.org/Default.aspx?pageId=29&macId=106417,İSTANBUL BBSK,0,GENÇLERBİRLİĞİ,2,ATATÜRK OLİMPİYAT - İSTANBUL,KORAY GENÇERLER,6.10.2012 - 16:00
1056,https://www.tff.org/Default.aspx?pageId=29&macId=106413,GALATASARAY A.Ş.,1,ESKİŞEHİRSPOR,1,ALİ SAMİ YEN SPOR KOMPLEKSİ TÜRK TELEKOM STADYUMU,İLKER MERAL,6.10.2012 - 19:00
1058,https://www.tff.org/Default.aspx?pageId=29&macId=106415,SANİCA BORU ELAZIĞSPOR,0,AKHİSAR BELEDİYE GENÇLİK VE SPOR,0,ELAZIĞ ATATÜRK - ELAZIĞ,BARIŞ ŞİMŞEK,6.10.2012 - 19:00
1062,https://www.tff.org/Default.aspx?pageId=29&macId=106419,SİVASSPOR,2,BURSASPOR,2,SİVAS 4 EYLÜL - SİVAS,BÜLENT YILDIRIM,7.10.2012 - 16:00
1061,https://www.tff.org/Default.aspx?pageId=29&macId=106418,FENERBAHÇE A.Ş.,3,BEŞİKTAŞ A.Ş.,0,FB ŞÜKRÜ SARACOĞLU - İSTANBUL,ÖZGÜR YANKAYA,7.10.2012 - 19:00
1063,https://www.tff.org/Default.aspx?pageId=29&macId=106420,MERSİN İDMANYURDU,1,KAYSERİSPOR,2,TEVFİK SIRRI GÜR - MERSİN,VOLKAN BAYARSLAN,7.10.2012 - 19:00
1071,https://www.tff.org/Default.aspx?pageId=29&macId=106428,GENÇLERBİRLİĞİ,3,GALATASARAY A.Ş.,3,ANKARA 19 MAYIS - ANKARA,HALİS ÖZKAHYA,19.10.2012 - 20:00
1064,https://www.tff.org/Default.aspx?pageId=29&macId=106421,ORDUSPOR,2,SANİCA BORU ELAZIĞSPOR,2,19 EYLÜL - ORDU,BÜLENT YILDIRIM,20.10.2012 - 16:00
1065,https://www.tff.org/Default.aspx?pageId=29&macId=106422,BURSASPOR,1,FENERBAHÇE A.Ş.,1,BURSA ATATÜRK - BURSA,YUNUS YILDIRIM,20.10.2012 - 19:00
1067,https://www.tff.org/Default.aspx?pageId=29&macId=106424,MEDİCAL PARK ANTALYASPOR,4,SİVASSPOR,2,AKDENİZ ÜNİVERSİTESİ STADI - ANTALYA,TOLGA ÖZKALFA,20.10.2012 - 20:00
1066,https://www.tff.org/Default.aspx?pageId=29&macId=106423,ESKİŞEHİRSPOR,5,KARDEMİR D.Ç. KARABÜKSPOR,2,ESKİŞEHİR ATATÜRK - ESKİŞEHİR,METE KALKAVAN,21.10.2012 - 16:00
1069,https://www.tff.org/Default.aspx?pageId=29&macId=106426,KASIMPAŞA A.Ş.,2,MERSİN İDMANYURDU,2,RECEP TAYYİP ERDOĞAN STADYUMU - İSTANBUL,FIRAT AYDINUS,21.10.2012 - 16:00
1068,https://www.tff.org/Default.aspx?pageId=29&macId=106425,BEŞİKTAŞ A.Ş.,1,TRABZONSPOR A.Ş.,1,BJK İNÖNÜ - İSTANBUL,CÜNEYT ÇAKIR,21.10.2012 - 19:00
1072,https://www.tff.org/Default.aspx?pageId=29&macId=106429,AKHİSAR BELEDİYE GENÇLİK VE SPOR,0,GAZİANTEPSPOR,0,MANİSA 19 MAYIS - MANİSA,DENİZ ATEŞ BİTNEL,21.10.2012 - 19:00
1070,https://www.tff.org/Default.aspx?pageId=29&macId=106427,KAYSERİSPOR,0,İSTANBUL BBSK,1,BÜYÜKŞEHİR BELEDİYESİ KADİR HAS - KAYSERİ,MUSTAFA İLKER COŞKUN,22.10.2012 - 20:00
1074,https://www.tff.org/Default.aspx?pageId=29&macId=106431,KASIMPAŞA A.Ş.,1,BEŞİKTAŞ A.Ş.,3,RECEP TAYYİP ERDOĞAN STADYUMU - İSTANBUL,TOLGA ÖZKALFA,26.10.2012 - 20:00
1077,https://www.tff.org/Default.aspx?pageId=29&macId=106434,SANİCA BORU ELAZIĞSPOR,1,ESKİŞEHİRSPOR,1,ELAZIĞ ATATÜRK - ELAZIĞ,ABDULLAH YILMAZ,26.10.2012 - 20:00
1081,https://www.tff.org/Default.aspx?pageId=29&macId=106438,MERSİN İDMANYURDU,2,İSTANBUL BBSK,0,TEVFİK SIRRI GÜR - MERSİN,ALİ PALABIYIK,27.10.2012 - 16:00
1075,https://www.tff.org/Default.aspx?pageId=29&macId=106432,SİVASSPOR,1,AKHİSAR BELEDİYE GENÇLİK VE SPOR,2,SİVAS 4 EYLÜL - SİVAS,HALİS ÖZKAHYA,27.10.2012 - 19:00
1078,https://www.tff.org/Default.aspx?pageId=29&macId=106435,GALATASARAY A.Ş.,3,KAYSERİSPOR,0,ALİ SAMİ YEN SPOR KOMPLEKSİ TÜRK TELEKOM STADYUMU,CÜNEYT ÇAKIR,27.10.2012 - 19:00
1073,https://www.tff.org/Default.aspx?pageId=29&macId=106430,KARDEMİR D.Ç. KARABÜKSPOR,0,GENÇLERBİRLİĞİ,0,DR.NECMETTİN ŞEYHOĞLU - KARABÜK,SUAT ARSLANBOĞA,28.10.2012 - 16:00
1076,https://www.tff.org/Default.aspx?pageId=29&macId=106433,GAZİANTEPSPOR,3,ORDUSPOR,0,KAMİL OCAK - GAZİANTEP,HÜSEYİN SABANCI,28.10.2012 - 19:00
1079,https://www.tff.org/Default.aspx?pageId=29&macId=106436,TRABZONSPOR A.Ş.,0,BURSASPOR,1,HÜSEYİN AVNİ AKER - TRABZON,İLKER MERAL,28.10.2012 - 19:00
1080,https://www.tff.org/Default.aspx?pageId=29&macId=106437,FENERBAHÇE A.Ş.,1,MEDİCAL PARK ANTALYASPOR,3,FB ŞÜKRÜ SARACOĞLU - İSTANBUL,METE KALKAVAN,29.10.2012 - 20:00
1088,https://www.tff.org/Default.aspx?pageId=29&macId=106445,İSTANBUL BBSK,1,GALATASARAY A.Ş.,3,ATATÜRK OLİMPİYAT - İSTANBUL,HÜSEYİN GÖÇEK,2.11.2012 - 20:00
1089,https://www.tff.org/Default.aspx?pageId=29&macId=106446,KAYSERİSPOR,3,KARDEMİR D.Ç. KARABÜKSPOR,0,BÜYÜKŞEHİR BELEDİYESİ KADİR HAS - KAYSERİ,YUNUS YILDIRIM,3.11.2012 - 16:00
1083,https://www.tff.org/Default.aspx?pageId=29&macId=106440,AKHİSAR BELEDİYE GENÇLİK VE SPOR,1,FENERBAHÇE A.Ş.,2,MANİSA 19 MAYIS - MANİSA,BÜLENT YILDIRIM,3.11.2012 - 19:00
1090,https://www.tff.org/Default.aspx?pageId=29&macId=106447,ESKİŞEHİRSPOR,4,GAZİANTEPSPOR,0,ESKİŞEHİR ATATÜRK - ESKİŞEHİR,KUDDUSİ MÜFTÜOĞLU,3.11.2012 - 19:00
1082,https://www.tff.org/Default.aspx?pageId=29&macId=106439,GENÇLERBİRLİĞİ,1,SANİCA BORU ELAZIĞSPOR,2,ANKARA 19 MAYIS - ANKARA,HÜSEYİN SABANCI,4.11.2012 - 16:00
1084,https://www.tff.org/Default.aspx?pageId=29&macId=106441,ORDUSPOR,2,SİVASSPOR,0,19 EYLÜL - ORDU,FIRAT AYDINUS,4.11.2012 - 19:00
1087,https://www.tff.org/Default.aspx?pageId=29&macId=106444,BEŞİKTAŞ A.Ş.,3,MERSİN İDMANYURDU,0,BJK İNÖNÜ - İSTANBUL,BARIŞ ŞİMŞEK,4.11.2012 - 19:00
1085,https://www.tff.org/Default.aspx?pageId=29&macId=106442,MEDİCAL PARK ANTALYASPOR,2,TRABZONSPOR A.Ş.,1,AKDENİZ ÜNİVERSİTESİ STADI - ANTALYA,HALİS ÖZKAHYA,5.11.2012 - 20:00
1086,https://www.tff.org/Default.aspx?pageId=29&macId=106443,BURSASPOR,1,KASIMPAŞA A.Ş.,2,BURSA ATATÜRK - BURSA,ÖZGÜR YANKAYA,5.11.2012 - 20:00
1097,https://www.tff.org/Default.aspx?pageId=29&macId=106454,BEŞİKTAŞ A.Ş.,3,BURSASPOR,3,BJK İNÖNÜ - İSTANBUL,FIRAT AYDINUS,9.11.2012 - 20:00
1099,https://www.tff.org/Default.aspx?pageId=29&macId=106456,SİVASSPOR,1,ESKİŞEHİRSPOR,0,SİVAS 4 EYLÜL - SİVAS,SERKAN ÇINAR,9.11.2012 - 20:06
1091,https://www.tff.org/Default.aspx?pageId=29&macId=106448,KASIMPAŞA A.Ş.,1,MEDİCAL PARK ANTALYASPOR,1,RECEP TAYYİP ERDOĞAN STADYUMU - İSTANBUL,SUAT ARSLANBOĞA,10.11.2012 - 16:00
1092,https://www.tff.org/Default.aspx?pageId=29&macId=106449,TRABZONSPOR A.Ş.,3,AKHİSAR BELEDİYE GENÇLİK VE SPOR,1,HÜSEYİN AVNİ AKER - TRABZON,SÜLEYMAN ABAY,10.11.2012 - 19:00
1096,https://www.tff.org/Default.aspx?pageId=29&macId=106453,KARDEMİR D.Ç. KARABÜKSPOR,3,İSTANBUL BBSK,1,DR.NECMETTİN ŞEYHOĞLU - KARABÜK,MUSTAFA ÖĞRETMENOĞLU,10.11.2012 - 19:00
1094,https://www.tff.org/Default.aspx?pageId=29&macId=106451,GAZİANTEPSPOR,2,GENÇLERBİRLİĞİ,3,ŞANLIURFA GAP STADYUMU - ŞANLIURFA,BARIŞ ŞİMŞEK,11.11.2012 - 14:00
1093,https://www.tff.org/Default.aspx?pageId=29&macId=106450,MERSİN İDMANYURDU,1,GALATASARAY A.Ş.,1,TEVFİK SIRRI GÜR - MERSİN,MUSTAFA İLKER COŞKUN,11.11.2012 - 17:00
1095,https://www.tff.org/Default.aspx?pageId=29&macId=106452,SANİCA BORU ELAZIĞSPOR,0,KAYSERİSPOR,4,ELAZIĞ ATATÜRK - ELAZIĞ,METE KALKAVAN,11.11.2012 - 19:00
1098,https://www.tff.org/Default.aspx?pageId=29&macId=106455,FENERBAHÇE A.Ş.,2,ORDUSPOR,1,FB ŞÜKRÜ SARACOĞLU - İSTANBUL,HALİS ÖZKAHYA,11.11.2012 - 20:00
1106,https://www.tff.org/Default.aspx?pageId=29&macId=106463,GALATASARAY A.Ş.,1,KARDEMİR D.Ç. KARABÜKSPOR,3,ALİ SAMİ YEN SPOR KOMPLEKSİ TÜRK TELEKOM STADYUMU,TOLGA ÖZKALFA,16.11.2012 - 20:00
1100,https://www.tff.org/Default.aspx?pageId=29&macId=106457,İSTANBUL BBSK,1,SANİCA BORU ELAZIĞSPOR,1,ATATÜRK OLİMPİYAT - İSTANBUL,CÜNEYT ÇAKIR,17.11.2012 - 14:00
1101,https://www.tff.org/Default.aspx?pageId=29&macId=106458,GENÇLERBİRLİĞİ,1,SİVASSPOR,1,ANKARA 19 MAYIS - ANKARA,HÜSEYİN GÖÇEK,17.11.2012 - 19:00
1108,https://www.tff.org/Default.aspx?pageId=29&macId=106465,ESKİŞEHİRSPOR,1,FENERBAHÇE A.Ş.,1,ESKİŞEHİR ATATÜRK - ESKİŞEHİR,FIRAT AYDINUS,17.11.2012 - 19:00
1102,https://www.tff.org/Default.aspx?pageId=29&macId=106459,AKHİSAR BELEDİYE GENÇLİK VE SPOR,0,KASIMPAŞA A.Ş.,2,MANİSA 19 MAYIS - MANİSA,KUDDUSİ MÜFTÜOĞLU,18.11.2012 - 16:00
1107,https://www.tff.org/Default.aspx?pageId=29&macId=106464,KAYSERİSPOR,1,GAZİANTEPSPOR,1,BÜYÜKŞEHİR BELEDİYESİ KADİR HAS - KAYSERİ,ÇAĞATAY ŞAHAN,18.11.2012 - 16:00
1104,https://www.tff.org/Default.aspx?pageId=29&macId=106461,MEDİCAL PARK ANTALYASPOR,3,BEŞİKTAŞ A.Ş.,5,AKDENİZ ÜNİVERSİTESİ STADI - ANTALYA,YUNUS YILDIRIM,18.11.2012 - 19:00
1105,https://www.tff.org/Default.aspx?pageId=29&macId=106462,BURSASPOR,3,MERSİN İDMANYURDU,0,BURSA ATATÜRK - BURSA,BÜLENT YILDIRIM,18.11.2012 - 19:00
1103,https://www.tff.org/Default.aspx?pageId=29&macId=106460,ORDUSPOR,1,TRABZONSPOR A.Ş.,2,19 EYLÜL - ORDU,ÖZGÜR YANKAYA,19.11.2012 - 20:00
1114,https://www.tff.org/Default.aspx?pageId=29&macId=106471,BEŞİKTAŞ A.Ş.,3,AKHİSAR BELEDİYE GENÇLİK VE SPOR,1,BJK İNÖNÜ - İSTANBUL,HALİS ÖZKAHYA,23.11.2012 - 20:00
1117,https://www.tff.org/Default.aspx?pageId=29&macId=106474,MERSİN İDMANYURDU,2,KARDEMİR D.Ç. KARABÜKSPOR,1,TEVFİK SIRRI GÜR - MERSİN,SÜLEYMAN ABAY,23.11.2012 - 20:00
1115,https://www.tff.org/Default.aspx?pageId=29&macId=106472,KASIMPAŞA A.Ş.,1,ORDUSPOR,1,RECEP TAYYİP ERDOĞAN STADYUMU - İSTANBUL,İLKER MERAL,24.11.2012 - 16:00
1112,https://www.tff.org/Default.aspx?pageId=29&macId=106469,SANİCA BORU ELAZIĞSPOR,0,GALATASARAY A.Ş.,1,ELAZIĞ ATATÜRK - ELAZIĞ,ÖZGÜR YANKAYA,24.11.2012 - 19:00
1113,https://www.tff.org/Default.aspx?pageId=29&macId=106470,BURSASPOR,1,MEDİCAL PARK ANTALYASPOR,1,BURSA ATATÜRK - BURSA,BARIŞ ŞİMŞEK,24.11.2012 - 19:00
1109,https://www.tff.org/Default.aspx?pageId=29&macId=106466,GAZİANTEPSPOR,2,İSTANBUL BBSK,1,KAMİL OCAK - GAZİANTEP,BÜLENT YILDIRIM,25.11.2012 - 16:00
1111,https://www.tff.org/Default.aspx?pageId=29&macId=106468,FENERBAHÇE A.Ş.,4,GENÇLERBİRLİĞİ,1,FB ŞÜKRÜ SARACOĞLU - İSTANBUL,YUNUS YILDIRIM,25.11.2012 - 19:00
1116,https://www.tff.org/Default.aspx?pageId=29&macId=106473,SİVASSPOR,4,KAYSERİSPOR,2,SİVAS 4 EYLÜL - SİVAS,MUSTAFA KAMİL ABİTOĞLU,25.11.2012 - 19:00
1110,https://www.tff.org/Default.aspx?pageId=29&macId=106467,TRABZONSPOR A.Ş.,0,ESKİŞEHİRSPOR,3,HÜSEYİN AVNİ AKER - TRABZON,TOLGA ÖZKALFA,26.11.2012 - 20:00
1119,https://www.tff.org/Default.aspx?pageId=29&macId=106476,GALATASARAY A.Ş.,1,GAZİANTEPSPOR,1,ALİ SAMİ YEN SPOR KOMPLEKSİ TÜRK TELEKOM STADYUMU,SUAT ARSLANBOĞA,30.11.2012 - 20:00
1118,https://www.tff.org/Default.aspx?pageId=29&macId=106475,KARDEMİR D.Ç. KARABÜKSPOR,0,SANİCA BORU ELAZIĞSPOR,1,DR.NECMETTİN ŞEYHOĞLU - KARABÜK,HALİS ÖZKAHYA,1.12.2012 - 16:00
1120,https://www.tff.org/Default.aspx?pageId=29&macId=106477,AKHİSAR BELEDİYE GENÇLİK VE SPOR,2,BURSASPOR,2,MANİSA 19 MAYIS - MANİSA,METE KALKAVAN,1.12.2012 - 19:00
1121,https://www.tff.org/Default.aspx?pageId=29&macId=106478,ORDUSPOR,1,BEŞİKTAŞ A.Ş.,2,19 EYLÜL - ORDU,MUSTAFA KAMİL ABİTOĞLU,1.12.2012 - 19:00
1123,https://www.tff.org/Default.aspx?pageId=29&macId=106480,İSTANBUL BBSK,2,SİVASSPOR,0,ATATÜRK OLİMPİYAT - İSTANBUL,BARIŞ ŞİMŞEK,2.12.2012 - 13:30
1122,https://www.tff.org/Default.aspx?pageId=29&macId=106479,MEDİCAL PARK ANTALYASPOR,1,MERSİN İDMANYURDU,0,AKDENİZ ÜNİVERSİTESİ STADI - ANTALYA,SERKAN ÇINAR,2.12.2012 - 16:00
1124,https://www.tff.org/Default.aspx?pageId=29&macId=106481,KAYSERİSPOR,1,FENERBAHÇE A.Ş.,1,BÜYÜKŞEHİR BELEDİYESİ KADİR HAS - KAYSERİ,TOLGA ÖZKALFA,2.12.2012 - 19:00
1126,https://www.tff.org/Default.aspx?pageId=29&macId=106483,ESKİŞEHİRSPOR,2,KASIMPAŞA A.Ş.,2,ESKİŞEHİR ATATÜRK - ESKİŞEHİR,ALİ PALABIYIK,2.12.2012 - 19:00
1125,https://www.tff.org/Default.aspx?pageId=29&macId=106482,GENÇLERBİRLİĞİ,0,TRABZONSPOR A.Ş.,4,ANKARA 19 MAYIS - ANKARA,KUDDUSİ MÜFTÜOĞLU,3.12.2012 - 20:00
1128,https://www.tff.org/Default.aspx?pageId=29&macId=106485,BEŞİKTAŞ A.Ş.,2,ESKİŞEHİRSPOR,2,BJK İNÖNÜ - İSTANBUL,BARIŞ ŞİMŞEK,7.12.2012 - 20:00
1130,https://www.tff.org/Default.aspx?pageId=29&macId=106487,SANİCA BORU ELAZIĞSPOR,1,MERSİN İDMANYURDU,0,ELAZIĞ ATATÜRK - ELAZIĞ,MUSTAFA KAMİL ABİTOĞLU,7.12.2012 - 20:00
1132,https://www.tff.org/Default.aspx?pageId=29&macId=106489,KASIMPAŞA A.Ş.,2,GENÇLERBİRLİĞİ,2,RECEP TAYYİP ERDOĞAN STADYUMU - İSTANBUL,ABDULLAH YILMAZ,8.12.2012 - 14:00
1127,https://www.tff.org/Default.aspx?pageId=29&macId=106484,GAZİANTEPSPOR,0,KARDEMİR D.Ç. KARABÜKSPOR,2,KAMİL OCAK - GAZİANTEP,VOLKAN BAYARSLAN,8.12.2012 - 16:00
1131,https://www.tff.org/Default.aspx?pageId=29&macId=106488,BURSASPOR,1,ORDUSPOR,0,BURSA ATATÜRK - BURSA,SUAT ARSLANBOĞA,8.12.2012 - 19:00
1134,https://www.tff.org/Default.aspx?pageId=29&macId=106491,SİVASSPOR,1,GALATASARAY A.Ş.,3,SİVAS 4 EYLÜL - SİVAS,İLKER MERAL,8.12.2012 - 19:00
1133,https://www.tff.org/Default.aspx?pageId=29&macId=106490,TRABZONSPOR A.Ş.,1,KAYSERİSPOR,1,HÜSEYİN AVNİ AKER - TRABZON,HÜSEYİN SABANCI,9.12.2012 - 16:00
1129,https://www.tff.org/Default.aspx?pageId=29&macId=106486,FENERBAHÇE A.Ş.,2,İSTANBUL BBSK,1,FB ŞÜKRÜ SARACOĞLU - İSTANBUL,SÜLEYMAN ABAY,9.12.2012 - 19:00
1307,https://www.tff.org/Default.aspx?pageId=29&macId=116767,AKHİSAR BELEDİYE GENÇLİK VE SPOR,1,MEDİCAL PARK ANTALYASPOR,0,MANİSA 19 MAYIS - MANİSA,ÖZGÜR YANKAYA,9.01.2013 - 19:00
1144,https://www.tff.org/Default.aspx?pageId=29&macId=106501,ESKİŞEHİRSPOR,2,BURSASPOR,2,ESKİŞEHİR ATATÜRK - ESKİŞEHİR,YUNUS YILDIRIM,14.12.2012 - 20:00
1138,https://www.tff.org/Default.aspx?pageId=29&macId=106495,MERSİN İDMANYURDU,2,AKHİSAR BELEDİYE GENÇLİK VE SPOR,1,TEVFİK SIRRI GÜR - MERSİN,ABDULLAH YILMAZ,15.12.2012 - 16:00
1137,https://www.tff.org/Default.aspx?pageId=29&macId=106494,GENÇLERBİRLİĞİ,1,BEŞİKTAŞ A.Ş.,1,ANKARA 19 MAYIS - ANKARA,SUAT ARSLANBOĞA,15.12.2012 - 19:00
1140,https://www.tff.org/Default.aspx?pageId=29&macId=106497,SANİCA BORU ELAZIĞSPOR,0,GAZİANTEPSPOR,0,ELAZIĞ ATATÜRK - ELAZIĞ,SERKAN ÇINAR,15.12.2012 - 19:00
1141,https://www.tff.org/Default.aspx?pageId=29&macId=106498,KARDEMİR D.Ç. KARABÜKSPOR,1,SİVASSPOR,0,DR.NECMETTİN ŞEYHOĞLU - KARABÜK,ÇAĞATAY ŞAHAN,16.12.2012 - 13:30
1142,https://www.tff.org/Default.aspx?pageId=29&macId=106499,İSTANBUL BBSK,2,TRABZONSPOR A.Ş.,1,ATATÜRK OLİMPİYAT - İSTANBUL,METE KALKAVAN,16.12.2012 - 13:30
1139,https://www.tff.org/Default.aspx?pageId=29&macId=106496,ORDUSPOR,1,MEDİCAL PARK ANTALYASPOR,1,19 EYLÜL - ORDU,FIRAT AYDINUS,16.12.2012 - 16:00
1136,https://www.tff.org/Default.aspx?pageId=29&macId=106493,GALATASARAY A.Ş.,2,FENERBAHÇE A.Ş.,1,ALİ SAMİ YEN SPOR KOMPLEKSİ TÜRK TELEKOM STADYUMU,HALİS ÖZKAHYA,16.12.2012 - 20:00
1143,https://www.tff.org/Default.aspx?pageId=29&macId=106500,KAYSERİSPOR,1,KASIMPAŞA A.Ş.,0,BÜYÜKŞEHİR BELEDİYESİ KADİR HAS - KAYSERİ,KUDDUSİ MÜFTÜOĞLU,17.12.2012 - 20:00
1150,https://www.tff.org/Default.aspx?pageId=29&macId=106507,BEŞİKTAŞ A.Ş.,3,KAYSERİSPOR,1,BJK İNÖNÜ - İSTANBUL,HALİS ÖZKAHYA,21.12.2012 - 20:00
1153,https://www.tff.org/Default.aspx?pageId=29&macId=106510,AKHİSAR BELEDİYE GENÇLİK VE SPOR,0,ORDUSPOR,0,MANİSA 19 MAYIS - MANİSA,HÜSEYİN GÖÇEK,21.12.2012 - 20:00
1146,https://www.tff.org/Default.aspx?pageId=29&macId=106503,KASIMPAŞA A.Ş.,0,İSTANBUL BBSK,2,RECEP TAYYİP ERDOĞAN STADYUMU - İSTANBUL,VOLKAN BAYARSLAN,22.12.2012 - 15:00
1152,https://www.tff.org/Default.aspx?pageId=29&macId=106509,FENERBAHÇE A.Ş.,1,KARDEMİR D.Ç. KARABÜKSPOR,3,FB ŞÜKRÜ SARACOĞLU - İSTANBUL,BÜLENT YILDIRIM,22.12.2012 - 19:00
1147,https://www.tff.org/Default.aspx?pageId=29&macId=106504,SİVASSPOR,3,SANİCA BORU ELAZIĞSPOR,1,SİVAS 4 EYLÜL - SİVAS,FIRAT AYDINUS,23.12.2012 - 13:00
1145,https://www.tff.org/Default.aspx?pageId=29&macId=106502,GAZİANTEPSPOR,2,MERSİN İDMANYURDU,1,KAMİL OCAK - GAZİANTEP,MUSTAFA ÖĞRETMENOĞLU,23.12.2012 - 16:00
1149,https://www.tff.org/Default.aspx?pageId=29&macId=106506,BURSASPOR,0,GENÇLERBİRLİĞİ,0,BURSA ATATÜRK - BURSA,TOLGA ÖZKALFA,23.12.2012 - 16:00
1148,https://www.tff.org/Default.aspx?pageId=29&macId=106505,MEDİCAL PARK ANTALYASPOR,2,ESKİŞEHİRSPOR,1,AKDENİZ ÜNİVERSİTESİ STADI - ANTALYA,CÜNEYT ÇAKIR,23.12.2012 - 19:00
1151,https://www.tff.org/Default.aspx?pageId=29&macId=106508,TRABZONSPOR A.Ş.,0,GALATASARAY A.Ş.,0,HÜSEYİN AVNİ AKER - TRABZON,YUNUS YILDIRIM,23.12.2012 - 19:00
1156,https://www.tff.org/Default.aspx?pageId=29&macId=106513,KASIMPAŞA A.Ş.,2,GALATASARAY A.Ş.,1,RECEP TAYYİP ERDOĞAN STADYUMU - İSTANBUL,BÜLENT YILDIRIM,18.01.2013 - 20:00
1154,https://www.tff.org/Default.aspx?pageId=29&macId=106511,SİVASSPOR,0,GAZİANTEPSPOR,0,SİVAS 4 EYLÜL - SİVAS,KUDDUSİ MÜFTÜOĞLU,19.01.2013 - 16:00
1158,https://www.tff.org/Default.aspx?pageId=29&macId=106515,BEŞİKTAŞ A.Ş.,2,İSTANBUL BBSK,2,BJK İNÖNÜ - İSTANBUL,SERKAN ÇINAR,19.01.2013 - 19:00
1159,https://www.tff.org/Default.aspx?pageId=29&macId=106516,BURSASPOR,2,KAYSERİSPOR,1,BURSA ATATÜRK - BURSA,METE KALKAVAN,19.01.2013 - 19:00
1160,https://www.tff.org/Default.aspx?pageId=29&macId=106517,MEDİCAL PARK ANTALYASPOR,3,GENÇLERBİRLİĞİ,5,AKDENİZ ÜNİVERSİTESİ STADI - ANTALYA,HALİS ÖZKAHYA,20.01.2013 - 13:30
1155,https://www.tff.org/Default.aspx?pageId=29&macId=106512,TRABZONSPOR A.Ş.,1,KARDEMİR D.Ç. KARABÜKSPOR,3,HÜSEYİN AVNİ AKER - TRABZON,CÜNEYT ÇAKIR,20.01.2013 - 16:00
1157,https://www.tff.org/Default.aspx?pageId=29&macId=106514,FENERBAHÇE A.Ş.,2,SANİCA BORU ELAZIĞSPOR,2,FB ŞÜKRÜ SARACOĞLU - İSTANBUL,İLKER MERAL,20.01.2013 - 19:00
1161,https://www.tff.org/Default.aspx?pageId=29&macId=106518,AKHİSAR BELEDİYE GENÇLİK VE SPOR,1,ESKİŞEHİRSPOR,1,MANİSA 19 MAYIS - MANİSA,SÜLEYMAN ABAY,21.01.2013 - 20:00
1162,https://www.tff.org/Default.aspx?pageId=29&macId=106519,ORDUSPOR,1,MERSİN İDMANYURDU,1,19 EYLÜL - ORDU,ALİ PALABIYIK,21.01.2013 - 20:00
1167,https://www.tff.org/Default.aspx?pageId=29&macId=106524,KARDEMİR D.Ç. KARABÜKSPOR,0,KASIMPAŞA A.Ş.,3,DR.NECMETTİN ŞEYHOĞLU - KARABÜK,BARIŞ ŞİMŞEK,25.01.2013 - 19:00
1166,https://www.tff.org/Default.aspx?pageId=29&macId=106523,İSTANBUL BBSK,4,BURSASPOR,1,ATATÜRK OLİMPİYAT - İSTANBUL,ÇAĞATAY ŞAHAN,26.01.2013 - 13:30
1164,https://www.tff.org/Default.aspx?pageId=29&macId=106521,GENÇLERBİRLİĞİ,1,AKHİSAR BELEDİYE GENÇLİK VE SPOR,0,ANKARA 19 MAYIS - ANKARA,CÜNEYT ÇAKIR,26.01.2013 - 16:00
1168,https://www.tff.org/Default.aspx?pageId=29&macId=106525,GAZİANTEPSPOR,1,FENERBAHÇE A.Ş.,2,KAMİL OCAK - GAZİANTEP,MUSTAFA KAMİL ABİTOĞLU,26.01.2013 - 19:00
1165,https://www.tff.org/Default.aspx?pageId=29&macId=106522,KAYSERİSPOR,2,MEDİCAL PARK ANTALYASPOR,0,BÜYÜKŞEHİR BELEDİYESİ KADİR HAS - KAYSERİ,ABDULLAH YILMAZ,27.01.2013 - 13:30
1163,https://www.tff.org/Default.aspx?pageId=29&macId=106520,SANİCA BORU ELAZIĞSPOR,3,TRABZONSPOR A.Ş.,1,ELAZIĞ ATATÜRK - ELAZIĞ,HALİS ÖZKAHYA,27.01.2013 - 14:00
1169,https://www.tff.org/Default.aspx?pageId=29&macId=106526,MERSİN İDMANYURDU,3,SİVASSPOR,0,TEVFİK SIRRI GÜR - MERSİN,BÜLENT YILDIRIM,27.01.2013 - 16:00
1170,https://www.tff.org/Default.aspx?pageId=29&macId=106527,GALATASARAY A.Ş.,2,BEŞİKTAŞ A.Ş.,1,ALİ SAMİ YEN SPOR KOMPLEKSİ TÜRK TELEKOM STADYUMU,TOLGA ÖZKALFA,27.01.2013 - 19:00
1171,https://www.tff.org/Default.aspx?pageId=29&macId=106528,ESKİŞEHİRSPOR,1,ORDUSPOR,0,ESKİŞEHİR ATATÜRK - ESKİŞEHİR,İLKER MERAL,28.01.2013 - 19:00
1180,https://www.tff.org/Default.aspx?pageId=29&macId=106537,AKHİSAR BELEDİYE GENÇLİK VE SPOR,1,KAYSERİSPOR,2,YENİ BUCA STADI - İZMİR - BUCA,MUSTAFA İLKER COŞKUN,1.02.2013 - 20:00
1176,https://www.tff.org/Default.aspx?pageId=29&macId=106533,BEŞİKTAŞ A.Ş.,2,KARDEMİR D.Ç. KARABÜKSPOR,2,BJK İNÖNÜ - İSTANBUL,YUNUS YILDIRIM,1.02.2013 - 20:04
1173,https://www.tff.org/Default.aspx?pageId=29&macId=106530,KASIMPAŞA A.Ş.,0,SANİCA BORU ELAZIĞSPOR,0,RECEP TAYYİP ERDOĞAN STADYUMU - İSTANBUL,HÜSEYİN GÖÇEK,2.02.2013 - 16:00
1174,https://www.tff.org/Default.aspx?pageId=29&macId=106531,MEDİCAL PARK ANTALYASPOR,1,İSTANBUL BBSK,0,AKDENİZ ÜNİVERSİTESİ STADI - ANTALYA,METE KALKAVAN,2.02.2013 - 19:00
1177,https://www.tff.org/Default.aspx?pageId=29&macId=106534,BURSASPOR,1,GALATASARAY A.Ş.,1,BURSA ATATÜRK - BURSA,FIRAT AYDINUS,2.02.2013 - 19:00
1178,https://www.tff.org/Default.aspx?pageId=29&macId=106535,ORDUSPOR,2,GENÇLERBİRLİĞİ,1,19 EYLÜL - ORDU,TOLGA ÖZKALFA,3.02.2013 - 13:30
1172,https://www.tff.org/Default.aspx?pageId=29&macId=106529,ESKİŞEHİRSPOR,0,MERSİN İDMANYURDU,0,ESKİŞEHİR ATATÜRK - ESKİŞEHİR,BARIŞ ŞİMŞEK,3.02.2013 - 16:00
1175,https://www.tff.org/Default.aspx?pageId=29&macId=106532,TRABZONSPOR A.Ş.,4,GAZİANTEPSPOR,1,HÜSEYİN AVNİ AKER - TRABZON,ÖZGÜR YANKAYA,3.02.2013 - 16:00
1179,https://www.tff.org/Default.aspx?pageId=29&macId=106536,FENERBAHÇE A.Ş.,1,SİVASSPOR,2,FB ŞÜKRÜ SARACOĞLU - İSTANBUL,CÜNEYT ÇAKIR,3.02.2013 - 19:00
1188,https://www.tff.org/Default.aspx?pageId=29&macId=106545,İSTANBUL BBSK,0,AKHİSAR BELEDİYE GENÇLİK VE SPOR,2,ATATÜRK OLİMPİYAT - İSTANBUL,BÜLENT YILDIRIM,9.02.2013 - 13:30
1183,https://www.tff.org/Default.aspx?pageId=29&macId=106540,GENÇLERBİRLİĞİ,0,ESKİŞEHİRSPOR,2,ANKARA 19 MAYIS - ANKARA,MUSTAFA KAMİL ABİTOĞLU,9.02.2013 - 16:00
1181,https://www.tff.org/Default.aspx?pageId=29&macId=106538,KARDEMİR D.Ç. KARABÜKSPOR,0,BURSASPOR,3,DR.NECMETTİN ŞEYHOĞLU - KARABÜK,HÜSEYİN GÖÇEK,9.02.2013 - 19:00
1185,https://www.tff.org/Default.aspx?pageId=29&macId=106542,SANİCA BORU ELAZIĞSPOR,1,BEŞİKTAŞ A.Ş.,3,ELAZIĞ ATATÜRK - ELAZIĞ,İLKER MERAL,9.02.2013 - 19:00
1186,https://www.tff.org/Default.aspx?pageId=29&macId=106543,SİVASSPOR,2,TRABZONSPOR A.Ş.,0,SİVAS 4 EYLÜL - SİVAS,SÜLEYMAN ABAY,10.02.2013 - 13:30
1189,https://www.tff.org/Default.aspx?pageId=29&macId=106546,KAYSERİSPOR,0,ORDUSPOR,0,BÜYÜKŞEHİR BELEDİYESİ KADİR HAS - KAYSERİ,CÜNEYT ÇAKIR,10.02.2013 - 16:00
1187,https://www.tff.org/Default.aspx?pageId=29&macId=106544,MERSİN İDMANYURDU,0,FENERBAHÇE A.Ş.,1,TEVFİK SIRRI GÜR - MERSİN,ÖZGÜR YANKAYA,10.02.2013 - 16:30
1184,https://www.tff.org/Default.aspx?pageId=29&macId=106541,GALATASARAY A.Ş.,2,MEDİCAL PARK ANTALYASPOR,0,ALİ SAMİ YEN SPOR KOMPLEKSİ TÜRK TELEKOM STADYUMU,BARIŞ ŞİMŞEK,10.02.2013 - 20:00
1182,https://www.tff.org/Default.aspx?pageId=29&macId=106539,GAZİANTEPSPOR,2,KASIMPAŞA A.Ş.,1,KAMİL OCAK - GAZİANTEP,HALİS ÖZKAHYA,11.02.2013 - 20:00
1196,https://www.tff.org/Default.aspx?pageId=29&macId=106553,AKHİSAR BELEDİYE GENÇLİK VE SPOR,1,GALATASARAY A.Ş.,2,MANİSA 19 MAYIS - MANİSA,HALİS ÖZKAHYA,15.02.2013 - 20:00
1198,https://www.tff.org/Default.aspx?pageId=29&macId=106555,ESKİŞEHİRSPOR,0,KAYSERİSPOR,3,ESKİŞEHİR ATATÜRK - ESKİŞEHİR,SERKAN ÇINAR,16.02.2013 - 16:00
1190,https://www.tff.org/Default.aspx?pageId=29&macId=106547,BEŞİKTAŞ A.Ş.,1,GAZİANTEPSPOR,1,BJK İNÖNÜ - İSTANBUL,BARIŞ ŞİMŞEK,16.02.2013 - 19:00
1195,https://www.tff.org/Default.aspx?pageId=29&macId=106552,MEDİCAL PARK ANTALYASPOR,0,KARDEMİR D.Ç. KARABÜKSPOR,0,AKDENİZ ÜNİVERSİTESİ STADI - ANTALYA,ALİ PALABIYIK,16.02.2013 - 19:00
1193,https://www.tff.org/Default.aspx?pageId=29&macId=106550,GENÇLERBİRLİĞİ,3,MERSİN İDMANYURDU,1,ANKARA 19 MAYIS - ANKARA,SÜLEYMAN ABAY,17.02.2013 - 13:30
1197,https://www.tff.org/Default.aspx?pageId=29&macId=106554,ORDUSPOR,2,İSTANBUL BBSK,2,19 EYLÜL - ORDU,YUNUS YILDIRIM,17.02.2013 - 15:00
1194,https://www.tff.org/Default.aspx?pageId=29&macId=106551,BURSASPOR,1,SANİCA BORU ELAZIĞSPOR,0,BURSA ATATÜRK - BURSA,HÜSEYİN SABANCI,17.02.2013 - 16:00
1191,https://www.tff.org/Default.aspx?pageId=29&macId=106548,TRABZONSPOR A.Ş.,0,FENERBAHÇE A.Ş.,3,HÜSEYİN AVNİ AKER - TRABZON,BÜLENT YILDIRIM,17.02.2013 - 19:00
1192,https://www.tff.org/Default.aspx?pageId=29&macId=106549,KASIMPAŞA A.Ş.,1,SİVASSPOR,0,RECEP TAYYİP ERDOĞAN STADYUMU - İSTANBUL,TOLGA ÖZKALFA,18.02.2013 - 20:00
1203,https://www.tff.org/Default.aspx?pageId=29&macId=106560,GAZİANTEPSPOR,2,BURSASPOR,1,KAMİL OCAK - GAZİANTEP,CÜNEYT ÇAKIR,22.02.2013 - 20:00
1206,https://www.tff.org/Default.aspx?pageId=29&macId=106563,İSTANBUL BBSK,2,ESKİŞEHİRSPOR,2,ATATÜRK OLİMPİYAT - İSTANBUL,KUDDUSİ MÜFTÜOĞLU,23.02.2013 - 13:30
1202,https://www.tff.org/Default.aspx?pageId=29&macId=106559,SANİCA BORU ELAZIĞSPOR,2,MEDİCAL PARK ANTALYASPOR,1,ELAZIĞ ATATÜRK - ELAZIĞ,FIRAT AYDINUS,23.02.2013 - 16:00
1200,https://www.tff.org/Default.aspx?pageId=29&macId=106557,MERSİN İDMANYURDU,0,TRABZONSPOR A.Ş.,1,TEVFİK SIRRI GÜR - MERSİN,TOLGA ÖZKALFA,23.02.2013 - 19:00
1204,https://www.tff.org/Default.aspx?pageId=29&macId=106561,SİVASSPOR,0,BEŞİKTAŞ A.Ş.,1,SİVAS 4 EYLÜL - SİVAS,ÇAĞATAY ŞAHAN,23.02.2013 - 19:00
1205,https://www.tff.org/Default.aspx?pageId=29&macId=106562,KAYSERİSPOR,1,GENÇLERBİRLİĞİ,0,BÜYÜKŞEHİR BELEDİYESİ KADİR HAS - KAYSERİ,İLKER MERAL,24.02.2013 - 16:00
1199,https://www.tff.org/Default.aspx?pageId=29&macId=106556,FENERBAHÇE A.Ş.,3,KASIMPAŞA A.Ş.,1,FB ŞÜKRÜ SARACOĞLU - İSTANBUL,HÜSEYİN SABANCI,24.02.2013 - 19:00
1207,https://www.tff.org/Default.aspx?pageId=29&macId=106564,KARDEMİR D.Ç. KARABÜKSPOR,0,AKHİSAR BELEDİYE GENÇLİK VE SPOR,2,DR.NECMETTİN ŞEYHOĞLU - KARABÜK,ABDULLAH YILMAZ,24.02.2013 - 19:00
1201,https://www.tff.org/Default.aspx?pageId=29&macId=106558,GALATASARAY A.Ş.,4,ORDUSPOR,2,ALİ SAMİ YEN SPOR KOMPLEKSİ TÜRK TELEKOM STADYUMU,SERKAN ÇINAR,25.02.2013 - 20:00
1213,https://www.tff.org/Default.aspx?pageId=29&macId=106570,GENÇLERBİRLİĞİ,0,İSTANBUL BBSK,0,ANKARA 19 MAYIS - ANKARA,FIRAT AYDINUS,1.03.2013 - 19:00
1212,https://www.tff.org/Default.aspx?pageId=29&macId=106569,ORDUSPOR,3,KARDEMİR D.Ç. KARABÜKSPOR,2,19 EYLÜL - ORDU,HALİS ÖZKAHYA,2.03.2013 - 16:00
1209,https://www.tff.org/Default.aspx?pageId=29&macId=106566,ESKİŞEHİRSPOR,0,GALATASARAY A.Ş.,0,ESKİŞEHİR ATATÜRK - ESKİŞEHİR,BÜLENT YILDIRIM,2.03.2013 - 19:00
1211,https://www.tff.org/Default.aspx?pageId=29&macId=106568,AKHİSAR BELEDİYE GENÇLİK VE SPOR,0,SANİCA BORU ELAZIĞSPOR,1,MANİSA 19 MAYIS - MANİSA,CÜNEYT ÇAKIR,2.03.2013 - 19:00
1208,https://www.tff.org/Default.aspx?pageId=29&macId=106565,MEDİCAL PARK ANTALYASPOR,5,GAZİANTEPSPOR,2,AKDENİZ ÜNİVERSİTESİ STADI - ANTALYA,SÜLEYMAN ABAY,3.03.2013 - 13:30
1216,https://www.tff.org/Default.aspx?pageId=29&macId=106573,KAYSERİSPOR,2,MERSİN İDMANYURDU,1,BÜYÜKŞEHİR BELEDİYESİ KADİR HAS - KAYSERİ,HÜSEYİN SABANCI,3.03.2013 - 13:30
1215,https://www.tff.org/Default.aspx?pageId=29&macId=106572,BURSASPOR,1,SİVASSPOR,0,BURSA ATATÜRK - BURSA,ALİ PALABIYIK,3.03.2013 - 16:00
1214,https://www.tff.org/Default.aspx?pageId=29&macId=106571,BEŞİKTAŞ A.Ş.,3,FENERBAHÇE A.Ş.,2,BJK İNÖNÜ - İSTANBUL,METE KALKAVAN,3.03.2013 - 19:10
1210,https://www.tff.org/Default.aspx?pageId=29&macId=106567,KASIMPAŞA A.Ş.,2,TRABZONSPOR A.Ş.,0,RECEP TAYYİP ERDOĞAN STADYUMU - İSTANBUL,MUSTAFA KAMİL ABİTOĞLU,4.03.2013 - 20:00
1224,https://www.tff.org/Default.aspx?pageId=29&macId=106581,GALATASARAY A.Ş.,0,GENÇLERBİRLİĞİ,1,ALİ SAMİ YEN SPOR KOMPLEKSİ TÜRK TELEKOM STADYUMU,ÖZGÜR YANKAYA,8.03.2013 - 20:00
1223,https://www.tff.org/Default.aspx?pageId=29&macId=106580,İSTANBUL BBSK,0,KAYSERİSPOR,0,ATATÜRK OLİMPİYAT - İSTANBUL,ABDULLAH YILMAZ,9.03.2013 - 14:00
1221,https://www.tff.org/Default.aspx?pageId=29&macId=106578,TRABZONSPOR A.Ş.,0,BEŞİKTAŞ A.Ş.,0,HÜSEYİN AVNİ AKER - TRABZON,FIRAT AYDINUS,9.03.2013 - 19:00
1225,https://www.tff.org/Default.aspx?pageId=29&macId=106582,GAZİANTEPSPOR,2,AKHİSAR BELEDİYE GENÇLİK VE SPOR,2,KAMİL OCAK - GAZİANTEP,SERKAN ÇINAR,9.03.2013 - 19:00
1219,https://www.tff.org/Default.aspx?pageId=29&macId=106576,KARDEMİR D.Ç. KARABÜKSPOR,0,ESKİŞEHİRSPOR,0,DR.NECMETTİN ŞEYHOĞLU - KARABÜK,BARIŞ ŞİMŞEK,10.03.2013 - 13:30
1220,https://www.tff.org/Default.aspx?pageId=29&macId=106577,SİVASSPOR,2,MEDİCAL PARK ANTALYASPOR,1,SİVAS 4 EYLÜL - SİVAS,İLKER MERAL,10.03.2013 - 16:00
1217,https://www.tff.org/Default.aspx?pageId=29&macId=106574,SANİCA BORU ELAZIĞSPOR,1,ORDUSPOR,0,ELAZIĞ ATATÜRK - ELAZIĞ,HÜSEYİN GÖÇEK,10.03.2013 - 17:00
1218,https://www.tff.org/Default.aspx?pageId=29&macId=106575,FENERBAHÇE A.Ş.,4,BURSASPOR,1,FB ŞÜKRÜ SARACOĞLU - İSTANBUL,TOLGA ÖZKALFA,10.03.2013 - 19:00
1222,https://www.tff.org/Default.aspx?pageId=29&macId=106579,MERSİN İDMANYURDU,1,KASIMPAŞA A.Ş.,1,TEVFİK SIRRI GÜR - MERSİN,KUDDUSİ MÜFTÜOĞLU,11.03.2013 - 20:00
1230,https://www.tff.org/Default.aspx?pageId=29&macId=106587,ESKİŞEHİRSPOR,2,SANİCA BORU ELAZIĞSPOR,2,ESKİŞEHİR ATATÜRK - ESKİŞEHİR,MUSTAFA KAMİL ABİTOĞLU,15.03.2013 - 20:00
1232,https://www.tff.org/Default.aspx?pageId=29&macId=106589,BURSASPOR,3,TRABZONSPOR A.Ş.,2,BURSA ATATÜRK - BURSA,SERKAN ÇINAR,15.03.2013 - 20:00
1234,https://www.tff.org/Default.aspx?pageId=29&macId=106591,İSTANBUL BBSK,4,MERSİN İDMANYURDU,2,ATATÜRK OLİMPİYAT - İSTANBUL,BARIŞ ŞİMŞEK,16.03.2013 - 13:30
1226,https://www.tff.org/Default.aspx?pageId=29&macId=106583,GENÇLERBİRLİĞİ,2,KARDEMİR D.Ç. KARABÜKSPOR,1,ANKARA 19 MAYIS - ANKARA,SÜLEYMAN ABAY,16.03.2013 - 16:00
1227,https://www.tff.org/Default.aspx?pageId=29&macId=106584,BEŞİKTAŞ A.Ş.,1,KASIMPAŞA A.Ş.,3,BJK İNÖNÜ - İSTANBUL,CÜNEYT ÇAKIR,16.03.2013 - 19:00
1228,https://www.tff.org/Default.aspx?pageId=29&macId=106585,AKHİSAR BELEDİYE GENÇLİK VE SPOR,2,SİVASSPOR,1,MANİSA 19 MAYIS - MANİSA,FIRAT AYDINUS,17.03.2013 - 13:30
1229,https://www.tff.org/Default.aspx?pageId=29&macId=106586,ORDUSPOR,2,GAZİANTEPSPOR,3,19 EYLÜL - ORDU,BÜLENT YILDIRIM,17.03.2013 - 13:30
1231,https://www.tff.org/Default.aspx?pageId=29&macId=106588,KAYSERİSPOR,1,GALATASARAY A.Ş.,3,BÜYÜKŞEHİR BELEDİYESİ KADİR HAS - KAYSERİ,METE KALKAVAN,17.03.2013 - 16:30
1233,https://www.tff.org/Default.aspx?pageId=29&macId=106590,MEDİCAL PARK ANTALYASPOR,1,FENERBAHÇE A.Ş.,2,AKDENİZ ÜNİVERSİTESİ STADI - ANTALYA,HÜSEYİN GÖÇEK,17.03.2013 - 20:00
1243,https://www.tff.org/Default.aspx?pageId=29&macId=106600,GAZİANTEPSPOR,2,ESKİŞEHİRSPOR,0,KAMİL OCAK - GAZİANTEP,MUSTAFA İLKER COŞKUN,30.03.2013 - 16:00
1237,https://www.tff.org/Default.aspx?pageId=29&macId=106594,SİVASSPOR,3,ORDUSPOR,2,SİVAS 4 EYLÜL - SİVAS,CÜNEYT ÇAKIR,30.03.2013 - 19:00
1241,https://www.tff.org/Default.aspx?pageId=29&macId=106598,GALATASARAY A.Ş.,2,İSTANBUL BBSK,0,ALİ SAMİ YEN SPOR KOMPLEKSİ TÜRK TELEKOM STADYUMU,İLKER MERAL,30.03.2013 - 19:00
1239,https://www.tff.org/Default.aspx?pageId=29&macId=106596,KASIMPAŞA A.Ş.,2,BURSASPOR,0,RECEP TAYYİP ERDOĞAN STADYUMU - İSTANBUL,BÜLENT YILDIRIM,31.03.2013 - 13:30
1238,https://www.tff.org/Default.aspx?pageId=29&macId=106595,TRABZONSPOR A.Ş.,2,MEDİCAL PARK ANTALYASPOR,0,HÜSEYİN AVNİ AKER - TRABZON,SÜLEYMAN ABAY,31.03.2013 - 16:00
1235,https://www.tff.org/Default.aspx?pageId=29&macId=106592,SANİCA BORU ELAZIĞSPOR,1,GENÇLERBİRLİĞİ,1,ELAZIĞ ATATÜRK - ELAZIĞ,HALİS ÖZKAHYA,31.03.2013 - 19:00
1236,https://www.tff.org/Default.aspx?pageId=29&macId=106593,FENERBAHÇE A.Ş.,2,AKHİSAR BELEDİYE GENÇLİK VE SPOR,0,FB ŞÜKRÜ SARACOĞLU - İSTANBUL,MUSTAFA KAMİL ABİTOĞLU,31.03.2013 - 19:00
1240,https://www.tff.org/Default.aspx?pageId=29&macId=106597,MERSİN İDMANYURDU,1,BEŞİKTAŞ A.Ş.,2,TEVFİK SIRRI GÜR - MERSİN,ABDULLAH YILMAZ,1.04.2013 - 20:00
1242,https://www.tff.org/Default.aspx?pageId=29&macId=106599,KARDEMİR D.Ç. KARABÜKSPOR,3,KAYSERİSPOR,1,DR.NECMETTİN ŞEYHOĞLU - KARABÜK,FIRAT AYDINUS,1.04.2013 - 20:00
1244,https://www.tff.org/Default.aspx?pageId=29&macId=106601,MEDİCAL PARK ANTALYASPOR,3,KASIMPAŞA A.Ş.,2,AKDENİZ ÜNİVERSİTESİ STADI - ANTALYA,BARIŞ ŞİMŞEK,5.04.2013 - 20:00
1249,https://www.tff.org/Default.aspx?pageId=29&macId=106606,İSTANBUL BBSK,2,KARDEMİR D.Ç. KARABÜKSPOR,2,ATATÜRK OLİMPİYAT - İSTANBUL,TOLGA ÖZKALFA,6.04.2013 - 13:30
1248,https://www.tff.org/Default.aspx?pageId=29&macId=106605,KAYSERİSPOR,4,SANİCA BORU ELAZIĞSPOR,1,BÜYÜKŞEHİR BELEDİYESİ KADİR HAS - KAYSERİ,SERKAN ÇINAR,6.04.2013 - 16:00
1246,https://www.tff.org/Default.aspx?pageId=29&macId=106603,GALATASARAY A.Ş.,3,MERSİN İDMANYURDU,1,ALİ SAMİ YEN SPOR KOMPLEKSİ TÜRK TELEKOM STADYUMU,SÜLEYMAN ABAY,6.04.2013 - 19:00
1247,https://www.tff.org/Default.aspx?pageId=29&macId=106604,GENÇLERBİRLİĞİ,2,GAZİANTEPSPOR,2,ANKARA 19 MAYIS - ANKARA,YUNUS YILDIRIM,7.04.2013 - 13:30
1245,https://www.tff.org/Default.aspx?pageId=29&macId=106602,AKHİSAR BELEDİYE GENÇLİK VE SPOR,1,TRABZONSPOR A.Ş.,0,MANİSA 19 MAYIS - MANİSA,BÜLENT YILDIRIM,7.04.2013 - 16:00
1251,https://www.tff.org/Default.aspx?pageId=29&macId=106608,ORDUSPOR,0,FENERBAHÇE A.Ş.,2,19 EYLÜL - ORDU,İLKER MERAL,7.04.2013 - 19:00
1252,https://www.tff.org/Default.aspx?pageId=29&macId=106609,ESKİŞEHİRSPOR,2,SİVASSPOR,1,ESKİŞEHİR ATATÜRK - ESKİŞEHİR,METE KALKAVAN,7.04.2013 - 19:00
1250,https://www.tff.org/Default.aspx?pageId=29&macId=106607,BURSASPOR,3,BEŞİKTAŞ A.Ş.,0,BURSA ATATÜRK - BURSA,HALİS ÖZKAHYA,8.04.2013 - 20:00
1254,https://www.tff.org/Default.aspx?pageId=29&macId=106611,SİVASSPOR,1,GENÇLERBİRLİĞİ,1,SİVAS 4 EYLÜL - SİVAS,SÜLEYMAN ABAY,12.04.2013 - 20:00
1256,https://www.tff.org/Default.aspx?pageId=29&macId=106613,TRABZONSPOR A.Ş.,1,ORDUSPOR,0,HÜSEYİN AVNİ AKER - TRABZON,KUDDUSİ MÜFTÜOĞLU,12.04.2013 - 20:00
1258,https://www.tff.org/Default.aspx?pageId=29&macId=106615,MERSİN İDMANYURDU,0,BURSASPOR,1,TEVFİK SIRRI GÜR - MERSİN,SERKAN ÇINAR,13.04.2013 - 16:00
1259,https://www.tff.org/Default.aspx?pageId=29&macId=106616,KARDEMİR D.Ç. KARABÜKSPOR,0,GALATASARAY A.Ş.,1,DR.NECMETTİN ŞEYHOĞLU - KARABÜK,MUSTAFA KAMİL ABİTOĞLU,13.04.2013 - 19:00
1255,https://www.tff.org/Default.aspx?pageId=29&macId=106612,KASIMPAŞA A.Ş.,0,AKHİSAR BELEDİYE GENÇLİK VE SPOR,1,RECEP TAYYİP ERDOĞAN STADYUMU - İSTANBUL,TOLGA ÖZKALFA,14.04.2013 - 13:30
1260,https://www.tff.org/Default.aspx?pageId=29&macId=106617,GAZİANTEPSPOR,0,KAYSERİSPOR,1,KAMİL OCAK - GAZİANTEP,CÜNEYT ÇAKIR,14.04.2013 - 16:00
1253,https://www.tff.org/Default.aspx?pageId=29&macId=106610,SANİCA BORU ELAZIĞSPOR,1,İSTANBUL BBSK,0,ELAZIĞ ATATÜRK - ELAZIĞ,FIRAT AYDINUS,14.04.2013 - 19:00
1261,https://www.tff.org/Default.aspx?pageId=29&macId=106618,FENERBAHÇE A.Ş.,1,ESKİŞEHİRSPOR,0,FB ŞÜKRÜ SARACOĞLU - İSTANBUL,BÜLENT YILDIRIM,14.04.2013 - 19:00
1257,https://www.tff.org/Default.aspx?pageId=29&macId=106614,BEŞİKTAŞ A.Ş.,1,MEDİCAL PARK ANTALYASPOR,0,BJK İNÖNÜ - İSTANBUL,METE KALKAVAN,15.04.2013 - 20:00
1265,https://www.tff.org/Default.aspx?pageId=29&macId=106622,GALATASARAY A.Ş.,3,SANİCA BORU ELAZIĞSPOR,1,ALİ SAMİ YEN SPOR KOMPLEKSİ TÜRK TELEKOM STADYUMU,BÜLENT YILDIRIM,19.04.2013 - 20:00
1268,https://www.tff.org/Default.aspx?pageId=29&macId=106625,ORDUSPOR,0,KASIMPAŞA A.Ş.,2,19 EYLÜL - ORDU,HALİS ÖZKAHYA,20.04.2013 - 17:00
1267,https://www.tff.org/Default.aspx?pageId=29&macId=106624,AKHİSAR BELEDİYE GENÇLİK VE SPOR,4,BEŞİKTAŞ A.Ş.,1,MANİSA 19 MAYIS - MANİSA,KUDDUSİ MÜFTÜOĞLU,20.04.2013 - 20:00
1270,https://www.tff.org/Default.aspx?pageId=29&macId=106627,KARDEMİR D.Ç. KARABÜKSPOR,1,MERSİN İDMANYURDU,0,DR.NECMETTİN ŞEYHOĞLU - KARABÜK,SUAT ARSLANBOĞA,20.04.2013 - 20:00
1262,https://www.tff.org/Default.aspx?pageId=29&macId=106619,İSTANBUL BBSK,1,GAZİANTEPSPOR,3,ATATÜRK OLİMPİYAT - İSTANBUL,HÜSEYİN GÖÇEK,21.04.2013 - 14:30
1269,https://www.tff.org/Default.aspx?pageId=29&macId=106626,KAYSERİSPOR,1,SİVASSPOR,1,BÜYÜKŞEHİR BELEDİYESİ KADİR HAS - KAYSERİ,TOLGA ÖZKALFA,21.04.2013 - 17:00
1264,https://www.tff.org/Default.aspx?pageId=29&macId=106621,GENÇLERBİRLİĞİ,2,FENERBAHÇE A.Ş.,0,ANKARA 19 MAYIS - ANKARA,MUSTAFA KAMİL ABİTOĞLU,21.04.2013 - 20:00
1266,https://www.tff.org/Default.aspx?pageId=29&macId=106623,MEDİCAL PARK ANTALYASPOR,0,BURSASPOR,1,AKDENİZ ÜNİVERSİTESİ STADI - ANTALYA,ÇAĞATAY ŞAHAN,21.04.2013 - 20:00
1263,https://www.tff.org/Default.aspx?pageId=29&macId=106620,ESKİŞEHİRSPOR,0,TRABZONSPOR A.Ş.,1,ESKİŞEHİR ATATÜRK - ESKİŞEHİR,CÜNEYT ÇAKIR,22.04.2013 - 20:00
1275,https://www.tff.org/Default.aspx?pageId=29&macId=106632,MERSİN İDMANYURDU,1,MEDİCAL PARK ANTALYASPOR,1,TEVFİK SIRRI GÜR - MERSİN,MUSTAFA AYDİN,26.04.2013 - 20:00
1271,https://www.tff.org/Default.aspx?pageId=29&macId=106628,SANİCA BORU ELAZIĞSPOR,1,KARDEMİR D.Ç. KARABÜKSPOR,0,ELAZIĞ ATATÜRK - ELAZIĞ,CÜNEYT ÇAKIR,27.04.2013 - 20:00
1273,https://www.tff.org/Default.aspx?pageId=29&macId=106630,BURSASPOR,1,AKHİSAR BELEDİYE GENÇLİK VE SPOR,1,BURSA ATATÜRK - BURSA,HÜSEYİN GÖÇEK,27.04.2013 - 20:00
1274,https://www.tff.org/Default.aspx?pageId=29&macId=106631,BEŞİKTAŞ A.Ş.,2,ORDUSPOR,0,BJK İNÖNÜ - İSTANBUL,FIRAT AYDINUS,27.04.2013 - 20:00
1276,https://www.tff.org/Default.aspx?pageId=29&macId=106633,SİVASSPOR,4,İSTANBUL BBSK,1,SİVAS 4 EYLÜL - SİVAS,MUSTAFA KAMİL ABİTOĞLU,27.04.2013 - 20:00
1278,https://www.tff.org/Default.aspx?pageId=29&macId=106635,TRABZONSPOR A.Ş.,2,GENÇLERBİRLİĞİ,0,HÜSEYİN AVNİ AKER - TRABZON,TOLGA ÖZKALFA,27.04.2013 - 20:00
1279,https://www.tff.org/Default.aspx?pageId=29&macId=106636,KASIMPAŞA A.Ş.,1,ESKİŞEHİRSPOR,2,RECEP TAYYİP ERDOĞAN STADYUMU - İSTANBUL,ABDULLAH YILMAZ,28.04.2013 - 16:00
1272,https://www.tff.org/Default.aspx?pageId=29&macId=106629,GAZİANTEPSPOR,0,GALATASARAY A.Ş.,1,KAMİL OCAK - GAZİANTEP,HALİS ÖZKAHYA,28.04.2013 - 20:00
1277,https://www.tff.org/Default.aspx?pageId=29&macId=106634,FENERBAHÇE A.Ş.,2,KAYSERİSPOR,1,FB ŞÜKRÜ SARACOĞLU - İSTANBUL,KUDDUSİ MÜFTÜOĞLU,28.04.2013 - 20:00
1285,https://www.tff.org/Default.aspx?pageId=29&macId=106642,GENÇLERBİRLİĞİ,0,KASIMPAŞA A.Ş.,0,ANKARA 19 MAYIS - ANKARA,ÇAĞATAY ŞAHAN,3.05.2013 - 19:00
1284,https://www.tff.org/Default.aspx?pageId=29&macId=106641,ORDUSPOR,2,BURSASPOR,4,19 EYLÜL - ORDU,ÖZGÜR YANKAYA,4.05.2013 - 20:00
1286,https://www.tff.org/Default.aspx?pageId=29&macId=106643,KAYSERİSPOR,2,TRABZONSPOR A.Ş.,1,BÜYÜKŞEHİR BELEDİYESİ KADİR HAS - KAYSERİ,YUNUS YILDIRIM,4.05.2013 - 20:00
1281,https://www.tff.org/Default.aspx?pageId=29&macId=106638,ESKİŞEHİRSPOR,1,BEŞİKTAŞ A.Ş.,2,ESKİŞEHİR ATATÜRK - ESKİŞEHİR,MUSTAFA KAMİL ABİTOĞLU,5.05.2013 - 16:00
1280,https://www.tff.org/Default.aspx?pageId=29&macId=106637,KARDEMİR D.Ç. KARABÜKSPOR,0,GAZİANTEPSPOR,2,DR.NECMETTİN ŞEYHOĞLU - KARABÜK,TOLGA ÖZKALFA,5.05.2013 - 20:00
1282,https://www.tff.org/Default.aspx?pageId=29&macId=106639,İSTANBUL BBSK,2,FENERBAHÇE A.Ş.,0,ATATÜRK OLİMPİYAT - İSTANBUL,BÜLENT YILDIRIM,5.05.2013 - 20:00
1283,https://www.tff.org/Default.aspx?pageId=29&macId=106640,MERSİN İDMANYURDU,0,SANİCA BORU ELAZIĞSPOR,2,TEVFİK SIRRI GÜR - MERSİN,HALİS ÖZKAHYA,5.05.2013 - 20:00
1287,https://www.tff.org/Default.aspx?pageId=29&macId=106644,GALATASARAY A.Ş.,4,SİVASSPOR,2,ALİ SAMİ YEN SPOR KOMPLEKSİ TÜRK TELEKOM STADYUMU,FIRAT AYDINUS,5.05.2013 - 20:00
1288,https://www.tff.org/Default.aspx?pageId=29&macId=106645,MEDİCAL PARK ANTALYASPOR,4,AKHİSAR BELEDİYE GENÇLİK VE SPOR,3,AKDENİZ ÜNİVERSİTESİ STADI - ANTALYA,SERKAN ÇINAR,5.05.2013 - 20:00
1296,https://www.tff.org/Default.aspx?pageId=29&macId=106653,KASIMPAŞA A.Ş.,1,KAYSERİSPOR,2,RECEP TAYYİP ERDOĞAN STADYUMU - İSTANBUL,ALİ PALABIYIK,10.05.2013 - 20:00
1293,https://www.tff.org/Default.aspx?pageId=29&macId=106650,GAZİANTEPSPOR,1,SANİCA BORU ELAZIĞSPOR,1,KAMİL OCAK - GAZİANTEP,ABDULLAH YILMAZ,10.05.2013 - 20:25
1290,https://www.tff.org/Default.aspx?pageId=29&macId=106647,BEŞİKTAŞ A.Ş.,3,GENÇLERBİRLİĞİ,0,BJK İNÖNÜ - İSTANBUL,BARIŞ ŞİMŞEK,11.05.2013 - 20:00
1292,https://www.tff.org/Default.aspx?pageId=29&macId=106649,MEDİCAL PARK ANTALYASPOR,1,ORDUSPOR,0,AKDENİZ ÜNİVERSİTESİ STADI - ANTALYA,SUAT ARSLANBOĞA,11.05.2013 - 20:00
1289,https://www.tff.org/Default.aspx?pageId=29&macId=106646,FENERBAHÇE A.Ş.,2,GALATASARAY A.Ş.,1,FB ŞÜKRÜ SARACOĞLU - İSTANBUL,CÜNEYT ÇAKIR,12.05.2013 - 20:00
1291,https://www.tff.org/Default.aspx?pageId=29&macId=106648,AKHİSAR BELEDİYE GENÇLİK VE SPOR,1,MERSİN İDMANYURDU,0,MANİSA 19 MAYIS - MANİSA,SÜLEYMAN ABAY,13.05.2013 - 20:00
1294,https://www.tff.org/Default.aspx?pageId=29&macId=106651,SİVASSPOR,2,KARDEMİR D.Ç. KARABÜKSPOR,1,SİVAS 4 EYLÜL - SİVAS,HALİS ÖZKAHYA,13.05.2013 - 20:00
1295,https://www.tff.org/Default.aspx?pageId=29&macId=106652,TRABZONSPOR A.Ş.,4,İSTANBUL BBSK,3,HÜSEYİN AVNİ AKER - TRABZON,KUDDUSİ MÜFTÜOĞLU,13.05.2013 - 20:00
1297,https://www.tff.org/Default.aspx?pageId=29&macId=106654,BURSASPOR,0,ESKİŞEHİRSPOR,0,BURSA ATATÜRK - BURSA,BÜLENT YILDIRIM,13.05.2013 - 20:00
1298,https://www.tff.org/Default.aspx?pageId=29&macId=106655,MERSİN İDMANYURDU,1,GAZİANTEPSPOR,2,TEVFİK SIRRI GÜR - MERSİN,TANER GİZLENCİ,17.05.2013 - 20:00
1299,https://www.tff.org/Default.aspx?pageId=29&macId=106656,İSTANBUL BBSK,1,KASIMPAŞA A.Ş.,2,ATATÜRK OLİMPİYAT - İSTANBUL,HALİS ÖZKAHYA,18.05.2013 - 19:00
1305,https://www.tff.org/Default.aspx?pageId=29&macId=106662,KARDEMİR D.Ç. KARABÜKSPOR,3,FENERBAHÇE A.Ş.,2,DR.NECMETTİN ŞEYHOĞLU - KARABÜK,MUSTAFA KAMİL ABİTOĞLU,18.05.2013 - 19:00
1306,https://www.tff.org/Default.aspx?pageId=29&macId=106663,ORDUSPOR,0,AKHİSAR BELEDİYE GENÇLİK VE SPOR,2,19 EYLÜL - ORDU,BÜLENT YILDIRIM,18.05.2013 - 19:00
1304,https://www.tff.org/Default.aspx?pageId=29&macId=106661,GALATASARAY A.Ş.,2,TRABZONSPOR A.Ş.,0,ALİ SAMİ YEN SPOR KOMPLEKSİ TÜRK TELEKOM STADYUMU,HÜSEYİN GÖÇEK,18.05.2013 - 19:05
1300,https://www.tff.org/Default.aspx?pageId=29&macId=106657,SANİCA BORU ELAZIĞSPOR,0,SİVASSPOR,0,ELAZIĞ ATATÜRK - ELAZIĞ,HÜSEYİN SABANCI,19.05.2013 - 13:30
1302,https://www.tff.org/Default.aspx?pageId=29&macId=106659,GENÇLERBİRLİĞİ,2,BURSASPOR,2,ANKARA 19 MAYIS - ANKARA,KORAY GENÇERLER,19.05.2013 - 16:00
1301,https://www.tff.org/Default.aspx?pageId=29&macId=106658,ESKİŞEHİRSPOR,3,MEDİCAL PARK ANTALYASPOR,1,ESKİŞEHİR ATATÜRK - ESKİŞEHİR,DENİZ ATEŞ BİTNEL,19.05.2013 - 19:00
1303,https://www.tff.org/Default.aspx?pageId=29&macId=106660,KAYSERİSPOR,2,BEŞİKTAŞ A.Ş.,0,BÜYÜKŞEHİR BELEDİYESİ KADİR HAS - KAYSERİ,İLKER MERAL,19.05.2013 - 19:00
