Takim_adi,Oynadigi_mac_sayisi,Galibiyet_sayisi,Beraberlik_sayisi,Maglubiyet_sayisi,Attigi_gol_sayisi,Yedigi_gol_sayisi,Averaj,Puan
GALATASARAY A.Ş.,	38,	33,	3,	2,	92,	26,	66,	102
FENERBAHÇE A.Ş.,	38,	31,	6,	1,	99,	31,	68,	99
TRABZONSPOR A.Ş.	,38,	21,	4,	13,	69,	50,	19,	67
RAMS BAŞAKŞEHİR FUTBOL KULÜBÜ,	38,	18,	7,	13,	57,	43,	14,	61
KASIMPAŞA A.Ş.	,38	,16	,8	,14	,62	,65	,-3,	56
BEŞİKTAŞ A.Ş.	,38,	16,	8,	14,	52,	47,	5,	56
EMS YAPI SİVASSPOR	,38,	14,	12,	12,	47,	54,	-7,	54
CORENDON ALANYASPOR	,38,	12	,16	,10	,53	,50	,3	,52
ÇAYKUR RİZESPOR A.Ş.,	38,	14,	8,	16,	48,	58,	-10	,50
BITEXEN ANTALYASPOR	,38,	12	,13	,13	,44	,49	,-5,	49
GAZİANTEP FUTBOL KULÜBÜ A.Ş.,	38,	12,	8	,18,	50	,57	,-7	,44
YUKATEL ADANA DEMİRSPOR A.Ş.,	38,	10	,14	,14,	54	,61,	-7,	44
YILPORT SAMSUNSPOR,	38,	11	,10,	17,	42,	52,	-10,	43
MONDİHOME KAYSERİSPOR,	38	,11	,12	,15	,44	,57	,-13,	42
ATAKAŞ HATAYSPOR	,38,	9	,14	,15,	45,	52,	-7	,41
TÜMOSAN KONYASPOR	,38,	9,	14,	15	,40	,53	,-13	,41
MKE ANKARAGÜCÜ	,38,	8	,16,	14	,46	,52,	-6,	40
VAVACARS FATİH KARAGÜMRÜK,	38,	10	,10	,18,	49,	52,	-3,	40
SİLTAŞ YAPI PENDİKSPOR FUTBOL A.Ş.,	38,	9,	10,	19,	42,	73,	-31,	37
İSTANBULSPOR A.Ş.,	38,	4,	7,	27,	27,	80,	-53,	16