Takim_adi,Oynadigi_mac_sayisi,Galibiyet_sayisi,Beraberlik_sayisi,Maglubiyet_sayisi,Attigi_gol_sayisi,Yedigi_gol_sayisi,Averaj,Puan
FENERBAHÇE,34,26,4,4,84,34,50,82
TRABZONSPOR A.Ş,34,25,7,2,69,23,46,82
BURSASPOR,34,17,10,7,50,29,21,61
GAZİANTEPSPOR,34,17,8,9,44,33,11,59
BEŞİKTAŞ A.Ş,34,15,9,10,53,36,17,54
KAYSERİSPOR,34,14,9,11,46,44,2,51
ESKİŞEHİRSPOR,34,12,11,11,41,40,1,47
GALATASARAY A.Ş,34,14,4,16,41,46,-5,46
KARDEMİR D.Ç. KARABÜKSPOR,34,12,8,14,46,53,-7,44
MANİSASPOR,34,13,4,17,49,52,-3,43
MEDİCAL PARK ANTALYASPOR,34,10,12,12,41,48,-7,42
BÜYÜKŞEHİR BLD,34,12,6,16,40,45,-5,42
MKE ANKARAGÜCÜ,34,10,11,13,52,62,-10,41
GENÇLERBİRLİĞİ,34,10,10,14,43,51,-8,40
SİVASSPOR,34,8,11,15,43,57,-14,35
BUCASPOR,34,6,8,20,37,65,-28,26
KONYASPOR,34,4,12,18,28,49,-21,24
KASIMPAŞA,34,5,8,21,31,71,-40,23
