Mac_kodu,TFF_mac_linki,Ev_sahibi,Ev_sahibi_gol,Misafir_takim,Misafir_takim_gol,Stat,Ana_hakem,Tarih_saat
1005,https://www.tff.org/Default.aspx?pageId=29&macId=129552,BALIKESİRSPOR,1,AKHİSAR BELEDİYE GENÇLİK VE SPOR,2,BALIKESİR ATATÜRK - BALIKESİR,KUTLUHAN BİLGİÇ,29.08.2014 - 21:00
1008,https://www.tff.org/Default.aspx?pageId=29&macId=129555,ÇAYKUR RİZESPOR A.Ş.,1,GENÇLERBİRLİĞİ,1,YENİ RİZE ŞEHİR - RİZE,VOLKAN BAYARSLAN,29.08.2014 - 21:00
1006,https://www.tff.org/Default.aspx?pageId=29&macId=129553,ESKİŞEHİRSPOR,2,TORKU KONYASPOR,1,ESKİŞEHİR ATATÜRK - ESKİŞEHİR,ABDULKADİR BİTİGEN,30.08.2014 - 18:30
1007,https://www.tff.org/Default.aspx?pageId=29&macId=129554,BURSASPOR,0,GALATASARAY A.Ş.,2,BURSA ATATÜRK - BURSA,HALİS ÖZKAHYA,30.08.2014 - 19:00
1001,https://www.tff.org/Default.aspx?pageId=29&macId=129548,İSTANBUL BAŞAKŞEHİR A.Ş.,1,KASIMPAŞA A.Ş.,1,BAŞAKŞEHİR FATİH TERİM - İSTANBUL - BAŞAKŞEHİR,CÜNEYT ÇAKIR,30.08.2014 - 21:00
1009,https://www.tff.org/Default.aspx?pageId=29&macId=129556,MERSİN İDMANYURDU,0,BEŞİKTAŞ A.Ş.,1,MERSİN STADYUMU - MERSİN,TOLGA ÖZKALFA,30.08.2014 - 21:45
1002,https://www.tff.org/Default.aspx?pageId=29&macId=129549,KAYSERİ ERCİYESSPOR,0,TRABZONSPOR A.Ş.,0,BÜYÜKŞEHİR BELEDİYESİ KADİR HAS - KAYSERİ,ALİ PALABIYIK,31.08.2014 - 18:30
1003,https://www.tff.org/Default.aspx?pageId=29&macId=129550,SİVASSPOR,1,GAZİANTEPSPOR,2,SİVAS 4 EYLÜL - SİVAS,MURAT ÖZCAN,31.08.2014 - 18:30
1004,https://www.tff.org/Default.aspx?pageId=29&macId=129551,FENERBAHÇE A.Ş.,3,KARDEMİR KARABÜKSPOR,2,FB ŞÜKRÜ SARACOĞLU - İSTANBUL,MUSTAFA İLKER COŞKUN,31.08.2014 - 21:00
1011,https://www.tff.org/Default.aspx?pageId=29&macId=129558,GENÇLERBİRLİĞİ,1,BURSASPOR,2,ANKARA 19 MAYIS - ANKARA,YUNUS YILDIRIM,13.09.2014 - 17:00
1015,https://www.tff.org/Default.aspx?pageId=29&macId=129562,KARDEMİR KARABÜKSPOR,0,İSTANBUL BAŞAKŞEHİR A.Ş.,0,DR.NECMETTİN ŞEYHOĞLU - KARABÜK,BÜLENT YILDIRIM,13.09.2014 - 17:00
1012,https://www.tff.org/Default.aspx?pageId=29&macId=129559,GALATASARAY A.Ş.,0,ESKİŞEHİRSPOR,0,ALİ SAMİ YEN SPOR KOMPLEKSİ TÜRK TELEKOM STADYUMU,BARIŞ ŞİMŞEK,13.09.2014 - 20:00
1013,https://www.tff.org/Default.aspx?pageId=29&macId=129560,TORKU KONYASPOR,2,BALIKESİRSPOR,0,KONYA BÜYÜKŞEHİR STADI - KONYA,HAKAN CEYLAN,13.09.2014 - 20:00
1016,https://www.tff.org/Default.aspx?pageId=29&macId=129563,KASIMPAŞA A.Ş.,2,MERSİN İDMANYURDU,2,BAŞAKŞEHİR FATİH TERİM - İSTANBUL - BAŞAKŞEHİR,METE KALKAVAN,14.09.2014 - 17:00
1010,https://www.tff.org/Default.aspx?pageId=29&macId=129557,TRABZONSPOR A.Ş.,0,FENERBAHÇE A.Ş.,0,HÜSEYİN AVNİ AKER - TRABZON,FIRAT AYDINUS,14.09.2014 - 20:00
1014,https://www.tff.org/Default.aspx?pageId=29&macId=129561,GAZİANTEPSPOR,2,SUAT ALTIN İNŞAAT KAYSERİ ERCİYESSPOR,2,KAMİL OCAK - GAZİANTEP,ÖZKAN ÇELİKER,14.09.2014 - 20:00
1017,https://www.tff.org/Default.aspx?pageId=29&macId=129564,AKHİSAR BELEDİYE GENÇLİK VE SPOR,2,SİVASSPOR,2,MANİSA 19 MAYIS - MANİSA,ÖZGÜR YANKAYA,15.09.2014 - 20:00
1018,https://www.tff.org/Default.aspx?pageId=29&macId=129565,BEŞİKTAŞ A.Ş.,1,ÇAYKUR RİZESPOR A.Ş.,1,ATATÜRK OLİMPİYAT - İSTANBUL,HÜSEYİN GÖÇEK,15.09.2014 - 20:00
1027,https://www.tff.org/Default.aspx?pageId=29&macId=129574,ESKİŞEHİRSPOR,0,GENÇLERBİRLİĞİ,2,ESKİŞEHİR ATATÜRK - ESKİŞEHİR,DENİZ ÇOBAN,19.09.2014 - 20:00
1023,https://www.tff.org/Default.aspx?pageId=29&macId=129570,SUAT ALTIN İNŞAAT KAYSERİ ERCİYESSPOR,1,AKHİSAR BELEDİYE GENÇLİK VE SPOR,2,BÜYÜKŞEHİR BELEDİYESİ KADİR HAS - KAYSERİ,DENİZ ATEŞ BİTNEL,20.09.2014 - 17:00
1019,https://www.tff.org/Default.aspx?pageId=29&macId=129566,MERSİN İDMANYURDU,2,ÇAYKUR RİZESPOR A.Ş.,0,5 OCAK FATİH TERİM - ADANA,MUSTAFA KAMİL ABİTOĞLU,20.09.2014 - 20:00
1021,https://www.tff.org/Default.aspx?pageId=29&macId=129568,BALIKESİRSPOR,2,GALATASARAY A.Ş.,0,BALIKESİR ATATÜRK - BALIKESİR,ÇAĞATAY ŞAHAN,20.09.2014 - 20:00
1026,https://www.tff.org/Default.aspx?pageId=29&macId=129573,KASIMPAŞA A.Ş.,2,KARDEMİR KARABÜKSPOR,1,RECEP TAYYİP ERDOĞAN STADYUMU - İSTANBUL,TOLGA ÖZKALFA,21.09.2014 - 14:30
1024,https://www.tff.org/Default.aspx?pageId=29&macId=129571,SİVASSPOR,0,TORKU KONYASPOR,0,SİVAS 4 EYLÜL - SİVAS,İLKER MERAL,21.09.2014 - 17:00
1020,https://www.tff.org/Default.aspx?pageId=29&macId=129567,FENERBAHÇE A.Ş.,1,GAZİANTEPSPOR,0,FB ŞÜKRÜ SARACOĞLU - İSTANBUL,ALİ PALABIYIK,21.09.2014 - 20:00
1022,https://www.tff.org/Default.aspx?pageId=29&macId=129569,İSTANBUL BAŞAKŞEHİR A.Ş.,1,TRABZONSPOR A.Ş.,1,BAŞAKŞEHİR FATİH TERİM - İSTANBUL - BAŞAKŞEHİR,HALİS ÖZKAHYA,22.09.2014 - 19:00
1025,https://www.tff.org/Default.aspx?pageId=29&macId=129572,BURSASPOR,0,BEŞİKTAŞ A.Ş.,1,BURSA ATATÜRK - BURSA,CÜNEYT ÇAKIR,22.09.2014 - 21:30
1031,https://www.tff.org/Default.aspx?pageId=29&macId=129578,GALATASARAY A.Ş.,2,SİVASSPOR,1,ALİ SAMİ YEN SPOR KOMPLEKSİ TÜRK TELEKOM STADYUMU,VOLKAN BAYARSLAN,26.09.2014 - 20:00
1033,https://www.tff.org/Default.aspx?pageId=29&macId=129580,TRABZONSPOR A.Ş.,1,KASIMPAŞA A.Ş.,1,HÜSEYİN AVNİ AKER - TRABZON,YUNUS YILDIRIM,27.09.2014 - 17:30
1036,https://www.tff.org/Default.aspx?pageId=29&macId=129583,BEŞİKTAŞ A.Ş.,1,ESKİŞEHİRSPOR,1,ATATÜRK OLİMPİYAT - İSTANBUL,ÇAĞATAY ŞAHAN,27.09.2014 - 20:00
1030,https://www.tff.org/Default.aspx?pageId=29&macId=129577,ÇAYKUR RİZESPOR A.Ş.,0,BURSASPOR,1,YENİ RİZE ŞEHİR - RİZE,BÜLENT YILDIRIM,28.09.2014 - 13:30
1028,https://www.tff.org/Default.aspx?pageId=29&macId=129575,TORKU KONYASPOR,1,SUAT ALTIN İNŞAAT KAYSERİ ERCİYESSPOR,1,KONYA BÜYÜKŞEHİR STADI - KONYA,SÜLEYMAN ABAY,28.09.2014 - 16:00
1035,https://www.tff.org/Default.aspx?pageId=29&macId=129582,GENÇLERBİRLİĞİ,3,BALIKESİRSPOR,1,ANKARA 19 MAYIS - ANKARA,ALPER ULUSOY,28.09.2014 - 16:00
1032,https://www.tff.org/Default.aspx?pageId=29&macId=129579,AKHİSAR BELEDİYE GENÇLİK VE SPOR,2,FENERBAHÇE A.Ş.,0,MANİSA 19 MAYIS - MANİSA,DENİZ ÇOBAN,28.09.2014 - 19:00
1034,https://www.tff.org/Default.aspx?pageId=29&macId=129581,KARDEMİR KARABÜKSPOR,0,MERSİN İDMANYURDU,2,DR.NECMETTİN ŞEYHOĞLU - KARABÜK,FIRAT AYDINUS,29.09.2014 - 18:00
1029,https://www.tff.org/Default.aspx?pageId=29&macId=129576,GAZİANTEPSPOR,0,İSTANBUL BAŞAKŞEHİR A.Ş.,0,KAMİL OCAK - GAZİANTEP,ABDULLAH YILMAZ,29.09.2014 - 20:30
1040,https://www.tff.org/Default.aspx?pageId=29&macId=129587,MERSİN İDMANYURDU,2,BURSASPOR,1,TEVFİK SIRRI GÜR STADI - MERSİN,BARIŞ ŞİMŞEK,3.10.2014 - 20:00
1039,https://www.tff.org/Default.aspx?pageId=29&macId=129586,KASIMPAŞA A.Ş.,4,GAZİANTEPSPOR,2,RECEP TAYYİP ERDOĞAN STADYUMU - İSTANBUL,DENİZ ATEŞ BİTNEL,4.10.2014 - 14:30
1043,https://www.tff.org/Default.aspx?pageId=29&macId=129590,SİVASSPOR,1,GENÇLERBİRLİĞİ,0,SİVAS 4 EYLÜL - SİVAS,MUSTAFA KAMİL ABİTOĞLU,4.10.2014 - 16:00
1042,https://www.tff.org/Default.aspx?pageId=29&macId=129589,SUAT ALTIN İNŞAAT KAYSERİ ERCİYESSPOR,1,GALATASARAY A.Ş.,2,BÜYÜKŞEHİR BELEDİYESİ KADİR HAS - KAYSERİ,MUSTAFA İLKER COŞKUN,4.10.2014 - 18:30
1041,https://www.tff.org/Default.aspx?pageId=29&macId=129588,FENERBAHÇE A.Ş.,2,TORKU KONYASPOR,1,FB ŞÜKRÜ SARACOĞLU - İSTANBUL,METE KALKAVAN,4.10.2014 - 21:00
1037,https://www.tff.org/Default.aspx?pageId=29&macId=129584,İSTANBUL BAŞAKŞEHİR A.Ş.,4,AKHİSAR BELEDİYE GENÇLİK VE SPOR,0,BAŞAKŞEHİR FATİH TERİM - İSTANBUL - BAŞAKŞEHİR,HAKAN CEYLAN,5.10.2014 - 13:30
1038,https://www.tff.org/Default.aspx?pageId=29&macId=129585,KARDEMİR KARABÜKSPOR,3,TRABZONSPOR A.Ş.,0,DR.NECMETTİN ŞEYHOĞLU - KARABÜK,HÜSEYİN GÖÇEK,5.10.2014 - 16:00
1045,https://www.tff.org/Default.aspx?pageId=29&macId=129592,ESKİŞEHİRSPOR,1,ÇAYKUR RİZESPOR A.Ş.,2,ESKİŞEHİR ATATÜRK - ESKİŞEHİR,CÜNEYT ÇAKIR,5.10.2014 - 16:00
1044,https://www.tff.org/Default.aspx?pageId=29&macId=129591,BALIKESİRSPOR,0,BEŞİKTAŞ A.Ş.,1,BALIKESİR ATATÜRK - BALIKESİR,DENİZ ÇOBAN,5.10.2014 - 19:00
1050,https://www.tff.org/Default.aspx?pageId=29&macId=129597,TORKU KONYASPOR,0,İSTANBUL BAŞAKŞEHİR A.Ş.,0,KONYA BÜYÜKŞEHİR STADI - KONYA,ÇAĞATAY ŞAHAN,18.10.2014 - 13:30
1046,https://www.tff.org/Default.aspx?pageId=29&macId=129593,GAZİANTEPSPOR,1,KARDEMİR KARABÜKSPOR,0,KAMİL OCAK - GAZİANTEP,YUNUS YILDIRIM,18.10.2014 - 16:00
1049,https://www.tff.org/Default.aspx?pageId=29&macId=129596,GALATASARAY A.Ş.,2,FENERBAHÇE A.Ş.,1,ALİ SAMİ YEN SPOR KOMPLEKSİ TÜRK TELEKOM STADYUMU,CÜNEYT ÇAKIR,18.10.2014 - 19:00
1052,https://www.tff.org/Default.aspx?pageId=29&macId=129599,BURSASPOR,2,ESKİŞEHİRSPOR,2,BURSA ATATÜRK - BURSA,FIRAT AYDINUS,19.10.2014 - 13:30
1047,https://www.tff.org/Default.aspx?pageId=29&macId=129594,TRABZONSPOR A.Ş.,3,MERSİN İDMANYURDU,1,HÜSEYİN AVNİ AKER - TRABZON,TOLGA ÖZKALFA,19.10.2014 - 16:00
1048,https://www.tff.org/Default.aspx?pageId=29&macId=129595,BEŞİKTAŞ A.Ş.,3,SİVASSPOR,2,OSMANLI STADI - ANKARA,METE KALKAVAN,19.10.2014 - 19:00
1051,https://www.tff.org/Default.aspx?pageId=29&macId=129598,AKHİSAR BELEDİYE GENÇLİK VE SPOR,2,KASIMPAŞA A.Ş.,0,MANİSA 19 MAYIS - MANİSA,BÜLENT YILDIRIM,19.10.2014 - 19:00
1054,https://www.tff.org/Default.aspx?pageId=29&macId=129601,GENÇLERBİRLİĞİ,0,SUAT ALTIN İNŞAAT KAYSERİ ERCİYESSPOR,0,ANKARA 19 MAYIS - ANKARA,HÜSEYİN GÖÇEK,20.10.2014 - 19:00
1053,https://www.tff.org/Default.aspx?pageId=29&macId=129600,ÇAYKUR RİZESPOR A.Ş.,2,BALIKESİRSPOR,2,YENİ RİZE ŞEHİR - RİZE,SERKAN ÇINAR,20.10.2014 - 20:00
1061,https://www.tff.org/Default.aspx?pageId=29&macId=129608,KARDEMİR KARABÜKSPOR,2,AKHİSAR BELEDİYE GENÇLİK VE SPOR,1,DR.NECMETTİN ŞEYHOĞLU - KARABÜK,DENİZ ATEŞ BİTNEL,24.10.2014 - 18:30
1062,https://www.tff.org/Default.aspx?pageId=29&macId=129609,KASIMPAŞA A.Ş.,2,TORKU KONYASPOR,0,RECEP TAYYİP ERDOĞAN STADYUMU - İSTANBUL,MUSTAFA İLKER COŞKUN,24.10.2014 - 20:00
1056,https://www.tff.org/Default.aspx?pageId=29&macId=129603,SİVASSPOR,0,ÇAYKUR RİZESPOR A.Ş.,1,SİVAS 4 EYLÜL - SİVAS,FIRAT AYDINUS,25.10.2014 - 16:00
1058,https://www.tff.org/Default.aspx?pageId=29&macId=129605,FENERBAHÇE A.Ş.,2,GENÇLERBİRLİĞİ,1,FB ŞÜKRÜ SARACOĞLU - İSTANBUL,ÖZGÜR YANKAYA,25.10.2014 - 19:00
1060,https://www.tff.org/Default.aspx?pageId=29&macId=129607,BALIKESİRSPOR,0,BURSASPOR,5,BALIKESİR ATATÜRK - BALIKESİR,SÜLEYMAN ABAY,25.10.2014 - 19:00
1063,https://www.tff.org/Default.aspx?pageId=29&macId=129610,MERSİN İDMANYURDU,4,ESKİŞEHİRSPOR,2,TEVFİK SIRRI GÜR STADI - MERSİN,ALİ PALABIYIK,26.10.2014 - 13:30
1057,https://www.tff.org/Default.aspx?pageId=29&macId=129604,TRABZONSPOR A.Ş.,4,GAZİANTEPSPOR,4,HÜSEYİN AVNİ AKER - TRABZON,CÜNEYT ÇAKIR,26.10.2014 - 16:00
1055,https://www.tff.org/Default.aspx?pageId=29&macId=129602,İSTANBUL BAŞAKŞEHİR A.Ş.,4,GALATASARAY A.Ş.,0,BAŞAKŞEHİR FATİH TERİM - İSTANBUL - BAŞAKŞEHİR,TOLGA ÖZKALFA,26.10.2014 - 19:00
1059,https://www.tff.org/Default.aspx?pageId=29&macId=129606,SUAT ALTIN İNŞAAT KAYSERİ ERCİYESSPOR,3,BEŞİKTAŞ A.Ş.,2,BÜYÜKŞEHİR BELEDİYESİ KADİR HAS - KAYSERİ,İLKER MERAL,27.10.2014 - 20:00
1067,https://www.tff.org/Default.aspx?pageId=29&macId=129614,GALATASARAY A.Ş.,2,KASIMPAŞA A.Ş.,1,ALİ SAMİ YEN SPOR KOMPLEKSİ TÜRK TELEKOM STADYUMU,HÜSEYİN GÖÇEK,31.10.2014 - 20:00
1072,https://www.tff.org/Default.aspx?pageId=29&macId=129619,GENÇLERBİRLİĞİ,1,İSTANBUL BAŞAKŞEHİR A.Ş.,0,ANKARA 19 MAYIS - ANKARA,METE KALKAVAN,1.11.2014 - 13:30
1071,https://www.tff.org/Default.aspx?pageId=29&macId=129618,BURSASPOR,3,SİVASSPOR,0,BURSA ATATÜRK - BURSA,ÇAĞATAY ŞAHAN,1.11.2014 - 16:00
1068,https://www.tff.org/Default.aspx?pageId=29&macId=129615,AKHİSAR BELEDİYE GENÇLİK VE SPOR,1,TRABZONSPOR A.Ş.,1,MANİSA 19 MAYIS - MANİSA,SÜLEYMAN ABAY,1.11.2014 - 19:00
1066,https://www.tff.org/Default.aspx?pageId=29&macId=129613,ÇAYKUR RİZESPOR A.Ş.,1,SUAT ALTIN İNŞAAT KAYSERİ ERCİYESSPOR,1,YENİ RİZE ŞEHİR - RİZE,HAKAN CEYLAN,2.11.2014 - 13:30
1069,https://www.tff.org/Default.aspx?pageId=29&macId=129616,GAZİANTEPSPOR,1,MERSİN İDMANYURDU,0,KAMİL OCAK - GAZİANTEP,FIRAT AYDINUS,2.11.2014 - 13:30
1064,https://www.tff.org/Default.aspx?pageId=29&macId=129611,BEŞİKTAŞ A.Ş.,0,FENERBAHÇE A.Ş.,2,ATATÜRK OLİMPİYAT - İSTANBUL,BÜLENT YILDIRIM,2.11.2014 - 19:00
1070,https://www.tff.org/Default.aspx?pageId=29&macId=129617,ESKİŞEHİRSPOR,2,BALIKESİRSPOR,2,ESKİŞEHİR ATATÜRK - ESKİŞEHİR,MUSTAFA İLKER COŞKUN,3.11.2014 - 19:00
1065,https://www.tff.org/Default.aspx?pageId=29&macId=129612,TORKU KONYASPOR,1,KARDEMİR KARABÜKSPOR,0,KONYA BÜYÜKŞEHİR STADI - KONYA,HALİS ÖZKAHYA,3.11.2014 - 20:00
1078,https://www.tff.org/Default.aspx?pageId=29&macId=129625,SİVASSPOR,1,ESKİŞEHİRSPOR,1,SİVAS 4 EYLÜL - SİVAS,SERKAN ÇINAR,7.11.2014 - 18:00
1074,https://www.tff.org/Default.aspx?pageId=29&macId=129621,GAZİANTEPSPOR,1,AKHİSAR BELEDİYE GENÇLİK VE SPOR,0,KAMİL OCAK - GAZİANTEP,ALPER ULUSOY,7.11.2014 - 20:00
1081,https://www.tff.org/Default.aspx?pageId=29&macId=129628,MERSİN İDMANYURDU,2,BALIKESİRSPOR,1,TEVFİK SIRRI GÜR STADI - MERSİN,ABDULKADİR BİTİGEN,8.11.2014 - 14:30
1080,https://www.tff.org/Default.aspx?pageId=29&macId=129627,KARDEMİR KARABÜKSPOR,1,GALATASARAY A.Ş.,2,DR.NECMETTİN ŞEYHOĞLU - KARABÜK,BARIŞ ŞİMŞEK,8.11.2014 - 18:00
1077,https://www.tff.org/Default.aspx?pageId=29&macId=129624,FENERBAHÇE A.Ş.,2,ÇAYKUR RİZESPOR A.Ş.,1,FB ŞÜKRÜ SARACOĞLU - İSTANBUL,İLKER MERAL,8.11.2014 - 20:30
1073,https://www.tff.org/Default.aspx?pageId=29&macId=129620,SUAT ALTIN İNŞAAT KAYSERİ ERCİYESSPOR,1,BURSASPOR,1,BÜYÜKŞEHİR BELEDİYESİ KADİR HAS - KAYSERİ,TOLGA ÖZKALFA,9.11.2014 - 13:30
1075,https://www.tff.org/Default.aspx?pageId=29&macId=129622,KASIMPAŞA A.Ş.,2,GENÇLERBİRLİĞİ,2,RECEP TAYYİP ERDOĞAN STADYUMU - İSTANBUL,FIRAT AYDINUS,9.11.2014 - 13:30
1079,https://www.tff.org/Default.aspx?pageId=29&macId=129626,TRABZONSPOR A.Ş.,3,TORKU KONYASPOR,2,HÜSEYİN AVNİ AKER - TRABZON,ÖZGÜR YANKAYA,9.11.2014 - 16:00
1076,https://www.tff.org/Default.aspx?pageId=29&macId=129623,İSTANBUL BAŞAKŞEHİR A.Ş.,1,BEŞİKTAŞ A.Ş.,2,BAŞAKŞEHİR FATİH TERİM - İSTANBUL - BAŞAKŞEHİR,CÜNEYT ÇAKIR,9.11.2014 - 19:00
1090,https://www.tff.org/Default.aspx?pageId=29&macId=129637,ÇAYKUR RİZESPOR A.Ş.,0,İSTANBUL BAŞAKŞEHİR A.Ş.,2,YENİ RİZE ŞEHİR - RİZE,DENİZ ÇOBAN,22.11.2014 - 13:30
1087,https://www.tff.org/Default.aspx?pageId=29&macId=129634,AKHİSAR BELEDİYE GENÇLİK VE SPOR,1,MERSİN İDMANYURDU,1,MANİSA 19 MAYIS - MANİSA,MUSTAFA KAMİL ABİTOĞLU,22.11.2014 - 16:00
1085,https://www.tff.org/Default.aspx?pageId=29&macId=129632,GALATASARAY A.Ş.,0,TRABZONSPOR A.Ş.,3,ALİ SAMİ YEN SPOR KOMPLEKSİ TÜRK TELEKOM STADYUMU,MUSTAFA İLKER COŞKUN,22.11.2014 - 19:00
1083,https://www.tff.org/Default.aspx?pageId=29&macId=129630,GENÇLERBİRLİĞİ,2,KARDEMİR KARABÜKSPOR,2,ANKARA 19 MAYIS - ANKARA,MUSTAFA ÖĞRETMENOĞLU,23.11.2014 - 13:30
1086,https://www.tff.org/Default.aspx?pageId=29&macId=129633,TORKU KONYASPOR,2,GAZİANTEPSPOR,0,KONYA BÜYÜKŞEHİR STADI - KONYA,TOLGA ÖZKALFA,23.11.2014 - 13:30
1089,https://www.tff.org/Default.aspx?pageId=29&macId=129636,ESKİŞEHİRSPOR,2,SUAT ALTIN İNŞAAT KAYSERİ ERCİYESSPOR,1,ESKİŞEHİR ATATÜRK - ESKİŞEHİR,HÜSEYİN GÖÇEK,23.11.2014 - 16:00
1084,https://www.tff.org/Default.aspx?pageId=29&macId=129631,BEŞİKTAŞ A.Ş.,2,KASIMPAŞA A.Ş.,0,BAŞAKŞEHİR FATİH TERİM - İSTANBUL - BAŞAKŞEHİR,ÖZGÜR YANKAYA,23.11.2014 - 19:00
1088,https://www.tff.org/Default.aspx?pageId=29&macId=129635,BALIKESİRSPOR,1,SİVASSPOR,3,BALIKESİR ATATÜRK - BALIKESİR,DENİZ ATEŞ BİTNEL,24.11.2014 - 19:00
1082,https://www.tff.org/Default.aspx?pageId=29&macId=129629,BURSASPOR,1,FENERBAHÇE A.Ş.,1,BURSA ATATÜRK - BURSA,FIRAT AYDINUS,24.11.2014 - 20:00
1097,https://www.tff.org/Default.aspx?pageId=29&macId=129644,AKHİSAR BELEDİYE GENÇLİK VE SPOR,0,TORKU KONYASPOR,0,MANİSA 19 MAYIS - MANİSA,BARIŞ ŞİMŞEK,28.11.2014 - 19:00
1094,https://www.tff.org/Default.aspx?pageId=29&macId=129641,İSTANBUL BAŞAKŞEHİR A.Ş.,0,BURSASPOR,0,BAŞAKŞEHİR FATİH TERİM - İSTANBUL - BAŞAKŞEHİR,BÜLENT YILDIRIM,28.11.2014 - 20:00
1099,https://www.tff.org/Default.aspx?pageId=29&macId=129646,KASIMPAŞA A.Ş.,3,ÇAYKUR RİZESPOR A.Ş.,1,RECEP TAYYİP ERDOĞAN STADYUMU - İSTANBUL,ALPER ULUSOY,29.11.2014 - 13:30
1096,https://www.tff.org/Default.aspx?pageId=29&macId=129643,SUAT ALTIN İNŞAAT KAYSERİ ERCİYESSPOR,4,BALIKESİRSPOR,0,BÜYÜKŞEHİR BELEDİYESİ KADİR HAS - KAYSERİ,FIRAT AYDINUS,29.11.2014 - 16:00
1091,https://www.tff.org/Default.aspx?pageId=29&macId=129638,GAZİANTEPSPOR,0,GALATASARAY A.Ş.,1,KAMİL OCAK - GAZİANTEP,ÖZGÜR YANKAYA,29.11.2014 - 19:00
1093,https://www.tff.org/Default.aspx?pageId=29&macId=129640,MERSİN İDMANYURDU,2,SİVASSPOR,0,TEVFİK SIRRI GÜR STADI - MERSİN,METE KALKAVAN,30.11.2014 - 16:00
1095,https://www.tff.org/Default.aspx?pageId=29&macId=129642,FENERBAHÇE A.Ş.,2,ESKİŞEHİRSPOR,2,FB ŞÜKRÜ SARACOĞLU - İSTANBUL,TOLGA ÖZKALFA,30.11.2014 - 19:00
1098,https://www.tff.org/Default.aspx?pageId=29&macId=129645,KARDEMİR KARABÜKSPOR,1,BEŞİKTAŞ A.Ş.,2,DR.NECMETTİN ŞEYHOĞLU - KARABÜK,MUSTAFA KAMİL ABİTOĞLU,1.12.2014 - 18:00
1092,https://www.tff.org/Default.aspx?pageId=29&macId=129639,TRABZONSPOR A.Ş.,4,GENÇLERBİRLİĞİ,1,HÜSEYİN AVNİ AKER - TRABZON,HÜSEYİN GÖÇEK,1.12.2014 - 20:30
1105,https://www.tff.org/Default.aspx?pageId=29&macId=129652,TORKU KONYASPOR,2,MERSİN İDMANYURDU,0,KONYA BÜYÜKŞEHİR STADI - KONYA,MUSTAFA ÖĞRETMENOĞLU,6.12.2014 - 13:30
1102,https://www.tff.org/Default.aspx?pageId=29&macId=129649,GENÇLERBİRLİĞİ,2,GAZİANTEPSPOR,0,ANKARA 19 MAYIS - ANKARA,ABDULLAH YILMAZ,6.12.2014 - 16:00
1100,https://www.tff.org/Default.aspx?pageId=29&macId=129647,BALIKESİRSPOR,0,FENERBAHÇE A.Ş.,1,BALIKESİR ATATÜRK - BALIKESİR,HALİS ÖZKAHYA,6.12.2014 - 18:45
1104,https://www.tff.org/Default.aspx?pageId=29&macId=129651,GALATASARAY A.Ş.,2,AKHİSAR BELEDİYE GENÇLİK VE SPOR,1,ALİ SAMİ YEN SPOR KOMPLEKSİ TÜRK TELEKOM STADYUMU,BÜLENT YILDIRIM,6.12.2014 - 21:45
1101,https://www.tff.org/Default.aspx?pageId=29&macId=129648,BURSASPOR,5,KASIMPAŞA A.Ş.,1,BURSA ATATÜRK - BURSA,MUSTAFA İLKER COŞKUN,7.12.2014 - 13:30
1108,https://www.tff.org/Default.aspx?pageId=29&macId=129655,ÇAYKUR RİZESPOR A.Ş.,0,KARDEMİR KARABÜKSPOR,3,YENİ RİZE ŞEHİR - RİZE,HÜSEYİN GÖÇEK,7.12.2014 - 13:30
1107,https://www.tff.org/Default.aspx?pageId=29&macId=129654,ESKİŞEHİRSPOR,0,İSTANBUL BAŞAKŞEHİR A.Ş.,1,ESKİŞEHİR ATATÜRK - ESKİŞEHİR,BARIŞ ŞİMŞEK,7.12.2014 - 16:00
1103,https://www.tff.org/Default.aspx?pageId=29&macId=129650,BEŞİKTAŞ A.Ş.,3,TRABZONSPOR A.Ş.,0,KONYA BÜYÜKŞEHİR STADI - KONYA,METE KALKAVAN,7.12.2014 - 19:00
1106,https://www.tff.org/Default.aspx?pageId=29&macId=129653,SİVASSPOR,1,SUAT ALTIN İNŞAAT KAYSERİ ERCİYESSPOR,1,SİVAS 4 EYLÜL - SİVAS,DENİZ ÇOBAN,8.12.2014 - 19:00
1112,https://www.tff.org/Default.aspx?pageId=29&macId=129659,FENERBAHÇE A.Ş.,4,SİVASSPOR,1,FB ŞÜKRÜ SARACOĞLU - İSTANBUL,MUSTAFA İLKER COŞKUN,12.12.2014 - 20:00
1109,https://www.tff.org/Default.aspx?pageId=29&macId=129656,İSTANBUL BAŞAKŞEHİR A.Ş.,1,BALIKESİRSPOR,0,BAŞAKŞEHİR FATİH TERİM - İSTANBUL - BAŞAKŞEHİR,ABDULLAH YILMAZ,13.12.2014 - 13:30
1114,https://www.tff.org/Default.aspx?pageId=29&macId=129661,AKHİSAR BELEDİYE GENÇLİK VE SPOR,1,GENÇLERBİRLİĞİ,1,MANİSA 19 MAYIS - MANİSA,DENİZ ATEŞ BİTNEL,13.12.2014 - 16:00
1113,https://www.tff.org/Default.aspx?pageId=29&macId=129660,TORKU KONYASPOR,0,GALATASARAY A.Ş.,5,KONYA BÜYÜKŞEHİR STADI - KONYA,SÜLEYMAN ABAY,13.12.2014 - 19:00
1116,https://www.tff.org/Default.aspx?pageId=29&macId=129663,KASIMPAŞA A.Ş.,1,ESKİŞEHİRSPOR,0,RECEP TAYYİP ERDOĞAN STADYUMU - İSTANBUL,FIRAT AYDINUS,13.12.2014 - 19:00
1111,https://www.tff.org/Default.aspx?pageId=29&macId=129658,KARDEMİR KARABÜKSPOR,3,BURSASPOR,2,DR.NECMETTİN ŞEYHOĞLU - KARABÜK,ALİ PALABIYIK,14.12.2014 - 13:30
1117,https://www.tff.org/Default.aspx?pageId=29&macId=129664,MERSİN İDMANYURDU,1,SUAT ALTIN İNŞAAT KAYSERİ ERCİYESSPOR,1,TEVFİK SIRRI GÜR STADI - MERSİN,HALİS ÖZKAHYA,14.12.2014 - 16:00
1115,https://www.tff.org/Default.aspx?pageId=29&macId=129662,GAZİANTEPSPOR,0,BEŞİKTAŞ A.Ş.,1,KAMİL OCAK - GAZİANTEP,ÇAĞATAY ŞAHAN,14.12.2014 - 19:00
1110,https://www.tff.org/Default.aspx?pageId=29&macId=129657,TRABZONSPOR A.Ş.,3,ÇAYKUR RİZESPOR A.Ş.,2,HÜSEYİN AVNİ AKER - TRABZON,MUSTAFA KAMİL ABİTOĞLU,15.12.2014 - 20:00
1118,https://www.tff.org/Default.aspx?pageId=29&macId=129665,SUAT ALTIN İNŞAAT KAYSERİ ERCİYESSPOR,0,FENERBAHÇE A.Ş.,1,BÜYÜKŞEHİR BELEDİYESİ KADİR HAS - KAYSERİ,HÜSEYİN GÖÇEK,19.12.2014 - 20:00
1119,https://www.tff.org/Default.aspx?pageId=29&macId=129666,SİVASSPOR,0,İSTANBUL BAŞAKŞEHİR A.Ş.,2,SİVAS 4 EYLÜL - SİVAS,ALİ PALABIYIK,20.12.2014 - 13:30
1120,https://www.tff.org/Default.aspx?pageId=29&macId=129667,GENÇLERBİRLİĞİ,5,TORKU KONYASPOR,0,ANKARA 19 MAYIS - ANKARA,BARIŞ ŞİMŞEK,20.12.2014 - 13:30
1124,https://www.tff.org/Default.aspx?pageId=29&macId=129671,ESKİŞEHİRSPOR,1,KARDEMİR KARABÜKSPOR,1,ESKİŞEHİR ATATÜRK - ESKİŞEHİR,İLKER MERAL,20.12.2014 - 16:00
1122,https://www.tff.org/Default.aspx?pageId=29&macId=129669,GALATASARAY A.Ş.,3,MERSİN İDMANYURDU,2,ALİ SAMİ YEN SPOR KOMPLEKSİ TÜRK TELEKOM STADYUMU,FIRAT AYDINUS,20.12.2014 - 19:00
1123,https://www.tff.org/Default.aspx?pageId=29&macId=129670,BALIKESİRSPOR,5,KASIMPAŞA A.Ş.,3,BALIKESİR ATATÜRK - BALIKESİR,METE KALKAVAN,21.12.2014 - 13:30
1125,https://www.tff.org/Default.aspx?pageId=29&macId=129672,BURSASPOR,3,TRABZONSPOR A.Ş.,3,BURSA ATATÜRK - BURSA,BÜLENT YILDIRIM,21.12.2014 - 16:00
1121,https://www.tff.org/Default.aspx?pageId=29&macId=129668,BEŞİKTAŞ A.Ş.,3,AKHİSAR BELEDİYE GENÇLİK VE SPOR,1,BAŞAKŞEHİR FATİH TERİM - İSTANBUL - BAŞAKŞEHİR,SÜLEYMAN ABAY,21.12.2014 - 19:00
1126,https://www.tff.org/Default.aspx?pageId=29&macId=129673,ÇAYKUR RİZESPOR A.Ş.,0,GAZİANTEPSPOR,1,YENİ RİZE ŞEHİR - RİZE,HALİS ÖZKAHYA,22.12.2014 - 19:00
1135,https://www.tff.org/Default.aspx?pageId=29&macId=129682,GENÇLERBİRLİĞİ,1,GALATASARAY A.Ş.,1,ANKARA 19 MAYIS - ANKARA,METE KALKAVAN,26.12.2014 - 20:00
1129,https://www.tff.org/Default.aspx?pageId=29&macId=129676,KARDEMİR KARABÜKSPOR,0,BALIKESİRSPOR,1,DR.NECMETTİN ŞEYHOĞLU - KARABÜK,SÜLEYMAN ABAY,27.12.2014 - 13:30
1127,https://www.tff.org/Default.aspx?pageId=29&macId=129674,İSTANBUL BAŞAKŞEHİR A.Ş.,3,SUAT ALTIN İNŞAAT KAYSERİ ERCİYESSPOR,1,BAŞAKŞEHİR FATİH TERİM - İSTANBUL - BAŞAKŞEHİR,CÜNEYT ÇAKIR,27.12.2014 - 16:00
1130,https://www.tff.org/Default.aspx?pageId=29&macId=129677,FENERBAHÇE A.Ş.,1,MERSİN İDMANYURDU,0,FB ŞÜKRÜ SARACOĞLU - İSTANBUL,BÜLENT YILDIRIM,27.12.2014 - 19:00
1132,https://www.tff.org/Default.aspx?pageId=29&macId=129679,GAZİANTEPSPOR,1,BURSASPOR,2,KAMİL OCAK - GAZİANTEP,HÜSEYİN GÖÇEK,28.12.2014 - 13:30
1134,https://www.tff.org/Default.aspx?pageId=29&macId=129681,KASIMPAŞA A.Ş.,0,SİVASSPOR,0,RECEP TAYYİP ERDOĞAN STADYUMU - İSTANBUL,MUSTAFA KAMİL ABİTOĞLU,28.12.2014 - 13:30
1128,https://www.tff.org/Default.aspx?pageId=29&macId=129675,AKHİSAR BELEDİYE GENÇLİK VE SPOR,0,ÇAYKUR RİZESPOR A.Ş.,4,MANİSA 19 MAYIS - MANİSA,FIRAT AYDINUS,28.12.2014 - 16:00
1131,https://www.tff.org/Default.aspx?pageId=29&macId=129678,TORKU KONYASPOR,1,BEŞİKTAŞ A.Ş.,2,KONYA BÜYÜKŞEHİR STADI - KONYA,HALİS ÖZKAHYA,28.12.2014 - 19:00
1133,https://www.tff.org/Default.aspx?pageId=29&macId=129680,TRABZONSPOR A.Ş.,1,ESKİŞEHİRSPOR,4,HÜSEYİN AVNİ AKER - TRABZON,ÖZGÜR YANKAYA,29.12.2014 - 20:00
1144,https://www.tff.org/Default.aspx?pageId=29&macId=129691,ÇAYKUR RİZESPOR A.Ş.,1,TORKU KONYASPOR,1,YENİ RİZE ŞEHİR - RİZE,BÜLENT YILDIRIM,3.01.2015 - 13:30
1137,https://www.tff.org/Default.aspx?pageId=29&macId=129684,BURSASPOR,3,AKHİSAR BELEDİYE GENÇLİK VE SPOR,1,BURSA ATATÜRK - BURSA,MUSTAFA KAMİL ABİTOĞLU,3.01.2015 - 16:00
1140,https://www.tff.org/Default.aspx?pageId=29&macId=129687,FENERBAHÇE A.Ş.,2,İSTANBUL BAŞAKŞEHİR A.Ş.,0,FB ŞÜKRÜ SARACOĞLU - İSTANBUL,FIRAT AYDINUS,3.01.2015 - 19:00
1136,https://www.tff.org/Default.aspx?pageId=29&macId=129683,SİVASSPOR,2,KARDEMİR KARABÜKSPOR,0,SİVAS 4 EYLÜL - SİVAS,METE KALKAVAN,4.01.2015 - 13:30
1141,https://www.tff.org/Default.aspx?pageId=29&macId=129688,SUAT ALTIN İNŞAAT KAYSERİ ERCİYESSPOR,2,KASIMPAŞA A.Ş.,5,BÜYÜKŞEHİR BELEDİYESİ KADİR HAS - KAYSERİ,ALİ PALABIYIK,4.01.2015 - 13:30
1143,https://www.tff.org/Default.aspx?pageId=29&macId=129690,ESKİŞEHİRSPOR,1,GAZİANTEPSPOR,3,ESKİŞEHİR ATATÜRK - ESKİŞEHİR,BARIŞ ŞİMŞEK,4.01.2015 - 16:00
1139,https://www.tff.org/Default.aspx?pageId=29&macId=129686,BEŞİKTAŞ A.Ş.,0,GALATASARAY A.Ş.,2,ATATÜRK OLİMPİYAT - İSTANBUL,CÜNEYT ÇAKIR,4.01.2015 - 19:00
1138,https://www.tff.org/Default.aspx?pageId=29&macId=129685,MERSİN İDMANYURDU,1,GENÇLERBİRLİĞİ,1,TEVFİK SIRRI GÜR STADI - MERSİN,İLKER MERAL,5.01.2015 - 20:00
1142,https://www.tff.org/Default.aspx?pageId=29&macId=129689,BALIKESİRSPOR,2,TRABZONSPOR A.Ş.,2,BALIKESİR ATATÜRK - BALIKESİR,TOLGA ÖZKALFA,5.01.2015 - 20:00
1149,https://www.tff.org/Default.aspx?pageId=29&macId=129696,TORKU KONYASPOR,2,BURSASPOR,3,KONYA BÜYÜKŞEHİR STADI - KONYA,MUSTAFA İLKER COŞKUN,23.01.2015 - 19:00
1151,https://www.tff.org/Default.aspx?pageId=29&macId=129698,TRABZONSPOR A.Ş.,3,MEDICANA SİVASSPOR,1,HÜSEYİN AVNİ AKER - TRABZON,CÜNEYT ÇAKIR,23.01.2015 - 20:00
1145,https://www.tff.org/Default.aspx?pageId=29&macId=129692,İSTANBUL BAŞAKŞEHİR A.Ş.,2,MERSİN İDMANYURDU,2,BAŞAKŞEHİR FATİH TERİM - İSTANBUL - BAŞAKŞEHİR,ALİ PALABIYIK,24.01.2015 - 13:30
1146,https://www.tff.org/Default.aspx?pageId=29&macId=129693,GAZİANTEPSPOR,1,BALIKESİRSPOR,0,KAMİL OCAK - GAZİANTEP,HALİS ÖZKAHYA,24.01.2015 - 16:00
1147,https://www.tff.org/Default.aspx?pageId=29&macId=129694,KASIMPAŞA A.Ş.,0,FENERBAHÇE A.Ş.,3,RECEP TAYYİP ERDOĞAN STADYUMU - İSTANBUL,METE KALKAVAN,24.01.2015 - 19:00
1150,https://www.tff.org/Default.aspx?pageId=29&macId=129697,AKHİSAR BELEDİYE GENÇLİK VE SPOR,2,ESKİŞEHİRSPOR,2,MANİSA 19 MAYIS - MANİSA,BÜLENT YILDIRIM,24.01.2015 - 19:00
1152,https://www.tff.org/Default.aspx?pageId=29&macId=129699,KARDEMİR KARABÜKSPOR,1,SUAT ALTIN İNŞAAT KAYSERİ ERCİYESSPOR,2,DR.NECMETTİN ŞEYHOĞLU - KARABÜK,BARIŞ ŞİMŞEK,25.01.2015 - 16:00
1148,https://www.tff.org/Default.aspx?pageId=29&macId=129695,GALATASARAY A.Ş.,2,ÇAYKUR RİZESPOR A.Ş.,0,ALİ SAMİ YEN SPOR KOMPLEKSİ TÜRK TELEKOM STADYUMU,İLKER MERAL,25.01.2015 - 19:00
1153,https://www.tff.org/Default.aspx?pageId=29&macId=129700,GENÇLERBİRLİĞİ,0,BEŞİKTAŞ A.Ş.,2,ANKARA 19 MAYIS - ANKARA,MUSTAFA KAMİL ABİTOĞLU,26.01.2015 - 20:00
1158,https://www.tff.org/Default.aspx?pageId=29&macId=129705,AKHİSAR BELEDİYE GENÇLİK VE SPOR,2,BALIKESİRSPOR,2,MANİSA 19 MAYIS - MANİSA,ALİ PALABIYIK,30.01.2015 - 19:00
1155,https://www.tff.org/Default.aspx?pageId=29&macId=129702,TRABZONSPOR A.Ş.,2,SUAT ALTIN İNŞAAT KAYSERİ ERCİYESSPOR,1,HÜSEYİN AVNİ AKER - TRABZON,HÜSEYİN GÖÇEK,30.01.2015 - 20:00
1154,https://www.tff.org/Default.aspx?pageId=29&macId=129701,KASIMPAŞA A.Ş.,0,İSTANBUL BAŞAKŞEHİR A.Ş.,1,RECEP TAYYİP ERDOĞAN STADYUMU - İSTANBUL,SÜLEYMAN ABAY,31.01.2015 - 13:30
1156,https://www.tff.org/Default.aspx?pageId=29&macId=129703,GAZİANTEPSPOR,1,MEDICANA SİVASSPOR,3,KAMİL OCAK - GAZİANTEP,BÜLENT YILDIRIM,31.01.2015 - 16:00
1157,https://www.tff.org/Default.aspx?pageId=29&macId=129704,KARDEMİR KARABÜKSPOR,1,FENERBAHÇE A.Ş.,2,DR.NECMETTİN ŞEYHOĞLU - KARABÜK,CÜNEYT ÇAKIR,31.01.2015 - 19:00
1159,https://www.tff.org/Default.aspx?pageId=29&macId=129706,TORKU KONYASPOR,1,ESKİŞEHİRSPOR,0,KONYA BÜYÜKŞEHİR STADI - KONYA,MUSTAFA KAMİL ABİTOĞLU,1.02.2015 - 13:00
1161,https://www.tff.org/Default.aspx?pageId=29&macId=129708,GENÇLERBİRLİĞİ,0,ÇAYKUR RİZESPOR A.Ş.,2,ANKARA 19 MAYIS - ANKARA,ÖZGÜR YANKAYA,1.02.2015 - 13:00
1162,https://www.tff.org/Default.aspx?pageId=29&macId=129709,BEŞİKTAŞ A.Ş.,2,MERSİN İDMANYURDU,1,OSMANLI STADI - ANKARA,METE KALKAVAN,1.02.2015 - 16:00
1160,https://www.tff.org/Default.aspx?pageId=29&macId=129707,GALATASARAY A.Ş.,2,BURSASPOR,2,ALİ SAMİ YEN SPOR KOMPLEKSİ TÜRK TELEKOM STADYUMU,FIRAT AYDINUS,1.02.2015 - 20:00
1168,https://www.tff.org/Default.aspx?pageId=29&macId=129715,İSTANBUL BAŞAKŞEHİR A.Ş.,2,KARDEMİR KARABÜKSPOR,2,BAŞAKŞEHİR FATİH TERİM - İSTANBUL - BAŞAKŞEHİR,İLKER MERAL,6.02.2015 - 20:00
1170,https://www.tff.org/Default.aspx?pageId=29&macId=129717,MEDICANA SİVASSPOR,2,AKHİSAR BELEDİYE GENÇLİK VE SPOR,0,SİVAS 4 EYLÜL - SİVAS,MUSTAFA İLKER COŞKUN,7.02.2015 - 13:30
1167,https://www.tff.org/Default.aspx?pageId=29&macId=129714,SUAT ALTIN İNŞAAT KAYSERİ ERCİYESSPOR,0,GAZİANTEPSPOR,1,BÜYÜKŞEHİR BELEDİYESİ KADİR HAS - KAYSERİ,ÖZGÜR YANKAYA,7.02.2015 - 16:00
1163,https://www.tff.org/Default.aspx?pageId=29&macId=129710,FENERBAHÇE A.Ş.,0,TRABZONSPOR A.Ş.,0,FB ŞÜKRÜ SARACOĞLU - İSTANBUL,BÜLENT YILDIRIM,7.02.2015 - 19:00
1166,https://www.tff.org/Default.aspx?pageId=29&macId=129713,BALIKESİRSPOR,0,TORKU KONYASPOR,1,BALIKESİR ATATÜRK - BALIKESİR,BARIŞ ŞİMŞEK,8.02.2015 - 13:00
1169,https://www.tff.org/Default.aspx?pageId=29&macId=129716,MERSİN İDMANYURDU,6,KASIMPAŞA A.Ş.,2,TEVFİK SIRRI GÜR STADI - MERSİN,MUSTAFA KAMİL ABİTOĞLU,8.02.2015 - 13:00
1164,https://www.tff.org/Default.aspx?pageId=29&macId=129711,BURSASPOR,3,GENÇLERBİRLİĞİ,1,BURSA ATATÜRK - BURSA,HÜSEYİN GÖÇEK,8.02.2015 - 16:00
1171,https://www.tff.org/Default.aspx?pageId=29&macId=129718,ÇAYKUR RİZESPOR A.Ş.,1,BEŞİKTAŞ A.Ş.,2,YENİ RİZE ŞEHİR - RİZE,CÜNEYT ÇAKIR,8.02.2015 - 19:00
1165,https://www.tff.org/Default.aspx?pageId=29&macId=129712,ESKİŞEHİRSPOR,1,GALATASARAY A.Ş.,2,ESKİŞEHİR ATATÜRK - ESKİŞEHİR,HALİS ÖZKAHYA,9.02.2015 - 20:00
1179,https://www.tff.org/Default.aspx?pageId=29&macId=129726,KARDEMİR KARABÜKSPOR,0,KASIMPAŞA A.Ş.,0,DR.NECMETTİN ŞEYHOĞLU - KARABÜK,BÜLENT YILDIRIM,14.02.2015 - 13:30
1176,https://www.tff.org/Default.aspx?pageId=29&macId=129723,AKHİSAR BELEDİYE GENÇLİK VE SPOR,1,SUAT ALTIN İNŞAAT KAYSERİ ERCİYESSPOR,0,MANİSA 19 MAYIS - MANİSA,ALİ PALABIYIK,14.02.2015 - 16:00
1173,https://www.tff.org/Default.aspx?pageId=29&macId=129720,GAZİANTEPSPOR,0,FENERBAHÇE A.Ş.,5,KAMİL OCAK - GAZİANTEP,HALİS ÖZKAHYA,14.02.2015 - 19:00
1172,https://www.tff.org/Default.aspx?pageId=29&macId=129719,ÇAYKUR RİZESPOR A.Ş.,0,MERSİN İDMANYURDU,4,YENİ RİZE ŞEHİR - RİZE,İLKER MERAL,15.02.2015 - 13:00
1177,https://www.tff.org/Default.aspx?pageId=29&macId=129724,TORKU KONYASPOR,0,MEDICANA SİVASSPOR,1,KONYA BÜYÜKŞEHİR STADI - KONYA,ÖZGÜR YANKAYA,15.02.2015 - 13:00
1178,https://www.tff.org/Default.aspx?pageId=29&macId=129725,BEŞİKTAŞ A.Ş.,3,BURSASPOR,2,ATATÜRK OLİMPİYAT - İSTANBUL,MUSTAFA KAMİL ABİTOĞLU,15.02.2015 - 16:00
1175,https://www.tff.org/Default.aspx?pageId=29&macId=129722,TRABZONSPOR A.Ş.,3,İSTANBUL BAŞAKŞEHİR A.Ş.,2,HÜSEYİN AVNİ AKER - TRABZON,FIRAT AYDINUS,15.02.2015 - 19:00
1180,https://www.tff.org/Default.aspx?pageId=29&macId=129727,GENÇLERBİRLİĞİ,1,ESKİŞEHİRSPOR,2,ANKARA 19 MAYIS - ANKARA,METE KALKAVAN,16.02.2015 - 19:00
1174,https://www.tff.org/Default.aspx?pageId=29&macId=129721,GALATASARAY A.Ş.,3,BALIKESİRSPOR,1,ALİ SAMİ YEN SPOR KOMPLEKSİ TÜRK TELEKOM STADYUMU,MUSTAFA İLKER COŞKUN,16.02.2015 - 20:00
1181,https://www.tff.org/Default.aspx?pageId=29&macId=129728,SUAT ALTIN İNŞAAT KAYSERİ ERCİYESSPOR,3,TORKU KONYASPOR,0,BÜYÜKŞEHİR BELEDİYESİ KADİR HAS - KAYSERİ,FIRAT AYDINUS,20.02.2015 - 20:00
1182,https://www.tff.org/Default.aspx?pageId=29&macId=129729,İSTANBUL BAŞAKŞEHİR A.Ş.,1,GAZİANTEPSPOR,0,BAŞAKŞEHİR FATİH TERİM - İSTANBUL - BAŞAKŞEHİR,HAKAN CEYLAN,21.02.2015 - 13:30
1183,https://www.tff.org/Default.aspx?pageId=29&macId=129730,BURSASPOR,1,ÇAYKUR RİZESPOR A.Ş.,1,BURSA ATATÜRK - BURSA,MUSTAFA İLKER COŞKUN,21.02.2015 - 16:00
1184,https://www.tff.org/Default.aspx?pageId=29&macId=129731,MEDICANA SİVASSPOR,2,GALATASARAY A.Ş.,3,SİVAS 4 EYLÜL - SİVAS,HÜSEYİN GÖÇEK,21.02.2015 - 19:00
1187,https://www.tff.org/Default.aspx?pageId=29&macId=129734,MERSİN İDMANYURDU,2,KARDEMİR KARABÜKSPOR,1,TEVFİK SIRRI GÜR STADI - MERSİN,HALİS ÖZKAHYA,22.02.2015 - 13:00
1188,https://www.tff.org/Default.aspx?pageId=29&macId=129735,BALIKESİRSPOR,0,GENÇLERBİRLİĞİ,1,BALIKESİR ATATÜRK - BALIKESİR,TOLGA ÖZKALFA,22.02.2015 - 13:00
1186,https://www.tff.org/Default.aspx?pageId=29&macId=129733,KASIMPAŞA A.Ş.,1,TRABZONSPOR A.Ş.,1,RECEP TAYYİP ERDOĞAN STADYUMU - İSTANBUL,CÜNEYT ÇAKIR,22.02.2015 - 16:00
1189,https://www.tff.org/Default.aspx?pageId=29&macId=129736,ESKİŞEHİRSPOR,1,BEŞİKTAŞ A.Ş.,0,ESKİŞEHİR ATATÜRK - ESKİŞEHİR,ALİ PALABIYIK,22.02.2015 - 19:00
1185,https://www.tff.org/Default.aspx?pageId=29&macId=129732,FENERBAHÇE A.Ş.,1,AKHİSAR BELEDİYE GENÇLİK VE SPOR,2,FB ŞÜKRÜ SARACOĞLU - İSTANBUL,ÖZGÜR YANKAYA,23.02.2015 - 20:00
1195,https://www.tff.org/Default.aspx?pageId=29&macId=129742,GALATASARAY A.Ş.,3,SUAT ALTIN İNŞAAT KAYSERİ ERCİYESSPOR,1,ALİ SAMİ YEN SPOR KOMPLEKSİ TÜRK TELEKOM STADYUMU,TOLGA ÖZKALFA,27.02.2015 - 20:00
1196,https://www.tff.org/Default.aspx?pageId=29&macId=129743,GENÇLERBİRLİĞİ,0,MEDICANA SİVASSPOR,0,ANKARA 19 MAYIS - ANKARA,ÇAĞATAY ŞAHAN,28.02.2015 - 13:30
1198,https://www.tff.org/Default.aspx?pageId=29&macId=129745,ÇAYKUR RİZESPOR A.Ş.,3,ESKİŞEHİRSPOR,0,YENİ RİZE ŞEHİR - RİZE,BÜLENT YILDIRIM,28.02.2015 - 16:00
1194,https://www.tff.org/Default.aspx?pageId=29&macId=129741,TORKU KONYASPOR,1,FENERBAHÇE A.Ş.,1,KONYA BÜYÜKŞEHİR STADI - KONYA,ALİ PALABIYIK,28.02.2015 - 19:00
1190,https://www.tff.org/Default.aspx?pageId=29&macId=129737,AKHİSAR BELEDİYE GENÇLİK VE SPOR,0,İSTANBUL BAŞAKŞEHİR A.Ş.,2,MANİSA 19 MAYIS - MANİSA,BARIŞ ŞİMŞEK,1.03.2015 - 13:00
1192,https://www.tff.org/Default.aspx?pageId=29&macId=129739,GAZİANTEPSPOR,0,KASIMPAŞA A.Ş.,2,KAMİL OCAK - GAZİANTEP,MUSTAFA İLKER COŞKUN,1.03.2015 - 13:00
1193,https://www.tff.org/Default.aspx?pageId=29&macId=129740,BURSASPOR,2,MERSİN İDMANYURDU,1,BURSA ATATÜRK - BURSA,METE KALKAVAN,1.03.2015 - 16:00
1197,https://www.tff.org/Default.aspx?pageId=29&macId=129744,BEŞİKTAŞ A.Ş.,2,BALIKESİRSPOR,2,OSMANLI STADI - ANKARA,HALİS ÖZKAHYA,1.03.2015 - 19:00
1191,https://www.tff.org/Default.aspx?pageId=29&macId=129738,TRABZONSPOR A.Ş.,3,KARDEMİR KARABÜKSPOR,2,HÜSEYİN AVNİ AKER - TRABZON,HÜSEYİN GÖÇEK,2.03.2015 - 20:00
1204,https://www.tff.org/Default.aspx?pageId=29&macId=129751,KASIMPAŞA A.Ş.,2,AKHİSAR BELEDİYE GENÇLİK VE SPOR,2,RECEP TAYYİP ERDOĞAN STADYUMU - İSTANBUL,TOLGA ÖZKALFA,6.03.2015 - 20:00
1207,https://www.tff.org/Default.aspx?pageId=29&macId=129754,SUAT ALTIN İNŞAAT KAYSERİ ERCİYESSPOR,2,GENÇLERBİRLİĞİ,4,BÜYÜKŞEHİR BELEDİYESİ KADİR HAS - KAYSERİ,MUSTAFA KAMİL ABİTOĞLU,7.03.2015 - 13:30
1206,https://www.tff.org/Default.aspx?pageId=29&macId=129753,BALIKESİRSPOR,2,ÇAYKUR RİZESPOR A.Ş.,2,BALIKESİR ATATÜRK - BALIKESİR,HÜSEYİN GÖÇEK,7.03.2015 - 16:00
1205,https://www.tff.org/Default.aspx?pageId=29&macId=129752,ESKİŞEHİRSPOR,0,BURSASPOR,0,ESKİŞEHİR ATATÜRK - ESKİŞEHİR,FIRAT AYDINUS,7.03.2015 - 19:00
1203,https://www.tff.org/Default.aspx?pageId=29&macId=129750,İSTANBUL BAŞAKŞEHİR A.Ş.,0,TORKU KONYASPOR,0,BAŞAKŞEHİR FATİH TERİM - İSTANBUL - BAŞAKŞEHİR,HALİS ÖZKAHYA,8.03.2015 - 13:00
1201,https://www.tff.org/Default.aspx?pageId=29&macId=129748,MEDICANA SİVASSPOR,0,BEŞİKTAŞ A.Ş.,1,SİVAS 4 EYLÜL - SİVAS,BÜLENT YILDIRIM,8.03.2015 - 14:00
1199,https://www.tff.org/Default.aspx?pageId=29&macId=129746,KARDEMİR KARABÜKSPOR,0,GAZİANTEPSPOR,0,DR.NECMETTİN ŞEYHOĞLU - KARABÜK,METE KALKAVAN,8.03.2015 - 16:00
1202,https://www.tff.org/Default.aspx?pageId=29&macId=129749,FENERBAHÇE A.Ş.,1,GALATASARAY A.Ş.,0,FB ŞÜKRÜ SARACOĞLU - İSTANBUL,CÜNEYT ÇAKIR,8.03.2015 - 19:00
1200,https://www.tff.org/Default.aspx?pageId=29&macId=129747,MERSİN İDMANYURDU,1,TRABZONSPOR A.Ş.,5,TEVFİK SIRRI GÜR STADI - MERSİN,ALİ PALABIYIK,9.03.2015 - 20:00
1213,https://www.tff.org/Default.aspx?pageId=29&macId=129760,BURSASPOR,4,BALIKESİRSPOR,2,BURSA ATATÜRK - BURSA,ALİ PALABIYIK,13.03.2015 - 20:00
1215,https://www.tff.org/Default.aspx?pageId=29&macId=129762,TORKU KONYASPOR,2,KASIMPAŞA A.Ş.,1,KONYA BÜYÜKŞEHİR STADI - KONYA,METE KALKAVAN,13.03.2015 - 20:00
1214,https://www.tff.org/Default.aspx?pageId=29&macId=129761,AKHİSAR BELEDİYE GENÇLİK VE SPOR,5,KARDEMİR KARABÜKSPOR,1,MANİSA 19 MAYIS - MANİSA,MUSTAFA KAMİL ABİTOĞLU,14.03.2015 - 13:30
1209,https://www.tff.org/Default.aspx?pageId=29&macId=129756,ÇAYKUR RİZESPOR A.Ş.,2,MEDICANA SİVASSPOR,1,YENİ RİZE ŞEHİR - RİZE,FIRAT AYDINUS,14.03.2015 - 16:00
1208,https://www.tff.org/Default.aspx?pageId=29&macId=129755,GALATASARAY A.Ş.,2,İSTANBUL BAŞAKŞEHİR A.Ş.,2,ALİ SAMİ YEN SPOR KOMPLEKSİ TÜRK TELEKOM STADYUMU,BÜLENT YILDIRIM,14.03.2015 - 19:00
1216,https://www.tff.org/Default.aspx?pageId=29&macId=129763,ESKİŞEHİRSPOR,2,MERSİN İDMANYURDU,0,ESKİŞEHİR ATATÜRK - ESKİŞEHİR,HÜSEYİN GÖÇEK,15.03.2015 - 14:00
1212,https://www.tff.org/Default.aspx?pageId=29&macId=129759,BEŞİKTAŞ A.Ş.,5,SUAT ALTIN İNŞAAT KAYSERİ ERCİYESSPOR,1,OSMANLI STADI - ANKARA,CÜNEYT ÇAKIR,15.03.2015 - 16:00
1211,https://www.tff.org/Default.aspx?pageId=29&macId=129758,GENÇLERBİRLİĞİ,2,FENERBAHÇE A.Ş.,1,ANKARA 19 MAYIS - ANKARA,HALİS ÖZKAHYA,15.03.2015 - 20:00
1210,https://www.tff.org/Default.aspx?pageId=29&macId=129757,GAZİANTEPSPOR,2,TRABZONSPOR A.Ş.,0,KAMİL OCAK - GAZİANTEP,TOLGA ÖZKALFA,16.03.2015 - 20:00
1218,https://www.tff.org/Default.aspx?pageId=29&macId=129765,KARDEMİR KARABÜKSPOR,0,TORKU KONYASPOR,1,DR.NECMETTİN ŞEYHOĞLU - KARABÜK,BÜLENT YILDIRIM,20.03.2015 - 20:00
1223,https://www.tff.org/Default.aspx?pageId=29&macId=129770,BALIKESİRSPOR,4,ESKİŞEHİRSPOR,1,BALIKESİR ATATÜRK - BALIKESİR,METE KALKAVAN,20.03.2015 - 20:00
1219,https://www.tff.org/Default.aspx?pageId=29&macId=129766,SUAT ALTIN İNŞAAT KAYSERİ ERCİYESSPOR,0,ÇAYKUR RİZESPOR A.Ş.,3,BÜYÜKŞEHİR BELEDİYESİ KADİR HAS - KAYSERİ,HALİS ÖZKAHYA,21.03.2015 - 13:30
1222,https://www.tff.org/Default.aspx?pageId=29&macId=129769,MERSİN İDMANYURDU,0,GAZİANTEPSPOR,1,TEVFİK SIRRI GÜR STADI - MERSİN,YUNUS YILDIRIM,21.03.2015 - 13:30
1224,https://www.tff.org/Default.aspx?pageId=29&macId=129771,MEDICANA SİVASSPOR,4,BURSASPOR,1,SİVAS 4 EYLÜL - SİVAS,TOLGA ÖZKALFA,21.03.2015 - 16:00
1220,https://www.tff.org/Default.aspx?pageId=29&macId=129767,KASIMPAŞA A.Ş.,2,GALATASARAY A.Ş.,3,RECEP TAYYİP ERDOĞAN STADYUMU - İSTANBUL,HÜSEYİN GÖÇEK,21.03.2015 - 19:00
1225,https://www.tff.org/Default.aspx?pageId=29&macId=129772,İSTANBUL BAŞAKŞEHİR A.Ş.,3,GENÇLERBİRLİĞİ,1,BAŞAKŞEHİR FATİH TERİM - İSTANBUL - BAŞAKŞEHİR,CÜNEYT ÇAKIR,22.03.2015 - 13:00
1221,https://www.tff.org/Default.aspx?pageId=29&macId=129768,TRABZONSPOR A.Ş.,2,AKHİSAR BELEDİYE GENÇLİK VE SPOR,0,HÜSEYİN AVNİ AKER - TRABZON,İLKER MERAL,22.03.2015 - 16:00
1217,https://www.tff.org/Default.aspx?pageId=29&macId=129764,FENERBAHÇE A.Ş.,1,BEŞİKTAŞ A.Ş.,0,FB ŞÜKRÜ SARACOĞLU - İSTANBUL,FIRAT AYDINUS,22.03.2015 - 20:00
1228,https://www.tff.org/Default.aspx?pageId=29&macId=129775,GENÇLERBİRLİĞİ,5,KASIMPAŞA A.Ş.,2,ANKARA 19 MAYIS - ANKARA,YUNUS YILDIRIM,4.04.2015 - 13:30
1234,https://www.tff.org/Default.aspx?pageId=29&macId=129781,BALIKESİRSPOR,1,MERSİN İDMANYURDU,3,BALIKESİR ATATÜRK - BALIKESİR,BÜLENT YILDIRIM,4.04.2015 - 13:30
1231,https://www.tff.org/Default.aspx?pageId=29&macId=129778,ESKİŞEHİRSPOR,1,MEDICANA SİVASSPOR,3,ESKİŞEHİR ATATÜRK - ESKİŞEHİR,ALİ PALABIYIK,4.04.2015 - 16:00
1230,https://www.tff.org/Default.aspx?pageId=29&macId=129777,ÇAYKUR RİZESPOR A.Ş.,1,FENERBAHÇE A.Ş.,5,YENİ RİZE ŞEHİR - RİZE,CÜNEYT ÇAKIR,4.04.2015 - 19:00
1226,https://www.tff.org/Default.aspx?pageId=29&macId=129773,BURSASPOR,3,SUAT ALTIN İNŞAAT KAYSERİ ERCİYESSPOR,0,BURSA ATATÜRK - BURSA,MUSTAFA KAMİL ABİTOĞLU,5.04.2015 - 13:00
1227,https://www.tff.org/Default.aspx?pageId=29&macId=129774,AKHİSAR BELEDİYE GENÇLİK VE SPOR,3,GAZİANTEPSPOR,0,MANİSA 19 MAYIS - MANİSA,SÜLEYMAN ABAY,5.04.2015 - 13:00
1233,https://www.tff.org/Default.aspx?pageId=29&macId=129780,GALATASARAY A.Ş.,4,KARDEMİR KARABÜKSPOR,2,ALİ SAMİ YEN SPOR KOMPLEKSİ TÜRK TELEKOM STADYUMU,TOLGA ÖZKALFA,5.04.2015 - 16:00
1232,https://www.tff.org/Default.aspx?pageId=29&macId=129779,TORKU KONYASPOR,1,TRABZONSPOR A.Ş.,0,KONYA BÜYÜKŞEHİR STADI - KONYA,HÜSEYİN GÖÇEK,5.04.2015 - 19:00
1229,https://www.tff.org/Default.aspx?pageId=29&macId=129776,BEŞİKTAŞ A.Ş.,0,İSTANBUL BAŞAKŞEHİR A.Ş.,0,BAŞAKŞEHİR FATİH TERİM - İSTANBUL - BAŞAKŞEHİR,METE KALKAVAN,6.04.2015 - 20:00
1239,https://www.tff.org/Default.aspx?pageId=29&macId=129786,GAZİANTEPSPOR,1,TORKU KONYASPOR,1,KAMİL OCAK - GAZİANTEP,BARIŞ ŞİMŞEK,17.04.2015 - 20:00
1236,https://www.tff.org/Default.aspx?pageId=29&macId=129783,KARDEMİR KARABÜKSPOR,2,GENÇLERBİRLİĞİ,1,DR.NECMETTİN ŞEYHOĞLU - KARABÜK,CÜNEYT ÇAKIR,18.04.2015 - 16:00
1237,https://www.tff.org/Default.aspx?pageId=29&macId=129784,KASIMPAŞA A.Ş.,1,BEŞİKTAŞ A.Ş.,5,RECEP TAYYİP ERDOĞAN STADYUMU - İSTANBUL,MUSTAFA KAMİL ABİTOĞLU,18.04.2015 - 19:00
1242,https://www.tff.org/Default.aspx?pageId=29&macId=129789,SUAT ALTIN İNŞAAT KAYSERİ ERCİYESSPOR,0,ESKİŞEHİRSPOR,1,BÜYÜKŞEHİR BELEDİYESİ KADİR HAS - KAYSERİ,FIRAT AYDINUS,19.04.2015 - 13:00
1241,https://www.tff.org/Default.aspx?pageId=29&macId=129788,MEDICANA SİVASSPOR,1,BALIKESİRSPOR,1,SİVAS 4 EYLÜL - SİVAS,HALİS ÖZKAHYA,19.04.2015 - 15:00
1243,https://www.tff.org/Default.aspx?pageId=29&macId=129790,İSTANBUL BAŞAKŞEHİR A.Ş.,3,ÇAYKUR RİZESPOR A.Ş.,1,BAŞAKŞEHİR FATİH TERİM - İSTANBUL - BAŞAKŞEHİR,BÜLENT YILDIRIM,19.04.2015 - 16:00
1238,https://www.tff.org/Default.aspx?pageId=29&macId=129785,TRABZONSPOR A.Ş.,2,GALATASARAY A.Ş.,1,HÜSEYİN AVNİ AKER - TRABZON,ALİ PALABIYIK,19.04.2015 - 19:00
1235,https://www.tff.org/Default.aspx?pageId=29&macId=129782,FENERBAHÇE A.Ş.,1,BURSASPOR,0,FB ŞÜKRÜ SARACOĞLU - İSTANBUL,HÜSEYİN GÖÇEK,20.04.2015 - 20:00
1240,https://www.tff.org/Default.aspx?pageId=29&macId=129787,MERSİN İDMANYURDU,1,AKHİSAR BELEDİYE GENÇLİK VE SPOR,1,MERSİN STADYUMU - MERSİN,ÖZGÜR YANKAYA,20.04.2015 - 20:00
1246,https://www.tff.org/Default.aspx?pageId=29&macId=129793,MEDICANA SİVASSPOR,1,MERSİN İDMANYURDU,2,SİVAS 4 EYLÜL - SİVAS,BARIŞ ŞİMŞEK,24.04.2015 - 20:00
1247,https://www.tff.org/Default.aspx?pageId=29&macId=129794,BURSASPOR,4,İSTANBUL BAŞAKŞEHİR A.Ş.,1,BURSA ATATÜRK - BURSA,FIRAT AYDINUS,25.04.2015 - 13:30
1252,https://www.tff.org/Default.aspx?pageId=29&macId=129799,ÇAYKUR RİZESPOR A.Ş.,1,KASIMPAŞA A.Ş.,3,YENİ RİZE ŞEHİR - RİZE,HALİS ÖZKAHYA,25.04.2015 - 16:00
1248,https://www.tff.org/Default.aspx?pageId=29&macId=129795,ESKİŞEHİRSPOR,1,FENERBAHÇE A.Ş.,1,ESKİŞEHİR ATATÜRK - ESKİŞEHİR,MUSTAFA KAMİL ABİTOĞLU,25.04.2015 - 19:00
1249,https://www.tff.org/Default.aspx?pageId=29&macId=129796,BALIKESİRSPOR,1,SUAT ALTIN İNŞAAT KAYSERİ ERCİYESSPOR,1,BALIKESİR ATATÜRK - BALIKESİR,HÜSEYİN GÖÇEK,26.04.2015 - 13:00
1250,https://www.tff.org/Default.aspx?pageId=29&macId=129797,TORKU KONYASPOR,2,AKHİSAR BELEDİYE GENÇLİK VE SPOR,1,KONYA BÜYÜKŞEHİR STADI - KONYA,ALPER ULUSOY,26.04.2015 - 13:00
1245,https://www.tff.org/Default.aspx?pageId=29&macId=129792,GENÇLERBİRLİĞİ,1,TRABZONSPOR A.Ş.,1,ANKARA 19 MAYIS - ANKARA,TOLGA ÖZKALFA,26.04.2015 - 16:00
1244,https://www.tff.org/Default.aspx?pageId=29&macId=129791,GALATASARAY A.Ş.,1,GAZİANTEPSPOR,0,ALİ SAMİ YEN SPOR KOMPLEKSİ TÜRK TELEKOM STADYUMU,METE KALKAVAN,26.04.2015 - 19:00
1251,https://www.tff.org/Default.aspx?pageId=29&macId=129798,BEŞİKTAŞ A.Ş.,2,KARDEMİR KARABÜKSPOR,1,OSMANLI STADI - ANKARA,BÜLENT YILDIRIM,27.04.2015 - 20:00
1260,https://www.tff.org/Default.aspx?pageId=29&macId=129807,İSTANBUL BAŞAKŞEHİR A.Ş.,1,ESKİŞEHİRSPOR,1,BAŞAKŞEHİR FATİH TERİM - İSTANBUL - BAŞAKŞEHİR,HALİS ÖZKAHYA,2.05.2015 - 13:30
1258,https://www.tff.org/Default.aspx?pageId=29&macId=129805,MERSİN İDMANYURDU,3,TORKU KONYASPOR,1,MERSİN STADYUMU - MERSİN,KORAY GENÇERLER,2.05.2015 - 16:00
1253,https://www.tff.org/Default.aspx?pageId=29&macId=129800,FENERBAHÇE A.Ş.,4,BALIKESİRSPOR,3,FB ŞÜKRÜ SARACOĞLU - İSTANBUL,BÜLENT YILDIRIM,2.05.2015 - 19:00
1261,https://www.tff.org/Default.aspx?pageId=29&macId=129808,KARDEMİR KARABÜKSPOR,2,ÇAYKUR RİZESPOR A.Ş.,0,DR.NECMETTİN ŞEYHOĞLU - KARABÜK,FIRAT AYDINUS,2.05.2015 - 19:00
1254,https://www.tff.org/Default.aspx?pageId=29&macId=129801,KASIMPAŞA A.Ş.,5,BURSASPOR,3,RECEP TAYYİP ERDOĞAN STADYUMU - İSTANBUL,ÖZGÜR YANKAYA,3.05.2015 - 13:00
1255,https://www.tff.org/Default.aspx?pageId=29&macId=129802,GAZİANTEPSPOR,0,GENÇLERBİRLİĞİ,3,KAMİL OCAK - GAZİANTEP,DENİZ ATEŞ BİTNEL,3.05.2015 - 16:00
1256,https://www.tff.org/Default.aspx?pageId=29&macId=129803,TRABZONSPOR A.Ş.,0,BEŞİKTAŞ A.Ş.,2,HÜSEYİN AVNİ AKER - TRABZON,CÜNEYT ÇAKIR,3.05.2015 - 19:00
1257,https://www.tff.org/Default.aspx?pageId=29&macId=129804,AKHİSAR BELEDİYE GENÇLİK VE SPOR,0,GALATASARAY A.Ş.,2,MANİSA 19 MAYIS - MANİSA,MUSTAFA KAMİL ABİTOĞLU,4.05.2015 - 20:00
1259,https://www.tff.org/Default.aspx?pageId=29&macId=129806,SUAT ALTIN İNŞAAT KAYSERİ ERCİYESSPOR,2,MEDICANA SİVASSPOR,3,BÜYÜKŞEHİR BELEDİYESİ KADİR HAS - KAYSERİ,ALİ PALABIYIK,4.05.2015 - 20:00
1266,https://www.tff.org/Default.aspx?pageId=29&macId=129813,GALATASARAY A.Ş.,1,TORKU KONYASPOR,0,ALİ SAMİ YEN SPOR KOMPLEKSİ TÜRK TELEKOM STADYUMU,BARIŞ ŞİMŞEK,8.05.2015 - 20:00
1269,https://www.tff.org/Default.aspx?pageId=29&macId=129816,ESKİŞEHİRSPOR,4,KASIMPAŞA A.Ş.,1,ESKİŞEHİR ATATÜRK - ESKİŞEHİR,BÜLENT YILDIRIM,8.05.2015 - 20:00
1270,https://www.tff.org/Default.aspx?pageId=29&macId=129817,SUAT ALTIN İNŞAAT KAYSERİ ERCİYESSPOR,2,MERSİN İDMANYURDU,2,BÜYÜKŞEHİR BELEDİYESİ KADİR HAS - KAYSERİ,FIRAT AYDINUS,8.05.2015 - 20:00
1267,https://www.tff.org/Default.aspx?pageId=29&macId=129814,GENÇLERBİRLİĞİ,0,AKHİSAR BELEDİYE GENÇLİK VE SPOR,0,ANKARA 19 MAYIS - ANKARA,SÜLEYMAN ABAY,9.05.2015 - 13:30
1264,https://www.tff.org/Default.aspx?pageId=29&macId=129811,BURSASPOR,7,KARDEMİR KARABÜKSPOR,1,BURSA ATATÜRK - BURSA,ALİ PALABIYIK,9.05.2015 - 16:00
1262,https://www.tff.org/Default.aspx?pageId=29&macId=129809,BALIKESİRSPOR,1,İSTANBUL BAŞAKŞEHİR A.Ş.,2,BALIKESİR ATATÜRK - BALIKESİR,ÖZGÜR YANKAYA,9.05.2015 - 19:00
1265,https://www.tff.org/Default.aspx?pageId=29&macId=129812,MEDICANA SİVASSPOR,2,FENERBAHÇE A.Ş.,3,SİVAS 4 EYLÜL - SİVAS,HALİS ÖZKAHYA,9.05.2015 - 19:00
1263,https://www.tff.org/Default.aspx?pageId=29&macId=129810,ÇAYKUR RİZESPOR A.Ş.,0,TRABZONSPOR A.Ş.,2,YENİ RİZE ŞEHİR - RİZE,MUSTAFA KAMİL ABİTOĞLU,10.05.2015 - 16:00
1268,https://www.tff.org/Default.aspx?pageId=29&macId=129815,BEŞİKTAŞ A.Ş.,1,GAZİANTEPSPOR,1,OSMANLI STADI - ANKARA,TOLGA ÖZKALFA,10.05.2015 - 19:00
1272,https://www.tff.org/Default.aspx?pageId=29&macId=129819,İSTANBUL BAŞAKŞEHİR A.Ş.,2,MEDICANA SİVASSPOR,1,BAŞAKŞEHİR FATİH TERİM - İSTANBUL - BAŞAKŞEHİR,YUNUS YILDIRIM,12.05.2015 - 16:45
1273,https://www.tff.org/Default.aspx?pageId=29&macId=129820,TORKU KONYASPOR,1,GENÇLERBİRLİĞİ,0,KONYA BÜYÜKŞEHİR STADI - KONYA,SERKAN ÇINAR,12.05.2015 - 16:45
1275,https://www.tff.org/Default.aspx?pageId=29&macId=129822,MERSİN İDMANYURDU,0,GALATASARAY A.Ş.,1,MERSİN STADYUMU - MERSİN,ALİ PALABIYIK,12.05.2015 - 19:45
1276,https://www.tff.org/Default.aspx?pageId=29&macId=129823,KASIMPAŞA A.Ş.,2,BALIKESİRSPOR,3,RECEP TAYYİP ERDOĞAN STADYUMU - İSTANBUL,ALPER ULUSOY,12.05.2015 - 19:45
1277,https://www.tff.org/Default.aspx?pageId=29&macId=129824,KARDEMİR KARABÜKSPOR,2,ESKİŞEHİRSPOR,2,DR.NECMETTİN ŞEYHOĞLU - KARABÜK,HÜSEYİN GÖÇEK,12.05.2015 - 19:45
1278,https://www.tff.org/Default.aspx?pageId=29&macId=129825,TRABZONSPOR A.Ş.,1,BURSASPOR,0,HÜSEYİN AVNİ AKER - TRABZON,FIRAT AYDINUS,13.05.2015 - 16:45
1271,https://www.tff.org/Default.aspx?pageId=29&macId=129818,FENERBAHÇE A.Ş.,1,SUAT ALTIN İNŞAAT KAYSERİ ERCİYESSPOR,1,FB ŞÜKRÜ SARACOĞLU - İSTANBUL,METE KALKAVAN,13.05.2015 - 19:45
1279,https://www.tff.org/Default.aspx?pageId=29&macId=129826,GAZİANTEPSPOR,1,ÇAYKUR RİZESPOR A.Ş.,2,KAMİL OCAK - GAZİANTEP,CÜNEYT ÇAKIR,13.05.2015 - 19:45
1274,https://www.tff.org/Default.aspx?pageId=29&macId=129821,AKHİSAR BELEDİYE GENÇLİK VE SPOR,1,BEŞİKTAŞ A.Ş.,1,MANİSA 19 MAYIS - MANİSA,BÜLENT YILDIRIM,14.05.2015 - 19:45
1282,https://www.tff.org/Default.aspx?pageId=29&macId=129829,BALIKESİRSPOR,4,KARDEMİR KARABÜKSPOR,2,BALIKESİR ATATÜRK - BALIKESİR,FIRAT AYDINUS,16.05.2015 - 16:00
1287,https://www.tff.org/Default.aspx?pageId=29&macId=129834,MEDICANA SİVASSPOR,1,KASIMPAŞA A.Ş.,1,SİVAS 4 EYLÜL - SİVAS,ÇAĞATAY ŞAHAN,16.05.2015 - 19:00
1288,https://www.tff.org/Default.aspx?pageId=29&macId=129835,GALATASARAY A.Ş.,1,GENÇLERBİRLİĞİ,0,ALİ SAMİ YEN SPOR KOMPLEKSİ TÜRK TELEKOM STADYUMU,HALİS ÖZKAHYA,16.05.2015 - 20:00
1280,https://www.tff.org/Default.aspx?pageId=29&macId=129827,SUAT ALTIN İNŞAAT KAYSERİ ERCİYESSPOR,0,İSTANBUL BAŞAKŞEHİR A.Ş.,1,BÜYÜKŞEHİR BELEDİYESİ KADİR HAS - KAYSERİ,HÜSEYİN GÖÇEK,17.05.2015 - 13:00
1285,https://www.tff.org/Default.aspx?pageId=29&macId=129832,BURSASPOR,2,GAZİANTEPSPOR,0,BURSA ATATÜRK - BURSA,YUNUS YILDIRIM,17.05.2015 - 15:00
1286,https://www.tff.org/Default.aspx?pageId=29&macId=129833,ESKİŞEHİRSPOR,2,TRABZONSPOR A.Ş.,0,ESKİŞEHİR ATATÜRK - ESKİŞEHİR,ALİ PALABIYIK,17.05.2015 - 16:00
1283,https://www.tff.org/Default.aspx?pageId=29&macId=129830,MERSİN İDMANYURDU,0,FENERBAHÇE A.Ş.,1,MERSİN STADYUMU - MERSİN,CÜNEYT ÇAKIR,17.05.2015 - 20:00
1281,https://www.tff.org/Default.aspx?pageId=29&macId=129828,ÇAYKUR RİZESPOR A.Ş.,3,AKHİSAR BELEDİYE GENÇLİK VE SPOR,1,YENİ RİZE ŞEHİR - RİZE,ÖZGÜR YANKAYA,18.05.2015 - 20:00
1284,https://www.tff.org/Default.aspx?pageId=29&macId=129831,BEŞİKTAŞ A.Ş.,0,TORKU KONYASPOR,1,OSMANLI STADI - ANKARA,MUSTAFA KAMİL ABİTOĞLU,18.05.2015 - 20:00
1291,https://www.tff.org/Default.aspx?pageId=29&macId=129838,GENÇLERBİRLİĞİ,1,MERSİN İDMANYURDU,2,ANKARA 19 MAYIS - ANKARA,ONUR ÖZÜTOPRAK,22.05.2015 - 20:00
1294,https://www.tff.org/Default.aspx?pageId=29&macId=129841,KASIMPAŞA A.Ş.,3,SUAT ALTIN İNŞAAT KAYSERİ ERCİYESSPOR,3,RECEP TAYYİP ERDOĞAN STADYUMU - İSTANBUL,CÜNEYT ÇAKIR,23.05.2015 - 14:00
1297,https://www.tff.org/Default.aspx?pageId=29&macId=129844,TORKU KONYASPOR,1,ÇAYKUR RİZESPOR A.Ş.,1,KONYA BÜYÜKŞEHİR STADI - KONYA,DENİZ ATEŞ BİTNEL,23.05.2015 - 17:00
1295,https://www.tff.org/Default.aspx?pageId=29&macId=129842,TRABZONSPOR A.Ş.,3,BALIKESİRSPOR,2,HÜSEYİN AVNİ AKER - TRABZON,YUNUS YILDIRIM,23.05.2015 - 20:00
1289,https://www.tff.org/Default.aspx?pageId=29&macId=129836,KARDEMİR KARABÜKSPOR,2,MEDICANA SİVASSPOR,1,DR.NECMETTİN ŞEYHOĞLU - KARABÜK,SERKAN ÇINAR,24.05.2015 - 14:00
1296,https://www.tff.org/Default.aspx?pageId=29&macId=129843,GAZİANTEPSPOR,3,ESKİŞEHİRSPOR,2,KAMİL OCAK - GAZİANTEP,SERKAN TOKAT,24.05.2015 - 14:00
1292,https://www.tff.org/Default.aspx?pageId=29&macId=129839,GALATASARAY A.Ş.,2,BEŞİKTAŞ A.Ş.,0,ALİ SAMİ YEN SPOR KOMPLEKSİ TÜRK TELEKOM STADYUMU,HÜSEYİN GÖÇEK,24.05.2015 - 20:00
1290,https://www.tff.org/Default.aspx?pageId=29&macId=129837,AKHİSAR BELEDİYE GENÇLİK VE SPOR,0,BURSASPOR,1,MANİSA 19 MAYIS - MANİSA,METE KALKAVAN,25.05.2015 - 20:00
1293,https://www.tff.org/Default.aspx?pageId=29&macId=129840,İSTANBUL BAŞAKŞEHİR A.Ş.,2,FENERBAHÇE A.Ş.,2,BAŞAKŞEHİR FATİH TERİM - İSTANBUL - BAŞAKŞEHİR,ALİ PALABIYIK,25.05.2015 - 20:00
1305,https://www.tff.org/Default.aspx?pageId=29&macId=129852,SUAT ALTIN İNŞAAT KAYSERİ ERCİYESSPOR,4,KARDEMİR KARABÜKSPOR,3,BÜYÜKŞEHİR BELEDİYESİ KADİR HAS - KAYSERİ,BÜLENT BİRİNCİOĞLU,29.05.2015 - 17:00
1299,https://www.tff.org/Default.aspx?pageId=29&macId=129846,BALIKESİRSPOR,1,GAZİANTEPSPOR,1,BALIKESİR ATATÜRK - BALIKESİR,VOLKAN BAYARSLAN,29.05.2015 - 20:00
1303,https://www.tff.org/Default.aspx?pageId=29&macId=129850,ESKİŞEHİRSPOR,1,AKHİSAR BELEDİYE GENÇLİK VE SPOR,3,ESKİŞEHİR ATATÜRK - ESKİŞEHİR,ALPER ULUSOY,29.05.2015 - 20:00
1306,https://www.tff.org/Default.aspx?pageId=29&macId=129853,BEŞİKTAŞ A.Ş.,2,GENÇLERBİRLİĞİ,1,OSMANLI STADI - ANKARA,YUNUS YILDIRIM,29.05.2015 - 20:00
1301,https://www.tff.org/Default.aspx?pageId=29&macId=129848,ÇAYKUR RİZESPOR A.Ş.,1,GALATASARAY A.Ş.,1,YENİ RİZE ŞEHİR - RİZE,MUSTAFA KAMİL ABİTOĞLU,30.05.2015 - 13:00
1300,https://www.tff.org/Default.aspx?pageId=29&macId=129847,FENERBAHÇE A.Ş.,2,KASIMPAŞA A.Ş.,0,FB ŞÜKRÜ SARACOĞLU - İSTANBUL,FIRAT AYDINUS,30.05.2015 - 16:00
1298,https://www.tff.org/Default.aspx?pageId=29&macId=129845,MERSİN İDMANYURDU,2,İSTANBUL BAŞAKŞEHİR A.Ş.,2,MERSİN STADYUMU - MERSİN,METE KALKAVAN,30.05.2015 - 19:00
1302,https://www.tff.org/Default.aspx?pageId=29&macId=129849,BURSASPOR,0,TORKU KONYASPOR,0,BURSA ATATÜRK - BURSA,CÜNEYT ÇAKIR,30.05.2015 - 19:00
1304,https://www.tff.org/Default.aspx?pageId=29&macId=129851,MEDICANA SİVASSPOR,1,TRABZONSPOR A.Ş.,1,SİVAS 4 EYLÜL - SİVAS,HALİS ÖZKAHYA,30.05.2015 - 19:00
