Takim_adi,Oynadigi_mac_sayisi,Galibiyet_sayisi,Beraberlik_sayisi,Maglubiyet_sayisi,Attigi_gol_sayisi,Yedigi_gol_sayisi,Averaj,Puan
GALATASARAY A.Ş,34,24,5,5,60,35,25,77
FENERBAHÇE A.Ş,34,22,8,4,60,29,31,74
BEŞİKTAŞ A.Ş,34,21,6,7,55,32,23,69
İSTANBUL BAŞAKŞEHİR A.Ş,34,15,14,5,49,30,19,59
TRABZONSPOR A.Ş,34,15,12,7,58,48,10,57
BURSASPOR,34,16,9,9,69,44,25,57
MERSİN İDMANYURDU,34,13,8,13,54,48,6,47
TORKU KONYASPOR,34,12,10,12,30,39,-9,46
GENÇLERBİRLİĞİ,34,10,10,14,46,44,2,40
GAZİANTEPSPOR,34,11,7,16,31,48,-17,40
ESKİŞEHİRSPOR,34,9,12,13,45,52,-7,39
AKHİSAR BELEDİYE GENÇLİK VE SPOR,34,9,11,14,41,51,-10,38
KASIMPAŞA A.Ş,34,9,10,15,56,73,-17,37
ÇAYKUR RİZESPOR A.Ş,34,9,9,16,41,55,-14,36
MEDICANA SİVASSPOR,34,9,9,16,43,50,-7,36
KARDEMİR KARABÜKSPOR,34,7,7,20,44,64,-20,28
SUAT ALTIN İNŞAAT KAYSERİ ERCİYESSPOR,34,5,12,17,43,62,-19,27
BALIKESİRSPOR,34,6,9,19,48,69,-21,27
