Takim_adi,Oynadigi_mac_sayisi,Galibiyet_sayisi,Beraberlik_sayisi,Maglubiyet_sayisi,Attigi_gol_sayisi,Yedigi_gol_sayisi,Averaj,Puan
MEDİPOL BAŞAKŞEHİR FK,34,20,9,5,65,34,31,69
TRABZONSPOR A.Ş,34,18,11,5,76,42,34,65
BEŞİKTAŞ A.Ş,34,19,5,10,59,40,19,62
DEMİR GRUP SİVASSPOR,34,17,9,8,55,38,17,60
AYTEMİZ ALANYASPOR,34,16,9,9,61,37,24,57
GALATASARAY A.Ş,34,15,11,8,55,37,18,56
FENERBAHÇE A.Ş,34,15,8,11,58,46,12,53
GAZİANTEP FUTBOL KULÜBÜ A.Ş,34,11,13,10,49,50,-1,46
FRAPORT-TAV ANTALYASPOR,34,11,12,11,41,52,-11,45
KASIMPAŞA A.Ş,34,12,7,15,53,58,-5,43
GÖZTEPE A.Ş,34,11,9,14,44,49,-5,42
GENÇLERBİRLİĞİ,34,9,9,16,39,56,-17,36
İTTİFAK HOLDİNG KONYASPOR,34,8,12,14,36,52,-16,36
YUKATEL DENİZLİSPOR,34,9,8,17,31,48,-17,35
ÇAYKUR RİZESPOR A.Ş,34,10,5,19,38,57,-19,35
BTC TURK YENİ MALATYASPOR,34,8,8,18,44,51,-7,32
HES KABLO KAYSERİSPOR,34,8,8,18,40,72,-32,32
MKE ANKARAGÜCÜ,34,7,11,16,31,56,-25,32
