Mac_kodu,TFF_mac_linki,Ev_sahibi,Ev_sahibi_gol,Misafir_takim,Misafir_takim_gol,Stat,Ana_hakem,Tarih_saat
1008,https://www.tff.org/Default.aspx?pageId=29&macId=207161,YUKATEL DENİZLİSPOR,2,GALATASARAY A.Ş.,0,DENİZLİ ATATÜRK STADI - DENİZLİ,ABDULKADİR BİTİGEN,16.08.2019 - 20:30
1004,https://www.tff.org/Default.aspx?pageId=29&macId=207157,GENÇLERBİRLİĞİ,0,ÇAYKUR RİZESPOR A.Ş.,1,ERYAMAN STADYUMU - ANKARA - ETİMESGUT,BAHATTİN ŞİMŞEK,17.08.2019 - 19:15
1001,https://www.tff.org/Default.aspx?pageId=29&macId=207154,DEMİR GRUP SİVASSPOR,3,BEŞİKTAŞ A.Ş.,0,YENİ 4 EYLÜL STADI - SİVAS,MUSTAFA ÖĞRETMENOĞLU,17.08.2019 - 21:45
1006,https://www.tff.org/Default.aspx?pageId=29&macId=207159,İSTİKBAL MOBİLYA KAYSERİSPOR,0,ALANYASPOR,1,BÜYÜKŞEHİR BELEDİYESİ KADİR HAS - KAYSERİ,TUGAY KAAN NUMANOĞLU,17.08.2019 - 21:45
1007,https://www.tff.org/Default.aspx?pageId=29&macId=207160,KONYASPOR,0,MKE ANKARAGÜCÜ,0,KONYA BÜYÜKŞEHİR BELEDİYE STADYUMU - KONYA,BÜLENT BİRİNCİOĞLU,18.08.2019 - 19:15
1003,https://www.tff.org/Default.aspx?pageId=29&macId=207156,YENİ MALATYASPOR,3,MEDİPOL BAŞAKŞEHİR FK,0,YENİ MALATYA STADYUMU - MALATYA - MALATYA MERKEZ,HÜSEYİN GÖÇEK,18.08.2019 - 21:45
1005,https://www.tff.org/Default.aspx?pageId=29&macId=207158,KASIMPAŞA A.Ş.,1,TRABZONSPOR A.Ş.,1,RECEP TAYYİP ERDOĞAN STADYUMU - İSTANBUL,CÜNEYT ÇAKIR,18.08.2019 - 21:45
1009,https://www.tff.org/Default.aspx?pageId=29&macId=207162,GÖZTEPE A.Ş.,0,ANTALYASPOR A.Ş.,1,BORNOVA AZİZ KOCAOĞLU STADYUMU - İZMİR - BORNOVA,ZORBAY KÜÇÜK,18.08.2019 - 21:45
1002,https://www.tff.org/Default.aspx?pageId=29&macId=207155,FENERBAHÇE A.Ş.,5,GAZİŞEHİR GAZİANTEP FUTBOL KULÜBÜ,0,ÜLKER STADYUMU FB ŞÜKRÜ SARACOĞLU SPOR KOMPLEKSİ -,ARDA KARDEŞLER,19.08.2019 - 20:00
1016,https://www.tff.org/Default.aspx?pageId=29&macId=207169,BEŞİKTAŞ A.Ş.,3,GÖZTEPE A.Ş.,0,VODAFONE PARK - İSTANBUL - BEŞİKTAŞ,ALİ PALABIYIK,23.08.2019 - 20:30
1012,https://www.tff.org/Default.aspx?pageId=29&macId=207165,MKE ANKARAGÜCÜ,1,İSTİKBAL MOBİLYA KAYSERİSPOR,1,ERYAMAN STADYUMU - ANKARA - ETİMESGUT,ALİ ŞANSALAN,24.08.2019 - 19:15
1013,https://www.tff.org/Default.aspx?pageId=29&macId=207166,ALANYASPOR,4,KASIMPAŞA A.Ş.,1,BAHÇEŞEHİR OKULLARI STADYUMU - ANTALYA - ALANYA,SERKAN TOKAT,24.08.2019 - 21:45
1014,https://www.tff.org/Default.aspx?pageId=29&macId=207167,MEDİPOL BAŞAKŞEHİR FK,1,FENERBAHÇE A.Ş.,2,BAŞAKŞEHİR FATİH TERİM - İSTANBUL - BAŞAKŞEHİR,HALİL UMUT MELER,24.08.2019 - 21:45
1015,https://www.tff.org/Default.aspx?pageId=29&macId=207168,ÇAYKUR RİZESPOR A.Ş.,2,DEMİR GRUP SİVASSPOR,1,ÇAYKUR DİDİ - RİZE,FIRAT AYDINUS,25.08.2019 - 19:15
1017,https://www.tff.org/Default.aspx?pageId=29&macId=207170,TRABZONSPOR A.Ş.,2,YENİ MALATYASPOR,1,ŞENOL GÜNEŞ SPOR KOMPLEKSİ - TRABZON - TRABZON MER,KORAY GENÇERLER,25.08.2019 - 19:15
1018,https://www.tff.org/Default.aspx?pageId=29&macId=207171,ANTALYASPOR A.Ş.,0,YUKATEL DENİZLİSPOR,2,ANTALYA STADYUMU - ANTALYA,VOLKAN BAYARSLAN,25.08.2019 - 21:45
1011,https://www.tff.org/Default.aspx?pageId=29&macId=207164,GALATASARAY A.Ş.,1,KONYASPOR,1,ALİ SAMİ YEN SPOR KOMPLEKSİ TÜRK TELEKOM STADYUMU ,METE KALKAVAN,25.08.2019 - 21:49
1010,https://www.tff.org/Default.aspx?pageId=29&macId=207163,GAZİŞEHİR GAZİANTEP FUTBOL KULÜBÜ,4,GENÇLERBİRLİĞİ,1,KALYON STADYUMU - GAZİANTEP,ATİLLA KARAOĞLAN,26.08.2019 - 20:00
1021,https://www.tff.org/Default.aspx?pageId=29&macId=207174,KASIMPAŞA A.Ş.,0,MKE ANKARAGÜCÜ,1,RECEP TAYYİP ERDOĞAN STADYUMU - İSTANBUL,ZORBAY KÜÇÜK,30.08.2019 - 20:30
1027,https://www.tff.org/Default.aspx?pageId=29&macId=207180,İSTİKBAL MOBİLYA KAYSERİSPOR,2,GALATASARAY A.Ş.,3,BÜYÜKŞEHİR BELEDİYESİ KADİR HAS - KAYSERİ,MUSTAFA ÖĞRETMENOĞLU,30.08.2019 - 20:30
1025,https://www.tff.org/Default.aspx?pageId=29&macId=207178,KONYASPOR,2,ANTALYASPOR A.Ş.,2,KONYA BÜYÜKŞEHİR BELEDİYE STADYUMU - KONYA,ÜMİT ÖZTÜRK,31.08.2019 - 19:15
1019,https://www.tff.org/Default.aspx?pageId=29&macId=207172,GÖZTEPE A.Ş.,0,YUKATEL DENİZLİSPOR,0,BORNOVA AZİZ KOCAOĞLU STADYUMU - İZMİR - BORNOVA,SUAT ARSLANBOĞA,31.08.2019 - 21:45
1026,https://www.tff.org/Default.aspx?pageId=29&macId=207179,BEŞİKTAŞ A.Ş.,1,ÇAYKUR RİZESPOR A.Ş.,1,VODAFONE PARK - İSTANBUL - BEŞİKTAŞ,YAŞAR KEMAL UĞURLU,31.08.2019 - 21:45
1020,https://www.tff.org/Default.aspx?pageId=29&macId=207173,GENÇLERBİRLİĞİ,1,MEDİPOL BAŞAKŞEHİR FK,2,ERYAMAN STADYUMU - ANKARA - ETİMESGUT,CÜNEYT ÇAKIR,1.09.2019 - 19:15
1022,https://www.tff.org/Default.aspx?pageId=29&macId=207175,DEMİR GRUP SİVASSPOR,1,GAZİŞEHİR GAZİANTEP FUTBOL KULÜBÜ,1,YENİ 4 EYLÜL STADI - SİVAS,HÜSEYİN GÖÇEK,1.09.2019 - 19:15
1023,https://www.tff.org/Default.aspx?pageId=29&macId=207176,FENERBAHÇE A.Ş.,1,TRABZONSPOR A.Ş.,1,ÜLKER STADYUMU FB ŞÜKRÜ SARACOĞLU SPOR KOMPLEKSİ -,FIRAT AYDINUS,1.09.2019 - 21:45
1024,https://www.tff.org/Default.aspx?pageId=29&macId=207177,BTC TURK YENİ MALATYASPOR,2,ALANYASPOR,3,YENİ MALATYA STADYUMU - MALATYA - MALATYA MERKEZ,ALPER ULUSOY,1.09.2019 - 21:45
1035,https://www.tff.org/Default.aspx?pageId=29&macId=207188,GALATASARAY A.Ş.,1,KASIMPAŞA A.Ş.,0,ALİ SAMİ YEN SPOR KOMPLEKSİ TÜRK TELEKOM STADYUMU ,ALİ PALABIYIK,13.09.2019 - 20:30
1029,https://www.tff.org/Default.aspx?pageId=29&macId=207182,MEDİPOL BAŞAKŞEHİR FK,1,DEMİR GRUP SİVASSPOR,1,BAŞAKŞEHİR FATİH TERİM - İSTANBUL - BAŞAKŞEHİR,ARDA KARDEŞLER,14.09.2019 - 17:00
1033,https://www.tff.org/Default.aspx?pageId=29&macId=207186,GAZİŞEHİR GAZİANTEP FUTBOL KULÜBÜ,3,BEŞİKTAŞ A.Ş.,2,KALYON STADYUMU - GAZİANTEP,HALİL UMUT MELER,14.09.2019 - 20:00
1036,https://www.tff.org/Default.aspx?pageId=29&macId=207189,ANTALYASPOR A.Ş.,2,İSTİKBAL MOBİLYA KAYSERİSPOR,2,ANTALYA STADYUMU - ANTALYA,FIRAT AYDINUS,14.09.2019 - 20:00
1031,https://www.tff.org/Default.aspx?pageId=29&macId=207184,MKE ANKARAGÜCÜ,0,BTC TURK YENİ MALATYASPOR,4,ERYAMAN STADYUMU - ANKARA - ETİMESGUT,VOLKAN BAYARSLAN,15.09.2019 - 17:00
1034,https://www.tff.org/Default.aspx?pageId=29&macId=207187,ÇAYKUR RİZESPOR A.Ş.,0,GÖZTEPE A.Ş.,0,ÇAYKUR DİDİ - RİZE,ABDULKADİR BİTİGEN,15.09.2019 - 17:00
1030,https://www.tff.org/Default.aspx?pageId=29&macId=207183,YUKATEL DENİZLİSPOR,0,KONYASPOR,1,DENİZLİ ATATÜRK STADI - DENİZLİ,ALİ ŞANSALAN,15.09.2019 - 20:00
1032,https://www.tff.org/Default.aspx?pageId=29&macId=207185,TRABZONSPOR A.Ş.,2,GENÇLERBİRLİĞİ,2,ŞENOL GÜNEŞ SPOR KOMPLEKSİ - TRABZON - TRABZON MER,METE KALKAVAN,15.09.2019 - 20:00
1028,https://www.tff.org/Default.aspx?pageId=29&macId=207181,AYTEMİZ ALANYASPOR,3,FENERBAHÇE A.Ş.,1,BAHÇEŞEHİR OKULLARI STADYUMU - ANTALYA - ALANYA,HALİS ÖZKAHYA,16.09.2019 - 20:00
1040,https://www.tff.org/Default.aspx?pageId=29&macId=207193,GÖZTEPE A.Ş.,1,İTTİFAK HOLDİNG KONYASPOR,0,BORNOVA AZİZ KOCAOĞLU STADYUMU - İZMİR - BORNOVA,ÖZGÜR YANKAYA,20.09.2019 - 20:30
1044,https://www.tff.org/Default.aspx?pageId=29&macId=207197,KASIMPAŞA A.Ş.,3,ANTALYASPOR A.Ş.,0,RECEP TAYYİP ERDOĞAN STADYUMU - İSTANBUL,KORAY GENÇERLER,21.09.2019 - 15:00
1045,https://www.tff.org/Default.aspx?pageId=29&macId=207198,İSTİKBAL MOBİLYA KAYSERİSPOR,1,YUKATEL DENİZLİSPOR,1,BÜYÜKŞEHİR BELEDİYESİ KADİR HAS - KAYSERİ,HÜSEYİN GÖÇEK,21.09.2019 - 17:30
1042,https://www.tff.org/Default.aspx?pageId=29&macId=207195,FENERBAHÇE A.Ş.,2,MKE ANKARAGÜCÜ,1,ÜLKER STADYUMU FB ŞÜKRÜ SARACOĞLU SPOR KOMPLEKSİ -,ABDULKADİR BİTİGEN,21.09.2019 - 20:00
1038,https://www.tff.org/Default.aspx?pageId=29&macId=207191,ÇAYKUR RİZESPOR A.Ş.,1,GAZİŞEHİR GAZİANTEP FUTBOL KULÜBÜ,2,ÇAYKUR DİDİ - RİZE,SERKAN TOKAT,22.09.2019 - 14:00
1041,https://www.tff.org/Default.aspx?pageId=29&macId=207194,GENÇLERBİRLİĞİ,1,AYTEMİZ ALANYASPOR,1,ERYAMAN STADYUMU - ANKARA - ETİMESGUT,ZORBAY KÜÇÜK,22.09.2019 - 16:30
1043,https://www.tff.org/Default.aspx?pageId=29&macId=207196,BTC TURK YENİ MALATYASPOR,1,GALATASARAY A.Ş.,1,YENİ MALATYA STADYUMU - MALATYA - MALATYA MERKEZ,ARDA KARDEŞLER,22.09.2019 - 19:00
1037,https://www.tff.org/Default.aspx?pageId=29&macId=207190,DEMİR GRUP SİVASSPOR,2,TRABZONSPOR A.Ş.,1,YENİ 4 EYLÜL STADI - SİVAS,YAŞAR KEMAL UĞURLU,23.09.2019 - 20:00
1039,https://www.tff.org/Default.aspx?pageId=29&macId=207192,BEŞİKTAŞ A.Ş.,1,MEDİPOL BAŞAKŞEHİR FK,1,VODAFONE PARK - İSTANBUL - BEŞİKTAŞ,SUAT ARSLANBOĞA,23.09.2019 - 20:00
1046,https://www.tff.org/Default.aspx?pageId=29&macId=207199,MEDİPOL BAŞAKŞEHİR FK,5,ÇAYKUR RİZESPOR A.Ş.,0,BAŞAKŞEHİR FATİH TERİM - İSTANBUL - BAŞAKŞEHİR,FIRAT AYDINUS,27.09.2019 - 20:30
1053,https://www.tff.org/Default.aspx?pageId=29&macId=207206,YUKATEL DENİZLİSPOR,0,KASIMPAŞA A.Ş.,1,DENİZLİ ATATÜRK STADI - DENİZLİ,TUGAY KAAN NUMANOĞLU,28.09.2019 - 15:00
1050,https://www.tff.org/Default.aspx?pageId=29&macId=207203,AYTEMİZ ALANYASPOR,1,DEMİR GRUP SİVASSPOR,1,BAHÇEŞEHİR OKULLARI STADYUMU - ANTALYA - ALANYA,HALİL UMUT MELER,28.09.2019 - 17:30
1054,https://www.tff.org/Default.aspx?pageId=29&macId=207207,GALATASARAY A.Ş.,0,FENERBAHÇE A.Ş.,0,ALİ SAMİ YEN SPOR KOMPLEKSİ TÜRK TELEKOM STADYUMU ,CÜNEYT ÇAKIR,28.09.2019 - 20:00
1052,https://www.tff.org/Default.aspx?pageId=29&macId=207205,İTTİFAK HOLDİNG KONYASPOR,2,İSTİKBAL MOBİLYA KAYSERİSPOR,1,KONYA BÜYÜKŞEHİR BELEDİYE STADYUMU - KONYA,ALPER ULUSOY,29.09.2019 - 14:00
1048,https://www.tff.org/Default.aspx?pageId=29&macId=207201,ANTALYASPOR A.Ş.,3,BTC TURK YENİ MALATYASPOR,0,ANTALYA STADYUMU - ANTALYA,BAHATTİN ŞİMŞEK,29.09.2019 - 16:30
1049,https://www.tff.org/Default.aspx?pageId=29&macId=207202,MKE ANKARAGÜCÜ,2,GENÇLERBİRLİĞİ,1,ERYAMAN STADYUMU - ANKARA - ETİMESGUT,ÜMİT ÖZTÜRK,29.09.2019 - 16:30
1051,https://www.tff.org/Default.aspx?pageId=29&macId=207204,TRABZONSPOR A.Ş.,4,BEŞİKTAŞ A.Ş.,1,ŞENOL GÜNEŞ SPOR KOMPLEKSİ - TRABZON - TRABZON MER,ALİ PALABIYIK,29.09.2019 - 19:00
1047,https://www.tff.org/Default.aspx?pageId=29&macId=207200,GAZİŞEHİR GAZİANTEP FUTBOL KULÜBÜ,1,GÖZTEPE A.Ş.,1,KALYON STADYUMU - GAZİANTEP,ALİ ŞANSALAN,30.09.2019 - 20:00
1056,https://www.tff.org/Default.aspx?pageId=29&macId=207209,BTC TURK YENİ MALATYASPOR,5,YUKATEL DENİZLİSPOR,1,YENİ MALATYA STADYUMU - MALATYA - MALATYA MERKEZ,BÜLENT BİRİNCİOĞLU,4.10.2019 - 20:30
1059,https://www.tff.org/Default.aspx?pageId=29&macId=207212,FENERBAHÇE A.Ş.,0,ANTALYASPOR A.Ş.,1,ÜLKER STADYUMU FB ŞÜKRÜ SARACOĞLU SPOR KOMPLEKSİ -,YAŞAR KEMAL UĞURLU,4.10.2019 - 20:30
1060,https://www.tff.org/Default.aspx?pageId=29&macId=207213,KASIMPAŞA A.Ş.,1,İTTİFAK HOLDİNG KONYASPOR,4,RECEP TAYYİP ERDOĞAN STADYUMU - İSTANBUL,SERKAN TOKAT,5.10.2019 - 15:00
1063,https://www.tff.org/Default.aspx?pageId=29&macId=207216,GÖZTEPE A.Ş.,4,İSTİKBAL MOBİLYA KAYSERİSPOR,0,BORNOVA AZİZ KOCAOĞLU STADYUMU - İZMİR - BORNOVA,CÜNEYT ÇAKIR,5.10.2019 - 17:30
1058,https://www.tff.org/Default.aspx?pageId=29&macId=207211,GENÇLERBİRLİĞİ,0,GALATASARAY A.Ş.,0,ERYAMAN STADYUMU - ANKARA - ETİMESGUT,HALİL UMUT MELER,5.10.2019 - 20:00
1055,https://www.tff.org/Default.aspx?pageId=29&macId=207208,DEMİR GRUP SİVASSPOR,3,MKE ANKARAGÜCÜ,1,YENİ 4 EYLÜL STADI - SİVAS,ATİLLA KARAOĞLAN,6.10.2019 - 14:00
1062,https://www.tff.org/Default.aspx?pageId=29&macId=207215,BEŞİKTAŞ A.Ş.,2,AYTEMİZ ALANYASPOR,0,VODAFONE PARK - İSTANBUL - BEŞİKTAŞ,ARDA KARDEŞLER,6.10.2019 - 16:30
1057,https://www.tff.org/Default.aspx?pageId=29&macId=207210,GAZİANTEP FUTBOL KULÜBÜ A.Ş.,1,MEDİPOL BAŞAKŞEHİR FK,2,KALYON STADYUMU - GAZİANTEP,KORAY GENÇERLER,6.10.2019 - 19:00
1061,https://www.tff.org/Default.aspx?pageId=29&macId=207214,ÇAYKUR RİZESPOR A.Ş.,1,TRABZONSPOR A.Ş.,2,ÇAYKUR DİDİ - RİZE,HÜSEYİN GÖÇEK,6.10.2019 - 19:00
1072,https://www.tff.org/Default.aspx?pageId=29&macId=207225,GALATASARAY A.Ş.,3,DEMİR GRUP SİVASSPOR,2,ALİ SAMİ YEN SPOR KOMPLEKSİ TÜRK TELEKOM STADYUMU ,ALİ PALABIYIK,18.10.2019 - 20:30
1064,https://www.tff.org/Default.aspx?pageId=29&macId=207217,ANTALYASPOR A.Ş.,0,GENÇLERBİRLİĞİ,6,ANTALYA STADYUMU - ANTALYA,ABDULKADİR BİTİGEN,19.10.2019 - 15:00
1068,https://www.tff.org/Default.aspx?pageId=29&macId=207221,TRABZONSPOR A.Ş.,4,GAZİANTEP FUTBOL KULÜBÜ A.Ş.,1,ŞENOL GÜNEŞ SPOR KOMPLEKSİ - TRABZON - TRABZON MER,ÖZGÜR YANKAYA,19.10.2019 - 17:30
1069,https://www.tff.org/Default.aspx?pageId=29&macId=207222,MEDİPOL BAŞAKŞEHİR FK,2,GÖZTEPE A.Ş.,1,BAŞAKŞEHİR FATİH TERİM - İSTANBUL - BAŞAKŞEHİR,YAŞAR KEMAL UĞURLU,19.10.2019 - 17:30
1067,https://www.tff.org/Default.aspx?pageId=29&macId=207220,MKE ANKARAGÜCÜ,0,BEŞİKTAŞ A.Ş.,0,ERYAMAN STADYUMU - ANKARA - ETİMESGUT,ALİ ŞANSALAN,19.10.2019 - 20:00
1070,https://www.tff.org/Default.aspx?pageId=29&macId=207223,İSTİKBAL MOBİLYA KAYSERİSPOR,1,KASIMPAŞA A.Ş.,1,BÜYÜKŞEHİR BELEDİYESİ KADİR HAS - KAYSERİ,ATİLLA KARAOĞLAN,20.10.2019 - 14:00
1065,https://www.tff.org/Default.aspx?pageId=29&macId=207218,AYTEMİZ ALANYASPOR,5,ÇAYKUR RİZESPOR A.Ş.,2,BAHÇEŞEHİR OKULLARI STADYUMU - ANTALYA - ALANYA,CÜNEYT ÇAKIR,20.10.2019 - 16:30
1066,https://www.tff.org/Default.aspx?pageId=29&macId=207219,YUKATEL DENİZLİSPOR,1,FENERBAHÇE A.Ş.,2,DENİZLİ ATATÜRK STADI - DENİZLİ,FIRAT AYDINUS,20.10.2019 - 19:00
1071,https://www.tff.org/Default.aspx?pageId=29&macId=207224,İTTİFAK HOLDİNG KONYASPOR,0,BTC TURK YENİ MALATYASPOR,2,KONYA BÜYÜKŞEHİR BELEDİYE STADYUMU - KONYA,MUSTAFA ÖĞRETMENOĞLU,21.10.2019 - 20:00
1080,https://www.tff.org/Default.aspx?pageId=29&macId=207233,ÇAYKUR RİZESPOR A.Ş.,2,MKE ANKARAGÜCÜ,0,ÇAYKUR DİDİ - RİZE,KORAY GENÇERLER,25.10.2019 - 20:30
1076,https://www.tff.org/Default.aspx?pageId=29&macId=207229,DEMİR GRUP SİVASSPOR,2,ANTALYASPOR A.Ş.,1,YENİ 4 EYLÜL STADI - SİVAS,ALPER ULUSOY,26.10.2019 - 15:00
1079,https://www.tff.org/Default.aspx?pageId=29&macId=207232,GAZİANTEP FUTBOL KULÜBÜ A.Ş.,1,AYTEMİZ ALANYASPOR,1,KALYON STADYUMU - GAZİANTEP,SERKAN TOKAT,26.10.2019 - 17:30
1073,https://www.tff.org/Default.aspx?pageId=29&macId=207226,FENERBAHÇE A.Ş.,5,İTTİFAK HOLDİNG KONYASPOR,1,ÜLKER STADYUMU FB ŞÜKRÜ SARACOĞLU SPOR KOMPLEKSİ -,ALİ ŞANSALAN,26.10.2019 - 20:00
1078,https://www.tff.org/Default.aspx?pageId=29&macId=207231,BTC TURK YENİ MALATYASPOR,4,İSTİKBAL MOBİLYA KAYSERİSPOR,0,YENİ MALATYA STADYUMU - MALATYA - MALATYA MERKEZ,ZORBAY KÜÇÜK,27.10.2019 - 14:00
1077,https://www.tff.org/Default.aspx?pageId=29&macId=207230,GENÇLERBİRLİĞİ,0,YUKATEL DENİZLİSPOR,2,ERYAMAN STADYUMU - ANKARA - ETİMESGUT,HALİS ÖZKAHYA,27.10.2019 - 16:30
1081,https://www.tff.org/Default.aspx?pageId=29&macId=207234,GÖZTEPE A.Ş.,1,KASIMPAŞA A.Ş.,4,BORNOVA AZİZ KOCAOĞLU STADYUMU - İZMİR - BORNOVA,ÜMİT ÖZTÜRK,27.10.2019 - 16:30
1075,https://www.tff.org/Default.aspx?pageId=29&macId=207228,BEŞİKTAŞ A.Ş.,1,GALATASARAY A.Ş.,0,VODAFONE PARK - İSTANBUL - BEŞİKTAŞ,METE KALKAVAN,27.10.2019 - 19:00
1074,https://www.tff.org/Default.aspx?pageId=29&macId=207227,MEDİPOL BAŞAKŞEHİR FK,2,TRABZONSPOR A.Ş.,2,BAŞAKŞEHİR FATİH TERİM - İSTANBUL - BAŞAKŞEHİR,ALİ PALABIYIK,28.10.2019 - 20:00
1083,https://www.tff.org/Default.aspx?pageId=29&macId=207236,GALATASARAY A.Ş.,2,ÇAYKUR RİZESPOR A.Ş.,0,ALİ SAMİ YEN SPOR KOMPLEKSİ TÜRK TELEKOM STADYUMU ,ABDULKADİR BİTİGEN,1.11.2019 - 20:30
1082,https://www.tff.org/Default.aspx?pageId=29&macId=207235,İTTİFAK HOLDİNG KONYASPOR,1,GENÇLERBİRLİĞİ,1,KONYA BÜYÜKŞEHİR BELEDİYE STADYUMU - KONYA,VOLKAN BAYARSLAN,2.11.2019 - 15:00
1086,https://www.tff.org/Default.aspx?pageId=29&macId=207239,AYTEMİZ ALANYASPOR,0,MEDİPOL BAŞAKŞEHİR FK,0,BAHÇEŞEHİR OKULLARI STADYUMU - ANTALYA - ALANYA,METE KALKAVAN,2.11.2019 - 17:30
1087,https://www.tff.org/Default.aspx?pageId=29&macId=207240,TRABZONSPOR A.Ş.,0,GÖZTEPE A.Ş.,1,ŞENOL GÜNEŞ SPOR KOMPLEKSİ - TRABZON - TRABZON MER,FIRAT AYDINUS,2.11.2019 - 17:30
1084,https://www.tff.org/Default.aspx?pageId=29&macId=207237,ANTALYASPOR A.Ş.,1,BEŞİKTAŞ A.Ş.,2,ANTALYA STADYUMU - ANTALYA,CÜNEYT ÇAKIR,2.11.2019 - 20:00
1090,https://www.tff.org/Default.aspx?pageId=29&macId=207243,YUKATEL DENİZLİSPOR,0,DEMİR GRUP SİVASSPOR,2,DENİZLİ ATATÜRK STADI - DENİZLİ,ZORBAY KÜÇÜK,3.11.2019 - 14:00
1088,https://www.tff.org/Default.aspx?pageId=29&macId=207241,KASIMPAŞA A.Ş.,2,BTC TURK YENİ MALATYASPOR,2,RECEP TAYYİP ERDOĞAN STADYUMU - İSTANBUL,HALİS ÖZKAHYA,3.11.2019 - 16:30
1089,https://www.tff.org/Default.aspx?pageId=29&macId=207242,İSTİKBAL MOBİLYA KAYSERİSPOR,1,FENERBAHÇE A.Ş.,0,BÜYÜKŞEHİR BELEDİYESİ KADİR HAS - KAYSERİ,ARDA KARDEŞLER,3.11.2019 - 19:00
1085,https://www.tff.org/Default.aspx?pageId=29&macId=207238,MKE ANKARAGÜCÜ,1,GAZİANTEP FUTBOL KULÜBÜ A.Ş.,2,ERYAMAN STADYUMU - ANKARA - ETİMESGUT,HALİL UMUT MELER,4.11.2019 - 20:00
1096,https://www.tff.org/Default.aspx?pageId=29&macId=207249,FENERBAHÇE A.Ş.,3,KASIMPAŞA A.Ş.,2,ÜLKER STADYUMU FB ŞÜKRÜ SARACOĞLU SPOR KOMPLEKSİ -,ALİ PALABIYIK,8.11.2019 - 20:30
1095,https://www.tff.org/Default.aspx?pageId=29&macId=207248,GENÇLERBİRLİĞİ,2,İSTİKBAL MOBİLYA KAYSERİSPOR,1,ERYAMAN STADYUMU - ANKARA - ETİMESGUT,ALİ ŞANSALAN,9.11.2019 - 15:00
1094,https://www.tff.org/Default.aspx?pageId=29&macId=207247,DEMİR GRUP SİVASSPOR,2,İTTİFAK HOLDİNG KONYASPOR,0,YENİ 4 EYLÜL STADI - SİVAS,METE KALKAVAN,9.11.2019 - 17:30
1098,https://www.tff.org/Default.aspx?pageId=29&macId=207251,ÇAYKUR RİZESPOR A.Ş.,1,ANTALYASPOR A.Ş.,0,ÇAYKUR DİDİ - RİZE,YAŞAR KEMAL UĞURLU,9.11.2019 - 17:30
1092,https://www.tff.org/Default.aspx?pageId=29&macId=207245,GAZİANTEP FUTBOL KULÜBÜ A.Ş.,0,GALATASARAY A.Ş.,2,KALYON STADYUMU - GAZİANTEP,CÜNEYT ÇAKIR,9.11.2019 - 20:00
1093,https://www.tff.org/Default.aspx?pageId=29&macId=207246,GÖZTEPE A.Ş.,1,BTC TURK YENİ MALATYASPOR,1,BORNOVA AZİZ KOCAOĞLU STADYUMU - İZMİR - BORNOVA,ARDA KARDEŞLER,10.11.2019 - 14:00
1097,https://www.tff.org/Default.aspx?pageId=29&macId=207250,TRABZONSPOR A.Ş.,1,AYTEMİZ ALANYASPOR,0,ŞENOL GÜNEŞ SPOR KOMPLEKSİ - TRABZON - TRABZON MER,ABDULKADİR BİTİGEN,10.11.2019 - 16:30
1091,https://www.tff.org/Default.aspx?pageId=29&macId=207244,MEDİPOL BAŞAKŞEHİR FK,2,MKE ANKARAGÜCÜ,1,BAŞAKŞEHİR FATİH TERİM - İSTANBUL - BAŞAKŞEHİR,ZORBAY KÜÇÜK,10.11.2019 - 19:00
1099,https://www.tff.org/Default.aspx?pageId=29&macId=207252,BEŞİKTAŞ A.Ş.,1,YUKATEL DENİZLİSPOR,0,VODAFONE PARK - İSTANBUL - BEŞİKTAŞ,ÖZGÜR YANKAYA,10.11.2019 - 19:00
1102,https://www.tff.org/Default.aspx?pageId=29&macId=207255,GALATASARAY A.Ş.,0,MEDİPOL BAŞAKŞEHİR FK,1,ALİ SAMİ YEN SPOR KOMPLEKSİ TÜRK TELEKOM STADYUMU ,YAŞAR KEMAL UĞURLU,22.11.2019 - 20:30
1108,https://www.tff.org/Default.aspx?pageId=29&macId=207261,YUKATEL DENİZLİSPOR,2,ÇAYKUR RİZESPOR A.Ş.,0,DENİZLİ ATATÜRK STADI - DENİZLİ,HALİL UMUT MELER,23.11.2019 - 15:00
1104,https://www.tff.org/Default.aspx?pageId=29&macId=207257,MKE ANKARAGÜCÜ,0,TRABZONSPOR A.Ş.,3,ERYAMAN STADYUMU - ANKARA - ETİMESGUT,CÜNEYT ÇAKIR,23.11.2019 - 17:30
1101,https://www.tff.org/Default.aspx?pageId=29&macId=207254,İTTİFAK HOLDİNG KONYASPOR,0,BEŞİKTAŞ A.Ş.,1,KONYA BÜYÜKŞEHİR BELEDİYE STADYUMU - KONYA,FIRAT AYDINUS,23.11.2019 - 20:00
1107,https://www.tff.org/Default.aspx?pageId=29&macId=207260,İSTİKBAL MOBİLYA KAYSERİSPOR,1,DEMİR GRUP SİVASSPOR,4,BÜYÜKŞEHİR BELEDİYESİ KADİR HAS - KAYSERİ,HALİS ÖZKAHYA,24.11.2019 - 14:00
1100,https://www.tff.org/Default.aspx?pageId=29&macId=207253,KASIMPAŞA A.Ş.,1,GENÇLERBİRLİĞİ,2,RECEP TAYYİP ERDOĞAN STADYUMU - İSTANBUL,ALPER ULUSOY,24.11.2019 - 16:30
1105,https://www.tff.org/Default.aspx?pageId=29&macId=207258,AYTEMİZ ALANYASPOR,0,GÖZTEPE A.Ş.,1,BAHÇEŞEHİR OKULLARI STADYUMU - ANTALYA - ALANYA,VOLKAN BAYARSLAN,24.11.2019 - 16:32
1106,https://www.tff.org/Default.aspx?pageId=29&macId=207259,BTC TURK YENİ MALATYASPOR,0,FENERBAHÇE A.Ş.,0,YENİ MALATYA STADYUMU - MALATYA - MALATYA MERKEZ,METE KALKAVAN,24.11.2019 - 19:00
1103,https://www.tff.org/Default.aspx?pageId=29&macId=207256,ANTALYASPOR A.Ş.,1,GAZİANTEP FUTBOL KULÜBÜ A.Ş.,1,ANTALYA STADYUMU - ANTALYA,HÜSEYİN GÖÇEK,25.11.2019 - 20:00
1112,https://www.tff.org/Default.aspx?pageId=29&macId=207265,GENÇLERBİRLİĞİ,3,BTC TURK YENİ MALATYASPOR,3,ERYAMAN STADYUMU - ANKARA - ETİMESGUT,ZORBAY KÜÇÜK,29.11.2019 - 20:30
1109,https://www.tff.org/Default.aspx?pageId=29&macId=207262,DEMİR GRUP SİVASSPOR,2,KASIMPAŞA A.Ş.,0,YENİ 4 EYLÜL STADI - SİVAS,CÜNEYT ÇAKIR,30.11.2019 - 15:00
1111,https://www.tff.org/Default.aspx?pageId=29&macId=207264,ÇAYKUR RİZESPOR A.Ş.,3,İTTİFAK HOLDİNG KONYASPOR,1,ÇAYKUR DİDİ - RİZE,HALİS ÖZKAHYA,30.11.2019 - 15:00
1113,https://www.tff.org/Default.aspx?pageId=29&macId=207266,AYTEMİZ ALANYASPOR,5,MKE ANKARAGÜCÜ,0,BAHÇEŞEHİR OKULLARI STADYUMU - ANTALYA - ALANYA,ALPER ULUSOY,30.11.2019 - 17:30
1117,https://www.tff.org/Default.aspx?pageId=29&macId=207270,GÖZTEPE A.Ş.,2,FENERBAHÇE A.Ş.,2,BORNOVA AZİZ KOCAOĞLU STADYUMU - İZMİR - BORNOVA,ABDULKADİR BİTİGEN,30.11.2019 - 20:00
1110,https://www.tff.org/Default.aspx?pageId=29&macId=207263,GAZİANTEP FUTBOL KULÜBÜ A.Ş.,1,YUKATEL DENİZLİSPOR,2,KALYON STADYUMU - GAZİANTEP,ATİLLA KARAOĞLAN,1.12.2019 - 14:00
1115,https://www.tff.org/Default.aspx?pageId=29&macId=207268,MEDİPOL BAŞAKŞEHİR FK,2,ANTALYASPOR A.Ş.,0,BAŞAKŞEHİR FATİH TERİM - İSTANBUL - BAŞAKŞEHİR,SERKAN TOKAT,1.12.2019 - 16:30
1114,https://www.tff.org/Default.aspx?pageId=29&macId=207267,TRABZONSPOR A.Ş.,1,GALATASARAY A.Ş.,1,ŞENOL GÜNEŞ SPOR KOMPLEKSİ - TRABZON - TRABZON MER,ALİ PALABIYIK,1.12.2019 - 19:00
1116,https://www.tff.org/Default.aspx?pageId=29&macId=207269,BEŞİKTAŞ A.Ş.,4,İSTİKBAL MOBİLYA KAYSERİSPOR,1,VODAFONE PARK - İSTANBUL - BEŞİKTAŞ,ÜMİT ÖZTÜRK,2.12.2019 - 20:00
1118,https://www.tff.org/Default.aspx?pageId=29&macId=207271,FENERBAHÇE A.Ş.,5,GENÇLERBİRLİĞİ,2,ÜLKER STADYUMU FB ŞÜKRÜ SARACOĞLU SPOR KOMPLEKSİ -,ALİ ŞANSALAN,6.12.2019 - 20:30
1119,https://www.tff.org/Default.aspx?pageId=29&macId=207272,BTC TURK YENİ MALATYASPOR,1,DEMİR GRUP SİVASSPOR,3,YENİ MALATYA STADYUMU - MALATYA - MALATYA MERKEZ,ÜMİT ÖZTÜRK,7.12.2019 - 15:00
1122,https://www.tff.org/Default.aspx?pageId=29&macId=207275,MKE ANKARAGÜCÜ,1,GÖZTEPE A.Ş.,3,ERYAMAN STADYUMU - ANKARA - ETİMESGUT,METE KALKAVAN,7.12.2019 - 17:30
1120,https://www.tff.org/Default.aspx?pageId=29&macId=207273,GALATASARAY A.Ş.,1,AYTEMİZ ALANYASPOR,0,ALİ SAMİ YEN SPOR KOMPLEKSİ TÜRK TELEKOM STADYUMU ,HALİL UMUT MELER,7.12.2019 - 20:00
1125,https://www.tff.org/Default.aspx?pageId=29&macId=207278,İTTİFAK HOLDİNG KONYASPOR,0,GAZİANTEP FUTBOL KULÜBÜ A.Ş.,0,KONYA BÜYÜKŞEHİR BELEDİYE STADYUMU - KONYA,ALİ PALABIYIK,8.12.2019 - 14:00
1121,https://www.tff.org/Default.aspx?pageId=29&macId=207274,ANTALYASPOR A.Ş.,1,TRABZONSPOR A.Ş.,3,ANTALYA STADYUMU - ANTALYA,YAŞAR KEMAL UĞURLU,8.12.2019 - 16:30
1126,https://www.tff.org/Default.aspx?pageId=29&macId=207279,YUKATEL DENİZLİSPOR,1,MEDİPOL BAŞAKŞEHİR FK,1,DENİZLİ ATATÜRK STADI - DENİZLİ,ALPER ULUSOY,8.12.2019 - 16:30
1123,https://www.tff.org/Default.aspx?pageId=29&macId=207276,KASIMPAŞA A.Ş.,2,BEŞİKTAŞ A.Ş.,3,RECEP TAYYİP ERDOĞAN STADYUMU - İSTANBUL,ARDA KARDEŞLER,8.12.2019 - 19:00
1124,https://www.tff.org/Default.aspx?pageId=29&macId=207277,İSTİKBAL MOBİLYA KAYSERİSPOR,1,ÇAYKUR RİZESPOR A.Ş.,0,BÜYÜKŞEHİR BELEDİYESİ KADİR HAS - KAYSERİ,FIRAT AYDINUS,9.12.2019 - 20:00
1131,https://www.tff.org/Default.aspx?pageId=29&macId=207284,AYTEMİZ ALANYASPOR,0,ANTALYASPOR A.Ş.,0,BAHÇEŞEHİR OKULLARI STADYUMU - ANTALYA - ALANYA,ZORBAY KÜÇÜK,13.12.2019 - 20:30
1129,https://www.tff.org/Default.aspx?pageId=29&macId=207282,ÇAYKUR RİZESPOR A.Ş.,0,KASIMPAŞA A.Ş.,3,ÇAYKUR DİDİ - RİZE,ÜMİT ÖZTÜRK,14.12.2019 - 15:00
1130,https://www.tff.org/Default.aspx?pageId=29&macId=207283,GENÇLERBİRLİĞİ,3,GÖZTEPE A.Ş.,1,ERYAMAN STADYUMU - ANKARA - ETİMESGUT,CÜNEYT ÇAKIR,14.12.2019 - 17:00
1135,https://www.tff.org/Default.aspx?pageId=29&macId=207288,GALATASARAY A.Ş.,2,MKE ANKARAGÜCÜ,2,ALİ SAMİ YEN SPOR KOMPLEKSİ TÜRK TELEKOM STADYUMU ,ALİ ŞANSALAN,14.12.2019 - 20:00
1133,https://www.tff.org/Default.aspx?pageId=29&macId=207286,GAZİANTEP FUTBOL KULÜBÜ A.Ş.,3,İSTİKBAL MOBİLYA KAYSERİSPOR,0,KALYON STADYUMU - GAZİANTEP,ÖZGÜR YANKAYA,15.12.2019 - 14:00
1127,https://www.tff.org/Default.aspx?pageId=29&macId=207280,DEMİR GRUP SİVASSPOR,3,FENERBAHÇE A.Ş.,1,YENİ 4 EYLÜL STADI - SİVAS,ALİ PALABIYIK,15.12.2019 - 16:30
1134,https://www.tff.org/Default.aspx?pageId=29&macId=207287,BEŞİKTAŞ A.Ş.,0,BTC TURK YENİ MALATYASPOR,2,VODAFONE PARK - İSTANBUL - BEŞİKTAŞ,YAŞAR KEMAL UĞURLU,15.12.2019 - 19:00
1128,https://www.tff.org/Default.aspx?pageId=29&macId=207281,TRABZONSPOR A.Ş.,1,YUKATEL DENİZLİSPOR,2,ŞENOL GÜNEŞ SPOR KOMPLEKSİ - TRABZON - TRABZON MER,HALİS ÖZKAHYA,16.12.2019 - 20:00
1132,https://www.tff.org/Default.aspx?pageId=29&macId=207285,MEDİPOL BAŞAKŞEHİR FK,1,İTTİFAK HOLDİNG KONYASPOR,1,BAŞAKŞEHİR FATİH TERİM - İSTANBUL - BAŞAKŞEHİR,HÜSEYİN GÖÇEK,16.12.2019 - 20:00
1139,https://www.tff.org/Default.aspx?pageId=29&macId=207292,ANTALYASPOR A.Ş.,2,MKE ANKARAGÜCÜ,2,ANTALYA STADYUMU - ANTALYA,FIRAT AYDINUS,20.12.2019 - 20:30
1136,https://www.tff.org/Default.aspx?pageId=29&macId=207289,BTC TURK YENİ MALATYASPOR,0,ÇAYKUR RİZESPOR A.Ş.,2,YENİ MALATYA STADYUMU - MALATYA - MALATYA MERKEZ,ALİ PALABIYIK,21.12.2019 - 15:00
1142,https://www.tff.org/Default.aspx?pageId=29&macId=207295,KASIMPAŞA A.Ş.,3,GAZİANTEP FUTBOL KULÜBÜ A.Ş.,4,RECEP TAYYİP ERDOĞAN STADYUMU - İSTANBUL,ABDULKADİR BİTİGEN,21.12.2019 - 17:30
1138,https://www.tff.org/Default.aspx?pageId=29&macId=207291,GÖZTEPE A.Ş.,2,GALATASARAY A.Ş.,1,BORNOVA AZİZ KOCAOĞLU STADYUMU - İZMİR - BORNOVA,SERKAN TOKAT,21.12.2019 - 20:00
1140,https://www.tff.org/Default.aspx?pageId=29&macId=207293,GENÇLERBİRLİĞİ,2,DEMİR GRUP SİVASSPOR,2,ERYAMAN STADYUMU - ANKARA - ETİMESGUT,HALİS ÖZKAHYA,22.12.2019 - 14:00
1143,https://www.tff.org/Default.aspx?pageId=29&macId=207296,İSTİKBAL MOBİLYA KAYSERİSPOR,1,MEDİPOL BAŞAKŞEHİR FK,4,BÜYÜKŞEHİR BELEDİYESİ KADİR HAS - KAYSERİ,ALİ ŞANSALAN,22.12.2019 - 16:30
1141,https://www.tff.org/Default.aspx?pageId=29&macId=207294,FENERBAHÇE A.Ş.,3,BEŞİKTAŞ A.Ş.,1,ÜLKER STADYUMU FB ŞÜKRÜ SARACOĞLU SPOR KOMPLEKSİ -,CÜNEYT ÇAKIR,22.12.2019 - 19:00
1137,https://www.tff.org/Default.aspx?pageId=29&macId=207290,İTTİFAK HOLDİNG KONYASPOR,0,TRABZONSPOR A.Ş.,1,KONYA BÜYÜKŞEHİR BELEDİYE STADYUMU - KONYA,HALİL UMUT MELER,23.12.2019 - 20:00
1144,https://www.tff.org/Default.aspx?pageId=29&macId=207297,YUKATEL DENİZLİSPOR,1,AYTEMİZ ALANYASPOR,5,DENİZLİ ATATÜRK STADI - DENİZLİ,HÜSEYİN GÖÇEK,23.12.2019 - 20:00
1147,https://www.tff.org/Default.aspx?pageId=29&macId=207300,BEŞİKTAŞ A.Ş.,4,GENÇLERBİRLİĞİ,1,VODAFONE PARK - İSTANBUL - BEŞİKTAŞ,FIRAT AYDINUS,27.12.2019 - 20:30
1148,https://www.tff.org/Default.aspx?pageId=29&macId=207301,MKE ANKARAGÜCÜ,2,YUKATEL DENİZLİSPOR,2,ERYAMAN STADYUMU - ANKARA - ETİMESGUT,ARDA KARDEŞLER,28.12.2019 - 15:00
1146,https://www.tff.org/Default.aspx?pageId=29&macId=207299,MEDİPOL BAŞAKŞEHİR FK,5,KASIMPAŞA A.Ş.,1,BAŞAKŞEHİR FATİH TERİM - İSTANBUL - BAŞAKŞEHİR,ATİLLA KARAOĞLAN,28.12.2019 - 17:30
1150,https://www.tff.org/Default.aspx?pageId=29&macId=207303,TRABZONSPOR A.Ş.,6,İSTİKBAL MOBİLYA KAYSERİSPOR,2,ŞENOL GÜNEŞ SPOR KOMPLEKSİ - TRABZON - TRABZON MER,HÜSEYİN GÖÇEK,28.12.2019 - 17:30
1153,https://www.tff.org/Default.aspx?pageId=29&macId=207306,GALATASARAY A.Ş.,5,ANTALYASPOR A.Ş.,0,ALİ SAMİ YEN SPOR KOMPLEKSİ TÜRK TELEKOM STADYUMU ,ABDULKADİR BİTİGEN,28.12.2019 - 20:00
1145,https://www.tff.org/Default.aspx?pageId=29&macId=207298,DEMİR GRUP SİVASSPOR,1,GÖZTEPE A.Ş.,0,YENİ 4 EYLÜL STADI - SİVAS,YAŞAR KEMAL UĞURLU,29.12.2019 - 14:00
1149,https://www.tff.org/Default.aspx?pageId=29&macId=207302,AYTEMİZ ALANYASPOR,2,İTTİFAK HOLDİNG KONYASPOR,1,BAHÇEŞEHİR OKULLARI STADYUMU - ANTALYA - ALANYA,ÜMİT ÖZTÜRK,29.12.2019 - 16:30
1151,https://www.tff.org/Default.aspx?pageId=29&macId=207304,GAZİANTEP FUTBOL KULÜBÜ A.Ş.,1,BTC TURK YENİ MALATYASPOR,1,KALYON STADYUMU - GAZİANTEP,BAHATTİN ŞİMŞEK,29.12.2019 - 16:30
1152,https://www.tff.org/Default.aspx?pageId=29&macId=207305,ÇAYKUR RİZESPOR A.Ş.,1,FENERBAHÇE A.Ş.,2,ÇAYKUR DİDİ - RİZE,HALİL UMUT MELER,29.12.2019 - 19:00
1160,https://www.tff.org/Default.aspx?pageId=29&macId=207313,MKE ANKARAGÜCÜ,0,İTTİFAK HOLDİNG KONYASPOR,1,ERYAMAN STADYUMU - ANKARA - ETİMESGUT,ALPER ULUSOY,17.01.2020 - 20:00
1159,https://www.tff.org/Default.aspx?pageId=29&macId=207312,AYTEMİZ ALANYASPOR,5,HES KABLO KAYSERİSPOR,1,BAHÇEŞEHİR OKULLARI STADYUMU - ANTALYA - ALANYA,ALİ PALABIYIK,18.01.2020 - 14:00
1156,https://www.tff.org/Default.aspx?pageId=29&macId=207309,MEDİPOL BAŞAKŞEHİR FK,4,BTC TURK YENİ MALATYASPOR,1,BAŞAKŞEHİR FATİH TERİM - İSTANBUL - BAŞAKŞEHİR,SERKAN TOKAT,18.01.2020 - 17:00
1155,https://www.tff.org/Default.aspx?pageId=29&macId=207308,GAZİANTEP FUTBOL KULÜBÜ A.Ş.,0,FENERBAHÇE A.Ş.,2,KALYON STADYUMU - GAZİANTEP,HÜSEYİN GÖÇEK,18.01.2020 - 20:00
1162,https://www.tff.org/Default.aspx?pageId=29&macId=207315,ANTALYASPOR A.Ş.,0,GÖZTEPE A.Ş.,3,ANTALYA STADYUMU - ANTALYA,ATİLLA KARAOĞLAN,19.01.2020 - 13:30
1158,https://www.tff.org/Default.aspx?pageId=29&macId=207311,TRABZONSPOR A.Ş.,6,KASIMPAŞA A.Ş.,0,ŞENOL GÜNEŞ SPOR KOMPLEKSİ - TRABZON - TRABZON MER,ZORBAY KÜÇÜK,19.01.2020 - 16:00
1161,https://www.tff.org/Default.aspx?pageId=29&macId=207314,GALATASARAY A.Ş.,2,YUKATEL DENİZLİSPOR,1,ALİ SAMİ YEN SPOR KOMPLEKSİ TÜRK TELEKOM STADYUMU ,YAŞAR KEMAL UĞURLU,19.01.2020 - 16:00
1154,https://www.tff.org/Default.aspx?pageId=29&macId=207307,BEŞİKTAŞ A.Ş.,1,DEMİR GRUP SİVASSPOR,2,VODAFONE PARK - İSTANBUL - BEŞİKTAŞ,ALİ ŞANSALAN,19.01.2020 - 19:00
1157,https://www.tff.org/Default.aspx?pageId=29&macId=207310,ÇAYKUR RİZESPOR A.Ş.,2,GENÇLERBİRLİĞİ,0,ÇAYKUR DİDİ - RİZE,ARDA KARDEŞLER,20.01.2020 - 20:00
1163,https://www.tff.org/Default.aspx?pageId=29&macId=207316,GENÇLERBİRLİĞİ,1,GAZİANTEP FUTBOL KULÜBÜ A.Ş.,0,ERYAMAN STADYUMU - ANKARA - ETİMESGUT,METE KALKAVAN,24.01.2020 - 20:00
1165,https://www.tff.org/Default.aspx?pageId=29&macId=207318,HES KABLO KAYSERİSPOR,1,MKE ANKARAGÜCÜ,1,BÜYÜKŞEHİR BELEDİYESİ KADİR HAS - KAYSERİ,CÜNEYT ÇAKIR,25.01.2020 - 14:00
1166,https://www.tff.org/Default.aspx?pageId=29&macId=207319,KASIMPAŞA A.Ş.,1,AYTEMİZ ALANYASPOR,2,RECEP TAYYİP ERDOĞAN STADYUMU - İSTANBUL,ÖZGÜR YANKAYA,25.01.2020 - 17:00
1167,https://www.tff.org/Default.aspx?pageId=29&macId=207320,FENERBAHÇE A.Ş.,2,MEDİPOL BAŞAKŞEHİR FK,0,ÜLKER STADYUMU FB ŞÜKRÜ SARACOĞLU SPOR KOMPLEKSİ -,FIRAT AYDINUS,25.01.2020 - 20:00
1171,https://www.tff.org/Default.aspx?pageId=29&macId=207324,YUKATEL DENİZLİSPOR,0,ANTALYASPOR A.Ş.,3,DENİZLİ ATATÜRK STADI - DENİZLİ,HALİL UMUT MELER,26.01.2020 - 13:30
1169,https://www.tff.org/Default.aspx?pageId=29&macId=207322,GÖZTEPE A.Ş.,2,BEŞİKTAŞ A.Ş.,1,GÜRSEL AKSEL STADYUMU - İZMİR,HÜSEYİN GÖÇEK,26.01.2020 - 16:00
1164,https://www.tff.org/Default.aspx?pageId=29&macId=207317,İTTİFAK HOLDİNG KONYASPOR,0,GALATASARAY A.Ş.,3,KONYA BÜYÜKŞEHİR BELEDİYE STADYUMU - KONYA,KORAY GENÇERLER,26.01.2020 - 19:00
1168,https://www.tff.org/Default.aspx?pageId=29&macId=207321,DEMİR GRUP SİVASSPOR,1,ÇAYKUR RİZESPOR A.Ş.,1,YENİ 4 EYLÜL STADI - SİVAS,ABDULKADİR BİTİGEN,27.01.2020 - 20:00
1307,https://www.tff.org/Default.aspx?pageId=29&macId=218880,BTC TURK YENİ MALATYASPOR,1,TRABZONSPOR A.Ş.,3,YENİ MALATYA STADYUMU - MALATYA - MALATYA MERKEZ,ALİ PALABIYIK,11.03.2020 - 20:00
1173,https://www.tff.org/Default.aspx?pageId=29&macId=207326,MEDİPOL BAŞAKŞEHİR FK,3,GENÇLERBİRLİĞİ,1,BAŞAKŞEHİR FATİH TERİM - İSTANBUL - BAŞAKŞEHİR,ALPER ULUSOY,31.01.2020 - 20:00
1178,https://www.tff.org/Default.aspx?pageId=29&macId=207331,ANTALYASPOR A.Ş.,0,İTTİFAK HOLDİNG KONYASPOR,0,ANTALYA STADYUMU - ANTALYA,HALİS ÖZKAHYA,1.02.2020 - 14:00
1179,https://www.tff.org/Default.aspx?pageId=29&macId=207332,ÇAYKUR RİZESPOR A.Ş.,1,BEŞİKTAŞ A.Ş.,2,ÇAYKUR DİDİ - RİZE,ÜMİT ÖZTÜRK,1.02.2020 - 17:00
1176,https://www.tff.org/Default.aspx?pageId=29&macId=207329,TRABZONSPOR A.Ş.,2,FENERBAHÇE A.Ş.,1,ŞENOL GÜNEŞ SPOR KOMPLEKSİ - TRABZON - TRABZON MER,ALİ PALABIYIK,1.02.2020 - 20:00
1174,https://www.tff.org/Default.aspx?pageId=29&macId=207327,MKE ANKARAGÜCÜ,1,KASIMPAŞA A.Ş.,1,ERYAMAN STADYUMU - ANKARA - ETİMESGUT,HALİL UMUT MELER,2.02.2020 - 13:30
1175,https://www.tff.org/Default.aspx?pageId=29&macId=207328,GAZİANTEP FUTBOL KULÜBÜ A.Ş.,5,DEMİR GRUP SİVASSPOR,1,KALYON STADYUMU - GAZİANTEP,ARDA KARDEŞLER,2.02.2020 - 16:00
1177,https://www.tff.org/Default.aspx?pageId=29&macId=207330,AYTEMİZ ALANYASPOR,2,BTC TURK YENİ MALATYASPOR,1,BAHÇEŞEHİR OKULLARI STADYUMU - ANTALYA - ALANYA,METE KALKAVAN,2.02.2020 - 16:00
1180,https://www.tff.org/Default.aspx?pageId=29&macId=207333,GALATASARAY A.Ş.,4,HES KABLO KAYSERİSPOR,1,ALİ SAMİ YEN SPOR KOMPLEKSİ TÜRK TELEKOM STADYUMU ,ZORBAY KÜÇÜK,2.02.2020 - 19:00
1172,https://www.tff.org/Default.aspx?pageId=29&macId=207325,YUKATEL DENİZLİSPOR,1,GÖZTEPE A.Ş.,1,DENİZLİ ATATÜRK STADI - DENİZLİ,MUSTAFA ÖĞRETMENOĞLU,3.02.2020 - 20:00
1184,https://www.tff.org/Default.aspx?pageId=29&macId=207337,BTC TURK YENİ MALATYASPOR,0,MKE ANKARAGÜCÜ,1,YENİ MALATYA STADYUMU - MALATYA - MALATYA MERKEZ,FIRAT AYDINUS,7.02.2020 - 20:00
1183,https://www.tff.org/Default.aspx?pageId=29&macId=207336,İTTİFAK HOLDİNG KONYASPOR,0,YUKATEL DENİZLİSPOR,0,KONYA BÜYÜKŞEHİR BELEDİYE STADYUMU - KONYA,VOLKAN BAYARSLAN,8.02.2020 - 14:00
1185,https://www.tff.org/Default.aspx?pageId=29&macId=207338,GENÇLERBİRLİĞİ,0,TRABZONSPOR A.Ş.,2,ERYAMAN STADYUMU - ANKARA - ETİMESGUT,HÜSEYİN GÖÇEK,8.02.2020 - 17:00
1186,https://www.tff.org/Default.aspx?pageId=29&macId=207339,BEŞİKTAŞ A.Ş.,3,GAZİANTEP FUTBOL KULÜBÜ A.Ş.,0,VODAFONE PARK - İSTANBUL - BEŞİKTAŞ,ALPER ULUSOY,8.02.2020 - 17:00
1181,https://www.tff.org/Default.aspx?pageId=29&macId=207334,FENERBAHÇE A.Ş.,1,AYTEMİZ ALANYASPOR,1,ÜLKER STADYUMU FB ŞÜKRÜ SARACOĞLU SPOR KOMPLEKSİ -,ÜMİT ÖZTÜRK,8.02.2020 - 20:00
1189,https://www.tff.org/Default.aspx?pageId=29&macId=207342,HES KABLO KAYSERİSPOR,2,FRAPORT-TAV ANTALYASPOR,2,BÜYÜKŞEHİR BELEDİYESİ KADİR HAS - KAYSERİ,KORAY GENÇERLER,9.02.2020 - 13:30
1182,https://www.tff.org/Default.aspx?pageId=29&macId=207335,DEMİR GRUP SİVASSPOR,1,MEDİPOL BAŞAKŞEHİR FK,1,YENİ 4 EYLÜL STADI - SİVAS,HALİS ÖZKAHYA,9.02.2020 - 16:00
1188,https://www.tff.org/Default.aspx?pageId=29&macId=207341,KASIMPAŞA A.Ş.,0,GALATASARAY A.Ş.,3,RECEP TAYYİP ERDOĞAN STADYUMU - İSTANBUL,METE KALKAVAN,9.02.2020 - 19:00
1308,https://www.tff.org/Default.aspx?pageId=29&macId=218881,GÖZTEPE A.Ş.,2,ÇAYKUR RİZESPOR A.Ş.,0,GÜRSEL AKSEL STADYUMU - İZMİR,MUSTAFA ÖĞRETMENOĞLU,17.03.2020 - 20:00
1192,https://www.tff.org/Default.aspx?pageId=29&macId=207345,MEDİPOL BAŞAKŞEHİR FK,1,BEŞİKTAŞ A.Ş.,0,BAŞAKŞEHİR FATİH TERİM - İSTANBUL - BAŞAKŞEHİR,ABDULKADİR BİTİGEN,14.02.2020 - 20:00
1198,https://www.tff.org/Default.aspx?pageId=29&macId=207351,YUKATEL DENİZLİSPOR,0,HES KABLO KAYSERİSPOR,1,DENİZLİ ATATÜRK STADI - DENİZLİ,ÖZGÜR YANKAYA,15.02.2020 - 14:00
1193,https://www.tff.org/Default.aspx?pageId=29&macId=207346,İTTİFAK HOLDİNG KONYASPOR,1,GÖZTEPE A.Ş.,3,KONYA BÜYÜKŞEHİR BELEDİYE STADYUMU - KONYA,ALİ ŞANSALAN,15.02.2020 - 17:00
1195,https://www.tff.org/Default.aspx?pageId=29&macId=207348,MKE ANKARAGÜCÜ,2,FENERBAHÇE A.Ş.,1,ERYAMAN STADYUMU - ANKARA - ETİMESGUT,METE KALKAVAN,15.02.2020 - 20:00
1194,https://www.tff.org/Default.aspx?pageId=29&macId=207347,AYTEMİZ ALANYASPOR,0,GENÇLERBİRLİĞİ,1,BAHÇEŞEHİR OKULLARI STADYUMU - ANTALYA - ALANYA,ATİLLA KARAOĞLAN,16.02.2020 - 13:30
1190,https://www.tff.org/Default.aspx?pageId=29&macId=207343,TRABZONSPOR A.Ş.,2,DEMİR GRUP SİVASSPOR,1,ŞENOL GÜNEŞ SPOR KOMPLEKSİ - TRABZON - TRABZON MER,CÜNEYT ÇAKIR,16.02.2020 - 16:00
1196,https://www.tff.org/Default.aspx?pageId=29&macId=207349,GALATASARAY A.Ş.,1,BTC TURK YENİ MALATYASPOR,0,ALİ SAMİ YEN SPOR KOMPLEKSİ TÜRK TELEKOM STADYUMU ,ALPER ULUSOY,16.02.2020 - 19:00
1191,https://www.tff.org/Default.aspx?pageId=29&macId=207344,GAZİANTEP FUTBOL KULÜBÜ A.Ş.,2,ÇAYKUR RİZESPOR A.Ş.,0,KALYON STADYUMU - GAZİANTEP,ALİ PALABIYIK,17.02.2020 - 20:00
1197,https://www.tff.org/Default.aspx?pageId=29&macId=207350,FRAPORT-TAV ANTALYASPOR,3,KASIMPAŞA A.Ş.,1,ANTALYA STADYUMU - ANTALYA,ARDA KARDEŞLER,17.02.2020 - 20:00
1203,https://www.tff.org/Default.aspx?pageId=29&macId=207356,DEMİR GRUP SİVASSPOR,1,AYTEMİZ ALANYASPOR,0,YENİ 4 EYLÜL STADI - SİVAS,ZORBAY KÜÇÜK,21.02.2020 - 20:00
1205,https://www.tff.org/Default.aspx?pageId=29&macId=207358,HES KABLO KAYSERİSPOR,2,İTTİFAK HOLDİNG KONYASPOR,2,BÜYÜKŞEHİR BELEDİYESİ KADİR HAS - KAYSERİ,ARDA KARDEŞLER,22.02.2020 - 14:00
1200,https://www.tff.org/Default.aspx?pageId=29&macId=207353,GÖZTEPE A.Ş.,1,GAZİANTEP FUTBOL KULÜBÜ A.Ş.,1,GÜRSEL AKSEL STADYUMU - İZMİR,SUAT ARSLANBOĞA,22.02.2020 - 17:00
1204,https://www.tff.org/Default.aspx?pageId=29&macId=207357,BEŞİKTAŞ A.Ş.,2,TRABZONSPOR A.Ş.,2,VODAFONE PARK - İSTANBUL - BEŞİKTAŞ,FIRAT AYDINUS,22.02.2020 - 20:00
1201,https://www.tff.org/Default.aspx?pageId=29&macId=207354,BTC TURK YENİ MALATYASPOR,1,FRAPORT-TAV ANTALYASPOR,2,YENİ MALATYA STADYUMU - MALATYA - MALATYA MERKEZ,YAŞAR KEMAL UĞURLU,23.02.2020 - 13:30
1202,https://www.tff.org/Default.aspx?pageId=29&macId=207355,GENÇLERBİRLİĞİ,1,MKE ANKARAGÜCÜ,0,ERYAMAN STADYUMU - ANKARA - ETİMESGUT,ALİ ŞANSALAN,23.02.2020 - 16:00
1207,https://www.tff.org/Default.aspx?pageId=29&macId=207360,FENERBAHÇE A.Ş.,1,GALATASARAY A.Ş.,3,ÜLKER STADYUMU FB ŞÜKRÜ SARACOĞLU SPOR KOMPLEKSİ -,HALİL UMUT MELER,23.02.2020 - 19:00
1199,https://www.tff.org/Default.aspx?pageId=29&macId=207352,ÇAYKUR RİZESPOR A.Ş.,1,MEDİPOL BAŞAKŞEHİR FK,2,ÇAYKUR DİDİ - RİZE,CÜNEYT ÇAKIR,24.02.2020 - 20:00
1206,https://www.tff.org/Default.aspx?pageId=29&macId=207359,KASIMPAŞA A.Ş.,2,YUKATEL DENİZLİSPOR,0,RECEP TAYYİP ERDOĞAN STADYUMU - İSTANBUL,ATİLLA KARAOĞLAN,24.02.2020 - 20:00
1215,https://www.tff.org/Default.aspx?pageId=29&macId=207368,AYTEMİZ ALANYASPOR,1,BEŞİKTAŞ A.Ş.,2,BAHÇEŞEHİR OKULLARI STADYUMU - ANTALYA - ALANYA,HALİS ÖZKAHYA,28.02.2020 - 20:00
1213,https://www.tff.org/Default.aspx?pageId=29&macId=207366,İTTİFAK HOLDİNG KONYASPOR,0,KASIMPAŞA A.Ş.,0,KONYA BÜYÜKŞEHİR BELEDİYE STADYUMU - KONYA,ALİ PALABIYIK,29.02.2020 - 14:00
1214,https://www.tff.org/Default.aspx?pageId=29&macId=207367,TRABZONSPOR A.Ş.,5,ÇAYKUR RİZESPOR A.Ş.,2,ŞENOL GÜNEŞ SPOR KOMPLEKSİ - TRABZON - TRABZON MER,ABDULKADİR BİTİGEN,29.02.2020 - 17:00
1212,https://www.tff.org/Default.aspx?pageId=29&macId=207365,FRAPORT-TAV ANTALYASPOR,2,FENERBAHÇE A.Ş.,2,ANTALYA STADYUMU - ANTALYA,ALİ ŞANSALAN,29.02.2020 - 20:00
1209,https://www.tff.org/Default.aspx?pageId=29&macId=207362,YUKATEL DENİZLİSPOR,2,BTC TURK YENİ MALATYASPOR,0,DENİZLİ ATATÜRK STADI - DENİZLİ,KORAY GENÇERLER,1.03.2020 - 13:30
1208,https://www.tff.org/Default.aspx?pageId=29&macId=207361,MKE ANKARAGÜCÜ,0,DEMİR GRUP SİVASSPOR,3,ERYAMAN STADYUMU - ANKARA - ETİMESGUT,ÜMİT ÖZTÜRK,1.03.2020 - 16:00
1211,https://www.tff.org/Default.aspx?pageId=29&macId=207364,GALATASARAY A.Ş.,3,GENÇLERBİRLİĞİ,0,ALİ SAMİ YEN SPOR KOMPLEKSİ TÜRK TELEKOM STADYUMU ,ARDA KARDEŞLER,1.03.2020 - 19:00
1210,https://www.tff.org/Default.aspx?pageId=29&macId=207363,MEDİPOL BAŞAKŞEHİR FK,3,GAZİANTEP FUTBOL KULÜBÜ A.Ş.,1,BAŞAKŞEHİR FATİH TERİM - İSTANBUL - BAŞAKŞEHİR,ZORBAY KÜÇÜK,2.03.2020 - 20:00
1216,https://www.tff.org/Default.aspx?pageId=29&macId=207369,HES KABLO KAYSERİSPOR,1,GÖZTEPE A.Ş.,0,BÜYÜKŞEHİR BELEDİYESİ KADİR HAS - KAYSERİ,METE KALKAVAN,2.03.2020 - 20:00
1220,https://www.tff.org/Default.aspx?pageId=29&macId=207373,BEŞİKTAŞ A.Ş.,2,MKE ANKARAGÜCÜ,1,VODAFONE PARK - İSTANBUL - BEŞİKTAŞ,ARDA KARDEŞLER,6.03.2020 - 20:00
1224,https://www.tff.org/Default.aspx?pageId=29&macId=207377,BTC TURK YENİ MALATYASPOR,1,İTTİFAK HOLDİNG KONYASPOR,1,YENİ MALATYA STADYUMU - MALATYA - MALATYA MERKEZ,CÜNEYT ÇAKIR,7.03.2020 - 14:00
1221,https://www.tff.org/Default.aspx?pageId=29&macId=207374,GAZİANTEP FUTBOL KULÜBÜ A.Ş.,1,TRABZONSPOR A.Ş.,1,KALYON STADYUMU - GAZİANTEP,HALİS ÖZKAHYA,7.03.2020 - 17:00
1222,https://www.tff.org/Default.aspx?pageId=29&macId=207375,GÖZTEPE A.Ş.,0,MEDİPOL BAŞAKŞEHİR FK,3,GÜRSEL AKSEL STADYUMU - İZMİR,ALİ PALABIYIK,7.03.2020 - 17:00
1219,https://www.tff.org/Default.aspx?pageId=29&macId=207372,FENERBAHÇE A.Ş.,2,YUKATEL DENİZLİSPOR,2,ÜLKER STADYUMU FB ŞÜKRÜ SARACOĞLU SPOR KOMPLEKSİ -,ZORBAY KÜÇÜK,7.03.2020 - 20:00
1223,https://www.tff.org/Default.aspx?pageId=29&macId=207376,KASIMPAŞA A.Ş.,5,HES KABLO KAYSERİSPOR,1,RECEP TAYYİP ERDOĞAN STADYUMU - İSTANBUL,HÜSEYİN GÖÇEK,8.03.2020 - 13:30
1218,https://www.tff.org/Default.aspx?pageId=29&macId=207371,ÇAYKUR RİZESPOR A.Ş.,1,AYTEMİZ ALANYASPOR,1,ÇAYKUR DİDİ - RİZE,ALİ ŞANSALAN,8.03.2020 - 16:00
1225,https://www.tff.org/Default.aspx?pageId=29&macId=207378,DEMİR GRUP SİVASSPOR,2,GALATASARAY A.Ş.,2,YENİ 4 EYLÜL STADI - SİVAS,METE KALKAVAN,8.03.2020 - 19:00
1217,https://www.tff.org/Default.aspx?pageId=29&macId=207370,GENÇLERBİRLİĞİ,1,FRAPORT-TAV ANTALYASPOR,1,ERYAMAN STADYUMU - ANKARA - ETİMESGUT,HALİL UMUT MELER,9.03.2020 - 20:00
1233,https://www.tff.org/Default.aspx?pageId=29&macId=207386,MKE ANKARAGÜCÜ,2,ÇAYKUR RİZESPOR A.Ş.,1,ERYAMAN STADYUMU - ANKARA - ETİMESGUT,HALİL UMUT MELER,13.03.2020 - 20:00
1234,https://www.tff.org/Default.aspx?pageId=29&macId=207387,KASIMPAŞA A.Ş.,2,GÖZTEPE A.Ş.,0,RECEP TAYYİP ERDOĞAN STADYUMU - İSTANBUL,YAŞAR KEMAL UĞURLU,13.03.2020 - 20:00
1230,https://www.tff.org/Default.aspx?pageId=29&macId=207383,YUKATEL DENİZLİSPOR,1,GENÇLERBİRLİĞİ,0,DENİZLİ ATATÜRK STADI - DENİZLİ,CÜNEYT ÇAKIR,14.03.2020 - 14:00
1232,https://www.tff.org/Default.aspx?pageId=29&macId=207385,AYTEMİZ ALANYASPOR,1,GAZİANTEP FUTBOL KULÜBÜ A.Ş.,0,BAHÇEŞEHİR OKULLARI STADYUMU - ANTALYA - ALANYA,ATİLLA KARAOĞLAN,14.03.2020 - 17:00
1226,https://www.tff.org/Default.aspx?pageId=29&macId=207379,İTTİFAK HOLDİNG KONYASPOR,1,FENERBAHÇE A.Ş.,0,KONYA BÜYÜKŞEHİR BELEDİYE STADYUMU - KONYA,HÜSEYİN GÖÇEK,14.03.2020 - 20:00
1231,https://www.tff.org/Default.aspx?pageId=29&macId=207384,HES KABLO KAYSERİSPOR,2,BTC TURK YENİ MALATYASPOR,1,BÜYÜKŞEHİR BELEDİYESİ KADİR HAS - KAYSERİ,ALİ ŞANSALAN,15.03.2020 - 13:30
1227,https://www.tff.org/Default.aspx?pageId=29&macId=207380,TRABZONSPOR A.Ş.,1,MEDİPOL BAŞAKŞEHİR FK,1,ŞENOL GÜNEŞ SPOR KOMPLEKSİ - TRABZON - TRABZON MER,FIRAT AYDINUS,15.03.2020 - 16:00
1228,https://www.tff.org/Default.aspx?pageId=29&macId=207381,GALATASARAY A.Ş.,0,BEŞİKTAŞ A.Ş.,0,ALİ SAMİ YEN SPOR KOMPLEKSİ TÜRK TELEKOM STADYUMU ,ABDULKADİR BİTİGEN,15.03.2020 - 19:00
1229,https://www.tff.org/Default.aspx?pageId=29&macId=207382,FRAPORT-TAV ANTALYASPOR,1,DEMİR GRUP SİVASSPOR,0,ANTALYA STADYUMU - ANTALYA,ÖZGÜR YANKAYA,16.03.2020 - 20:00
1240,https://www.tff.org/Default.aspx?pageId=29&macId=207393,GÖZTEPE A.Ş.,1,TRABZONSPOR A.Ş.,3,GÜRSEL AKSEL STADYUMU - İZMİR,ZORBAY KÜÇÜK,12.06.2020 - 21:00
1242,https://www.tff.org/Default.aspx?pageId=29&macId=207395,FENERBAHÇE A.Ş.,2,HES KABLO KAYSERİSPOR,1,ÜLKER STADYUMU FB ŞÜKRÜ SARACOĞLU SPOR KOMPLEKSİ -,ATİLLA KARAOĞLAN,12.06.2020 - 21:00
1239,https://www.tff.org/Default.aspx?pageId=29&macId=207392,MEDİPOL BAŞAKŞEHİR FK,2,AYTEMİZ ALANYASPOR,0,BAŞAKŞEHİR FATİH TERİM - İSTANBUL - BAŞAKŞEHİR,ALİ ŞANSALAN,13.06.2020 - 18:30
1237,https://www.tff.org/Default.aspx?pageId=29&macId=207390,BEŞİKTAŞ A.Ş.,1,FRAPORT-TAV ANTALYASPOR,2,VODAFONE PARK - İSTANBUL - BEŞİKTAŞ,ÜMİT ÖZTÜRK,13.06.2020 - 21:00
1241,https://www.tff.org/Default.aspx?pageId=29&macId=207394,BTC TURK YENİ MALATYASPOR,1,KASIMPAŞA A.Ş.,2,YENİ MALATYA STADYUMU - MALATYA - MALATYA MERKEZ,HALİL UMUT MELER,13.06.2020 - 21:00
1235,https://www.tff.org/Default.aspx?pageId=29&macId=207388,GENÇLERBİRLİĞİ,2,İTTİFAK HOLDİNG KONYASPOR,1,ERYAMAN STADYUMU - ANKARA - ETİMESGUT,ALPER ULUSOY,14.06.2020 - 18:30
1236,https://www.tff.org/Default.aspx?pageId=29&macId=207389,ÇAYKUR RİZESPOR A.Ş.,2,GALATASARAY A.Ş.,0,ÇAYKUR DİDİ - RİZE,YAŞAR KEMAL UĞURLU,14.06.2020 - 21:00
1238,https://www.tff.org/Default.aspx?pageId=29&macId=207391,GAZİANTEP FUTBOL KULÜBÜ A.Ş.,1,MKE ANKARAGÜCÜ,1,KALYON STADYUMU - GAZİANTEP,METE KALKAVAN,14.06.2020 - 21:00
1243,https://www.tff.org/Default.aspx?pageId=29&macId=207396,DEMİR GRUP SİVASSPOR,1,YUKATEL DENİZLİSPOR,0,YENİ 4 EYLÜL STADI - SİVAS,ABDULKADİR BİTİGEN,15.06.2020 - 21:00
1244,https://www.tff.org/Default.aspx?pageId=29&macId=207397,MKE ANKARAGÜCÜ,1,MEDİPOL BAŞAKŞEHİR FK,2,ERYAMAN STADYUMU - ANKARA - ETİMESGUT,HÜSEYİN GÖÇEK,19.06.2020 - 21:00
1248,https://www.tff.org/Default.aspx?pageId=29&macId=207401,HES KABLO KAYSERİSPOR,2,GENÇLERBİRLİĞİ,0,BÜYÜKŞEHİR BELEDİYESİ KADİR HAS - KAYSERİ,ÜMİT ÖZTÜRK,20.06.2020 - 18:30
1246,https://www.tff.org/Default.aspx?pageId=29&macId=207399,BTC TURK YENİ MALATYASPOR,2,GÖZTEPE A.Ş.,1,YENİ MALATYA STADYUMU - MALATYA - MALATYA MERKEZ,ÖZGÜR YANKAYA,20.06.2020 - 21:00
1252,https://www.tff.org/Default.aspx?pageId=29&macId=207405,YUKATEL DENİZLİSPOR,1,BEŞİKTAŞ A.Ş.,5,DENİZLİ ATATÜRK STADI - DENİZLİ,METE KALKAVAN,20.06.2020 - 21:00
1249,https://www.tff.org/Default.aspx?pageId=29&macId=207402,KASIMPAŞA A.Ş.,2,FENERBAHÇE A.Ş.,0,RECEP TAYYİP ERDOĞAN STADYUMU - İSTANBUL,FIRAT AYDINUS,21.06.2020 - 18:30
1245,https://www.tff.org/Default.aspx?pageId=29&macId=207398,GALATASARAY A.Ş.,3,GAZİANTEP FUTBOL KULÜBÜ A.Ş.,3,ALİ SAMİ YEN SPOR KOMPLEKSİ TÜRK TELEKOM STADYUMU ,ALPER ULUSOY,21.06.2020 - 21:00
1247,https://www.tff.org/Default.aspx?pageId=29&macId=207400,İTTİFAK HOLDİNG KONYASPOR,2,DEMİR GRUP SİVASSPOR,2,KONYA BÜYÜKŞEHİR BELEDİYE STADYUMU - KONYA,HALİL UMUT MELER,21.06.2020 - 21:00
1250,https://www.tff.org/Default.aspx?pageId=29&macId=207403,AYTEMİZ ALANYASPOR,2,TRABZONSPOR A.Ş.,2,BAHÇEŞEHİR OKULLARI STADYUMU - ANTALYA - ALANYA,ATİLLA KARAOĞLAN,22.06.2020 - 21:00
1251,https://www.tff.org/Default.aspx?pageId=29&macId=207404,FRAPORT-TAV ANTALYASPOR,3,ÇAYKUR RİZESPOR A.Ş.,1,ANTALYA STADYUMU - ANTALYA,SUAT ARSLANBOĞA,22.06.2020 - 21:00
1254,https://www.tff.org/Default.aspx?pageId=29&macId=207407,BEŞİKTAŞ A.Ş.,3,İTTİFAK HOLDİNG KONYASPOR,0,VODAFONE PARK - İSTANBUL - BEŞİKTAŞ,ZORBAY KÜÇÜK,26.06.2020 - 21:00
1259,https://www.tff.org/Default.aspx?pageId=29&macId=207412,FENERBAHÇE A.Ş.,3,BTC TURK YENİ MALATYASPOR,2,ÜLKER STADYUMU FB ŞÜKRÜ SARACOĞLU SPOR KOMPLEKSİ -,ALİ ŞANSALAN,27.06.2020 - 18:30
1257,https://www.tff.org/Default.aspx?pageId=29&macId=207410,TRABZONSPOR A.Ş.,1,MKE ANKARAGÜCÜ,1,ŞENOL GÜNEŞ SPOR KOMPLEKSİ - TRABZON - TRABZON MER,ABDULKADİR BİTİGEN,27.06.2020 - 21:00
1258,https://www.tff.org/Default.aspx?pageId=29&macId=207411,GÖZTEPE A.Ş.,3,AYTEMİZ ALANYASPOR,3,GÜRSEL AKSEL STADYUMU - İZMİR,YAŞAR KEMAL UĞURLU,27.06.2020 - 21:00
1260,https://www.tff.org/Default.aspx?pageId=29&macId=207413,DEMİR GRUP SİVASSPOR,0,HES KABLO KAYSERİSPOR,2,YENİ 4 EYLÜL STADI - SİVAS,METE KALKAVAN,28.06.2020 - 18:30
1261,https://www.tff.org/Default.aspx?pageId=29&macId=207414,ÇAYKUR RİZESPOR A.Ş.,2,YUKATEL DENİZLİSPOR,2,ÇAYKUR DİDİ - RİZE,CÜNEYT ÇAKIR,28.06.2020 - 18:30
1255,https://www.tff.org/Default.aspx?pageId=29&macId=207408,MEDİPOL BAŞAKŞEHİR FK,1,GALATASARAY A.Ş.,1,BAŞAKŞEHİR FATİH TERİM - İSTANBUL - BAŞAKŞEHİR,ALİ PALABIYIK,28.06.2020 - 21:00
1256,https://www.tff.org/Default.aspx?pageId=29&macId=207409,GAZİANTEP FUTBOL KULÜBÜ A.Ş.,1,FRAPORT-TAV ANTALYASPOR,1,KALYON STADYUMU - GAZİANTEP,SERKAN TOKAT,28.06.2020 - 21:00
1253,https://www.tff.org/Default.aspx?pageId=29&macId=207406,GENÇLERBİRLİĞİ,0,KASIMPAŞA A.Ş.,2,ERYAMAN STADYUMU - ANKARA - ETİMESGUT,HALİS ÖZKAHYA,29.06.2020 - 21:00
1263,https://www.tff.org/Default.aspx?pageId=29&macId=207416,YUKATEL DENİZLİSPOR,0,GAZİANTEP FUTBOL KULÜBÜ A.Ş.,1,DENİZLİ ATATÜRK STADI - DENİZLİ,ÖZGÜR YANKAYA,3.07.2020 - 21:00
1265,https://www.tff.org/Default.aspx?pageId=29&macId=207418,BTC TURK YENİ MALATYASPOR,0,GENÇLERBİRLİĞİ,0,YENİ MALATYA STADYUMU - MALATYA - MALATYA MERKEZ,ABDULKADİR BİTİGEN,4.07.2020 - 18:30
1266,https://www.tff.org/Default.aspx?pageId=29&macId=207419,MKE ANKARAGÜCÜ,1,AYTEMİZ ALANYASPOR,4,ERYAMAN STADYUMU - ANKARA - ETİMESGUT,HALİL UMUT MELER,4.07.2020 - 18:30
1268,https://www.tff.org/Default.aspx?pageId=29&macId=207421,FRAPORT-TAV ANTALYASPOR,0,MEDİPOL BAŞAKŞEHİR FK,2,ANTALYA STADYUMU - ANTALYA,YAŞAR KEMAL UĞURLU,4.07.2020 - 21:00
1270,https://www.tff.org/Default.aspx?pageId=29&macId=207423,FENERBAHÇE A.Ş.,2,GÖZTEPE A.Ş.,1,ÜLKER STADYUMU FB ŞÜKRÜ SARACOĞLU SPOR KOMPLEKSİ -,BAHATTİN ŞİMŞEK,4.07.2020 - 21:00
1262,https://www.tff.org/Default.aspx?pageId=29&macId=207415,KASIMPAŞA A.Ş.,0,DEMİR GRUP SİVASSPOR,0,RECEP TAYYİP ERDOĞAN STADYUMU - İSTANBUL,ATİLLA KARAOĞLAN,5.07.2020 - 18:30
1264,https://www.tff.org/Default.aspx?pageId=29&macId=207417,İTTİFAK HOLDİNG KONYASPOR,1,ÇAYKUR RİZESPOR A.Ş.,0,KONYA BÜYÜKŞEHİR BELEDİYE STADYUMU - KONYA,FIRAT AYDINUS,5.07.2020 - 21:00
1267,https://www.tff.org/Default.aspx?pageId=29&macId=207420,GALATASARAY A.Ş.,1,TRABZONSPOR A.Ş.,3,ALİ SAMİ YEN SPOR KOMPLEKSİ TÜRK TELEKOM STADYUMU ,CÜNEYT ÇAKIR,5.07.2020 - 21:00
1269,https://www.tff.org/Default.aspx?pageId=29&macId=207422,HES KABLO KAYSERİSPOR,3,BEŞİKTAŞ A.Ş.,1,BÜYÜKŞEHİR BELEDİYESİ KADİR HAS - KAYSERİ,ARDA KARDEŞLER,6.07.2020 - 21:00
1271,https://www.tff.org/Default.aspx?pageId=29&macId=207424,GENÇLERBİRLİĞİ,1,FENERBAHÇE A.Ş.,1,ERYAMAN STADYUMU - ANKARA - ETİMESGUT,ALPER ULUSOY,7.07.2020 - 18:30
1279,https://www.tff.org/Default.aspx?pageId=29&macId=207432,MEDİPOL BAŞAKŞEHİR FK,2,YUKATEL DENİZLİSPOR,0,BAŞAKŞEHİR FATİH TERİM - İSTANBUL - BAŞAKŞEHİR,ABDULKADİR BİTİGEN,7.07.2020 - 21:00
1272,https://www.tff.org/Default.aspx?pageId=29&macId=207425,DEMİR GRUP SİVASSPOR,0,BTC TURK YENİ MALATYASPOR,1,YENİ 4 EYLÜL STADI - SİVAS,YAŞAR KEMAL UĞURLU,8.07.2020 - 18:30
1274,https://www.tff.org/Default.aspx?pageId=29&macId=207427,TRABZONSPOR A.Ş.,2,FRAPORT-TAV ANTALYASPOR,2,ŞENOL GÜNEŞ SPOR KOMPLEKSİ - TRABZON - TRABZON MER,HALİL UMUT MELER,8.07.2020 - 18:30
1273,https://www.tff.org/Default.aspx?pageId=29&macId=207426,AYTEMİZ ALANYASPOR,4,GALATASARAY A.Ş.,1,BAHÇEŞEHİR OKULLARI STADYUMU - ANTALYA - ALANYA,METE KALKAVAN,8.07.2020 - 21:00
1275,https://www.tff.org/Default.aspx?pageId=29&macId=207428,GÖZTEPE A.Ş.,2,MKE ANKARAGÜCÜ,2,GÜRSEL AKSEL STADYUMU - İZMİR,FIRAT AYDINUS,8.07.2020 - 21:00
1277,https://www.tff.org/Default.aspx?pageId=29&macId=207430,ÇAYKUR RİZESPOR A.Ş.,3,HES KABLO KAYSERİSPOR,2,ÇAYKUR DİDİ - RİZE,ALİ PALABIYIK,9.07.2020 - 18:30
1276,https://www.tff.org/Default.aspx?pageId=29&macId=207429,BEŞİKTAŞ A.Ş.,3,KASIMPAŞA A.Ş.,2,VODAFONE PARK - İSTANBUL - BEŞİKTAŞ,ALİ ŞANSALAN,9.07.2020 - 21:00
1278,https://www.tff.org/Default.aspx?pageId=29&macId=207431,GAZİANTEP FUTBOL KULÜBÜ A.Ş.,3,İTTİFAK HOLDİNG KONYASPOR,1,KALYON STADYUMU - GAZİANTEP,HÜSEYİN GÖÇEK,9.07.2020 - 21:00
1283,https://www.tff.org/Default.aspx?pageId=29&macId=207436,GÖZTEPE A.Ş.,1,GENÇLERBİRLİĞİ,3,GÜRSEL AKSEL STADYUMU - İZMİR,METE KALKAVAN,11.07.2020 - 21:00
1288,https://www.tff.org/Default.aspx?pageId=29&macId=207441,MKE ANKARAGÜCÜ,1,GALATASARAY A.Ş.,0,ERYAMAN STADYUMU - ANKARA - ETİMESGUT,ATİLLA KARAOĞLAN,12.07.2020 - 18:30
1280,https://www.tff.org/Default.aspx?pageId=29&macId=207433,FENERBAHÇE A.Ş.,1,DEMİR GRUP SİVASSPOR,2,ÜLKER STADYUMU FB ŞÜKRÜ SARACOĞLU SPOR KOMPLEKSİ -,ALİ PALABIYIK,12.07.2020 - 21:00
1284,https://www.tff.org/Default.aspx?pageId=29&macId=207437,FRAPORT-TAV ANTALYASPOR,1,AYTEMİZ ALANYASPOR,0,ANTALYA STADYUMU - ANTALYA,HALİS ÖZKAHYA,12.07.2020 - 21:00
1282,https://www.tff.org/Default.aspx?pageId=29&macId=207435,KASIMPAŞA A.Ş.,2,ÇAYKUR RİZESPOR A.Ş.,0,RECEP TAYYİP ERDOĞAN STADYUMU - İSTANBUL,ARDA KARDEŞLER,13.07.2020 - 18:30
1286,https://www.tff.org/Default.aspx?pageId=29&macId=207439,HES KABLO KAYSERİSPOR,1,GAZİANTEP FUTBOL KULÜBÜ A.Ş.,1,BÜYÜKŞEHİR BELEDİYESİ KADİR HAS - KAYSERİ,HALİL UMUT MELER,13.07.2020 - 18:30
1281,https://www.tff.org/Default.aspx?pageId=29&macId=207434,YUKATEL DENİZLİSPOR,2,TRABZONSPOR A.Ş.,1,DENİZLİ ATATÜRK STADI - DENİZLİ,YAŞAR KEMAL UĞURLU,13.07.2020 - 21:00
1285,https://www.tff.org/Default.aspx?pageId=29&macId=207438,İTTİFAK HOLDİNG KONYASPOR,4,MEDİPOL BAŞAKŞEHİR FK,3,KONYA BÜYÜKŞEHİR BELEDİYE STADYUMU - KONYA,CÜNEYT ÇAKIR,13.07.2020 - 21:00
1287,https://www.tff.org/Default.aspx?pageId=29&macId=207440,BTC TURK YENİ MALATYASPOR,0,BEŞİKTAŞ A.Ş.,1,YENİ MALATYA STADYUMU - MALATYA - MALATYA MERKEZ,FIRAT AYDINUS,13.07.2020 - 21:00
1291,https://www.tff.org/Default.aspx?pageId=29&macId=207444,GALATASARAY A.Ş.,3,GÖZTEPE A.Ş.,1,ALİ SAMİ YEN SPOR KOMPLEKSİ TÜRK TELEKOM STADYUMU ,KORAY GENÇERLER,18.07.2020 - 21:00
1295,https://www.tff.org/Default.aspx?pageId=29&macId=207448,GAZİANTEP FUTBOL KULÜBÜ A.Ş.,2,KASIMPAŞA A.Ş.,2,KALYON STADYUMU - GAZİANTEP,VOLKAN BAYARSLAN,18.07.2020 - 21:00
1289,https://www.tff.org/Default.aspx?pageId=29&macId=207442,ÇAYKUR RİZESPOR A.Ş.,3,BTC TURK YENİ MALATYASPOR,0,ÇAYKUR DİDİ - RİZE,YAŞAR KEMAL UĞURLU,19.07.2020 - 21:00
1290,https://www.tff.org/Default.aspx?pageId=29&macId=207443,TRABZONSPOR A.Ş.,3,İTTİFAK HOLDİNG KONYASPOR,4,ŞENOL GÜNEŞ SPOR KOMPLEKSİ - TRABZON - TRABZON MER,ATİLLA KARAOĞLAN,19.07.2020 - 21:00
1292,https://www.tff.org/Default.aspx?pageId=29&macId=207445,MKE ANKARAGÜCÜ,0,FRAPORT-TAV ANTALYASPOR,1,ERYAMAN STADYUMU - ANKARA - ETİMESGUT,CÜNEYT ÇAKIR,19.07.2020 - 21:00
1293,https://www.tff.org/Default.aspx?pageId=29&macId=207446,DEMİR GRUP SİVASSPOR,2,GENÇLERBİRLİĞİ,0,YENİ 4 EYLÜL STADI - SİVAS,ÜMİT ÖZTÜRK,19.07.2020 - 21:00
1294,https://www.tff.org/Default.aspx?pageId=29&macId=207447,BEŞİKTAŞ A.Ş.,2,FENERBAHÇE A.Ş.,0,VODAFONE PARK - İSTANBUL - BEŞİKTAŞ,HALİL UMUT MELER,19.07.2020 - 21:00
1296,https://www.tff.org/Default.aspx?pageId=29&macId=207449,MEDİPOL BAŞAKŞEHİR FK,1,HES KABLO KAYSERİSPOR,0,BAŞAKŞEHİR FATİH TERİM - İSTANBUL - BAŞAKŞEHİR,ALİ ŞANSALAN,19.07.2020 - 21:00
1297,https://www.tff.org/Default.aspx?pageId=29&macId=207450,AYTEMİZ ALANYASPOR,1,YUKATEL DENİZLİSPOR,0,BAHÇEŞEHİR OKULLARI STADYUMU - ANTALYA - ALANYA,FIRAT AYDINUS,19.07.2020 - 21:00
1306,https://www.tff.org/Default.aspx?pageId=29&macId=207459,FRAPORT-TAV ANTALYASPOR,2,GALATASARAY A.Ş.,2,ANTALYA STADYUMU - ANTALYA,SUAT ARSLANBOĞA,24.07.2020 - 21:00
1298,https://www.tff.org/Default.aspx?pageId=29&macId=207451,GÖZTEPE A.Ş.,3,DEMİR GRUP SİVASSPOR,1,GÜRSEL AKSEL STADYUMU - İZMİR,ALİ ŞANSALAN,25.07.2020 - 21:00
1300,https://www.tff.org/Default.aspx?pageId=29&macId=207453,GENÇLERBİRLİĞİ,0,BEŞİKTAŞ A.Ş.,3,ERYAMAN STADYUMU - ANKARA - ETİMESGUT,BAHATTİN ŞİMŞEK,25.07.2020 - 21:00
1301,https://www.tff.org/Default.aspx?pageId=29&macId=207454,YUKATEL DENİZLİSPOR,0,MKE ANKARAGÜCÜ,1,DENİZLİ ATATÜRK STADI - DENİZLİ,ALPER ULUSOY,25.07.2020 - 21:00
1302,https://www.tff.org/Default.aspx?pageId=29&macId=207455,İTTİFAK HOLDİNG KONYASPOR,2,AYTEMİZ ALANYASPOR,3,KONYA BÜYÜKŞEHİR BELEDİYE STADYUMU - KONYA,SERKAN TOKAT,25.07.2020 - 21:00
1303,https://www.tff.org/Default.aspx?pageId=29&macId=207456,HES KABLO KAYSERİSPOR,1,TRABZONSPOR A.Ş.,2,BÜYÜKŞEHİR BELEDİYESİ KADİR HAS - KAYSERİ,CÜNEYT ÇAKIR,25.07.2020 - 21:00
1304,https://www.tff.org/Default.aspx?pageId=29&macId=207457,BTC TURK YENİ MALATYASPOR,0,GAZİANTEP FUTBOL KULÜBÜ A.Ş.,1,YENİ MALATYA STADYUMU - MALATYA - MALATYA MERKEZ,ARDA KARDEŞLER,25.07.2020 - 21:00
1305,https://www.tff.org/Default.aspx?pageId=29&macId=207458,FENERBAHÇE A.Ş.,3,ÇAYKUR RİZESPOR A.Ş.,1,ÜLKER STADYUMU FB ŞÜKRÜ SARACOĞLU SPOR KOMPLEKSİ -,HALİS ÖZKAHYA,25.07.2020 - 21:00
1299,https://www.tff.org/Default.aspx?pageId=29&macId=207452,KASIMPAŞA A.Ş.,3,MEDİPOL BAŞAKŞEHİR FK,2,RECEP TAYYİP ERDOĞAN STADYUMU - İSTANBUL,FIRAT AYDINUS,26.07.2020 - 17:00
