Takim_adi,Oynadigi_mac_sayisi,Galibiyet_sayisi,Beraberlik_sayisi,Maglubiyet_sayisi,Attigi_gol_sayisi,Yedigi_gol_sayisi,Averaj,Puan
GALATASARAY,34,24,7,3,77,23,54,79
BEŞİKTAŞ,34,23,6,5,74,27,47,75
GAZİANTEPSPOR,34,17,11,6,49,27,22,62
FENERBAHÇE,34,17,10,7,59,44,15,61
GENÇLERBİRLİĞİ,34,16,8,10,57,47,10,56
TRABZONSPOR,34,15,8,11,47,41,6,53
SAMSUNSPOR,34,16,4,14,51,43,8,52
DENİZLİSPOR,34,13,8,13,55,57,-2,47
ADANASPOR A.Ş,34,13,6,15,51,55,-4,45
BURSASPOR,34,12,6,16,51,63,-12,42
ANTALYASPOR A.Ş,34,11,8,15,42,58,-16,41
KOCAELİSPOR,34,11,7,16,44,58,-14,40
MKE ANKARAGÜCÜ,34,9,12,13,45,56,-11,39
ERZURUMSPOR,34,10,8,16,40,61,-21,38
İSTANBULSPOR A.Ş,34,8,13,13,38,43,-5,37
ALTAY,34,10,7,17,34,43,-9,37
GÖZTEPE A.Ş,34,7,5,22,26,54,-28,26
VANSPOR A.Ş,34,4,6,24,38,78,-40,18
