Mac_kodu,TFF_mac_linki,Ev_sahibi,Ev_sahibi_gol,Misafir_takim,Misafir_takim_gol,Stat,Ana_hakem,Tarih_saat
1007,https://www.tff.org/Default.aspx?pageId=397&macId=28448,GALATASARAY                                       ,1,GAZİANTEPSPOR                                     ,2,ALİ SAMİ YEN,BÜLENT UZUN,6.08.1999 - 20:00
1001,https://www.tff.org/Default.aspx?pageId=397&macId=28442,GENÇLERBİRLİĞİ                                    ,1,BEŞİKTAŞ                                          ,0,ANKARA 19 MAYIS,ÜNSAL ÇİMEN,7.08.1999 - 19:00
1009,https://www.tff.org/Default.aspx?pageId=397&macId=28450,SAMSUNSPOR                                        ,2,MKE ANKARAGÜCÜ                                    ,0,SAMSUN 19 MAYIS,MUHİTTİN BOŞAT,7.08.1999 - 19:00
1002,https://www.tff.org/Default.aspx?pageId=397&macId=28443,FENERBAHÇE                                        ,3,VANSPOR A.Ş.                                      ,0,FB ŞÜKRÜ SARACOĞLU,İBRAHİM AKSOY,8.08.1999 - 19:00
1003,https://www.tff.org/Default.aspx?pageId=397&macId=28444,GÖZTEPE A.Ş.                                      ,0,KOCAELİSPOR                                       ,0,İZMİR ATATÜRK,ALİ AYDIN,8.08.1999 - 19:00
1004,https://www.tff.org/Default.aspx?pageId=397&macId=28445,ERZURUMSPOR                                       ,0,DENİZLİSPOR                                       ,1,CEMAL GÜRSEL,İSMET ARZUMAN,8.08.1999 - 19:00
1005,https://www.tff.org/Default.aspx?pageId=397&macId=28446,BURSASPOR                                         ,1,ALTAY                                             ,4,BURSA ATATÜRK,CEM TOSYALI,8.08.1999 - 19:00
1006,https://www.tff.org/Default.aspx?pageId=397&macId=28447,ANTALYASPOR A.Ş.                                  ,0,İSTANBULSPOR A.Ş.                                 ,3,ANTALYA ATATÜRK,METİN KARAASLAN,8.08.1999 - 19:00
1008,https://www.tff.org/Default.aspx?pageId=397&macId=28449,ADANASPOR A.Ş.                                    ,1,TRABZONSPOR                                       ,2,5 OCAK,MURAT ILGAZ,8.08.1999 - 19:00
1017,https://www.tff.org/Default.aspx?pageId=397&macId=28459,ALTAY                                             ,0,GÖZTEPE A.Ş.                                      ,0,İZMİR ATATÜRK,ORHAN ERDEMİR,13.08.1999 - 20:00
1013,https://www.tff.org/Default.aspx?pageId=397&macId=28460,İSTANBULSPOR A.Ş.                                 ,1,BURSASPOR                                         ,0,BAYRAMPAŞA ÇETİN EMEÇ,ALİ ULUYOL,14.08.1999 - 18:00
1014,https://www.tff.org/Default.aspx?pageId=397&macId=28461,FENERBAHÇE                                        ,1,KOCAELİSPOR                                       ,1,FB ŞÜKRÜ SARACOĞLU,OĞUZ SARVAN,14.08.1999 - 19:00
1010,https://www.tff.org/Default.aspx?pageId=397&macId=28462,VANSPOR A.Ş.                                      ,0,ERZURUMSPOR                                       ,2,VALİ MAHMUT YILBAŞ,MUSTAFA ÇULCU,15.08.1999 - 19:00
1011,https://www.tff.org/Default.aspx?pageId=397&macId=28463,TRABZONSPOR                                       ,1,GALATASARAY                                       ,2,HÜSEYİN AVNİ AKER,EROL ERSOY,15.08.1999 - 19:00
1012,https://www.tff.org/Default.aspx?pageId=397&macId=28464,GAZİANTEPSPOR                                     ,1,ANTALYASPOR A.Ş.                                  ,2,KAMİL OCAK,SADIK İLHAN,15.08.1999 - 19:00
1015,https://www.tff.org/Default.aspx?pageId=397&macId=28465,DENİZLİSPOR                                       ,1,GENÇLERBİRLİĞİ                                    ,3,DENİZLİ ATATÜRK,MUSA ERYILMAZ,15.08.1999 - 19:00
1016,https://www.tff.org/Default.aspx?pageId=397&macId=28466,BEŞİKTAŞ                                          ,4,SAMSUNSPOR                                        ,0,BEŞİKTAŞ İNÖNÜ,METİN TOKAT,15.08.1999 - 19:00
1018,https://www.tff.org/Default.aspx?pageId=397&macId=28467,MKE ANKARAGÜCÜ                                    ,0,ADANASPOR A.Ş.                                    ,0,ANKARA 19 MAYIS,SERDAR ÇAKIR,15.08.1999 - 19:00
1027,https://www.tff.org/Default.aspx?pageId=397&macId=28510,ANTALYASPOR A.Ş.                                  ,0,TRABZONSPOR                                       ,2,ANTALYA ATATÜRK,MUHİTTİN BOŞAT,10.09.1999 - 20:00
1025,https://www.tff.org/Default.aspx?pageId=397&macId=28508,GALATASARAY                                       ,5,MKE ANKARAGÜCÜ                                    ,0,ALİ SAMİ YEN,SEBAHATTİN ŞAHİN,11.09.1999 - 19:00
1019,https://www.tff.org/Default.aspx?pageId=397&macId=28502,SAMSUNSPOR                                        ,2,ADANASPOR A.Ş.                                    ,1,SAMSUN 19 MAYIS,KAZIM ERÇAKIR,12.09.1999 - 19:00
1020,https://www.tff.org/Default.aspx?pageId=397&macId=28503,ERZURUMSPOR                                       ,3,KOCAELİSPOR                                       ,3,CEMAL GÜRSEL,HAMDİ KÖSE,12.09.1999 - 19:00
1021,https://www.tff.org/Default.aspx?pageId=397&macId=28504,BURSASPOR                                         ,0,GAZİANTEPSPOR                                     ,1,BURSA ATATÜRK,YILNUR ÖNEN,12.09.1999 - 19:00
1022,https://www.tff.org/Default.aspx?pageId=397&macId=28505,GENÇLERBİRLİĞİ                                    ,1,VANSPOR A.Ş.                                      ,1,ANKARA 19 MAYIS,MUTLU ÇELİK,12.09.1999 - 19:00
1023,https://www.tff.org/Default.aspx?pageId=397&macId=28506,FENERBAHÇE                                        ,3,ALTAY                                             ,1,FB ŞÜKRÜ SARACOĞLU,MURAT ILGAZ,12.09.1999 - 19:00
1024,https://www.tff.org/Default.aspx?pageId=397&macId=28507,GÖZTEPE A.Ş.                                      ,2,İSTANBULSPOR A.Ş.                                 ,0,İZMİR ATATÜRK,SABİT HACIÖMEROĞLU,12.09.1999 - 19:00
1026,https://www.tff.org/Default.aspx?pageId=397&macId=28509,BEŞİKTAŞ                                          ,1,DENİZLİSPOR                                       ,1,BEŞİKTAŞ İNÖNÜ,KADİR TOZLU,12.09.1999 - 19:00
1030,https://www.tff.org/Default.aspx?pageId=397&macId=28542,ADANASPOR A.Ş.                                    ,3,GALATASARAY                                       ,4,5 OCAK,İBRAHİM AKSOY,17.09.1999 - 20:00
1029,https://www.tff.org/Default.aspx?pageId=397&macId=28543,GENÇLERBİRLİĞİ                                    ,0,KOCAELİSPOR                                       ,4,ANKARA 19 MAYIS,ORHAN ERDEMİR,18.09.1999 - 19:00
1035,https://www.tff.org/Default.aspx?pageId=397&macId=28544,TRABZONSPOR                                       ,2,BURSASPOR                                         ,0,HÜSEYİN AVNİ AKER,METİN TOKAT,18.09.1999 - 19:00
1028,https://www.tff.org/Default.aspx?pageId=397&macId=28545,İSTANBULSPOR A.Ş.                                 ,1,FENERBAHÇE                                        ,4,BAYRAMPAŞA ÇETİN EMEÇ,EROL ERSOY,19.09.1999 - 16:30
1031,https://www.tff.org/Default.aspx?pageId=397&macId=28546,GAZİANTEPSPOR                                     ,2,GÖZTEPE A.Ş.                                      ,1,KAMİL OCAK,ZAFER ÖNDER İPEK,19.09.1999 - 19:00
1032,https://www.tff.org/Default.aspx?pageId=397&macId=28547,ALTAY                                             ,3,ERZURUMSPOR                                       ,0,İZMİR ATATÜRK,LEVENT YARDIMCI,19.09.1999 - 19:00
1033,https://www.tff.org/Default.aspx?pageId=397&macId=28548,VANSPOR A.Ş.                                      ,0,BEŞİKTAŞ                                          ,6,VALİ MAHMUT YILBAŞ,ERDAL GÜLEÇ,19.09.1999 - 19:00
1034,https://www.tff.org/Default.aspx?pageId=397&macId=28549,DENİZLİSPOR                                       ,4,SAMSUNSPOR                                        ,1,DENİZLİ ATATÜRK,NAMIK KEMAL DEMİROĞLU,19.09.1999 - 19:00
1036,https://www.tff.org/Default.aspx?pageId=397&macId=28550,MKE ANKARAGÜCÜ                                    ,1,ANTALYASPOR A.Ş.                                  ,3,ANKARA 19 MAYIS,SEBAHATTİN BİTİRİM,19.09.1999 - 19:00
1040,https://www.tff.org/Default.aspx?pageId=397&macId=28651,SAMSUNSPOR                                        ,0,GALATASARAY                                       ,1,SAMSUN 19 MAYIS,SADIK İLHAN,24.09.1999 - 20:00
1039,https://www.tff.org/Default.aspx?pageId=397&macId=28652,BEŞİKTAŞ                                          ,1,KOCAELİSPOR                                       ,0,BEŞİKTAŞ İNÖNÜ,İSMET ARZUMAN,25.09.1999 - 19:00
1037,https://www.tff.org/Default.aspx?pageId=397&macId=28653,GENÇLERBİRLİĞİ                                    ,0,ALTAY                                             ,0,ANKARA 19 MAYIS,İSMET CENGİZ,26.09.1999 - 15:30
1041,https://www.tff.org/Default.aspx?pageId=397&macId=28655,ERZURUMSPOR                                       ,0,İSTANBULSPOR A.Ş.                                 ,0,CEMAL GÜRSEL,OĞUZ SARVAN,26.09.1999 - 15:30
1038,https://www.tff.org/Default.aspx?pageId=397&macId=28654,DENİZLİSPOR                                       ,1,VANSPOR A.Ş.                                      ,0,DENİZLİ ATATÜRK,ŞAHİN TAŞKINSOY,26.09.1999 - 19:00
1042,https://www.tff.org/Default.aspx?pageId=397&macId=28656,FENERBAHÇE                                        ,0,GAZİANTEPSPOR                                     ,0,FB ŞÜKRÜ SARACOĞLU,ÜNSAL ÇİMEN,26.09.1999 - 19:00
1043,https://www.tff.org/Default.aspx?pageId=397&macId=28657,GÖZTEPE A.Ş.                                      ,1,TRABZONSPOR                                       ,1,İZMİR ATATÜRK,SERDAR ÇAKIR,26.09.1999 - 19:00
1044,https://www.tff.org/Default.aspx?pageId=397&macId=28658,BURSASPOR                                         ,3,MKE ANKARAGÜCÜ                                    ,1,BURSA ATATÜRK,BÜLENT UZUN,26.09.1999 - 19:00
1045,https://www.tff.org/Default.aspx?pageId=397&macId=28659,ANTALYASPOR A.Ş.                                  ,2,ADANASPOR A.Ş.                                    ,2,ANTALYA ATATÜRK,SELÇUK DERELİ,26.09.1999 - 19:00
1052,https://www.tff.org/Default.aspx?pageId=397&macId=28950,GALATASARAY                                       ,2,ANTALYASPOR A.Ş.                                  ,0,ALİ SAMİ YEN,MUSA ERYILMAZ,15.10.1999 - 20:00
1048,https://www.tff.org/Default.aspx?pageId=397&macId=28951,MKE ANKARAGÜCÜ                                    ,1,GÖZTEPE A.Ş.                                      ,2,ANKARA 19 MAYIS,METİN KARAASLAN,16.10.1999 - 15:00
1054,https://www.tff.org/Default.aspx?pageId=397&macId=28952,TRABZONSPOR                                       ,2,FENERBAHÇE                                        ,0,HÜSEYİN AVNİ AKER,BÜLENT UZUN,16.10.1999 - 19:00
1050,https://www.tff.org/Default.aspx?pageId=397&macId=28956,İSTANBULSPOR A.Ş.                                 ,3,GENÇLERBİRLİĞİ                                    ,1,BAYRAMPAŞA ÇETİN EMEÇ,KADİR TOZLU,17.10.1999 - 15:30
1046,https://www.tff.org/Default.aspx?pageId=397&macId=28953,DENİZLİSPOR                                       ,3,KOCAELİSPOR                                       ,1,DENİZLİ ATATÜRK,METİN SEVAL,17.10.1999 - 19:00
1047,https://www.tff.org/Default.aspx?pageId=397&macId=28954,VANSPOR A.Ş.                                      ,0,SAMSUNSPOR                                        ,0,VALİ MAHMUT YILBAŞ,YILNUR ÖNEN,17.10.1999 - 19:00
1049,https://www.tff.org/Default.aspx?pageId=397&macId=28955,GAZİANTEPSPOR                                     ,6,ERZURUMSPOR                                       ,0,KAMİL OCAK,METİN TOKAT,17.10.1999 - 19:00
1051,https://www.tff.org/Default.aspx?pageId=397&macId=28957,ALTAY                                             ,2,BEŞİKTAŞ                                          ,2,İZMİR ATATÜRK,MUSTAFA ÇULCU,17.10.1999 - 19:00
1053,https://www.tff.org/Default.aspx?pageId=397&macId=28958,ADANASPOR A.Ş.                                    ,1,BURSASPOR                                         ,1,5 OCAK,EROL ERSOY,17.10.1999 - 19:00
1060,https://www.tff.org/Default.aspx?pageId=397&macId=29064,BURSASPOR                                         ,0,GALATASARAY                                       ,0,BURSA ATATÜRK,OĞUZ SARVAN,22.10.1999 - 20:00
1062,https://www.tff.org/Default.aspx?pageId=397&macId=29065,BEŞİKTAŞ                                          ,3,İSTANBULSPOR A.Ş.                                 ,0,BEŞİKTAŞ İNÖNÜ,MUHİTTİN BOŞAT,23.10.1999 - 19:00
1055,https://www.tff.org/Default.aspx?pageId=397&macId=29066,GENÇLERBİRLİĞİ                                    ,0,GAZİANTEPSPOR                                     ,1,ANKARA 19 MAYIS,ALİ AYDIN,24.10.1999 - 14:00
1058,https://www.tff.org/Default.aspx?pageId=397&macId=29069,ERZURUMSPOR                                       ,2,TRABZONSPOR                                       ,1,CEMAL GÜRSEL,ORHAN ERDEMİR,24.10.1999 - 14:00
1056,https://www.tff.org/Default.aspx?pageId=397&macId=29067,GÖZTEPE A.Ş.                                      ,0,ADANASPOR A.Ş.                                    ,1,İZMİR ATATÜRK,SERDAR TATLI,24.10.1999 - 19:00
1059,https://www.tff.org/Default.aspx?pageId=397&macId=29070,FENERBAHÇE                                        ,1,MKE ANKARAGÜCÜ                                    ,1,FB ŞÜKRÜ SARACOĞLU,KADİR TOZLU,24.10.1999 - 19:00
1061,https://www.tff.org/Default.aspx?pageId=397&macId=29071,DENİZLİSPOR                                       ,2,ALTAY                                             ,1,DENİZLİ ATATÜRK,SABİT HACIÖMEROĞLU,24.10.1999 - 19:00
1063,https://www.tff.org/Default.aspx?pageId=397&macId=29072,SAMSUNSPOR                                        ,0,ANTALYASPOR A.Ş.                                  ,1,SAMSUN 19 MAYIS,İBRAHİM AKSOY,24.10.1999 - 19:00
1057,https://www.tff.org/Default.aspx?pageId=397&macId=29068,VANSPOR A.Ş.                                      ,5,KOCAELİSPOR                                       ,0,VALİ MAHMUT YILBAŞ,İLHAMİ KAPLAN,24.10.1999 - 19:01
1071,https://www.tff.org/Default.aspx?pageId=397&macId=29196,GALATASARAY                                       ,2,GÖZTEPE A.Ş.                                      ,0,ALİ SAMİ YEN,MUSTAFA ÇULCU,29.10.1999 - 20:00
1064,https://www.tff.org/Default.aspx?pageId=397&macId=29197,MKE ANKARAGÜCÜ                                    ,1,ERZURUMSPOR                                       ,0,ANKARA 19 MAYIS,ERDAL GÜLEÇ,30.10.1999 - 14:00
1066,https://www.tff.org/Default.aspx?pageId=397&macId=29198,ADANASPOR A.Ş.                                    ,1,FENERBAHÇE                                        ,3,5 OCAK,METİN TOKAT,30.10.1999 - 19:00
1065,https://www.tff.org/Default.aspx?pageId=397&macId=29199,İSTANBULSPOR A.Ş.                                 ,1,DENİZLİSPOR                                       ,1,BAYRAMPAŞA ÇETİN EMEÇ,ÇETİN SARIGÜL,31.10.1999 - 14:00
1068,https://www.tff.org/Default.aspx?pageId=397&macId=29201,ALTAY                                             ,2,VANSPOR A.Ş.                                      ,0,İZMİR ALSANCAK,MUSTAFA KALKANDELEN,31.10.1999 - 14:00
1069,https://www.tff.org/Default.aspx?pageId=397&macId=29202,SAMSUNSPOR                                        ,5,KOCAELİSPOR                                       ,1,SAMSUN 19 MAYIS,SERDAR ÇAKIR,31.10.1999 - 14:00
1067,https://www.tff.org/Default.aspx?pageId=397&macId=29200,GAZİANTEPSPOR                                     ,0,BEŞİKTAŞ                                          ,0,KAMİL OCAK,MURAT ILGAZ,31.10.1999 - 19:00
1070,https://www.tff.org/Default.aspx?pageId=397&macId=29203,ANTALYASPOR A.Ş.                                  ,1,BURSASPOR                                         ,1,ANTALYA ATATÜRK,MUSTAFA ARSLAN,31.10.1999 - 19:00
1072,https://www.tff.org/Default.aspx?pageId=397&macId=29204,TRABZONSPOR                                       ,1,GENÇLERBİRLİĞİ                                    ,2,HÜSEYİN AVNİ AKER,MUSA ERYILMAZ,31.10.1999 - 19:00
1080,https://www.tff.org/Default.aspx?pageId=397&macId=29514,DENİZLİSPOR                                       ,1,GAZİANTEPSPOR                                     ,0,DENİZLİ ATATÜRK,MUHİTTİN BOŞAT,19.11.1999 - 20:00
1078,https://www.tff.org/Default.aspx?pageId=397&macId=29515,GÖZTEPE A.Ş.                                      ,1,ANTALYASPOR A.Ş.                                  ,2,İZMİR ATATÜRK,ALİ ULUYOL,20.11.1999 - 19:00
1077,https://www.tff.org/Default.aspx?pageId=397&macId=29519,ERZURUMSPOR                                       ,4,ADANASPOR A.Ş.                                    ,1,CEMAL GÜRSEL,MUTLU ÇELİK,21.11.1999 - 12:30
1076,https://www.tff.org/Default.aspx?pageId=397&macId=29518,GENÇLERBİRLİĞİ                                    ,1,MKE ANKARAGÜCÜ                                    ,2,ANKARA 19 MAYIS,SADIK İLHAN,21.11.1999 - 13:30
1081,https://www.tff.org/Default.aspx?pageId=397&macId=29521,SAMSUNSPOR                                        ,1,BURSASPOR                                         ,0,SAMSUN 19 MAYIS,ORHAN ERDEMİR,21.11.1999 - 13:30
1074,https://www.tff.org/Default.aspx?pageId=397&macId=29516,ALTAY                                             ,0,KOCAELİSPOR                                       ,1,İZMİR ALSANCAK,SERDAR TATLI,21.11.1999 - 14:00
1075,https://www.tff.org/Default.aspx?pageId=397&macId=29517,BEŞİKTAŞ                                          ,1,TRABZONSPOR                                       ,1,BEŞİKTAŞ İNÖNÜ,OĞUZ SARVAN,21.11.1999 - 19:00
1079,https://www.tff.org/Default.aspx?pageId=397&macId=29520,VANSPOR A.Ş.                                      ,1,İSTANBULSPOR A.Ş.                                 ,1,VALİ MAHMUT YILBAŞ,ZAFER ÖNDER İPEK,21.11.1999 - 19:00
1073,https://www.tff.org/Default.aspx?pageId=397&macId=30097,FENERBAHÇE                                        ,1,GALATASARAY                                       ,2,FB ŞÜKRÜ SARACOĞLU,MUHİTTİN BOŞAT,22.12.1999 - 19:00
1084,https://www.tff.org/Default.aspx?pageId=397&macId=29625,MKE ANKARAGÜCÜ                                    ,2,BEŞİKTAŞ                                          ,3,ANKARA 19 MAYIS,EROL ERSOY,26.11.1999 - 20:00
1089,https://www.tff.org/Default.aspx?pageId=397&macId=29626,ANTALYASPOR A.Ş.                                  ,2,FENERBAHÇE                                        ,3,ANTALYA ATATÜRK,İBRAHİM AKSOY,27.11.1999 - 19:00
1090,https://www.tff.org/Default.aspx?pageId=397&macId=29627,ADANASPOR A.Ş.                                    ,1,GENÇLERBİRLİĞİ                                    ,2,5 OCAK,İSMET ARZUMAN,27.11.1999 - 19:00
1085,https://www.tff.org/Default.aspx?pageId=397&macId=29630,GAZİANTEPSPOR                                     ,1,VANSPOR A.Ş.                                      ,3,KAMİL OCAK,SELÇUK DERELİ,28.11.1999 - 13:30
1086,https://www.tff.org/Default.aspx?pageId=397&macId=29631,İSTANBULSPOR A.Ş.                                 ,4,KOCAELİSPOR                                       ,1,BAYRAMPAŞA ÇETİN EMEÇ,KADİR TOZLU,28.11.1999 - 14:00
1087,https://www.tff.org/Default.aspx?pageId=397&macId=29632,ALTAY                                             ,2,SAMSUNSPOR                                        ,1,İZMİR ALSANCAK,MURAT ILGAZ,28.11.1999 - 14:00
1082,https://www.tff.org/Default.aspx?pageId=397&macId=29628,GALATASARAY                                       ,4,ERZURUMSPOR                                       ,1,ALİ SAMİ YEN,METİN TOKAT,28.11.1999 - 19:00
1083,https://www.tff.org/Default.aspx?pageId=397&macId=29629,TRABZONSPOR                                       ,1,DENİZLİSPOR                                       ,1,HÜSEYİN AVNİ AKER,ÜNSAL ÇİMEN,28.11.1999 - 19:00
1088,https://www.tff.org/Default.aspx?pageId=397&macId=29633,BURSASPOR                                         ,1,GÖZTEPE A.Ş.                                      ,2,BURSA ATATÜRK,SERDAR ÇAKIR,28.11.1999 - 19:00
1094,https://www.tff.org/Default.aspx?pageId=397&macId=29737,GENÇLERBİRLİĞİ                                    ,1,GALATASARAY                                       ,1,ANKARA 19 MAYIS,OĞUZ SARVAN,3.12.1999 - 20:00
1099,https://www.tff.org/Default.aspx?pageId=397&macId=29738,BEŞİKTAŞ                                          ,0,ADANASPOR A.Ş.                                    ,1,BEŞİKTAŞ İNÖNÜ,MUSTAFA ÇULCU,4.12.1999 - 19:00
1092,https://www.tff.org/Default.aspx?pageId=397&macId=29740,VANSPOR A.Ş.                                      ,2,TRABZONSPOR                                       ,2,VALİ MAHMUT YILBAŞ,SERDAR TATLI,5.12.1999 - 12:30
1095,https://www.tff.org/Default.aspx?pageId=397&macId=29742,ERZURUMSPOR                                       ,4,ANTALYASPOR A.Ş.                                  ,0,CEMAL GÜRSEL,ŞAHİN TAŞKINSOY,5.12.1999 - 12:30
1091,https://www.tff.org/Default.aspx?pageId=397&macId=29739,GAZİANTEPSPOR                                     ,1,KOCAELİSPOR                                       ,0,KAMİL OCAK,KAZIM ERÇAKIR,5.12.1999 - 13:30
1093,https://www.tff.org/Default.aspx?pageId=397&macId=29741,SAMSUNSPOR                                        ,4,GÖZTEPE A.Ş.                                      ,0,SAMSUN 19 MAYIS,MUSTAFA KALKANDELEN,5.12.1999 - 13:30
1097,https://www.tff.org/Default.aspx?pageId=397&macId=29744,ALTAY                                             ,0,İSTANBULSPOR A.Ş.                                 ,0,İZMİR ALSANCAK,METİN KARAASLAN,5.12.1999 - 14:00
1096,https://www.tff.org/Default.aspx?pageId=397&macId=29743,FENERBAHÇE                                        ,2,BURSASPOR                                         ,2,FB ŞÜKRÜ SARACOĞLU,İLHAMİ KAPLAN,5.12.1999 - 19:00
1098,https://www.tff.org/Default.aspx?pageId=397&macId=29745,DENİZLİSPOR                                       ,1,MKE ANKARAGÜCÜ                                    ,1,DENİZLİ ATATÜRK,ALİ AYDIN,5.12.1999 - 19:00
1108,https://www.tff.org/Default.aspx?pageId=397&macId=29852,ADANASPOR A.Ş.                                    ,3,DENİZLİSPOR                                       ,2,5 OCAK,SERDAR ÇAKIR,10.12.1999 - 20:00
1105,https://www.tff.org/Default.aspx?pageId=397&macId=29853,İSTANBULSPOR A.Ş.                                 ,0,SAMSUNSPOR                                        ,1,BAYRAMPAŞA ÇETİN EMEÇ,ÜNSAL ÇİMEN,11.12.1999 - 14:00
1106,https://www.tff.org/Default.aspx?pageId=397&macId=29854,GÖZTEPE A.Ş.                                      ,0,FENERBAHÇE                                        ,0,İZMİR ATATÜRK,METİN TOKAT,11.12.1999 - 19:00
1102,https://www.tff.org/Default.aspx?pageId=397&macId=29857,TRABZONSPOR                                       ,1,KOCAELİSPOR                                       ,0,HÜSEYİN AVNİ AKER,MURAT ILGAZ,12.12.1999 - 13:00
1103,https://www.tff.org/Default.aspx?pageId=397&macId=29858,MKE ANKARAGÜCÜ                                    ,1,VANSPOR A.Ş.                                      ,0,ANKARA 19 MAYIS,MUSA ERYILMAZ,12.12.1999 - 13:30
1100,https://www.tff.org/Default.aspx?pageId=397&macId=29855,BURSASPOR                                         ,4,ERZURUMSPOR                                       ,2,BURSA ATATÜRK,METİN SEVAL,12.12.1999 - 14:00
1107,https://www.tff.org/Default.aspx?pageId=397&macId=29860,ANTALYASPOR A.Ş.                                  ,2,GENÇLERBİRLİĞİ                                    ,1,ANTALYA ATATÜRK,BÜLENT UZUN,12.12.1999 - 14:00
1101,https://www.tff.org/Default.aspx?pageId=397&macId=29856,GALATASARAY                                       ,1,BEŞİKTAŞ                                          ,0,ALİ SAMİ YEN,ORHAN ERDEMİR,12.12.1999 - 19:00
1104,https://www.tff.org/Default.aspx?pageId=397&macId=29859,GAZİANTEPSPOR                                     ,1,ALTAY                                             ,0,KAMİL OCAK,YILNUR ÖNEN,12.12.1999 - 19:00
1117,https://www.tff.org/Default.aspx?pageId=397&macId=29983,SAMSUNSPOR                                        ,1,FENERBAHÇE                                        ,1,SAMSUN 19 MAYIS,EROL ERSOY,17.12.1999 - 20:08
1115,https://www.tff.org/Default.aspx?pageId=397&macId=29985,MKE ANKARAGÜCÜ                                    ,3,KOCAELİSPOR                                       ,2,ANKARA 19 MAYIS,SABİT HACIÖMEROĞLU,18.12.1999 - 13:30
1111,https://www.tff.org/Default.aspx?pageId=397&macId=29984,DENİZLİSPOR                                       ,2,GALATASARAY                                       ,4,DENİZLİ ATATÜRK,İBRAHİM AKSOY,18.12.1999 - 19:05
1110,https://www.tff.org/Default.aspx?pageId=397&macId=29987,VANSPOR A.Ş.                                      ,0,ADANASPOR A.Ş.                                    ,2,VALİ MAHMUT YILBAŞ,MURAT ILGAZ,19.12.1999 - 12:00
1112,https://www.tff.org/Default.aspx?pageId=397&macId=29988,ERZURUMSPOR                                       ,0,GÖZTEPE A.Ş.                                      ,0,CEMAL GÜRSEL,ALİ AYDIN,19.12.1999 - 12:35
1113,https://www.tff.org/Default.aspx?pageId=397&macId=29989,İSTANBULSPOR A.Ş.                                 ,1,GAZİANTEPSPOR                                     ,1,BAYRAMPAŞA ÇETİN EMEÇ,SEBAHATTİN BİTİRİM,19.12.1999 - 13:05
1109,https://www.tff.org/Default.aspx?pageId=397&macId=29986,GENÇLERBİRLİĞİ                                    ,1,BURSASPOR                                         ,0,ANKARA 19 MAYIS,ŞAHİN TAŞKINSOY,19.12.1999 - 13:30
1114,https://www.tff.org/Default.aspx?pageId=397&macId=29990,ALTAY                                             ,3,TRABZONSPOR                                       ,1,İZMİR ALSANCAK,METİN TOKAT,19.12.1999 - 14:04
1116,https://www.tff.org/Default.aspx?pageId=397&macId=29991,BEŞİKTAŞ                                          ,4,ANTALYASPOR A.Ş.                                  ,0,BEŞİKTAŞ İNÖNÜ,SADIK İLHAN,19.12.1999 - 19:05
1123,https://www.tff.org/Default.aspx?pageId=397&macId=30100,BURSASPOR                                         ,0,BEŞİKTAŞ                                          ,1,BURSA ATATÜRK,ALİ AYDIN,24.12.1999 - 20:00
1121,https://www.tff.org/Default.aspx?pageId=397&macId=30102,MKE ANKARAGÜCÜ                                    ,3,ALTAY                                             ,0,ANKARA 19 MAYIS,MUSTAFA ÇULCU,25.12.1999 - 13:30
1126,https://www.tff.org/Default.aspx?pageId=397&macId=30104,ADANASPOR A.Ş.                                    ,3,KOCAELİSPOR                                       ,0,5 OCAK,SERDAR TATLI,25.12.1999 - 13:30
1118,https://www.tff.org/Default.aspx?pageId=397&macId=30101,FENERBAHÇE                                        ,2,ERZURUMSPOR                                       ,0,FB ŞÜKRÜ SARACOĞLU,ZAFER ÖNDER İPEK,25.12.1999 - 19:00
1124,https://www.tff.org/Default.aspx?pageId=397&macId=30103,ANTALYASPOR A.Ş.                                  ,2,DENİZLİSPOR                                       ,2,ANTALYA ATATÜRK,ORHAN ERDEMİR,25.12.1999 - 19:00
1120,https://www.tff.org/Default.aspx?pageId=397&macId=30106,TRABZONSPOR                                       ,1,İSTANBULSPOR A.Ş.                                 ,1,HÜSEYİN AVNİ AKER,SEBAHATTİN ŞAHİN,26.12.1999 - 13:00
1122,https://www.tff.org/Default.aspx?pageId=397&macId=30107,GAZİANTEPSPOR                                     ,5,SAMSUNSPOR                                        ,2,KAMİL OCAK,OĞUZ SARVAN,26.12.1999 - 13:30
1119,https://www.tff.org/Default.aspx?pageId=397&macId=30105,GÖZTEPE A.Ş.                                      ,3,GENÇLERBİRLİĞİ                                    ,2,İZMİR ATATÜRK,SELÇUK DERELİ,26.12.1999 - 14:00
1125,https://www.tff.org/Default.aspx?pageId=397&macId=30108,GALATASARAY                                       ,2,VANSPOR A.Ş.                                      ,1,ALİ SAMİ YEN,CEM TOSYALI,26.12.1999 - 19:00
1134,https://www.tff.org/Default.aspx?pageId=397&macId=30241,BEŞİKTAŞ                                          ,2,GÖZTEPE A.Ş.                                      ,1,BEŞİKTAŞ İNÖNÜ,KADİR TOZLU,7.01.2000 - 20:00
1130,https://www.tff.org/Default.aspx?pageId=397&macId=30245,ERZURUMSPOR                                       ,1,SAMSUNSPOR                                        ,0,CEMAL GÜRSEL,ALİ ULUYOL,8.01.2000 - 12:00
1129,https://www.tff.org/Default.aspx?pageId=397&macId=30244,DENİZLİSPOR                                       ,1,BURSASPOR                                         ,3,DENİZLİ ATATÜRK,MUSTAFA KALKANDELEN,8.01.2000 - 13:30
1127,https://www.tff.org/Default.aspx?pageId=397&macId=30242,GENÇLERBİRLİĞİ                                    ,2,FENERBAHÇE                                        ,2,ANKARA 19 MAYIS,SERDAR TATLI,8.01.2000 - 19:00
1128,https://www.tff.org/Default.aspx?pageId=397&macId=30243,ALTAY                                             ,2,ADANASPOR A.Ş.                                    ,1,İZMİR ATATÜRK,İSMET CENGİZ,8.01.2000 - 19:00
1133,https://www.tff.org/Default.aspx?pageId=397&macId=30248,VANSPOR A.Ş.                                      ,2,ANTALYASPOR A.Ş.                                  ,4,VALİ MAHMUT YILBAŞ,SEBAHATTİN BİTİRİM,9.01.2000 - 12:00
1131,https://www.tff.org/Default.aspx?pageId=397&macId=30246,İSTANBULSPOR A.Ş.                                 ,2,MKE ANKARAGÜCÜ                                    ,6,BAYRAMPAŞA ÇETİN EMEÇ,BÜLENT UZUN,9.01.2000 - 13:30
1135,https://www.tff.org/Default.aspx?pageId=397&macId=30249,TRABZONSPOR                                       ,0,GAZİANTEPSPOR                                     ,0,HÜSEYİN AVNİ AKER,İBRAHİM AKSOY,9.01.2000 - 13:30
1132,https://www.tff.org/Default.aspx?pageId=397&macId=30247,KOCAELİSPOR                                       ,1,GALATASARAY                                       ,2, İSMETPAŞA,EROL ERSOY,9.01.2000 - 19:00
1138,https://www.tff.org/Default.aspx?pageId=397&macId=30258,SAMSUNSPOR                                        ,0,TRABZONSPOR                                       ,0,SAMSUN 19 MAYIS,MUHİTTİN BOŞAT,14.01.2000 - 20:00
1139,https://www.tff.org/Default.aspx?pageId=397&macId=30260,MKE ANKARAGÜCÜ                                    ,1,GAZİANTEPSPOR                                     ,1,ANKARA 19 MAYIS,ERDAL GÜLEÇ,15.01.2000 - 13:30
1142,https://www.tff.org/Default.aspx?pageId=397&macId=30261,BURSASPOR                                         ,3,VANSPOR A.Ş.                                      ,2,BURSA ATATÜRK,SADIK İLHAN,15.01.2000 - 13:30
1137,https://www.tff.org/Default.aspx?pageId=397&macId=30259,GALATASARAY                                       ,3,ALTAY                                             ,1,ALİ SAMİ YEN,ZAFER ÖNDER İPEK,15.01.2000 - 19:00
1143,https://www.tff.org/Default.aspx?pageId=397&macId=30262,ANTALYASPOR A.Ş.                                  ,3,KOCAELİSPOR                                       ,0,ANTALYA ATATÜRK,METİN TOKAT,15.01.2000 - 19:00
1140,https://www.tff.org/Default.aspx?pageId=397&macId=30264,ERZURUMSPOR                                       ,1,GENÇLERBİRLİĞİ                                    ,1,CEMAL GÜRSEL,KAZIM ERÇAKIR,16.01.2000 - 12:00
1136,https://www.tff.org/Default.aspx?pageId=397&macId=30263,GÖZTEPE A.Ş.                                      ,2,DENİZLİSPOR                                       ,4,İZMİR ATATÜRK,MUSTAFA ÇULCU,16.01.2000 - 13:30
1144,https://www.tff.org/Default.aspx?pageId=397&macId=30266,ADANASPOR A.Ş.                                    ,2,İSTANBULSPOR A.Ş.                                 ,1,5 OCAK,HAMDİ KÖSE,16.01.2000 - 13:30
1141,https://www.tff.org/Default.aspx?pageId=397&macId=30265,FENERBAHÇE                                        ,2,BEŞİKTAŞ                                          ,1,FB ŞÜKRÜ SARACOĞLU,OĞUZ SARVAN,16.01.2000 - 19:00
1152,https://www.tff.org/Default.aspx?pageId=397&macId=30284,DENİZLİSPOR                                       ,1,FENERBAHÇE                                        ,1,DENİZLİ ATATÜRK,KADİR TOZLU,21.01.2000 - 20:00
1148,https://www.tff.org/Default.aspx?pageId=397&macId=30286,GAZİANTEPSPOR                                     ,1,ADANASPOR A.Ş.                                    ,1,KAMİL OCAK,BÜLENT UZUN,22.01.2000 - 19:00
1145,https://www.tff.org/Default.aspx?pageId=397&macId=30288,GENÇLERBİRLİĞİ                                    ,1,SAMSUNSPOR                                        ,0,ANKARA 19 MAYIS,MUSA ERYILMAZ,23.01.2000 - 13:30
1149,https://www.tff.org/Default.aspx?pageId=397&macId=30290,İSTANBULSPOR A.Ş.                                 ,0,GALATASARAY                                       ,0,BAYRAMPAŞA ÇETİN EMEÇ,MUSTAFA KALKANDELEN,23.01.2000 - 13:30
1150,https://www.tff.org/Default.aspx?pageId=397&macId=30291,ALTAY                                             ,2,ANTALYASPOR A.Ş.                                  ,0,İZMİR ALSANCAK,SELÇUK DERELİ,23.01.2000 - 13:30
1153,https://www.tff.org/Default.aspx?pageId=397&macId=30292,TRABZONSPOR                                       ,3,MKE ANKARAGÜCÜ                                    ,1,HÜSEYİN AVNİ AKER,MUSTAFA ÇULCU,23.01.2000 - 13:30
1146,https://www.tff.org/Default.aspx?pageId=397&macId=30285,KOCAELİSPOR                                       ,3,BURSASPOR                                         ,2, İSMETPAŞA,YILNUR ÖNEN,23.01.2000 - 19:00
1147,https://www.tff.org/Default.aspx?pageId=397&macId=30289,BEŞİKTAŞ                                          ,2,ERZURUMSPOR                                       ,0,BEŞİKTAŞ İNÖNÜ,METİN TOKAT,23.01.2000 - 19:00
1151,https://www.tff.org/Default.aspx?pageId=397&macId=30287,VANSPOR A.Ş.                                      ,1,GÖZTEPE A.Ş.                                      ,0,VALİ MAHMUT YILBAŞ,CEM TOSYALI,2.02.2000 - 12:00
1155,https://www.tff.org/Default.aspx?pageId=397&macId=30358,VANSPOR A.Ş.                                      ,1,FENERBAHÇE                                        ,2,VALİ MAHMUT YILBAŞ,ÜNSAL ÇİMEN,28.01.2000 - 20:00
1161,https://www.tff.org/Default.aspx?pageId=397&macId=30359,TRABZONSPOR                                       ,0,ADANASPOR A.Ş.                                    ,1,HÜSEYİN AVNİ AKER,SERDAR TATLI,28.01.2000 - 20:00
1156,https://www.tff.org/Default.aspx?pageId=397&macId=30361,KOCAELİSPOR                                       ,2,GÖZTEPE A.Ş.                                      ,0, İSMETPAŞA,İSMET ARZUMAN,29.01.2000 - 13:30
1159,https://www.tff.org/Default.aspx?pageId=397&macId=30362,İSTANBULSPOR A.Ş.                                 ,0,ANTALYASPOR A.Ş.                                  ,0,BAYRAMPAŞA ÇETİN EMEÇ,ALİ AYDIN,29.01.2000 - 13:30
1162,https://www.tff.org/Default.aspx?pageId=397&macId=30363,MKE ANKARAGÜCÜ                                    ,1,SAMSUNSPOR                                        ,2,ANKARA 19 MAYIS,SERDAR ÇAKIR,29.01.2000 - 14:30
1154,https://www.tff.org/Default.aspx?pageId=397&macId=30360,BEŞİKTAŞ                                          ,4,GENÇLERBİRLİĞİ                                    ,0,BEŞİKTAŞ İNÖNÜ,EROL ERSOY,29.01.2000 - 19:00
1157,https://www.tff.org/Default.aspx?pageId=397&macId=30364,DENİZLİSPOR                                       ,2,ERZURUMSPOR                                       ,1,DENİZLİ ATATÜRK,SADIK İLHAN,30.01.2000 - 13:30
1158,https://www.tff.org/Default.aspx?pageId=397&macId=30365,ALTAY                                             ,1,BURSASPOR                                         ,2,İZMİR ALSANCAK,MUHİTTİN BOŞAT,30.01.2000 - 13:30
1160,https://www.tff.org/Default.aspx?pageId=397&macId=30366,GAZİANTEPSPOR                                     ,0,GALATASARAY                                       ,1,KAMİL OCAK,METİN TOKAT,30.01.2000 - 19:00
1169,https://www.tff.org/Default.aspx?pageId=397&macId=30387,SAMSUNSPOR                                        ,0,BEŞİKTAŞ                                          ,2,SAMSUN 19 MAYIS,MUSTAFA ÇULCU,4.02.2000 - 20:00
1166,https://www.tff.org/Default.aspx?pageId=397&macId=30388,BURSASPOR                                         ,1,İSTANBULSPOR A.Ş.                                 ,0,BURSA ATATÜRK,METİN TOKAT,5.02.2000 - 13:30
1168,https://www.tff.org/Default.aspx?pageId=397&macId=30390,GENÇLERBİRLİĞİ                                    ,3,DENİZLİSPOR                                       ,1,ANKARA 19 MAYIS,ŞAHİN TAŞKINSOY,5.02.2000 - 13:30
1167,https://www.tff.org/Default.aspx?pageId=397&macId=30389,KOCAELİSPOR                                       ,1,FENERBAHÇE                                        ,1, İSMETPAŞA,MURAT ILGAZ,5.02.2000 - 19:00
1163,https://www.tff.org/Default.aspx?pageId=397&macId=30391,ERZURUMSPOR                                       ,2,VANSPOR A.Ş.                                      ,0,CEMAL GÜRSEL,SEBAHATTİN ŞAHİN,6.02.2000 - 12:00
1165,https://www.tff.org/Default.aspx?pageId=397&macId=30393,ANTALYASPOR A.Ş.                                  ,0,GAZİANTEPSPOR                                     ,0,ANTALYA ATATÜRK,MUTLU ÇELİK,6.02.2000 - 13:30
1170,https://www.tff.org/Default.aspx?pageId=397&macId=30394,GÖZTEPE A.Ş.                                      ,0,ALTAY                                             ,1,İZMİR ATATÜRK,BÜLENT UZUN,6.02.2000 - 13:30
1171,https://www.tff.org/Default.aspx?pageId=397&macId=30395,ADANASPOR A.Ş.                                    ,2,MKE ANKARAGÜCÜ                                    ,2,5 OCAK,LEVENT YARDIMCI,6.02.2000 - 13:30
1164,https://www.tff.org/Default.aspx?pageId=397&macId=30392,GALATASARAY                                       ,2,TRABZONSPOR                                       ,0,ALİ SAMİ YEN,KADİR TOZLU,6.02.2000 - 19:00
1179,https://www.tff.org/Default.aspx?pageId=397&macId=30473,DENİZLİSPOR                                       ,0,BEŞİKTAŞ                                          ,2,DENİZLİ ATATÜRK,OĞUZ SARVAN,11.02.2000 - 20:00
1175,https://www.tff.org/Default.aspx?pageId=397&macId=30477,VANSPOR A.Ş.                                      ,2,GENÇLERBİRLİĞİ                                    ,5,VALİ MAHMUT YILBAŞ,ALİ AYDIN,12.02.2000 - 12:00
1172,https://www.tff.org/Default.aspx?pageId=397&macId=30474,ADANASPOR A.Ş.                                    ,0,SAMSUNSPOR                                        ,1,5 OCAK,MUHİTTİN BOŞAT,12.02.2000 - 13:30
1173,https://www.tff.org/Default.aspx?pageId=397&macId=30475,KOCAELİSPOR                                       ,4,ERZURUMSPOR                                       ,0, İSMETPAŞA,SERDAR ÇAKIR,12.02.2000 - 19:00
1174,https://www.tff.org/Default.aspx?pageId=397&macId=30476,GAZİANTEPSPOR                                     ,1,BURSASPOR                                         ,1,KAMİL OCAK,BÜLENT UZUN,12.02.2000 - 19:00
1176,https://www.tff.org/Default.aspx?pageId=397&macId=30478,ALTAY                                             ,2,FENERBAHÇE                                        ,3,İZMİR ATATÜRK,METİN TOKAT,12.02.2000 - 19:00
1180,https://www.tff.org/Default.aspx?pageId=397&macId=30479,TRABZONSPOR                                       ,2,ANTALYASPOR A.Ş.                                  ,0,HÜSEYİN AVNİ AKER,SADIK İLHAN,12.02.2000 - 19:00
1177,https://www.tff.org/Default.aspx?pageId=397&macId=30480,İSTANBULSPOR A.Ş.                                 ,3,GÖZTEPE A.Ş.                                      ,0,BAYRAMPAŞA ÇETİN EMEÇ,ALİ ULUYOL,13.02.2000 - 13:30
1178,https://www.tff.org/Default.aspx?pageId=397&macId=30481,MKE ANKARAGÜCÜ                                    ,0,GALATASARAY                                       ,2,ANKARA 19 MAYIS,SERDAR TATLI,13.02.2000 - 19:00
1186,https://www.tff.org/Default.aspx?pageId=397&macId=30569,BEŞİKTAŞ                                          ,2,VANSPOR A.Ş.                                      ,1,BEŞİKTAŞ İNÖNÜ,YILNUR ÖNEN,18.02.2000 - 20:00
1187,https://www.tff.org/Default.aspx?pageId=397&macId=30573,SAMSUNSPOR                                        ,6,DENİZLİSPOR                                       ,2,SAMSUN 19 MAYIS,SELÇUK DERELİ,19.02.2000 - 13:30
1181,https://www.tff.org/Default.aspx?pageId=397&macId=30570,FENERBAHÇE                                        ,1,İSTANBULSPOR A.Ş.                                 ,0,FB ŞÜKRÜ SARACOĞLU,ÜNSAL ÇİMEN,19.02.2000 - 19:00
1182,https://www.tff.org/Default.aspx?pageId=397&macId=30571,KOCAELİSPOR                                       ,0,GENÇLERBİRLİĞİ                                    ,0, İSMETPAŞA,SEBAHATTİN BİTİRİM,19.02.2000 - 19:00
1184,https://www.tff.org/Default.aspx?pageId=397&macId=30572,GÖZTEPE A.Ş.                                      ,0,GAZİANTEPSPOR                                     ,1,İZMİR ALSANCAK,ALİ AYDIN,19.02.2000 - 19:00
1185,https://www.tff.org/Default.aspx?pageId=397&macId=30575,ERZURUMSPOR                                       ,0,ALTAY                                             ,0,CEMAL GÜRSEL,ERDAL GÜLEÇ,20.02.2000 - 12:00
1188,https://www.tff.org/Default.aspx?pageId=397&macId=30576,BURSASPOR                                         ,2,TRABZONSPOR                                       ,3,BURSA ATATÜRK,ALİ ULUYOL,20.02.2000 - 13:30
1189,https://www.tff.org/Default.aspx?pageId=397&macId=30577,ANTALYASPOR A.Ş.                                  ,0,MKE ANKARAGÜCÜ                                    ,0,ANTALYA ATATÜRK,İSMET CENGİZ,20.02.2000 - 13:30
1183,https://www.tff.org/Default.aspx?pageId=397&macId=30574,GALATASARAY                                       ,4,ADANASPOR A.Ş.                                    ,0,ALİ SAMİ YEN,MUSTAFA ÇULCU,20.02.2000 - 19:00
1193,https://www.tff.org/Default.aspx?pageId=397&macId=30683,GALATASARAY                                       ,3,SAMSUNSPOR                                        ,1,ALİ SAMİ YEN,BÜLENT UZUN,25.02.2000 - 20:00
1196,https://www.tff.org/Default.aspx?pageId=397&macId=30685,TRABZONSPOR                                       ,2,GÖZTEPE A.Ş.                                      ,0,HÜSEYİN AVNİ AKER,MURAT ILGAZ,26.02.2000 - 13:30
1197,https://www.tff.org/Default.aspx?pageId=397&macId=30686,MKE ANKARAGÜCÜ                                    ,2,BURSASPOR                                         ,1,ANKARA 19 MAYIS,KADİR TOZLU,26.02.2000 - 13:30
1192,https://www.tff.org/Default.aspx?pageId=397&macId=30684,KOCAELİSPOR                                       ,1,BEŞİKTAŞ                                          ,2, İSMETPAŞA,SADIK İLHAN,26.02.2000 - 19:00
1198,https://www.tff.org/Default.aspx?pageId=397&macId=30687,ADANASPOR A.Ş.                                    ,1,ANTALYASPOR A.Ş.                                  ,2,5 OCAK,İBRAHİM AKSOY,26.02.2000 - 19:00
1191,https://www.tff.org/Default.aspx?pageId=397&macId=30689,VANSPOR A.Ş.                                      ,2,DENİZLİSPOR                                       ,3,VALİ MAHMUT YILBAŞ,İSMET ARZUMAN,27.02.2000 - 12:00
1190,https://www.tff.org/Default.aspx?pageId=397&macId=30688,ALTAY                                             ,0,GENÇLERBİRLİĞİ                                    ,2,İZMİR ALSANCAK,ORHAN ERDEMİR,27.02.2000 - 13:30
1194,https://www.tff.org/Default.aspx?pageId=397&macId=30690,İSTANBULSPOR A.Ş.                                 ,1,ERZURUMSPOR                                       ,1,BAYRAMPAŞA ÇETİN EMEÇ,EROL ERSOY,27.02.2000 - 13:30
1195,https://www.tff.org/Default.aspx?pageId=397&macId=30691,GAZİANTEPSPOR                                     ,5,FENERBAHÇE                                        ,1,KAMİL OCAK,OĞUZ SARVAN,27.02.2000 - 19:00
1204,https://www.tff.org/Default.aspx?pageId=397&macId=30798,BEŞİKTAŞ                                          ,3,ALTAY                                             ,0,BEŞİKTAŞ İNÖNÜ,SERDAR TATLI,3.03.2000 - 20:00
1202,https://www.tff.org/Default.aspx?pageId=397&macId=30800,ERZURUMSPOR                                       ,1,GAZİANTEPSPOR                                     ,1,CEMAL GÜRSEL,MUSTAFA ÇULCU,4.03.2000 - 12:00
1203,https://www.tff.org/Default.aspx?pageId=397&macId=30801,GENÇLERBİRLİĞİ                                    ,1,İSTANBULSPOR A.Ş.                                 ,1,ANKARA 19 MAYIS,BÜLENT UZUN,4.03.2000 - 13:30
1199,https://www.tff.org/Default.aspx?pageId=397&macId=30799,KOCAELİSPOR                                       ,1,DENİZLİSPOR                                       ,0, İSMETPAŞA,ORHAN ERDEMİR,4.03.2000 - 19:00
1207,https://www.tff.org/Default.aspx?pageId=397&macId=30802,FENERBAHÇE                                        ,2,TRABZONSPOR                                       ,1,FB ŞÜKRÜ SARACOĞLU,METİN TOKAT,4.03.2000 - 19:00
1200,https://www.tff.org/Default.aspx?pageId=397&macId=30803,SAMSUNSPOR                                        ,5,VANSPOR A.Ş.                                      ,1,SAMSUN 19 MAYIS,MUSTAFA ARSLAN,5.03.2000 - 13:30
1201,https://www.tff.org/Default.aspx?pageId=397&macId=30804,GÖZTEPE A.Ş.                                      ,2,MKE ANKARAGÜCÜ                                    ,0,İZMİR ALSANCAK,SERDAR ÇAKIR,5.03.2000 - 13:30
1206,https://www.tff.org/Default.aspx?pageId=397&macId=30806,BURSASPOR                                         ,3,ADANASPOR A.Ş.                                    ,1,BURSA ATATÜRK,OĞUZ SARVAN,5.03.2000 - 13:30
1205,https://www.tff.org/Default.aspx?pageId=397&macId=30805,ANTALYASPOR A.Ş.                                  ,1,GALATASARAY                                       ,3,ANTALYA ATATÜRK,MUTLU ÇELİK,5.03.2000 - 19:00
1211,https://www.tff.org/Default.aspx?pageId=397&macId=30920,TRABZONSPOR                                       ,2,ERZURUMSPOR                                       ,0,HÜSEYİN AVNİ AKER,ZAFER ÖNDER İPEK,10.03.2000 - 20:00
1214,https://www.tff.org/Default.aspx?pageId=397&macId=30924,ALTAY                                             ,1,DENİZLİSPOR                                       ,0,İZMİR ATATÜRK,METİN SEVAL,11.03.2000 - 13:30
1208,https://www.tff.org/Default.aspx?pageId=397&macId=30921,GAZİANTEPSPOR                                     ,2,GENÇLERBİRLİĞİ                                    ,1,KAMİL OCAK,MUHİTTİN BOŞAT,11.03.2000 - 17:00
1210,https://www.tff.org/Default.aspx?pageId=397&macId=30922,KOCAELİSPOR                                       ,6,VANSPOR A.Ş.                                      ,1, İSMETPAŞA,ÇETİN SARIGÜL,11.03.2000 - 19:00
1212,https://www.tff.org/Default.aspx?pageId=397&macId=30923,MKE ANKARAGÜCÜ                                    ,1,FENERBAHÇE                                        ,1,ANKARA 19 MAYIS,SEBAHATTİN BİTİRİM,11.03.2000 - 19:00
1209,https://www.tff.org/Default.aspx?pageId=397&macId=30925,ADANASPOR A.Ş.                                    ,2,GÖZTEPE A.Ş.                                      ,0,5 OCAK,YILNUR ÖNEN,12.03.2000 - 13:30
1215,https://www.tff.org/Default.aspx?pageId=397&macId=30927,İSTANBULSPOR A.Ş.                                 ,0,BEŞİKTAŞ                                          ,2,BAYRAMPAŞA ÇETİN EMEÇ,ORHAN ERDEMİR,12.03.2000 - 13:30
1216,https://www.tff.org/Default.aspx?pageId=397&macId=30928,ANTALYASPOR A.Ş.                                  ,0,SAMSUNSPOR                                        ,1,HATAY ATATÜRK,CEM TOSYALI,12.03.2000 - 13:30
1213,https://www.tff.org/Default.aspx?pageId=397&macId=30926,GALATASARAY                                       ,6,BURSASPOR                                         ,0,ALİ SAMİ YEN,ÜNSAL ÇİMEN,12.03.2000 - 19:00
1219,https://www.tff.org/Default.aspx?pageId=397&macId=31034,FENERBAHÇE                                        ,2,ADANASPOR A.Ş.                                    ,4,FB ŞÜKRÜ SARACOĞLU,ERDAL GÜLEÇ,17.03.2000 - 20:00
1217,https://www.tff.org/Default.aspx?pageId=397&macId=31036,ERZURUMSPOR                                       ,2,MKE ANKARAGÜCÜ                                    ,1,CEMAL GÜRSEL,BÜLENT UZUN,18.03.2000 - 12:00
1220,https://www.tff.org/Default.aspx?pageId=397&macId=31037,BEŞİKTAŞ                                          ,1,GAZİANTEPSPOR                                     ,0,BEŞİKTAŞ İNÖNÜ,ALİ AYDIN,18.03.2000 - 19:00
1222,https://www.tff.org/Default.aspx?pageId=397&macId=31038,KOCAELİSPOR                                       ,0,SAMSUNSPOR                                        ,4, İSMETPAŞA,SABİT HACIÖMEROĞLU,18.03.2000 - 19:00
1223,https://www.tff.org/Default.aspx?pageId=397&macId=31039,BURSASPOR                                         ,4,ANTALYASPOR A.Ş.                                  ,2,BURSA ATATÜRK,NAMIK KEMAL DEMİROĞLU,18.03.2000 - 19:00
1221,https://www.tff.org/Default.aspx?pageId=397&macId=31054,VANSPOR A.Ş.                                      ,1,ALTAY                                             ,1,VALİ MAHMUT YILBAŞ,AYHAN YÜCEBİLGİÇ,19.03.2000 - 12:00
1218,https://www.tff.org/Default.aspx?pageId=397&macId=31053,DENİZLİSPOR                                       ,3,İSTANBULSPOR A.Ş.                                 ,1,DENİZLİ ATATÜRK,MURAT ILGAZ,19.03.2000 - 13:30
1225,https://www.tff.org/Default.aspx?pageId=397&macId=31056,GENÇLERBİRLİĞİ                                    ,0,TRABZONSPOR                                       ,1,ANKARA 19 MAYIS,MUTLU ÇELİK,19.03.2000 - 13:30
1224,https://www.tff.org/Default.aspx?pageId=397&macId=31055,GÖZTEPE A.Ş.                                      ,0,GALATASARAY                                       ,2,İZMİR ATATÜRK,METİN TOKAT,19.03.2000 - 19:00
1233,https://www.tff.org/Default.aspx?pageId=397&macId=31148,GAZİANTEPSPOR                                     ,0,DENİZLİSPOR                                       ,0,KAMİL OCAK,İSMET CENGİZ,24.03.2000 - 20:00
1232,https://www.tff.org/Default.aspx?pageId=397&macId=31151,İSTANBULSPOR A.Ş.                                 ,0,VANSPOR A.Ş.                                      ,0,BAYRAMPAŞA ÇETİN EMEÇ,İBRAHİM AKSOY,25.03.2000 - 14:30
1228,https://www.tff.org/Default.aspx?pageId=397&macId=31149,TRABZONSPOR                                       ,1,BEŞİKTAŞ                                          ,2,HÜSEYİN AVNİ AKER,MUSTAFA ÇULCU,25.03.2000 - 19:00
1230,https://www.tff.org/Default.aspx?pageId=397&macId=31150,ADANASPOR A.Ş.                                    ,2,ERZURUMSPOR                                       ,0,5 OCAK,OĞUZ SARVAN,25.03.2000 - 19:00
1234,https://www.tff.org/Default.aspx?pageId=397&macId=31152,BURSASPOR                                         ,2,SAMSUNSPOR                                        ,2,BURSA ATATÜRK,KAZIM ERÇAKIR,25.03.2000 - 19:00
1227,https://www.tff.org/Default.aspx?pageId=397&macId=31154,KOCAELİSPOR                                       ,2,ALTAY                                             ,1, İSMETPAŞA,SERDAR ÇAKIR,26.03.2000 - 14:30
1229,https://www.tff.org/Default.aspx?pageId=397&macId=31155,MKE ANKARAGÜCÜ                                    ,0,GENÇLERBİRLİĞİ                                    ,0,ANKARA 19 MAYIS,ALİ ULUYOL,26.03.2000 - 14:30
1231,https://www.tff.org/Default.aspx?pageId=397&macId=31156,ANTALYASPOR A.Ş.                                  ,1,GÖZTEPE A.Ş.                                      ,0,ANTALYA ATATÜRK,SERDAR TATLI,26.03.2000 - 14:30
1226,https://www.tff.org/Default.aspx?pageId=397&macId=31153,GALATASARAY                                       ,0,FENERBAHÇE                                        ,1,ALİ SAMİ YEN,EROL ERSOY,26.03.2000 - 19:00
1236,https://www.tff.org/Default.aspx?pageId=397&macId=31262,DENİZLİSPOR                                       ,0,TRABZONSPOR                                       ,2,DENİZLİ ATATÜRK,MUHİTTİN BOŞAT,31.03.2000 - 20:00
1235,https://www.tff.org/Default.aspx?pageId=397&macId=31263,ERZURUMSPOR                                       ,0,GALATASARAY                                       ,0,CEMAL GÜRSEL,MURAT ILGAZ,1.04.2000 - 12:00
1238,https://www.tff.org/Default.aspx?pageId=397&macId=31264,VANSPOR A.Ş.                                      ,1,GAZİANTEPSPOR                                     ,2,VALİ MAHMUT YILBAŞ,METİN SEVAL,1.04.2000 - 12:00
1243,https://www.tff.org/Default.aspx?pageId=397&macId=31267,GENÇLERBİRLİĞİ                                    ,5,ADANASPOR A.Ş.                                    ,2,ANKARA 19 MAYIS,SEBAHATTİN ŞAHİN,1.04.2000 - 13:30
1241,https://www.tff.org/Default.aspx?pageId=397&macId=31265,GÖZTEPE A.Ş.                                      ,0,BURSASPOR                                         ,1,İZMİR ALSANCAK,SELÇUK DERELİ,1.04.2000 - 14:30
1242,https://www.tff.org/Default.aspx?pageId=397&macId=31266,FENERBAHÇE                                        ,1,ANTALYASPOR A.Ş.                                  ,0,FB ŞÜKRÜ SARACOĞLU,İSMET ARZUMAN,1.04.2000 - 19:00
1240,https://www.tff.org/Default.aspx?pageId=397&macId=31270,SAMSUNSPOR                                        ,1,ALTAY                                             ,0,SAMSUN 19 MAYIS,CEM TOSYALI,2.04.2000 - 14:30
1237,https://www.tff.org/Default.aspx?pageId=397&macId=31268,BEŞİKTAŞ                                          ,3,MKE ANKARAGÜCÜ                                    ,1,BEŞİKTAŞ İNÖNÜ,KADİR TOZLU,2.04.2000 - 19:00
1239,https://www.tff.org/Default.aspx?pageId=397&macId=31269,KOCAELİSPOR                                       ,2,İSTANBULSPOR A.Ş.                                 ,1, İSMETPAŞA,METİN TOKAT,2.04.2000 - 19:00
1249,https://www.tff.org/Default.aspx?pageId=397&macId=31376,BURSASPOR                                         ,2,FENERBAHÇE                                        ,1,BURSA ATATÜRK,MUTLU ÇELİK,7.04.2000 - 20:00
1246,https://www.tff.org/Default.aspx?pageId=397&macId=31378,GÖZTEPE A.Ş.                                      ,1,SAMSUNSPOR                                        ,2,İZMİR ALSANCAK,MUSA ERYILMAZ,8.04.2000 - 14:30
1250,https://www.tff.org/Default.aspx?pageId=397&macId=31379,İSTANBULSPOR A.Ş.                                 ,1,ALTAY                                             ,0,BAYRAMPAŞA ÇETİN EMEÇ,SADIK İLHAN,8.04.2000 - 14:30
1244,https://www.tff.org/Default.aspx?pageId=397&macId=31377,KOCAELİSPOR                                       ,1,GAZİANTEPSPOR                                     ,2, İSMETPAŞA,İBRAHİM AKSOY,8.04.2000 - 19:00
1252,https://www.tff.org/Default.aspx?pageId=397&macId=31380,ADANASPOR A.Ş.                                    ,1,BEŞİKTAŞ                                          ,3,5 OCAK,ÜNSAL ÇİMEN,8.04.2000 - 19:00
1245,https://www.tff.org/Default.aspx?pageId=397&macId=31381,TRABZONSPOR                                       ,4,VANSPOR A.Ş.                                      ,2,HÜSEYİN AVNİ AKER,MUSTAFA KALKANDELEN,9.04.2000 - 14:30
1248,https://www.tff.org/Default.aspx?pageId=397&macId=31383,ANTALYASPOR A.Ş.                                  ,1,ERZURUMSPOR                                       ,2,ANTALYA ATATÜRK,ORHAN ERDEMİR,9.04.2000 - 14:30
1251,https://www.tff.org/Default.aspx?pageId=397&macId=31384,MKE ANKARAGÜCÜ                                    ,3,DENİZLİSPOR                                       ,1,ANKARA 19 MAYIS,MUSTAFA ÇULCU,9.04.2000 - 14:30
1247,https://www.tff.org/Default.aspx?pageId=397&macId=31382,GALATASARAY                                       ,6,GENÇLERBİRLİĞİ                                    ,0,ALİ SAMİ YEN,SEBAHATTİN BİTİRİM,9.04.2000 - 19:00
1254,https://www.tff.org/Default.aspx?pageId=397&macId=31491,BEŞİKTAŞ                                          ,1,GALATASARAY                                       ,1,BEŞİKTAŞ İNÖNÜ,OĞUZ SARVAN,14.04.2000 - 20:00
1257,https://www.tff.org/Default.aspx?pageId=397&macId=31493,ALTAY                                             ,1,GAZİANTEPSPOR                                     ,3,İZMİR ALSANCAK,METİN TOKAT,15.04.2000 - 16:30
1260,https://www.tff.org/Default.aspx?pageId=397&macId=31494,GENÇLERBİRLİĞİ                                    ,4,ANTALYASPOR A.Ş.                                  ,1,ANKARA 19 MAYIS,SERDAR ÇAKIR,15.04.2000 - 16:30
1261,https://www.tff.org/Default.aspx?pageId=397&macId=31495,DENİZLİSPOR                                       ,4,ADANASPOR A.Ş.                                    ,2,DENİZLİ ATATÜRK,LEVENT YARDIMCI,15.04.2000 - 16:30
1255,https://www.tff.org/Default.aspx?pageId=397&macId=31492,KOCAELİSPOR                                       ,1,TRABZONSPOR                                       ,0, İSMETPAŞA,BÜLENT UZUN,15.04.2000 - 19:00
1256,https://www.tff.org/Default.aspx?pageId=397&macId=31497,VANSPOR A.Ş.                                      ,2,MKE ANKARAGÜCÜ                                    ,3,VALİ MAHMUT YILBAŞ,İSMET ARZUMAN,16.04.2000 - 12:00
1253,https://www.tff.org/Default.aspx?pageId=397&macId=31496,ERZURUMSPOR                                       ,4,BURSASPOR                                         ,1,CEMAL GÜRSEL,ÇETİN SARIGÜL,16.04.2000 - 16:30
1258,https://www.tff.org/Default.aspx?pageId=397&macId=31498,SAMSUNSPOR                                        ,1,İSTANBULSPOR A.Ş.                                 ,0,SAMSUN 19 MAYIS,SERDAR TATLI,16.04.2000 - 16:30
1259,https://www.tff.org/Default.aspx?pageId=397&macId=31499,FENERBAHÇE                                        ,2,GÖZTEPE A.Ş.                                      ,3,FB ŞÜKRÜ SARACOĞLU,ZAFER ÖNDER İPEK,16.04.2000 - 19:00
1270,https://www.tff.org/Default.aspx?pageId=397&macId=31607,FENERBAHÇE                                        ,1,SAMSUNSPOR                                        ,0,FB ŞÜKRÜ SARACOĞLU,İBRAHİM AKSOY,21.04.2000 - 20:00
1262,https://www.tff.org/Default.aspx?pageId=397&macId=31608,BURSASPOR                                         ,2,GENÇLERBİRLİĞİ                                    ,5,BURSA ATATÜRK,SEBAHATTİN ŞAHİN,22.04.2000 - 16:30
1263,https://www.tff.org/Default.aspx?pageId=397&macId=31609,ADANASPOR A.Ş.                                    ,2,VANSPOR A.Ş.                                      ,0,5 OCAK,MUSTAFA ARSLAN,22.04.2000 - 16:30
1267,https://www.tff.org/Default.aspx?pageId=397&macId=31610,TRABZONSPOR                                       ,2,ALTAY                                             ,1,HÜSEYİN AVNİ AKER,ERDAL GÜLEÇ,22.04.2000 - 16:30
1269,https://www.tff.org/Default.aspx?pageId=397&macId=31611,ANTALYASPOR A.Ş.                                  ,2,BEŞİKTAŞ                                          ,2,ANTALYA ATATÜRK,ALİ AYDIN,22.04.2000 - 19:00
1265,https://www.tff.org/Default.aspx?pageId=397&macId=31613,GÖZTEPE A.Ş.                                      ,1,ERZURUMSPOR                                       ,4,İZMİR ALSANCAK,SABİT HACIÖMEROĞLU,23.04.2000 - 16:30
1266,https://www.tff.org/Default.aspx?pageId=397&macId=31614,GAZİANTEPSPOR                                     ,1,İSTANBULSPOR A.Ş.                                 ,0,KAMİL OCAK,EROL ERSOY,23.04.2000 - 16:30
1268,https://www.tff.org/Default.aspx?pageId=397&macId=31615,KOCAELİSPOR                                       ,4,MKE ANKARAGÜCÜ                                    ,1, İSMETPAŞA,MUHİTTİN BOŞAT,23.04.2000 - 16:30
1264,https://www.tff.org/Default.aspx?pageId=397&macId=31612,GALATASARAY                                       ,2,DENİZLİSPOR                                       ,2,ALİ SAMİ YEN,YILNUR ÖNEN,23.04.2000 - 19:00
1276,https://www.tff.org/Default.aspx?pageId=397&macId=31720,BEŞİKTAŞ                                          ,5,BURSASPOR                                         ,1,BEŞİKTAŞ İNÖNÜ,MURAT ILGAZ,28.04.2000 - 20:00
1273,https://www.tff.org/Default.aspx?pageId=397&macId=31721,İSTANBULSPOR A.Ş.                                 ,5,TRABZONSPOR                                       ,1,BAYRAMPAŞA ÇETİN EMEÇ,SADIK İLHAN,29.04.2000 - 17:00
1274,https://www.tff.org/Default.aspx?pageId=397&macId=31722,ALTAY                                             ,0,MKE ANKARAGÜCÜ                                    ,0,İZMİR ALSANCAK,İSMET CENGİZ,29.04.2000 - 17:00
1277,https://www.tff.org/Default.aspx?pageId=397&macId=31723,DENİZLİSPOR                                       ,4,ANTALYASPOR A.Ş.                                  ,0,DENİZLİ ATATÜRK,ALİ ULUYOL,29.04.2000 - 17:00
1279,https://www.tff.org/Default.aspx?pageId=397&macId=31725,KOCAELİSPOR                                       ,0,ADANASPOR A.Ş.                                    ,0, İSMETPAŞA,İLHAMİ KAPLAN,29.04.2000 - 17:00
1278,https://www.tff.org/Default.aspx?pageId=397&macId=31724,VANSPOR A.Ş.                                      ,1,GALATASARAY                                       ,3,VALİ MAHMUT YILBAŞ,SELÇUK DERELİ,29.04.2000 - 19:00
1272,https://www.tff.org/Default.aspx?pageId=397&macId=31727,GENÇLERBİRLİĞİ                                    ,1,GÖZTEPE A.Ş.                                      ,0,ANKARA 19 MAYIS,ŞAHİN TAŞKINSOY,30.04.2000 - 17:00
1271,https://www.tff.org/Default.aspx?pageId=397&macId=31726,ERZURUMSPOR                                       ,1,FENERBAHÇE                                        ,5,CEMAL GÜRSEL,EROL ERSOY,30.04.2000 - 19:00
1275,https://www.tff.org/Default.aspx?pageId=397&macId=31728,SAMSUNSPOR                                        ,0,GAZİANTEPSPOR                                     ,2,SAMSUN 19 MAYIS,MUTLU ÇELİK,30.04.2000 - 19:00
1280,https://www.tff.org/Default.aspx?pageId=397&macId=31903,FENERBAHÇE                                        ,1,GENÇLERBİRLİĞİ                                    ,3,FB ŞÜKRÜ SARACOĞLU,ALİ AYDIN,5.05.2000 - 20:00
1282,https://www.tff.org/Default.aspx?pageId=397&macId=31904,BURSASPOR                                         ,4,DENİZLİSPOR                                       ,1,BURSA ATATÜRK,ORHAN ERDEMİR,6.05.2000 - 17:00
1287,https://www.tff.org/Default.aspx?pageId=397&macId=31905,GÖZTEPE A.Ş.                                      ,2,BEŞİKTAŞ                                          ,4,İZMİR ATATÜRK,NAMIK KEMAL DEMİROĞLU,6.05.2000 - 19:00
1288,https://www.tff.org/Default.aspx?pageId=397&macId=31906,GAZİANTEPSPOR                                     ,3,TRABZONSPOR                                       ,0,KAMİL OCAK,OĞUZ SARVAN,6.05.2000 - 19:00
1281,https://www.tff.org/Default.aspx?pageId=397&macId=31907,ADANASPOR A.Ş.                                    ,1,ALTAY                                             ,0,5 OCAK,SERDAR ÇAKIR,7.05.2000 - 17:00
1283,https://www.tff.org/Default.aspx?pageId=397&macId=31908,SAMSUNSPOR                                        ,2,ERZURUMSPOR                                       ,1,SAMSUN 19 MAYIS,ÜNSAL ÇİMEN,7.05.2000 - 17:00
1284,https://www.tff.org/Default.aspx?pageId=397&macId=31909,MKE ANKARAGÜCÜ                                    ,2,İSTANBULSPOR A.Ş.                                 ,2,ANKARA 19 MAYIS,KADİR TOZLU,7.05.2000 - 17:00
1286,https://www.tff.org/Default.aspx?pageId=397&macId=31911,ANTALYASPOR A.Ş.                                  ,4,VANSPOR A.Ş.                                      ,1,ANTALYA ATATÜRK,CEM TOSYALI,7.05.2000 - 17:00
1285,https://www.tff.org/Default.aspx?pageId=397&macId=31910,GALATASARAY                                       ,5,KOCAELİSPOR                                       ,0,ALİ SAMİ YEN,SERDAR TATLI,7.05.2000 - 19:00
1290,https://www.tff.org/Default.aspx?pageId=397&macId=32021,ALTAY                                             ,1,GALATASARAY                                       ,0,İZMİR ATATÜRK,METİN TOKAT,12.05.2000 - 17:30
1292,https://www.tff.org/Default.aspx?pageId=397&macId=32022,GAZİANTEPSPOR                                     ,2,MKE ANKARAGÜCÜ                                    ,2,KAMİL OCAK,MUSTAFA ÇULCU,12.05.2000 - 17:30
1293,https://www.tff.org/Default.aspx?pageId=397&macId=32023,GENÇLERBİRLİĞİ                                    ,5,ERZURUMSPOR                                       ,0,ANKARA 19 MAYIS,MUSTAFA KALKANDELEN,12.05.2000 - 17:30
1295,https://www.tff.org/Default.aspx?pageId=397&macId=32024,VANSPOR A.Ş.                                      ,3,BURSASPOR                                         ,1,VALİ MAHMUT YILBAŞ,HAMDİ KÖSE,12.05.2000 - 17:30
1296,https://www.tff.org/Default.aspx?pageId=397&macId=32025,KOCAELİSPOR                                       ,1,ANTALYASPOR A.Ş.                                  ,1, İSMETPAŞA,İSMET ARZUMAN,12.05.2000 - 17:30
1297,https://www.tff.org/Default.aspx?pageId=397&macId=32026,İSTANBULSPOR A.Ş.                                 ,3,ADANASPOR A.Ş.                                    ,2,BAYRAMPAŞA ÇETİN EMEÇ,ALİ AYDIN,12.05.2000 - 17:30
1289,https://www.tff.org/Default.aspx?pageId=397&macId=32027,DENİZLİSPOR                                       ,2,GÖZTEPE A.Ş.                                      ,0,DENİZLİ ATATÜRK,AYHAN YÜCEBİLGİÇ,13.05.2000 - 17:30
1291,https://www.tff.org/Default.aspx?pageId=397&macId=32028,TRABZONSPOR                                       ,3,SAMSUNSPOR                                        ,2,HÜSEYİN AVNİ AKER,MUSA ERYILMAZ,13.05.2000 - 19:00
1294,https://www.tff.org/Default.aspx?pageId=397&macId=32029,BEŞİKTAŞ                                          ,1,FENERBAHÇE                                        ,3,BEŞİKTAŞ İNÖNÜ,SERDAR ÇAKIR,14.05.2000 - 19:00
1298,https://www.tff.org/Default.aspx?pageId=397&macId=32206,SAMSUNSPOR                                        ,1,GENÇLERBİRLİĞİ                                    ,2,SAMSUN 19 MAYIS,METİN SEVAL,19.05.2000 - 20:00
1304,https://www.tff.org/Default.aspx?pageId=397&macId=32210,GÖZTEPE A.Ş.                                      ,2,VANSPOR A.Ş.                                      ,1,İZMİR ALSANCAK,SEBAHATTİN ŞAHİN,20.05.2000 - 17:30
1301,https://www.tff.org/Default.aspx?pageId=397&macId=32209,ADANASPOR A.Ş.                                    ,3,GAZİANTEPSPOR                                     ,0,5 OCAK,METİN KARAASLAN,20.05.2000 - 19:00
1305,https://www.tff.org/Default.aspx?pageId=397&macId=32211,FENERBAHÇE                                        ,2,DENİZLİSPOR                                       ,1,FB ŞÜKRÜ SARACOĞLU,SABİT HACIÖMEROĞLU,20.05.2000 - 19:00
1299,https://www.tff.org/Default.aspx?pageId=397&macId=32212,BURSASPOR                                         ,2,KOCAELİSPOR                                       ,0,BURSA ATATÜRK,İLHAMİ KAPLAN,21.05.2000 - 19:00
1300,https://www.tff.org/Default.aspx?pageId=397&macId=32213,ERZURUMSPOR                                       ,1,BEŞİKTAŞ                                          ,4,HÜSEYİN AVNİ AKER,MURAT ILGAZ,21.05.2000 - 19:00
1302,https://www.tff.org/Default.aspx?pageId=397&macId=32214,GALATASARAY                                       ,1,İSTANBULSPOR A.Ş.                                 ,1,ALİ SAMİ YEN,MUHİTTİN BOŞAT,21.05.2000 - 19:00
1303,https://www.tff.org/Default.aspx?pageId=397&macId=32215,ANTALYASPOR A.Ş.                                  ,3,ALTAY                                             ,1,ANTALYA ATATÜRK,ALİ AYDIN,21.05.2000 - 19:00
1306,https://www.tff.org/Default.aspx?pageId=397&macId=32216,MKE ANKARAGÜCÜ                                    ,1,TRABZONSPOR                                       ,1,ANKARA 19 MAYIS,BÜLENT UZUN,21.05.2000 - 19:00
