Mac_kodu,TFF_mac_linki,Ev_sahibi,Ev_sahibi_gol,Misafir_takim,Misafir_takim_gol,Stat,Ana_hakem,Tarih_saat
1002,https://www.tff.org/Default.aspx?pageId=397&macId=13948,TRABZONSPOR                                       ,0,FENERBAHÇE                                        ,0,HÜSEYİN AVNİ AKER,KUDDUSİ MÜFTÜOĞLU,9.08.2002 - 20:00
1006,https://www.tff.org/Default.aspx?pageId=397&macId=13951,İSTANBULSPOR A.Ş.                                 ,2,ADANASPOR A.Ş.                                    ,2,GÜNGÖREN BELEDİYE,CEM PAPİLA,10.08.2002 - 17:00
1004,https://www.tff.org/Default.aspx?pageId=397&macId=13949,MKE ANKARAGÜCÜ                                    ,1,MALATYASPOR                                       ,1,ANKARA 19 MAYIS,BÜLENT UZUN,10.08.2002 - 19:00
1005,https://www.tff.org/Default.aspx?pageId=397&macId=13950,DİYARBAKIRSPOR                                    ,1,ALTAY                                             ,1,DİYARBAKIR ATATÜRK,SELÇUK DERELİ,10.08.2002 - 19:00
1008,https://www.tff.org/Default.aspx?pageId=397&macId=13952,BURSASPOR                                         ,2,BEŞİKTAŞ A.Ş.                                     ,2,BURSA ATATÜRK,METİN TOKAT,10.08.2002 - 19:00
1003,https://www.tff.org/Default.aspx?pageId=397&macId=13954,GÖZTEPE A.Ş.                                      ,2,ELAZIĞSPOR                                        ,1,İZMİR ALSANCAK,METİN AYDOĞAN,11.08.2002 - 17:00
1001,https://www.tff.org/Default.aspx?pageId=397&macId=13953,GAZİANTEPSPOR                                     ,1,DENİZLİSPOR                                       ,1,KAMİL OCAK,BÜLENT DEMİRLEK,11.08.2002 - 19:00
1007,https://www.tff.org/Default.aspx?pageId=397&macId=13955,KOCAELİSPOR                                       ,1,GENÇLERBİRLİĞİ                                    ,3, İSMETPAŞA,İSMET ARZUMAN,11.08.2002 - 19:00
1009,https://www.tff.org/Default.aspx?pageId=397&macId=13956,GALATASARAY                                       ,4,SAMSUNSPOR                                        ,1,ALİ SAMİ YEN,EROL ERSOY,11.08.2002 - 19:00
1016,https://www.tff.org/Default.aspx?pageId=397&macId=13966,DENİZLİSPOR                                       ,1,GALATASARAY                                       ,3,DENİZLİ ATATÜRK,MUSTAFA ÇULCU,16.08.2002 - 20:00
1014,https://www.tff.org/Default.aspx?pageId=397&macId=13969,ELAZIĞSPOR                                        ,2,TRABZONSPOR                                       ,0,ELAZIĞ ATATÜRK,ALİ ULUYOL,17.08.2002 - 17:00
1011,https://www.tff.org/Default.aspx?pageId=397&macId=13967,BEŞİKTAŞ A.Ş.                                     ,2,KOCAELİSPOR                                       ,1,BEŞİKTAŞ İNÖNÜ,ÜNSAL ÇİMEN,17.08.2002 - 19:00
1012,https://www.tff.org/Default.aspx?pageId=397&macId=13968,GENÇLERBİRLİĞİ                                    ,4,İSTANBULSPOR A.Ş.                                 ,1,ANKARA 19 MAYIS,OKTAY DEMİRAY,17.08.2002 - 19:00
1015,https://www.tff.org/Default.aspx?pageId=397&macId=13970,MALATYASPOR                                       ,1,GAZİANTEPSPOR                                     ,1,5 OCAK,ZAFER ÖNDER İPEK,17.08.2002 - 19:00
1018,https://www.tff.org/Default.aspx?pageId=397&macId=13971,SAMSUNSPOR                                        ,1,BURSASPOR                                         ,0,SAMSUN 19 MAYIS,MUHİTTİN BOŞAT,17.08.2002 - 19:00
1010,https://www.tff.org/Default.aspx?pageId=397&macId=13972,FENERBAHÇE                                        ,1,MKE ANKARAGÜCÜ                                    ,0,FB ŞÜKRÜ SARACOĞLU,ALİ AYDIN,18.08.2002 - 19:00
1013,https://www.tff.org/Default.aspx?pageId=397&macId=13973,ADANASPOR A.Ş.                                    ,2,DİYARBAKIRSPOR                                    ,1,5 OCAK,İSMET CENGİZ,18.08.2002 - 19:00
1017,https://www.tff.org/Default.aspx?pageId=397&macId=13974,ALTAY                                             ,4,GÖZTEPE A.Ş.                                      ,2,İZMİR ATATÜRK,ORHAN ERDEMİR,18.08.2002 - 19:00
1024,https://www.tff.org/Default.aspx?pageId=397&macId=14021,GÖZTEPE A.Ş.                                      ,1,ADANASPOR A.Ş.                                    ,4,İZMİR ALSANCAK,YILNUR ÖNEN,24.08.2002 - 17:00
1027,https://www.tff.org/Default.aspx?pageId=397&macId=14023,İSTANBULSPOR A.Ş.                                 ,1,BEŞİKTAŞ A.Ş.                                     ,2,GÜNGÖREN BELEDİYE,ALİ AYDIN,24.08.2002 - 17:00
1023,https://www.tff.org/Default.aspx?pageId=397&macId=14020,TRABZONSPOR                                       ,0,ALTAY                                             ,0,HÜSEYİN AVNİ AKER,MUSA ERYILMAZ,24.08.2002 - 19:00
1025,https://www.tff.org/Default.aspx?pageId=397&macId=14022,KOCAELİSPOR                                       ,1,SAMSUNSPOR                                        ,2, İSMETPAŞA,ORHAN ERDEMİR,24.08.2002 - 19:00
1019,https://www.tff.org/Default.aspx?pageId=397&macId=14024,GALATASARAY                                       ,2,BURSASPOR                                         ,0,ALİ SAMİ YEN,KUDDUSİ MÜFTÜOĞLU,25.08.2002 - 19:00
1020,https://www.tff.org/Default.aspx?pageId=397&macId=14025,MKE ANKARAGÜCÜ                                    ,3,ELAZIĞSPOR                                        ,1,ANKARA 19 MAYIS,CEM TOSYALI,25.08.2002 - 19:00
1021,https://www.tff.org/Default.aspx?pageId=397&macId=14026,DİYARBAKIRSPOR                                    ,1,GENÇLERBİRLİĞİ                                    ,4,DİYARBAKIR ATATÜRK,KAZIM ERÇAKIR,25.08.2002 - 19:00
1026,https://www.tff.org/Default.aspx?pageId=397&macId=14027,DENİZLİSPOR                                       ,1,MALATYASPOR                                       ,0,DENİZLİ ATATÜRK,HAMZA MISIR,25.08.2002 - 19:00
1022,https://www.tff.org/Default.aspx?pageId=397&macId=14165,GAZİANTEPSPOR                                     ,3,FENERBAHÇE                                        ,3,KAMİL OCAK,METİN TOKAT,11.09.2002 - 20:00
1035,https://www.tff.org/Default.aspx?pageId=397&macId=14036,BEŞİKTAŞ A.Ş.                                     ,2,DİYARBAKIRSPOR                                    ,0,BEŞİKTAŞ İNÖNÜ,KUDDUSİ MÜFTÜOĞLU,30.08.2002 - 20:00
1032,https://www.tff.org/Default.aspx?pageId=397&macId=14039,ALTAY                                             ,2,MKE ANKARAGÜCÜ                                    ,3,İZMİR ALSANCAK,İSMET CENGİZ,31.08.2002 - 17:00
1034,https://www.tff.org/Default.aspx?pageId=397&macId=14040,MALATYASPOR                                       ,2,GALATASARAY                                       ,2,MALATYA İNÖNÜ,METİN TOKAT,31.08.2002 - 17:00
1028,https://www.tff.org/Default.aspx?pageId=397&macId=14037,ADANASPOR A.Ş.                                    ,0,TRABZONSPOR                                       ,1,5 OCAK,MUHİTTİN BOŞAT,31.08.2002 - 19:00
1030,https://www.tff.org/Default.aspx?pageId=397&macId=14038,BURSASPOR                                         ,4,KOCAELİSPOR                                       ,2,BURSA ATATÜRK,SEBAHATTİN ŞAHİN,31.08.2002 - 19:00
1029,https://www.tff.org/Default.aspx?pageId=397&macId=14041,ELAZIĞSPOR                                        ,1,GAZİANTEPSPOR                                     ,3,ELAZIĞ ATATÜRK,BÜLENT UZUN,1.09.2002 - 17:00
1031,https://www.tff.org/Default.aspx?pageId=397&macId=14042,GENÇLERBİRLİĞİ                                    ,3,GÖZTEPE A.Ş.                                      ,1,ANKARA 19 MAYIS,TANER BALBAY,1.09.2002 - 19:00
1033,https://www.tff.org/Default.aspx?pageId=397&macId=14043,FENERBAHÇE                                        ,3,DENİZLİSPOR                                       ,2,FB ŞÜKRÜ SARACOĞLU,SELÇUK DERELİ,1.09.2002 - 19:00
1036,https://www.tff.org/Default.aspx?pageId=397&macId=14044,SAMSUNSPOR                                        ,1,İSTANBULSPOR A.Ş.                                 ,2,SAMSUN 19 MAYIS,MUTLU ÇELİK,1.09.2002 - 19:00
1040,https://www.tff.org/Default.aspx?pageId=397&macId=14166,GALATASARAY                                       ,2,KOCAELİSPOR                                       ,0,ALİ SAMİ YEN,ALİ AYDIN,13.09.2002 - 20:00
1038,https://www.tff.org/Default.aspx?pageId=397&macId=14167,MALATYASPOR                                       ,2,FENERBAHÇE                                        ,0,MALATYA İNÖNÜ,MUSTAFA ÇULCU,14.09.2002 - 15:30
1039,https://www.tff.org/Default.aspx?pageId=397&macId=14168,DENİZLİSPOR                                       ,3,ELAZIĞSPOR                                        ,1,DENİZLİ ATATÜRK,SABİT HACIÖMEROĞLU,14.09.2002 - 19:00
1041,https://www.tff.org/Default.aspx?pageId=397&macId=14169,MKE ANKARAGÜCÜ                                    ,1,ADANASPOR A.Ş.                                    ,1,ANKARA 19 MAYIS,ÇETİN SARIGÜL,14.09.2002 - 19:00
1042,https://www.tff.org/Default.aspx?pageId=397&macId=14170,TRABZONSPOR                                       ,1,GENÇLERBİRLİĞİ                                    ,1,HÜSEYİN AVNİ AKER,BÜLENT UZUN,14.09.2002 - 19:00
1045,https://www.tff.org/Default.aspx?pageId=397&macId=14174,İSTANBULSPOR A.Ş.                                 ,1,BURSASPOR                                         ,1,GÜNGÖREN BELEDİYE,SERDAR TATLI,15.09.2002 - 16:30
1037,https://www.tff.org/Default.aspx?pageId=397&macId=14171,GAZİANTEPSPOR                                     ,2,ALTAY                                             ,1,KAMİL OCAK,ORHAN ERDEMİR,15.09.2002 - 19:00
1043,https://www.tff.org/Default.aspx?pageId=397&macId=14172,GÖZTEPE A.Ş.                                      ,2,BEŞİKTAŞ A.Ş.                                     ,2,İZMİR ATATÜRK,İSMET ARZUMAN,15.09.2002 - 19:00
1044,https://www.tff.org/Default.aspx?pageId=397&macId=14173,DİYARBAKIRSPOR                                    ,1,SAMSUNSPOR                                        ,1,DİYARBAKIR ATATÜRK,ALİ ULUYOL,15.09.2002 - 19:00
1046,https://www.tff.org/Default.aspx?pageId=397&macId=14260,ELAZIĞSPOR                                        ,2,MALATYASPOR                                       ,1,ELAZIĞ ATATÜRK,MUTLU ÇELİK,21.09.2002 - 15:30
1048,https://www.tff.org/Default.aspx?pageId=397&macId=14261,SAMSUNSPOR                                        ,0,GÖZTEPE A.Ş.                                      ,0,SAMSUN 19 MAYIS,CEM PAPİLA,21.09.2002 - 19:00
1050,https://www.tff.org/Default.aspx?pageId=397&macId=14262,ADANASPOR A.Ş.                                    ,0,GAZİANTEPSPOR                                     ,2,5 OCAK,SELÇUK DERELİ,21.09.2002 - 19:00
1053,https://www.tff.org/Default.aspx?pageId=397&macId=14263,BURSASPOR                                         ,4,DİYARBAKIRSPOR                                    ,1,BURSA ATATÜRK,METİN AYDOĞAN,21.09.2002 - 19:00
1051,https://www.tff.org/Default.aspx?pageId=397&macId=14265,ALTAY                                             ,3,DENİZLİSPOR                                       ,1,İZMİR ALSANCAK,ZAFER ÖNDER İPEK,22.09.2002 - 16:30
1049,https://www.tff.org/Default.aspx?pageId=397&macId=14264,GENÇLERBİRLİĞİ                                    ,0,MKE ANKARAGÜCÜ                                    ,1,ANKARA 19 MAYIS,MUSTAFA ÇULCU,22.09.2002 - 17:00
1052,https://www.tff.org/Default.aspx?pageId=397&macId=14266,KOCAELİSPOR                                       ,0,İSTANBULSPOR A.Ş.                                 ,1, İSMETPAŞA,BÜLENT DEMİRLEK,22.09.2002 - 19:00
1054,https://www.tff.org/Default.aspx?pageId=397&macId=14267,BEŞİKTAŞ A.Ş.                                     ,0,TRABZONSPOR                                       ,0,BEŞİKTAŞ İNÖNÜ,KUDDUSİ MÜFTÜOĞLU,22.09.2002 - 19:00
1047,https://www.tff.org/Default.aspx?pageId=397&macId=14912,FENERBAHÇE                                        ,6,GALATASARAY                                       ,0,FB ŞÜKRÜ SARACOĞLU,MUSTAFA ÇULCU,6.11.2002 - 20:05
1063,https://www.tff.org/Default.aspx?pageId=397&macId=14352,GALATASARAY                                       ,2,İSTANBULSPOR A.Ş.                                 ,0,ALİ SAMİ YEN,ORHAN ERDEMİR,27.09.2002 - 20:00
1058,https://www.tff.org/Default.aspx?pageId=397&macId=14353,MKE ANKARAGÜCÜ                                    ,0,BEŞİKTAŞ A.Ş.                                     ,1,ANKARA 19 MAYIS,SELÇUK DERELİ,28.09.2002 - 19:00
1059,https://www.tff.org/Default.aspx?pageId=397&macId=14354,TRABZONSPOR                                       ,0,SAMSUNSPOR                                        ,1,HÜSEYİN AVNİ AKER,YILNUR ÖNEN,28.09.2002 - 19:00
1060,https://www.tff.org/Default.aspx?pageId=397&macId=14355,DİYARBAKIRSPOR                                    ,1,KOCAELİSPOR                                       ,1,DİYARBAKIR ATATÜRK,SERDAR TATLI,28.09.2002 - 19:00
1062,https://www.tff.org/Default.aspx?pageId=397&macId=14356,DENİZLİSPOR                                       ,2,ADANASPOR A.Ş.                                    ,0,DENİZLİ ATATÜRK,ÜNSAL ÇİMEN,28.09.2002 - 19:00
1061,https://www.tff.org/Default.aspx?pageId=397&macId=14360,MALATYASPOR                                       ,6,ALTAY                                             ,0,MALATYA İNÖNÜ,MUHİTTİN BOŞAT,29.09.2002 - 15:30
1056,https://www.tff.org/Default.aspx?pageId=397&macId=14358,GÖZTEPE A.Ş.                                      ,1,BURSASPOR                                         ,1,İZMİR ALSANCAK,CEM TOSYALI,29.09.2002 - 16:30
1055,https://www.tff.org/Default.aspx?pageId=397&macId=14357,GAZİANTEPSPOR                                     ,2,GENÇLERBİRLİĞİ                                    ,0,KAMİL OCAK,SEBAHATTİN ŞAHİN,29.09.2002 - 19:00
1057,https://www.tff.org/Default.aspx?pageId=397&macId=14359,FENERBAHÇE                                        ,4,ELAZIĞSPOR                                        ,2,FB ŞÜKRÜ SARACOĞLU,İSMET ARZUMAN,29.09.2002 - 19:03
1069,https://www.tff.org/Default.aspx?pageId=397&macId=14447,ELAZIĞSPOR                                        ,0,GALATASARAY                                       ,0,ELAZIĞ ATATÜRK,KUDDUSİ MÜFTÜOĞLU,5.10.2002 - 14:00
1070,https://www.tff.org/Default.aspx?pageId=397&macId=14448,İSTANBULSPOR A.Ş.                                 ,1,DİYARBAKIRSPOR                                    ,0,GÜNGÖREN BELEDİYE,EROL ERSOY,5.10.2002 - 15:30
1065,https://www.tff.org/Default.aspx?pageId=397&macId=14445,ADANASPOR A.Ş.                                    ,1,MALATYASPOR                                       ,1,5 OCAK,SERDAR TATLI,5.10.2002 - 19:00
1066,https://www.tff.org/Default.aspx?pageId=397&macId=14446,BURSASPOR                                         ,1,TRABZONSPOR                                       ,2,BURSA ATATÜRK,SELÇUK DERELİ,5.10.2002 - 19:00
1072,https://www.tff.org/Default.aspx?pageId=397&macId=14453,BEŞİKTAŞ A.Ş.                                     ,0,GAZİANTEPSPOR                                     ,0,BEŞİKTAŞ İNÖNÜ,MUSTAFA ÇULCU,6.10.2002 - 17:00
1064,https://www.tff.org/Default.aspx?pageId=397&macId=14449,SAMSUNSPOR                                        ,1,MKE ANKARAGÜCÜ                                    ,0,SAMSUN 19 MAYIS,İSMET CENGİZ,6.10.2002 - 19:00
1067,https://www.tff.org/Default.aspx?pageId=397&macId=14450,GENÇLERBİRLİĞİ                                    ,0,DENİZLİSPOR                                       ,0,ANKARA 19 MAYIS,BÜLENT DEMİRLEK,6.10.2002 - 19:00
1068,https://www.tff.org/Default.aspx?pageId=397&macId=14451,ALTAY                                             ,1,FENERBAHÇE                                        ,3,İZMİR ATATÜRK,ALİ AYDIN,6.10.2002 - 19:00
1071,https://www.tff.org/Default.aspx?pageId=397&macId=14452,KOCAELİSPOR                                       ,1,GÖZTEPE A.Ş.                                      ,3, İSMETPAŞA,MUHİTTİN BOŞAT,6.10.2002 - 19:00
1079,https://www.tff.org/Default.aspx?pageId=397&macId=14613,FENERBAHÇE                                        ,1,ADANASPOR A.Ş.                                    ,1,FB ŞÜKRÜ SARACOĞLU,BÜLENT DEMİRLEK,18.10.2002 - 20:00
1080,https://www.tff.org/Default.aspx?pageId=397&macId=14616,MALATYASPOR                                       ,5,GENÇLERBİRLİĞİ                                    ,4,MALATYA İNÖNÜ,SABİT HACIÖMEROĞLU,19.10.2002 - 14:00
1076,https://www.tff.org/Default.aspx?pageId=397&macId=14614,GAZİANTEPSPOR                                     ,4,SAMSUNSPOR                                        ,2,KAMİL OCAK,BÜLENT UZUN,19.10.2002 - 19:00
1078,https://www.tff.org/Default.aspx?pageId=397&macId=14615,GÖZTEPE A.Ş.                                      ,1,İSTANBULSPOR A.Ş.                                 ,1,İZMİR ALSANCAK,MUSA ERYILMAZ,19.10.2002 - 19:00
1081,https://www.tff.org/Default.aspx?pageId=397&macId=14617,GALATASARAY                                       ,1,DİYARBAKIRSPOR                                    ,0,ALİ SAMİ YEN,MUSTAFA ÇULCU,19.10.2002 - 19:00
1074,https://www.tff.org/Default.aspx?pageId=397&macId=14619,ELAZIĞSPOR                                        ,2,ALTAY                                             ,0,ELAZIĞ ATATÜRK,HAMZA MISIR,20.10.2002 - 14:00
1073,https://www.tff.org/Default.aspx?pageId=397&macId=14618,TRABZONSPOR                                       ,2,KOCAELİSPOR                                       ,0,HÜSEYİN AVNİ AKER,CEM PAPİLA,20.10.2002 - 19:00
1075,https://www.tff.org/Default.aspx?pageId=397&macId=14620,DENİZLİSPOR                                       ,1,BEŞİKTAŞ A.Ş.                                     ,2,DENİZLİ ATATÜRK,SERDAR TATLI,20.10.2002 - 19:00
1077,https://www.tff.org/Default.aspx?pageId=397&macId=14621,MKE ANKARAGÜCÜ                                    ,4,BURSASPOR                                         ,0,ANKARA 19 MAYIS,MUTLU ÇELİK,20.10.2002 - 19:00
1083,https://www.tff.org/Default.aspx?pageId=397&macId=14708,BEŞİKTAŞ A.Ş.                                     ,3,MALATYASPOR                                       ,0,BEŞİKTAŞ İNÖNÜ,ALİ AYDIN,25.10.2002 - 20:00
1089,https://www.tff.org/Default.aspx?pageId=397&macId=14712,İSTANBULSPOR A.Ş.                                 ,1,TRABZONSPOR                                       ,2,GÜNGÖREN BELEDİYE,MUSTAFA ÇULCU,26.10.2002 - 13:30
1082,https://www.tff.org/Default.aspx?pageId=397&macId=14709,KOCAELİSPOR                                       ,3,MKE ANKARAGÜCÜ                                    ,0, İSMETPAŞA,SABİT HACIÖMEROĞLU,26.10.2002 - 19:00
1084,https://www.tff.org/Default.aspx?pageId=397&macId=14710,SAMSUNSPOR                                        ,0,DENİZLİSPOR                                       ,0,SAMSUN 19 MAYIS,METİN TOKAT,26.10.2002 - 19:00
1087,https://www.tff.org/Default.aspx?pageId=397&macId=14711,ALTAY                                             ,1,GALATASARAY                                       ,2,İZMİR ATATÜRK,SERDAR TATLI,26.10.2002 - 19:00
1085,https://www.tff.org/Default.aspx?pageId=397&macId=14713,GENÇLERBİRLİĞİ                                    ,1,FENERBAHÇE                                        ,1,ANKARA 19 MAYIS,KUDDUSİ MÜFTÜOĞLU,27.10.2002 - 19:00
1086,https://www.tff.org/Default.aspx?pageId=397&macId=14714,ADANASPOR A.Ş.                                    ,0,ELAZIĞSPOR                                        ,0,5 OCAK,EROL ERSOY,27.10.2002 - 19:00
1088,https://www.tff.org/Default.aspx?pageId=397&macId=14715,DİYARBAKIRSPOR                                    ,1,GÖZTEPE A.Ş.                                      ,0,DİYARBAKIR ATATÜRK,SELÇUK DERELİ,27.10.2002 - 19:00
1090,https://www.tff.org/Default.aspx?pageId=397&macId=14716,BURSASPOR                                         ,1,GAZİANTEPSPOR                                     ,1,BURSA ATATÜRK,ORHAN ERDEMİR,27.10.2002 - 19:00
1096,https://www.tff.org/Default.aspx?pageId=397&macId=14843,TRABZONSPOR                                       ,3,DİYARBAKIRSPOR                                    ,0,HÜSEYİN AVNİ AKER,ORHAN ERDEMİR,1.11.2002 - 20:00
1091,https://www.tff.org/Default.aspx?pageId=397&macId=14844,ELAZIĞSPOR                                        ,0,GENÇLERBİRLİĞİ                                    ,3,ELAZIĞ ATATÜRK,ÜNSAL ÇİMEN,2.11.2002 - 12:30
1094,https://www.tff.org/Default.aspx?pageId=397&macId=14846,GAZİANTEPSPOR                                     ,2,KOCAELİSPOR                                       ,1,KAMİL OCAK,KUDDUSİ MÜFTÜOĞLU,2.11.2002 - 13:30
1095,https://www.tff.org/Default.aspx?pageId=397&macId=14847,MKE ANKARAGÜCÜ                                    ,1,İSTANBULSPOR A.Ş.                                 ,0,ANKARA 19 MAYIS,CEM PAPİLA,2.11.2002 - 13:30
1097,https://www.tff.org/Default.aspx?pageId=397&macId=14848,ALTAY                                             ,0,ADANASPOR A.Ş.                                    ,4,İZMİR ALSANCAK,OKTAY DEMİRAY,2.11.2002 - 13:30
1098,https://www.tff.org/Default.aspx?pageId=397&macId=14849,MALATYASPOR                                       ,2,SAMSUNSPOR                                        ,1,MALATYA İNÖNÜ,MUHİTTİN BOŞAT,2.11.2002 - 13:30
1093,https://www.tff.org/Default.aspx?pageId=397&macId=14845,GALATASARAY                                       ,3,GÖZTEPE A.Ş.                                      ,1,ALİ SAMİ YEN,MUTLU ÇELİK,2.11.2002 - 18:00
1099,https://www.tff.org/Default.aspx?pageId=397&macId=14913,DENİZLİSPOR                                       ,2,BURSASPOR                                         ,2,DENİZLİ ATATÜRK,MUSA ERYILMAZ,6.11.2002 - 18:00
1092,https://www.tff.org/Default.aspx?pageId=397&macId=15517,FENERBAHÇE                                        ,0,BEŞİKTAŞ A.Ş.                                     ,1,FB ŞÜKRÜ SARACOĞLU,ALİ AYDIN,2.02.2003 - 19:00
1102,https://www.tff.org/Default.aspx?pageId=397&macId=14914,BEŞİKTAŞ A.Ş.                                     ,3,ELAZIĞSPOR                                        ,1,BEŞİKTAŞ İNÖNÜ,BÜLENT DEMİRLEK,8.11.2002 - 20:00
1100,https://www.tff.org/Default.aspx?pageId=397&macId=14915,DİYARBAKIRSPOR                                    ,3,MKE ANKARAGÜCÜ                                    ,0,DİYARBAKIR ATATÜRK,BÜLENT UZUN,9.11.2002 - 13:30
1106,https://www.tff.org/Default.aspx?pageId=397&macId=14917,GÖZTEPE A.Ş.                                      ,1,TRABZONSPOR                                       ,2,İZMİR ALSANCAK,MUHİTTİN BOŞAT,9.11.2002 - 13:30
1107,https://www.tff.org/Default.aspx?pageId=397&macId=14918,İSTANBULSPOR A.Ş.                                 ,1,GAZİANTEPSPOR                                     ,3,GÜNGÖREN BELEDİYE,METİN TOKAT,9.11.2002 - 13:30
1105,https://www.tff.org/Default.aspx?pageId=397&macId=14916,ADANASPOR A.Ş.                                    ,0,GALATASARAY                                       ,0,5 OCAK,CEM PAPİLA,9.11.2002 - 19:00
1101,https://www.tff.org/Default.aspx?pageId=397&macId=14919,KOCAELİSPOR                                       ,2,DENİZLİSPOR                                       ,1, İSMETPAŞA,ALİ AYDIN,10.11.2002 - 13:30
1104,https://www.tff.org/Default.aspx?pageId=397&macId=14921,GENÇLERBİRLİĞİ                                    ,1,ALTAY                                             ,0,ANKARA 19 MAYIS,METİN AYDOĞAN,10.11.2002 - 13:30
1108,https://www.tff.org/Default.aspx?pageId=397&macId=14922,BURSASPOR                                         ,1,MALATYASPOR                                       ,1,BURSA ATATÜRK,ZAFER ÖNDER İPEK,10.11.2002 - 13:30
1103,https://www.tff.org/Default.aspx?pageId=397&macId=14920,SAMSUNSPOR                                        ,1,FENERBAHÇE                                        ,3,SAMSUN 19 MAYIS,SELÇUK DERELİ,10.11.2002 - 19:00
1112,https://www.tff.org/Default.aspx?pageId=397&macId=15009,MKE ANKARAGÜCÜ                                    ,1,GÖZTEPE A.Ş.                                      ,0,ANKARA 19 MAYIS,HAMZA MISIR,16.11.2002 - 13:30
1113,https://www.tff.org/Default.aspx?pageId=397&macId=15010,ADANASPOR A.Ş.                                    ,2,GENÇLERBİRLİĞİ                                    ,7,5 OCAK,SERDAR TATLI,16.11.2002 - 13:30
1109,https://www.tff.org/Default.aspx?pageId=397&macId=15008,GAZİANTEPSPOR                                     ,2,DİYARBAKIRSPOR                                    ,0,KAMİL OCAK,YILNUR ÖNEN,16.11.2002 - 19:00
1117,https://www.tff.org/Default.aspx?pageId=397&macId=15011,GALATASARAY                                       ,2,TRABZONSPOR                                       ,1,ALİ SAMİ YEN,SELÇUK DERELİ,16.11.2002 - 19:00
1111,https://www.tff.org/Default.aspx?pageId=397&macId=15013,MALATYASPOR                                       ,2,KOCAELİSPOR                                       ,1,MALATYA İNÖNÜ,EROL ERSOY,17.11.2002 - 13:30
1115,https://www.tff.org/Default.aspx?pageId=397&macId=15015,ELAZIĞSPOR                                        ,3,SAMSUNSPOR                                        ,1,ELAZIĞ ATATÜRK,ORHAN ERDEMİR,17.11.2002 - 13:30
1116,https://www.tff.org/Default.aspx?pageId=397&macId=15016,DENİZLİSPOR                                       ,2,İSTANBULSPOR A.Ş.                                 ,1,DENİZLİ ATATÜRK,İSMET ARZUMAN,17.11.2002 - 13:30
1114,https://www.tff.org/Default.aspx?pageId=397&macId=15014,ALTAY                                             ,0,BEŞİKTAŞ A.Ş.                                     ,1,İZMİR ATATÜRK,MUTLU ÇELİK,17.11.2002 - 17:00
1110,https://www.tff.org/Default.aspx?pageId=397&macId=15012,FENERBAHÇE                                        ,7,BURSASPOR                                         ,1,ANKARA 19 MAYIS,ALİ AYDIN,17.11.2002 - 19:00
1123,https://www.tff.org/Default.aspx?pageId=397&macId=15105,DİYARBAKIRSPOR                                    ,0,DENİZLİSPOR                                       ,0,DİYARBAKIR ATATÜRK,KUDDUSİ MÜFTÜOĞLU,23.11.2002 - 13:30
1124,https://www.tff.org/Default.aspx?pageId=397&macId=15106,İSTANBULSPOR A.Ş.                                 ,0,MALATYASPOR                                       ,0,GÜNGÖREN BELEDİYE,ÜNSAL ÇİMEN,23.11.2002 - 13:30
1125,https://www.tff.org/Default.aspx?pageId=397&macId=15107,KOCAELİSPOR                                       ,1,FENERBAHÇE                                        ,2, İSMETPAŞA,CEM PAPİLA,23.11.2002 - 17:00
1118,https://www.tff.org/Default.aspx?pageId=397&macId=15103,TRABZONSPOR                                       ,3,MKE ANKARAGÜCÜ                                    ,0,HÜSEYİN AVNİ AKER,MUSTAFA ÇULCU,23.11.2002 - 19:00
1120,https://www.tff.org/Default.aspx?pageId=397&macId=15104,BEŞİKTAŞ A.Ş.                                     ,3,ADANASPOR A.Ş.                                    ,0,BEŞİKTAŞ İNÖNÜ,HAMZA MISIR,23.11.2002 - 19:00
1119,https://www.tff.org/Default.aspx?pageId=397&macId=15108,GÖZTEPE A.Ş.                                      ,2,GAZİANTEPSPOR                                     ,1,İZMİR ALSANCAK,İSMET CENGİZ,24.11.2002 - 13:30
1126,https://www.tff.org/Default.aspx?pageId=397&macId=15111,BURSASPOR                                         ,1,ELAZIĞSPOR                                        ,1,BURSA ATATÜRK,METİN TOKAT,24.11.2002 - 13:30
1121,https://www.tff.org/Default.aspx?pageId=397&macId=15109,SAMSUNSPOR                                        ,2,ALTAY                                             ,4,SAMSUN 19 MAYIS,CEM TOSYALI,24.11.2002 - 19:00
1122,https://www.tff.org/Default.aspx?pageId=397&macId=15110,GENÇLERBİRLİĞİ                                    ,1,GALATASARAY                                       ,0,ANKARA 19 MAYIS,BÜLENT DEMİRLEK,24.11.2002 - 19:00
1133,https://www.tff.org/Default.aspx?pageId=397&macId=15198,FENERBAHÇE                                        ,2,İSTANBULSPOR A.Ş.                                 ,0,FB ŞÜKRÜ SARACOĞLU,MUHİTTİN BOŞAT,29.11.2002 - 20:00
1132,https://www.tff.org/Default.aspx?pageId=397&macId=15202,ELAZIĞSPOR                                        ,0,KOCAELİSPOR                                       ,1,ELAZIĞ ATATÜRK,SERDAR TATLI,30.11.2002 - 12:30
1127,https://www.tff.org/Default.aspx?pageId=397&macId=15199,GAZİANTEPSPOR                                     ,0,TRABZONSPOR                                       ,0,KAMİL OCAK,İSMET ARZUMAN,30.11.2002 - 18:00
1128,https://www.tff.org/Default.aspx?pageId=397&macId=15200,ALTAY                                             ,2,BURSASPOR                                         ,1,İZMİR ATATÜRK,SELÇUK DERELİ,30.11.2002 - 19:00
1130,https://www.tff.org/Default.aspx?pageId=397&macId=15201,MKE ANKARAGÜCÜ                                    ,1,GALATASARAY                                       ,2,ANKARA 19 MAYIS,ALİ AYDIN,30.11.2002 - 19:00
1129,https://www.tff.org/Default.aspx?pageId=397&macId=15203,MALATYASPOR                                       ,0,DİYARBAKIRSPOR                                    ,1,MALATYA İNÖNÜ,BÜLENT DEMİRLEK,1.12.2002 - 13:30
1131,https://www.tff.org/Default.aspx?pageId=397&macId=15204,ADANASPOR A.Ş.                                    ,1,SAMSUNSPOR                                        ,1,5 OCAK,ZAFER ÖNDER İPEK,1.12.2002 - 19:00
1134,https://www.tff.org/Default.aspx?pageId=397&macId=15205,DENİZLİSPOR                                       ,0,GÖZTEPE A.Ş.                                      ,0,DENİZLİ ATATÜRK,OKTAY DEMİRAY,1.12.2002 - 19:00
1135,https://www.tff.org/Default.aspx?pageId=397&macId=15206,BEŞİKTAŞ A.Ş.                                     ,1,GENÇLERBİRLİĞİ                                    ,1,BEŞİKTAŞ İNÖNÜ,MUSTAFA ÇULCU,1.12.2002 - 19:00
1137,https://www.tff.org/Default.aspx?pageId=397&macId=15375,KOCAELİSPOR                                       ,3,ALTAY                                             ,0, İSMETPAŞA,YILNUR ÖNEN,7.12.2002 - 13:30
1143,https://www.tff.org/Default.aspx?pageId=397&macId=15378,İSTANBULSPOR A.Ş.                                 ,2,ELAZIĞSPOR                                        ,1,GÜNGÖREN BELEDİYE,BÜLENT DEMİRLEK,7.12.2002 - 13:30
1141,https://www.tff.org/Default.aspx?pageId=397&macId=15376,TRABZONSPOR                                       ,1,DENİZLİSPOR                                       ,0,HÜSEYİN AVNİ AKER,MUHİTTİN BOŞAT,7.12.2002 - 16:00
1142,https://www.tff.org/Default.aspx?pageId=397&macId=15377,DİYARBAKIRSPOR                                    ,3,FENERBAHÇE                                        ,0,DİYARBAKIR ATATÜRK,SELÇUK DERELİ,7.12.2002 - 19:00
1136,https://www.tff.org/Default.aspx?pageId=397&macId=15379,GÖZTEPE A.Ş.                                      ,0,MALATYASPOR                                       ,3,İZMİR ALSANCAK,METİN TOKAT,8.12.2002 - 13:30
1139,https://www.tff.org/Default.aspx?pageId=397&macId=15381,SAMSUNSPOR                                        ,2,GENÇLERBİRLİĞİ                                    ,7,SAMSUN 19 MAYIS,İSMET ARZUMAN,8.12.2002 - 13:30
1140,https://www.tff.org/Default.aspx?pageId=397&macId=15382,MKE ANKARAGÜCÜ                                    ,5,GAZİANTEPSPOR                                     ,3,ANKARA 19 MAYIS,MUTLU ÇELİK,8.12.2002 - 13:30
1144,https://www.tff.org/Default.aspx?pageId=397&macId=15383,BURSASPOR                                         ,3,ADANASPOR A.Ş.                                    ,0,BURSA ATATÜRK,ORHAN ERDEMİR,8.12.2002 - 13:30
1138,https://www.tff.org/Default.aspx?pageId=397&macId=15380,GALATASARAY                                       ,0,BEŞİKTAŞ A.Ş.                                     ,1,ALİ SAMİ YEN,KUDDUSİ MÜFTÜOĞLU,8.12.2002 - 19:00
1145,https://www.tff.org/Default.aspx?pageId=397&macId=15413,GAZİANTEPSPOR                                     ,1,GALATASARAY                                       ,2,KAMİL OCAK,MUSTAFA ÇULCU,13.12.2002 - 20:00
1149,https://www.tff.org/Default.aspx?pageId=397&macId=15414,ADANASPOR A.Ş.                                    ,1,KOCAELİSPOR                                       ,0,5 OCAK,ÇETİN SARIGÜL,14.12.2002 - 13:30
1150,https://www.tff.org/Default.aspx?pageId=397&macId=15415,ALTAY                                             ,4,İSTANBULSPOR A.Ş.                                 ,3,İZMİR ATATÜRK,ALİ ULUYOL,14.12.2002 - 13:30
1152,https://www.tff.org/Default.aspx?pageId=397&macId=15417,MALATYASPOR                                       ,2,TRABZONSPOR                                       ,2,MALATYA İNÖNÜ,BÜLENT UZUN,14.12.2002 - 13:30
1151,https://www.tff.org/Default.aspx?pageId=397&macId=15416,FENERBAHÇE                                        ,0,GÖZTEPE A.Ş.                                      ,0,FB ŞÜKRÜ SARACOĞLU,HAMZA MISIR,14.12.2002 - 19:00
1146,https://www.tff.org/Default.aspx?pageId=397&macId=15418,ELAZIĞSPOR                                        ,0,DİYARBAKIRSPOR                                    ,1,ELAZIĞ ATATÜRK,METİN TOKAT,15.12.2002 - 13:30
1148,https://www.tff.org/Default.aspx?pageId=397&macId=15419,GENÇLERBİRLİĞİ                                    ,2,BURSASPOR                                         ,0,ANKARA 19 MAYIS,CÜNEYT ÇAKIR,15.12.2002 - 13:30
1153,https://www.tff.org/Default.aspx?pageId=397&macId=15420,BEŞİKTAŞ A.Ş.                                     ,2,SAMSUNSPOR                                        ,0,BEŞİKTAŞ İNÖNÜ,CEM PAPİLA,15.12.2002 - 19:00
1147,https://www.tff.org/Default.aspx?pageId=397&macId=15516,DENİZLİSPOR                                       ,2,MKE ANKARAGÜCÜ                                    ,1,DENİZLİ ATATÜRK,CEM TOSYALI,28.01.2003 - 13:30
1159,https://www.tff.org/Default.aspx?pageId=397&macId=15504,ADANASPOR A.Ş.                                    ,0,İSTANBULSPOR A.Ş.                                 ,3,5 OCAK,TANER BALBAY,21.12.2002 - 13:30
1161,https://www.tff.org/Default.aspx?pageId=397&macId=15505,BEŞİKTAŞ A.Ş.                                     ,1,BURSASPOR                                         ,0,BEŞİKTAŞ İNÖNÜ,İSMET ARZUMAN,21.12.2002 - 19:00
1158,https://www.tff.org/Default.aspx?pageId=397&macId=15507,ALTAY                                             ,2,DİYARBAKIRSPOR                                    ,2,İZMİR ATATÜRK,MUSA ERYILMAZ,22.12.2002 - 13:30
1160,https://www.tff.org/Default.aspx?pageId=397&macId=15508,GENÇLERBİRLİĞİ                                    ,5,KOCAELİSPOR                                       ,1,ANKARA 19 MAYIS,MUTLU ÇELİK,22.12.2002 - 13:30
1162,https://www.tff.org/Default.aspx?pageId=397&macId=15509,SAMSUNSPOR                                        ,0,GALATASARAY                                       ,1,SAMSUN 19 MAYIS,METİN TOKAT,22.12.2002 - 16:30
1155,https://www.tff.org/Default.aspx?pageId=397&macId=15506,FENERBAHÇE                                        ,3,TRABZONSPOR                                       ,2,FB ŞÜKRÜ SARACOĞLU,ALİ AYDIN,22.12.2002 - 19:00
1154,https://www.tff.org/Default.aspx?pageId=397&macId=15518,DENİZLİSPOR                                       ,1,GAZİANTEPSPOR                                     ,0,DENİZLİ ATATÜRK,HAMZA MISIR,2.02.2003 - 13:30
1156,https://www.tff.org/Default.aspx?pageId=397&macId=15519,ELAZIĞSPOR                                        ,0,GÖZTEPE A.Ş.                                      ,0,ELAZIĞ ATATÜRK,CÜNEYT ÇAKIR,2.02.2003 - 13:30
1157,https://www.tff.org/Default.aspx?pageId=397&macId=15520,MALATYASPOR                                       ,3,MKE ANKARAGÜCÜ                                    ,1,MALATYA İNÖNÜ,ÇETİN SARIGÜL,2.02.2003 - 13:30
1168,https://www.tff.org/Default.aspx?pageId=397&macId=15602,GAZİANTEPSPOR                                     ,3,MALATYASPOR                                       ,0,KAMİL OCAK,ALİ ULUYOL,8.02.2003 - 13:30
1170,https://www.tff.org/Default.aspx?pageId=397&macId=15603,GÖZTEPE A.Ş.                                      ,0,ALTAY                                             ,2,İZMİR ATATÜRK,BÜLENT UZUN,8.02.2003 - 13:30
1171,https://www.tff.org/Default.aspx?pageId=397&macId=15604,BURSASPOR                                         ,2,SAMSUNSPOR                                        ,1,BURSA ATATÜRK,ORHAN ERDEMİR,8.02.2003 - 13:30
1164,https://www.tff.org/Default.aspx?pageId=397&macId=15601,KOCAELİSPOR                                       ,0,BEŞİKTAŞ A.Ş.                                     ,5, İSMETPAŞA,SELÇUK DERELİ,8.02.2003 - 19:00
1165,https://www.tff.org/Default.aspx?pageId=397&macId=15606,İSTANBULSPOR A.Ş.                                 ,1,GENÇLERBİRLİĞİ                                    ,3,GÜNGÖREN BELEDİYE,MUTLU ÇELİK,9.02.2003 - 13:30
1166,https://www.tff.org/Default.aspx?pageId=397&macId=15607,DİYARBAKIRSPOR                                    ,2,ADANASPOR A.Ş.                                    ,0,DİYARBAKIR ATATÜRK,ÜNSAL ÇİMEN,9.02.2003 - 13:30
1167,https://www.tff.org/Default.aspx?pageId=397&macId=15608,TRABZONSPOR                                       ,1,ELAZIĞSPOR                                        ,1,HÜSEYİN AVNİ AKER,CEM PAPİLA,9.02.2003 - 13:30
1163,https://www.tff.org/Default.aspx?pageId=397&macId=15605,MKE ANKARAGÜCÜ                                    ,0,FENERBAHÇE                                        ,0,ANKARA 19 MAYIS,MUSTAFA ÇULCU,9.02.2003 - 19:02
1169,https://www.tff.org/Default.aspx?pageId=397&macId=16157,GALATASARAY                                       ,0,DENİZLİSPOR                                       ,1,ALİ SAMİ YEN,İSMET ARZUMAN,19.03.2003 - 20:00
1174,https://www.tff.org/Default.aspx?pageId=397&macId=15691,GENÇLERBİRLİĞİ                                    ,3,DİYARBAKIRSPOR                                    ,1,ANKARA 19 MAYIS,BÜLENT DEMİRLEK,15.02.2003 - 13:30
1178,https://www.tff.org/Default.aspx?pageId=397&macId=15693,SAMSUNSPOR                                        ,1,KOCAELİSPOR                                       ,0,SAMSUN 19 MAYIS,KAZIM ERÇAKIR,15.02.2003 - 13:30
1179,https://www.tff.org/Default.aspx?pageId=397&macId=15694,MALATYASPOR                                       ,2,DENİZLİSPOR                                       ,1,MALATYA İNÖNÜ,SABİT HACIÖMEROĞLU,15.02.2003 - 13:30
1175,https://www.tff.org/Default.aspx?pageId=397&macId=15692,FENERBAHÇE                                        ,2,GAZİANTEPSPOR                                     ,0,FB ŞÜKRÜ SARACOĞLU,KUDDUSİ MÜFTÜOĞLU,15.02.2003 - 19:00
1173,https://www.tff.org/Default.aspx?pageId=397&macId=15696,ELAZIĞSPOR                                        ,1,MKE ANKARAGÜCÜ                                    ,0,ELAZIĞ ATATÜRK,İSMET CENGİZ,16.02.2003 - 13:30
1176,https://www.tff.org/Default.aspx?pageId=397&macId=15697,ALTAY                                             ,1,TRABZONSPOR                                       ,4,İZMİR ATATÜRK,ZAFER ÖNDER İPEK,16.02.2003 - 13:30
1177,https://www.tff.org/Default.aspx?pageId=397&macId=15698,ADANASPOR A.Ş.                                    ,1,GÖZTEPE A.Ş.                                      ,2,5 OCAK,OKTAY DEMİRAY,16.02.2003 - 13:30
1180,https://www.tff.org/Default.aspx?pageId=397&macId=15699,BEŞİKTAŞ A.Ş.                                     ,2,İSTANBULSPOR A.Ş.                                 ,1,BEŞİKTAŞ İNÖNÜ,SERDAR TATLI,16.02.2003 - 16:30
1172,https://www.tff.org/Default.aspx?pageId=397&macId=15695,BURSASPOR                                         ,0,GALATASARAY                                       ,4,BURSA ATATÜRK,İSMET ARZUMAN,16.02.2003 - 19:00
1184,https://www.tff.org/Default.aspx?pageId=397&macId=15786,GÖZTEPE A.Ş.                                      ,0,GENÇLERBİRLİĞİ                                    ,0,İZMİR ALSANCAK,MUHİTTİN BOŞAT,22.02.2003 - 13:30
1181,https://www.tff.org/Default.aspx?pageId=397&macId=15785,TRABZONSPOR                                       ,3,ADANASPOR A.Ş.                                    ,1,HÜSEYİN AVNİ AKER,MUSTAFA ÇULCU,22.02.2003 - 19:00
1185,https://www.tff.org/Default.aspx?pageId=397&macId=15787,MKE ANKARAGÜCÜ                                    ,3,ALTAY                                             ,0,ANKARA 19 MAYIS,CÜNEYT ÇAKIR,23.02.2003 - 13:30
1189,https://www.tff.org/Default.aspx?pageId=397&macId=15789,İSTANBULSPOR A.Ş.                                 ,0,SAMSUNSPOR                                        ,1,GÜNGÖREN BELEDİYE,ÜNSAL ÇİMEN,23.02.2003 - 13:30
1187,https://www.tff.org/Default.aspx?pageId=397&macId=15788,GALATASARAY                                       ,2,MALATYASPOR                                       ,1,ALİ SAMİ YEN,ALİ AYDIN,23.02.2003 - 19:00
1182,https://www.tff.org/Default.aspx?pageId=397&macId=16158,GAZİANTEPSPOR                                     ,4,ELAZIĞSPOR                                        ,0,KAMİL OCAK,MUSA ERYILMAZ,19.03.2003 - 18:00
1183,https://www.tff.org/Default.aspx?pageId=397&macId=16159,KOCAELİSPOR                                       ,0,BURSASPOR                                         ,0, İSMETPAŞA,ALİ AYDIN,19.03.2003 - 18:00
1188,https://www.tff.org/Default.aspx?pageId=397&macId=16545,DİYARBAKIRSPOR                                    ,1,BEŞİKTAŞ A.Ş.                                     ,0,DİYARBAKIR ATATÜRK,BÜLENT DEMİRLEK,16.04.2003 - 17:30
1186,https://www.tff.org/Default.aspx?pageId=397&macId=16544,DENİZLİSPOR                                       ,1,FENERBAHÇE                                        ,1,DENİZLİ ATATÜRK,SABİT HACIÖMEROĞLU,16.04.2003 - 20:00
1191,https://www.tff.org/Default.aspx?pageId=397&macId=15854,FENERBAHÇE                                        ,2,MALATYASPOR                                       ,0,FB ŞÜKRÜ SARACOĞLU,BÜLENT DEMİRLEK,28.02.2003 - 20:00
1190,https://www.tff.org/Default.aspx?pageId=397&macId=15855,ALTAY                                             ,0,GAZİANTEPSPOR                                     ,0,İZMİR ATATÜRK,YILNUR ÖNEN,1.03.2003 - 16:30
1195,https://www.tff.org/Default.aspx?pageId=397&macId=15857,GENÇLERBİRLİĞİ                                    ,2,TRABZONSPOR                                       ,1,ANKARA 19 MAYIS,ÇETİN SARIGÜL,1.03.2003 - 16:30
1198,https://www.tff.org/Default.aspx?pageId=397&macId=15858,BURSASPOR                                         ,1,İSTANBULSPOR A.Ş.                                 ,2,BURSA ATATÜRK,SELÇUK DERELİ,1.03.2003 - 16:30
1193,https://www.tff.org/Default.aspx?pageId=397&macId=15856,KOCAELİSPOR                                       ,0,GALATASARAY                                       ,1, İSMETPAŞA,MUSA ERYILMAZ,1.03.2003 - 19:00
1192,https://www.tff.org/Default.aspx?pageId=397&macId=15859,ELAZIĞSPOR                                        ,0,DENİZLİSPOR                                       ,2,ELAZIĞ ATATÜRK,ALİ ULUYOL,2.03.2003 - 13:30
1194,https://www.tff.org/Default.aspx?pageId=397&macId=15860,ADANASPOR A.Ş.                                    ,0,MKE ANKARAGÜCÜ                                    ,2,5 OCAK,İSMET ARZUMAN,2.03.2003 - 13:30
1197,https://www.tff.org/Default.aspx?pageId=397&macId=15862,SAMSUNSPOR                                        ,3,DİYARBAKIRSPOR                                    ,1,SAMSUN 19 MAYIS,MUSTAFA ÇULCU,2.03.2003 - 13:30
1196,https://www.tff.org/Default.aspx?pageId=397&macId=15861,BEŞİKTAŞ A.Ş.                                     ,7,GÖZTEPE A.Ş.                                      ,3,BEŞİKTAŞ İNÖNÜ,HAMZA MISIR,2.03.2003 - 19:00
1203,https://www.tff.org/Default.aspx?pageId=397&macId=15951,GAZİANTEPSPOR                                     ,1,ADANASPOR A.Ş.                                    ,1,KAMİL OCAK,BÜLENT DEMİRLEK,7.03.2003 - 20:00
1199,https://www.tff.org/Default.aspx?pageId=397&macId=15952,MALATYASPOR                                       ,1,ELAZIĞSPOR                                        ,1,MALATYA İNÖNÜ,METİN TOKAT,8.03.2003 - 16:30
1201,https://www.tff.org/Default.aspx?pageId=397&macId=15954,GÖZTEPE A.Ş.                                      ,0,SAMSUNSPOR                                        ,0,İZMİR ALSANCAK,ZAFER ÖNDER İPEK,8.03.2003 - 16:30
1204,https://www.tff.org/Default.aspx?pageId=397&macId=15955,DENİZLİSPOR                                       ,1,ALTAY                                             ,1,DENİZLİ ATATÜRK,MUSTAFA ÇULCU,8.03.2003 - 16:30
1200,https://www.tff.org/Default.aspx?pageId=397&macId=15953,GALATASARAY                                       ,2,FENERBAHÇE                                        ,0,ALİ SAMİ YEN,SELÇUK DERELİ,8.03.2003 - 19:00
1205,https://www.tff.org/Default.aspx?pageId=397&macId=15957,İSTANBULSPOR A.Ş.                                 ,2,KOCAELİSPOR                                       ,1,GÜNGÖREN BELEDİYE,SERDAR TATLI,9.03.2003 - 13:30
1206,https://www.tff.org/Default.aspx?pageId=397&macId=15958,DİYARBAKIRSPOR                                    ,4,BURSASPOR                                         ,0,DİYARBAKIR ATATÜRK,ALİ AYDIN,9.03.2003 - 13:30
1202,https://www.tff.org/Default.aspx?pageId=397&macId=15956,MKE ANKARAGÜCÜ                                    ,0,GENÇLERBİRLİĞİ                                    ,1,ANKARA 19 MAYIS,MUTLU ÇELİK,9.03.2003 - 16:30
1207,https://www.tff.org/Default.aspx?pageId=397&macId=15959,TRABZONSPOR                                       ,1,BEŞİKTAŞ A.Ş.                                     ,1,HÜSEYİN AVNİ AKER,KUDDUSİ MÜFTÜOĞLU,9.03.2003 - 19:00
1208,https://www.tff.org/Default.aspx?pageId=397&macId=16044,GENÇLERBİRLİĞİ                                    ,2,GAZİANTEPSPOR                                     ,1,ANKARA 19 MAYIS,ALİ AYDIN,14.03.2003 - 20:00
1210,https://www.tff.org/Default.aspx?pageId=397&macId=16045,ELAZIĞSPOR                                        ,3,FENERBAHÇE                                        ,3,ELAZIĞ ATATÜRK,KUDDUSİ MÜFTÜOĞLU,15.03.2003 - 13:30
1216,https://www.tff.org/Default.aspx?pageId=397&macId=16048,İSTANBULSPOR A.Ş.                                 ,1,GALATASARAY                                       ,2,GÜNGÖREN BELEDİYE,MUSTAFA ÇULCU,15.03.2003 - 15:30
1212,https://www.tff.org/Default.aspx?pageId=397&macId=16046,SAMSUNSPOR                                        ,1,TRABZONSPOR                                       ,3,SAMSUN 19 MAYIS,EROL ERSOY,15.03.2003 - 16:30
1215,https://www.tff.org/Default.aspx?pageId=397&macId=16047,ADANASPOR A.Ş.                                    ,2,DENİZLİSPOR                                       ,1,5 OCAK,ORHAN ERDEMİR,15.03.2003 - 16:30
1214,https://www.tff.org/Default.aspx?pageId=397&macId=16052,ALTAY                                             ,0,MALATYASPOR                                       ,2,İZMİR ALSANCAK,MUHİTTİN BOŞAT,16.03.2003 - 13:00
1209,https://www.tff.org/Default.aspx?pageId=397&macId=16049,BURSASPOR                                         ,1,GÖZTEPE A.Ş.                                      ,0,BURSA ATATÜRK,METİN TOKAT,16.03.2003 - 13:30
1213,https://www.tff.org/Default.aspx?pageId=397&macId=16051,KOCAELİSPOR                                       ,1,DİYARBAKIRSPOR                                    ,1, İSMETPAŞA,CÜNEYT ÇAKIR,16.03.2003 - 13:30
1211,https://www.tff.org/Default.aspx?pageId=397&macId=16050,BEŞİKTAŞ A.Ş.                                     ,1,MKE ANKARAGÜCÜ                                    ,0,BEŞİKTAŞ İNÖNÜ,BÜLENT UZUN,16.03.2003 - 19:00
1217,https://www.tff.org/Default.aspx?pageId=397&macId=16162,MKE ANKARAGÜCÜ                                    ,3,SAMSUNSPOR                                        ,2,ANKARA 19 MAYIS,MUSTAFA ÇULCU,22.03.2003 - 16:30
1218,https://www.tff.org/Default.aspx?pageId=397&macId=16163,MALATYASPOR                                       ,1,ADANASPOR A.Ş.                                    ,0,MALATYA İNÖNÜ,EROL ERSOY,22.03.2003 - 16:30
1223,https://www.tff.org/Default.aspx?pageId=397&macId=16165,DİYARBAKIRSPOR                                    ,1,İSTANBULSPOR A.Ş.                                 ,1,DİYARBAKIR ATATÜRK,YILNUR ÖNEN,22.03.2003 - 16:30
1221,https://www.tff.org/Default.aspx?pageId=397&macId=16164,FENERBAHÇE                                        ,0,ALTAY                                             ,1,FB ŞÜKRÜ SARACOĞLU,BÜLENT DEMİRLEK,22.03.2003 - 19:00
1219,https://www.tff.org/Default.aspx?pageId=397&macId=16166,TRABZONSPOR                                       ,3,BURSASPOR                                         ,0,SAMSUN 19 MAYIS,BÜLENT UZUN,23.03.2003 - 13:30
1220,https://www.tff.org/Default.aspx?pageId=397&macId=16167,DENİZLİSPOR                                       ,1,GENÇLERBİRLİĞİ                                    ,3,DENİZLİ ATATÜRK,ÜNSAL ÇİMEN,23.03.2003 - 13:30
1224,https://www.tff.org/Default.aspx?pageId=397&macId=16169,GÖZTEPE A.Ş.                                      ,1,KOCAELİSPOR                                       ,2,İZMİR ALSANCAK,ALİ ULUYOL,23.03.2003 - 13:30
1225,https://www.tff.org/Default.aspx?pageId=397&macId=16170,GAZİANTEPSPOR                                     ,1,BEŞİKTAŞ A.Ş.                                     ,1,KAMİL OCAK,SELÇUK DERELİ,23.03.2003 - 16:30
1222,https://www.tff.org/Default.aspx?pageId=397&macId=16168,GALATASARAY                                       ,3,ELAZIĞSPOR                                        ,0,ALİ SAMİ YEN,MUTLU ÇELİK,23.03.2003 - 19:00
1226,https://www.tff.org/Default.aspx?pageId=397&macId=16347,KOCAELİSPOR                                       ,2,TRABZONSPOR                                       ,2, İSMETPAŞA,EROL ERSOY,5.04.2003 - 16:30
1229,https://www.tff.org/Default.aspx?pageId=397&macId=16349,SAMSUNSPOR                                        ,2,GAZİANTEPSPOR                                     ,1,SAMSUN 19 MAYIS,METİN TOKAT,5.04.2003 - 16:30
1233,https://www.tff.org/Default.aspx?pageId=397&macId=16350,GENÇLERBİRLİĞİ                                    ,3,MALATYASPOR                                       ,0,ANKARA 19 MAYIS,BÜLENT UZUN,5.04.2003 - 16:30
1228,https://www.tff.org/Default.aspx?pageId=397&macId=16348,BEŞİKTAŞ A.Ş.                                     ,2,DENİZLİSPOR                                       ,0,BEŞİKTAŞ İNÖNÜ,ALİ AYDIN,5.04.2003 - 19:00
1227,https://www.tff.org/Default.aspx?pageId=397&macId=16351,ALTAY                                             ,5,ELAZIĞSPOR                                        ,1,İZMİR ATATÜRK,ORHAN ERDEMİR,6.04.2003 - 14:30
1230,https://www.tff.org/Default.aspx?pageId=397&macId=16352,BURSASPOR                                         ,0,MKE ANKARAGÜCÜ                                    ,2,BURSA ATATÜRK,KUDDUSİ MÜFTÜOĞLU,6.04.2003 - 14:30
1231,https://www.tff.org/Default.aspx?pageId=397&macId=16353,İSTANBULSPOR A.Ş.                                 ,3,GÖZTEPE A.Ş.                                      ,1,GÜNGÖREN BELEDİYE,CEM TOSYALI,6.04.2003 - 14:30
1234,https://www.tff.org/Default.aspx?pageId=397&macId=16355,DİYARBAKIRSPOR                                    ,1,GALATASARAY                                       ,3,DİYARBAKIR ATATÜRK,MUSTAFA ÇULCU,6.04.2003 - 17:00
1232,https://www.tff.org/Default.aspx?pageId=397&macId=16354,ADANASPOR A.Ş.                                    ,3,FENERBAHÇE                                        ,1,5 OCAK,SELÇUK DERELİ,6.04.2003 - 19:00
1240,https://www.tff.org/Default.aspx?pageId=397&macId=16450,GALATASARAY                                       ,5,ALTAY                                             ,0,ALİ SAMİ YEN,SELÇUK DERELİ,11.04.2003 - 20:00
1237,https://www.tff.org/Default.aspx?pageId=397&macId=16452,DENİZLİSPOR                                       ,0,SAMSUNSPOR                                        ,1,DENİZLİ ATATÜRK,CEM PAPİLA,12.04.2003 - 16:30
1241,https://www.tff.org/Default.aspx?pageId=397&macId=16453,GÖZTEPE A.Ş.                                      ,3,DİYARBAKIRSPOR                                    ,0,İZMİR ALSANCAK,ORHAN ERDEMİR,12.04.2003 - 16:30
1236,https://www.tff.org/Default.aspx?pageId=397&macId=16451,MALATYASPOR                                       ,1,BEŞİKTAŞ A.Ş.                                     ,2,MALATYA İNÖNÜ,KUDDUSİ MÜFTÜOĞLU,12.04.2003 - 19:00
1235,https://www.tff.org/Default.aspx?pageId=397&macId=16454,MKE ANKARAGÜCÜ                                    ,2,KOCAELİSPOR                                       ,0,ANKARA 19 MAYIS,BÜLENT UZUN,13.04.2003 - 14:30
1239,https://www.tff.org/Default.aspx?pageId=397&macId=16456,ELAZIĞSPOR                                        ,4,ADANASPOR A.Ş.                                    ,2,ELAZIĞ ATATÜRK,HAMZA MISIR,13.04.2003 - 14:30
1242,https://www.tff.org/Default.aspx?pageId=397&macId=16457,TRABZONSPOR                                       ,0,İSTANBULSPOR A.Ş.                                 ,0,HÜSEYİN AVNİ AKER,OKTAY DEMİRAY,13.04.2003 - 14:30
1243,https://www.tff.org/Default.aspx?pageId=397&macId=16458,GAZİANTEPSPOR                                     ,2,BURSASPOR                                         ,1,TEVFİK SIRRI GÜR,ALİ AYDIN,13.04.2003 - 14:30
1238,https://www.tff.org/Default.aspx?pageId=397&macId=16455,FENERBAHÇE                                        ,3,GENÇLERBİRLİĞİ                                    ,3,FB ŞÜKRÜ SARACOĞLU,SERDAR TATLI,13.04.2003 - 19:00
1246,https://www.tff.org/Default.aspx?pageId=397&macId=16550,GÖZTEPE A.Ş.                                      ,0,GALATASARAY                                       ,1,İZMİR ATATÜRK,MUSA ERYILMAZ,18.04.2003 - 20:00
1248,https://www.tff.org/Default.aspx?pageId=397&macId=16552,İSTANBULSPOR A.Ş.                                 ,1,MKE ANKARAGÜCÜ                                    ,0,GÜNGÖREN BELEDİYE,TANER BALBAY,19.04.2003 - 14:30
1244,https://www.tff.org/Default.aspx?pageId=397&macId=16551,GENÇLERBİRLİĞİ                                    ,2,ELAZIĞSPOR                                        ,0,ANKARA 19 MAYIS,METİN AYDOĞAN,19.04.2003 - 16:30
1251,https://www.tff.org/Default.aspx?pageId=397&macId=16554,SAMSUNSPOR                                        ,1,MALATYASPOR                                       ,1,SAMSUN 19 MAYIS,ÜNSAL ÇİMEN,19.04.2003 - 16:30
1249,https://www.tff.org/Default.aspx?pageId=397&macId=16553,DİYARBAKIRSPOR                                    ,2,TRABZONSPOR                                       ,0,DİYARBAKIR ATATÜRK,SERDAR TATLI,19.04.2003 - 19:00
1247,https://www.tff.org/Default.aspx?pageId=397&macId=16556,KOCAELİSPOR                                       ,0,GAZİANTEPSPOR                                     ,3, İSMETPAŞA,KUDDUSİ MÜFTÜOĞLU,20.04.2003 - 14:30
1250,https://www.tff.org/Default.aspx?pageId=397&macId=16557,ADANASPOR A.Ş.                                    ,5,ALTAY                                             ,2,5 OCAK,METİN TOKAT,20.04.2003 - 14:30
1252,https://www.tff.org/Default.aspx?pageId=397&macId=16558,BURSASPOR                                         ,2,DENİZLİSPOR                                       ,0,BURSA ATATÜRK,ÇETİN SARIGÜL,20.04.2003 - 14:30
1245,https://www.tff.org/Default.aspx?pageId=397&macId=16555,BEŞİKTAŞ A.Ş.                                     ,2,FENERBAHÇE                                        ,0,BEŞİKTAŞ İNÖNÜ,ALİ AYDIN,20.04.2003 - 19:00
1255,https://www.tff.org/Default.aspx?pageId=397&macId=16649,ELAZIĞSPOR                                        ,0,BEŞİKTAŞ A.Ş.                                     ,1,GİRESUN ATATÜRK,SERDAR TATLI,26.04.2003 - 14:30
1253,https://www.tff.org/Default.aspx?pageId=397&macId=16647,MKE ANKARAGÜCÜ                                    ,3,DİYARBAKIRSPOR                                    ,1,ANKARA 19 MAYIS,KUDDUSİ MÜFTÜOĞLU,26.04.2003 - 16:30
1254,https://www.tff.org/Default.aspx?pageId=397&macId=16648,DENİZLİSPOR                                       ,1,KOCAELİSPOR                                       ,2,DENİZLİ ATATÜRK,MUHİTTİN BOŞAT,26.04.2003 - 16:30
1256,https://www.tff.org/Default.aspx?pageId=397&macId=16650,FENERBAHÇE                                        ,1,SAMSUNSPOR                                        ,1,FB ŞÜKRÜ SARACOĞLU,ZAFER ÖNDER İPEK,26.04.2003 - 19:00
1257,https://www.tff.org/Default.aspx?pageId=397&macId=16651,ALTAY                                             ,3,GENÇLERBİRLİĞİ                                    ,3,İZMİR ALSANCAK,HAMZA MISIR,27.04.2003 - 14:30
1259,https://www.tff.org/Default.aspx?pageId=397&macId=16653,TRABZONSPOR                                       ,0,GÖZTEPE A.Ş.                                      ,0,HÜSEYİN AVNİ AKER,CÜNEYT ÇAKIR,27.04.2003 - 14:30
1260,https://www.tff.org/Default.aspx?pageId=397&macId=16654,GAZİANTEPSPOR                                     ,4,İSTANBULSPOR A.Ş.                                 ,3,KAMİL OCAK,YILNUR ÖNEN,27.04.2003 - 14:30
1261,https://www.tff.org/Default.aspx?pageId=397&macId=16655,MALATYASPOR                                       ,4,BURSASPOR                                         ,2,MALATYA İNÖNÜ,BÜLENT UZUN,27.04.2003 - 14:30
1258,https://www.tff.org/Default.aspx?pageId=397&macId=16652,GALATASARAY                                       ,2,ADANASPOR A.Ş.                                    ,2,ALİ SAMİ YEN,BÜLENT DEMİRLEK,27.04.2003 - 19:00
1263,https://www.tff.org/Default.aspx?pageId=397&macId=16741,BURSASPOR                                         ,2,FENERBAHÇE                                        ,1,BURSA ATATÜRK,METİN TOKAT,3.05.2003 - 16:30
1266,https://www.tff.org/Default.aspx?pageId=397&macId=16742,GENÇLERBİRLİĞİ                                    ,0,ADANASPOR A.Ş.                                    ,2,ANKARA 19 MAYIS,MUHİTTİN BOŞAT,3.05.2003 - 16:30
1268,https://www.tff.org/Default.aspx?pageId=397&macId=16744,SAMSUNSPOR                                        ,4,ELAZIĞSPOR                                        ,3,SAMSUN 19 MAYIS,ORHAN ERDEMİR,3.05.2003 - 16:30
1269,https://www.tff.org/Default.aspx?pageId=397&macId=16745,İSTANBULSPOR A.Ş.                                 ,2,DENİZLİSPOR                                       ,1,GÜNGÖREN BELEDİYE,MUSA ERYILMAZ,3.05.2003 - 16:30
1267,https://www.tff.org/Default.aspx?pageId=397&macId=16743,BEŞİKTAŞ A.Ş.                                     ,2,ALTAY                                             ,0,BEŞİKTAŞ İNÖNÜ,SELÇUK DERELİ,3.05.2003 - 19:00
1262,https://www.tff.org/Default.aspx?pageId=397&macId=16746,DİYARBAKIRSPOR                                    ,0,GAZİANTEPSPOR                                     ,1,DİYARBAKIR ATATÜRK,ALİ ULUYOL,4.05.2003 - 16:30
1264,https://www.tff.org/Default.aspx?pageId=397&macId=16747,KOCAELİSPOR                                       ,2,MALATYASPOR                                       ,3, İSMETPAŞA,ALİ AYDIN,4.05.2003 - 16:30
1265,https://www.tff.org/Default.aspx?pageId=397&macId=16748,GÖZTEPE A.Ş.                                      ,0,MKE ANKARAGÜCÜ                                    ,1,İZMİR ALSANCAK,SERDAR TATLI,4.05.2003 - 16:30
1270,https://www.tff.org/Default.aspx?pageId=397&macId=16749,TRABZONSPOR                                       ,1,GALATASARAY                                       ,2,HÜSEYİN AVNİ AKER,İSMET ARZUMAN,4.05.2003 - 19:00
1278,https://www.tff.org/Default.aspx?pageId=397&macId=16841,FENERBAHÇE                                        ,1,KOCAELİSPOR                                       ,0,FB ŞÜKRÜ SARACOĞLU,EROL ERSOY,9.05.2003 - 20:00
1273,https://www.tff.org/Default.aspx?pageId=397&macId=16842,ADANASPOR A.Ş.                                    ,0,BEŞİKTAŞ A.Ş.                                     ,1,5 OCAK,SERDAR TATLI,10.05.2003 - 19:00
1271,https://www.tff.org/Default.aspx?pageId=397&macId=16843,MKE ANKARAGÜCÜ                                    ,2,TRABZONSPOR                                       ,0,ANKARA 19 MAYIS,MUSTAFA ÇULCU,11.05.2003 - 16:30
1272,https://www.tff.org/Default.aspx?pageId=397&macId=16844,GAZİANTEPSPOR                                     ,3,GÖZTEPE A.Ş.                                      ,1,KAMİL OCAK,İSMET CENGİZ,11.05.2003 - 16:30
1274,https://www.tff.org/Default.aspx?pageId=397&macId=16845,ALTAY                                             ,2,SAMSUNSPOR                                        ,2,İZMİR ALSANCAK,ALİ ULUYOL,11.05.2003 - 16:30
1276,https://www.tff.org/Default.aspx?pageId=397&macId=16847,DENİZLİSPOR                                       ,2,DİYARBAKIRSPOR                                    ,0,DENİZLİ ATATÜRK,ZAFER ÖNDER İPEK,11.05.2003 - 16:30
1277,https://www.tff.org/Default.aspx?pageId=397&macId=16848,MALATYASPOR                                       ,1,İSTANBULSPOR A.Ş.                                 ,2,MALATYA İNÖNÜ,MUTLU ÇELİK,11.05.2003 - 16:30
1279,https://www.tff.org/Default.aspx?pageId=397&macId=16849,ELAZIĞSPOR                                        ,2,BURSASPOR                                         ,1,ELAZIĞ ATATÜRK,ALİ AYDIN,11.05.2003 - 16:30
1275,https://www.tff.org/Default.aspx?pageId=397&macId=16846,GALATASARAY                                       ,1,GENÇLERBİRLİĞİ                                    ,1,ALİ SAMİ YEN,BÜLENT UZUN,11.05.2003 - 19:00
1280,https://www.tff.org/Default.aspx?pageId=397&macId=16942,TRABZONSPOR                                       ,2,GAZİANTEPSPOR                                     ,1,HÜSEYİN AVNİ AKER,MUSA ERYILMAZ,16.05.2003 - 20:00
1281,https://www.tff.org/Default.aspx?pageId=397&macId=16943,BURSASPOR                                         ,2,ALTAY                                             ,1,BURSA ATATÜRK,ORHAN ERDEMİR,17.05.2003 - 16:30
1282,https://www.tff.org/Default.aspx?pageId=397&macId=16944,DİYARBAKIRSPOR                                    ,1,MALATYASPOR                                       ,1,DİYARBAKIR ATATÜRK,ÜNSAL ÇİMEN,17.05.2003 - 16:30
1284,https://www.tff.org/Default.aspx?pageId=397&macId=16946,SAMSUNSPOR                                        ,0,ADANASPOR A.Ş.                                    ,2,SAMSUN 19 MAYIS,METİN TOKAT,17.05.2003 - 16:30
1285,https://www.tff.org/Default.aspx?pageId=397&macId=16947,KOCAELİSPOR                                       ,1,ELAZIĞSPOR                                        ,3, İSMETPAŞA,MUHİTTİN BOŞAT,17.05.2003 - 16:30
1286,https://www.tff.org/Default.aspx?pageId=397&macId=16948,İSTANBULSPOR A.Ş.                                 ,2,FENERBAHÇE                                        ,0,GÜNGÖREN BELEDİYE,CÜNEYT ÇAKIR,17.05.2003 - 16:30
1287,https://www.tff.org/Default.aspx?pageId=397&macId=16949,GÖZTEPE A.Ş.                                      ,2,DENİZLİSPOR                                       ,3,İZMİR ALSANCAK,OKTAY DEMİRAY,17.05.2003 - 16:30
1283,https://www.tff.org/Default.aspx?pageId=397&macId=16945,GALATASARAY                                       ,3,MKE ANKARAGÜCÜ                                    ,0,ALİ SAMİ YEN,İSMET ARZUMAN,17.05.2003 - 19:00
1288,https://www.tff.org/Default.aspx?pageId=397&macId=16950,GENÇLERBİRLİĞİ                                    ,1,BEŞİKTAŞ A.Ş.                                     ,2,ANKARA 19 MAYIS,MUSTAFA ÇULCU,17.05.2003 - 19:00
1289,https://www.tff.org/Default.aspx?pageId=397&macId=17002,MALATYASPOR                                       ,4,GÖZTEPE A.Ş.                                      ,1,MALATYA İNÖNÜ,SABİT HACIÖMEROĞLU,25.05.2003 - 17:00
1290,https://www.tff.org/Default.aspx?pageId=397&macId=17003,ALTAY                                             ,5,KOCAELİSPOR                                       ,0,İZMİR ATATÜRK,HAMZA MISIR,25.05.2003 - 17:00
1292,https://www.tff.org/Default.aspx?pageId=397&macId=17005,GENÇLERBİRLİĞİ                                    ,1,SAMSUNSPOR                                        ,1,ANKARA 19 MAYIS,TANER BALBAY,25.05.2003 - 17:00
1293,https://www.tff.org/Default.aspx?pageId=397&macId=17006,GAZİANTEPSPOR                                     ,4,MKE ANKARAGÜCÜ                                    ,2,KAMİL OCAK,BÜLENT UZUN,25.05.2003 - 17:00
1294,https://www.tff.org/Default.aspx?pageId=397&macId=17007,DENİZLİSPOR                                       ,1,TRABZONSPOR                                       ,1,DENİZLİ ATATÜRK,YILNUR ÖNEN,25.05.2003 - 17:00
1295,https://www.tff.org/Default.aspx?pageId=397&macId=17008,FENERBAHÇE                                        ,0,DİYARBAKIRSPOR                                    ,0,FB ŞÜKRÜ SARACOĞLU,KUDDUSİ MÜFTÜOĞLU,25.05.2003 - 17:00
1296,https://www.tff.org/Default.aspx?pageId=397&macId=17009,ELAZIĞSPOR                                        ,1,İSTANBULSPOR A.Ş.                                 ,0,ELAZIĞ ATATÜRK,MUSTAFA ÇULCU,25.05.2003 - 17:00
1297,https://www.tff.org/Default.aspx?pageId=397&macId=17010,ADANASPOR A.Ş.                                    ,2,BURSASPOR                                         ,2,5 OCAK,MUHİTTİN BOŞAT,25.05.2003 - 17:00
1291,https://www.tff.org/Default.aspx?pageId=397&macId=17004,BEŞİKTAŞ A.Ş.                                     ,1,GALATASARAY                                       ,0,BEŞİKTAŞ İNÖNÜ,ALİ AYDIN,25.05.2003 - 19:00
1298,https://www.tff.org/Default.aspx?pageId=397&macId=17070,GALATASARAY                                       ,2,GAZİANTEPSPOR                                     ,1,ALİ SAMİ YEN,ALİ ULUYOL,30.05.2003 - 20:00
1299,https://www.tff.org/Default.aspx?pageId=397&macId=17062,DİYARBAKIRSPOR                                    ,1,ELAZIĞSPOR                                        ,2,DİYARBAKIR ATATÜRK,ALİ AYDIN,31.05.2003 - 16:30
1300,https://www.tff.org/Default.aspx?pageId=397&macId=17063,MKE ANKARAGÜCÜ                                    ,1,DENİZLİSPOR                                       ,1,ANKARA 19 MAYIS,CÜNEYT ÇAKIR,31.05.2003 - 16:30
1301,https://www.tff.org/Default.aspx?pageId=397&macId=17064,BURSASPOR                                         ,3,GENÇLERBİRLİĞİ                                    ,1,BURSA ATATÜRK,MUSTAFA ÇULCU,31.05.2003 - 16:30
1302,https://www.tff.org/Default.aspx?pageId=397&macId=17065,KOCAELİSPOR                                       ,1,ADANASPOR A.Ş.                                    ,2, İSMETPAŞA,LALE ORTA,31.05.2003 - 16:30
1303,https://www.tff.org/Default.aspx?pageId=397&macId=17066,İSTANBULSPOR A.Ş.                                 ,0,ALTAY                                             ,0,GÜNGÖREN BELEDİYE,İSMET ARZUMAN,31.05.2003 - 16:30
1304,https://www.tff.org/Default.aspx?pageId=397&macId=17067,GÖZTEPE A.Ş.                                      ,1,FENERBAHÇE                                        ,1,İZMİR ALSANCAK,MUSA ERYILMAZ,31.05.2003 - 16:30
1305,https://www.tff.org/Default.aspx?pageId=397&macId=17068,TRABZONSPOR                                       ,0,MALATYASPOR                                       ,2,HÜSEYİN AVNİ AKER,MUTLU ÇELİK,31.05.2003 - 16:30
1306,https://www.tff.org/Default.aspx?pageId=397&macId=17069,SAMSUNSPOR                                        ,3,BEŞİKTAŞ A.Ş.                                     ,4,SAMSUN 19 MAYIS,SEBAHATTİN ŞAHİN,31.05.2003 - 19:00
