Takim_adi,Oynadigi_mac_sayisi,Galibiyet_sayisi,Beraberlik_sayisi,Maglubiyet_sayisi,Attigi_gol_sayisi,Yedigi_gol_sayisi,Averaj,Puan
BEŞİKTAŞ,30,20,9,1,63,24,39,69
GALATASARAY,30,19,7,4,63,31,32,64
TRABZONSPOR,30,14,9,7,55,37,18,51
SARIYER,30,11,12,7,39,34,5,45
FENERBAHÇE,30,12,8,10,53,53,0,44
BAKIRKÖYSPOR,30,12,7,11,53,41,12,43
MKE ANKARAGUCU,30,11,8,11,46,43,3,41
BURSASPOR,30,11,5,14,31,36,-5,38
BOLUSPOR,30,8,13,9,35,37,-2,37
GENÇLERBİRLİĞİ,30,9,9,12,36,47,-11,36
AYDINSPOR,30,7,13,10,44,51,-7,34
KONYASPOR,30,10,4,16,33,45,-12,34
GAZIANTEPSPOR,30,9,6,15,29,45,-16,33
ZEYTINBURNUSPOR,30,6,11,13,26,40,-14,29
KARŞIYAKA,30,6,8,16,32,50,-18,26
ADANASPOR,30,5,11,14,34,58,-24,26
