Takim_adi,Oynadigi_mac_sayisi,Galibiyet_sayisi,Beraberlik_sayisi,Maglubiyet_sayisi,Attigi_gol_sayisi,Yedigi_gol_sayisi,Averaj,Puan
GALATASARAY,30,20,6,4,74,21,53,66
BEŞİKTAŞ,30,19,9,2,68,23,45,66
TRABZONSPOR,30,17,9,4,57,27,30,60
KOCAELİSPOR,30,17,8,5,56,30,26,59
FENERBAHÇE,30,18,4,8,75,41,34,58
BURSASPOR,30,12,6,12,42,42,0,42
ALTAY,30,11,4,15,34,40,-6,37
MKE ANKARAGUCU,30,11,4,15,40,59,-19,37
SARIYER,30,10,5,15,39,45,-6,35
GENÇLERBİRLİĞİ,30,9,8,13,41,56,-15,35
GAZIANTEPSPOR,30,10,5,15,40,56,-16,35
KAYSERİSPOR,30,7,11,12,26,39,-13,32
KARŞIYAKA,30,7,9,14,36,54,-18,30
BAKIRKÖYSPOR,30,8,5,17,36,48,-12,29
AYDINSPOR,30,6,9,15,23,50,-27,27
KONYASPOR,30,2,10,18,29,85,-56,16
