Mac_kodu,TFF_mac_linki,Ev_sahibi,Ev_sahibi_gol,Misafir_takim,Misafir_takim_gol,Stat,Ana_hakem,Tarih_saat
1001,https://www.tff.org/Default.aspx?pageId=397&macId=53976,ALTAY                         ,1,MKE ANKARAGUCU                ,0,İZMİR ALSANCAK,HALİL TANER YALÇINDAĞ,23.08.1992 - 15:30
1002,https://www.tff.org/Default.aspx?pageId=397&macId=53977,AYDINSPOR                     ,2,KONYASPOR                     ,1,ADNAN MENDERES,BÜLENT YAVUZ,23.08.1992 - 15:30
1003,https://www.tff.org/Default.aspx?pageId=397&macId=53978,TRABZONSPOR                   ,4,SARIYER                       ,0,HÜSEYİN AVNİ AKER,ŞÜKRÜ YAVUZ KARAOZAN,23.08.1992 - 15:30
1004,https://www.tff.org/Default.aspx?pageId=397&macId=53979,BURSASPOR                     ,4,GAZIANTEPSPOR                 ,0,BURSA ATATÜRK,VAHAP BEYAZ,23.08.1992 - 15:30
1006,https://www.tff.org/Default.aspx?pageId=397&macId=53981,KOCAELİSPOR                   ,7,KAYSERİSPOR                   ,2, İSMETPAŞA,ERGÜL YÜCEDAĞ,23.08.1992 - 15:30
1007,https://www.tff.org/Default.aspx?pageId=397&macId=53982,BEŞİKTAŞ                      ,1,KARŞIYAKA                     ,1,BEŞİKTAŞ İNÖNÜ,SADIK CEYHAN DEDA,23.08.1992 - 15:30
1008,https://www.tff.org/Default.aspx?pageId=397&macId=53983,GENÇLERBİRLİĞİ                ,0,GALATASARAY                   ,3,ANKARA 19 MAYIS,HASAN CEYLAN,23.08.1992 - 15:30
1005,https://www.tff.org/Default.aspx?pageId=397&macId=53980,FENERBAHÇE                    ,4,BAKIRKÖYSPOR                  ,0,FB ŞÜKRÜ SARACOĞLU,SABRİ ÇELİK,23.08.1992 - 17:00
1009,https://www.tff.org/Default.aspx?pageId=397&macId=53984,MKE ANKARAGUCU                ,4,AYDINSPOR                     ,0,ANKARA 19 MAYIS,YUSUF YAYLI,30.08.1992 - 15:30
1010,https://www.tff.org/Default.aspx?pageId=397&macId=53985,KARŞIYAKA                     ,3,GENÇLERBİRLİĞİ                ,0,İZMİR ALSANCAK,TAHSİN KESİCİLER,30.08.1992 - 15:30
1011,https://www.tff.org/Default.aspx?pageId=397&macId=53986,KAYSERİSPOR                   ,2,BEŞİKTAŞ                      ,3,KAYSERİ ATATÜRK,OĞUZ SARVAN,30.08.1992 - 15:30
1012,https://www.tff.org/Default.aspx?pageId=397&macId=53987,BAKIRKÖYSPOR                  ,3,KOCAELİSPOR                   ,4,ŞENLİKKÖY,ZİHNİ AKSOY,30.08.1992 - 15:30
1013,https://www.tff.org/Default.aspx?pageId=397&macId=53988,GAZIANTEPSPOR                 ,2,FENERBAHÇE                    ,3,KAMİL OCAK,SERDAR ÇAKMAN,30.08.1992 - 15:30
1014,https://www.tff.org/Default.aspx?pageId=397&macId=53989,SARIYER                       ,1,BURSASPOR                     ,3,BEŞİKTAŞ İNÖNÜ,ERMAN TOROĞLU,30.08.1992 - 15:30
1015,https://www.tff.org/Default.aspx?pageId=397&macId=53990,KONYASPOR                     ,0,TRABZONSPOR                   ,0,KONYA ATATÜRK,AHMET ÇAKAR,30.08.1992 - 15:30
1016,https://www.tff.org/Default.aspx?pageId=397&macId=53991,GALATASARAY                   ,1,ALTAY                         ,2,ALİ SAMİ YEN,METİN TOKAT,30.08.1992 - 15:30
1017,https://www.tff.org/Default.aspx?pageId=397&macId=53992,AYDINSPOR                     ,0,ALTAY                         ,1,ADNAN MENDERES,ARGUN DARICI,6.09.1992 - 15:30
1018,https://www.tff.org/Default.aspx?pageId=397&macId=53993,TRABZONSPOR                   ,3,MKE ANKARAGUCU                ,1,HÜSEYİN AVNİ AKER,ÜNSAL ÇİMEN,6.09.1992 - 15:30
1021,https://www.tff.org/Default.aspx?pageId=397&macId=53996,KOCAELİSPOR                   ,1,GAZIANTEPSPOR                 ,2, İSMETPAŞA,ETEM ATASOY,6.09.1992 - 15:30
1023,https://www.tff.org/Default.aspx?pageId=397&macId=53998,GENÇLERBİRLİĞİ                ,0,KAYSERİSPOR                   ,4,ANKARA 19 MAYIS,İBRAHİM AKSOY,6.09.1992 - 15:30
1024,https://www.tff.org/Default.aspx?pageId=397&macId=53999,KARŞIYAKA                     ,1,GALATASARAY                   ,2,İZMİR ATATÜRK,SADIK CEYHAN DEDA,6.09.1992 - 15:30
1019,https://www.tff.org/Default.aspx?pageId=397&macId=53994,BURSASPOR                     ,1,KONYASPOR                     ,1,BURSA ATATÜRK,NECDET ERDİLEK,6.09.1992 - 17:00
1020,https://www.tff.org/Default.aspx?pageId=397&macId=53995,FENERBAHÇE                    ,0,SARIYER                       ,1,FB ŞÜKRÜ SARACOĞLU,HALİL TANER YALÇINDAĞ,6.09.1992 - 17:00
1022,https://www.tff.org/Default.aspx?pageId=397&macId=53997,BEŞİKTAŞ                      ,1,BAKIRKÖYSPOR                  ,0,BEŞİKTAŞ İNÖNÜ,SERDAR ÇAKIR,6.09.1992 - 20:00
1027,https://www.tff.org/Default.aspx?pageId=397&macId=54002,KAYSERİSPOR                   ,1,KARŞIYAKA                     ,1,NİĞDE 5 ŞUBAT,ALTAN ÖNCÜL,12.09.1992 - 15:30
1029,https://www.tff.org/Default.aspx?pageId=397&macId=54004,GAZIANTEPSPOR                 ,0,BEŞİKTAŞ                      ,0,KAMİL OCAK,BÜLENT YAVUZ,12.09.1992 - 15:30
1031,https://www.tff.org/Default.aspx?pageId=397&macId=54006,KONYASPOR                     ,1,FENERBAHÇE                    ,5,KONYA ATATÜRK,HASAN CEYLAN,12.09.1992 - 17:00
1032,https://www.tff.org/Default.aspx?pageId=397&macId=54007,GALATASARAY                   ,1,AYDINSPOR                     ,0,ALİ SAMİ YEN,ERMAN TOROĞLU,12.09.1992 - 17:00
1026,https://www.tff.org/Default.aspx?pageId=397&macId=54001,ALTAY                         ,1,TRABZONSPOR                   ,3,İZMİR ATATÜRK,SERDAR ÇAKMAN,12.09.1992 - 20:00
1025,https://www.tff.org/Default.aspx?pageId=397&macId=54000,MKE ANKARAGUCU                ,0,BURSASPOR                     ,1,ANKARA 19 MAYIS,ENGİN KURT,13.09.1992 - 15:30
1028,https://www.tff.org/Default.aspx?pageId=397&macId=54003,BAKIRKÖYSPOR                  ,3,GENÇLERBİRLİĞİ                ,2,ŞENLİKKÖY,AHMET ÇAKAR,13.09.1992 - 15:30
1030,https://www.tff.org/Default.aspx?pageId=397&macId=54005,SARIYER                       ,0,KOCAELİSPOR                   ,1,BEŞİKTAŞ İNÖNÜ,MEKKİ KESKİN,13.09.1992 - 15:30
1033,https://www.tff.org/Default.aspx?pageId=397&macId=54008,TRABZONSPOR                   ,1,AYDINSPOR                     ,0,HÜSEYİN AVNİ AKER,METİN TOKAT,26.09.1992 - 13:00
1040,https://www.tff.org/Default.aspx?pageId=397&macId=54015,KAYSERİSPOR                   ,1,GALATASARAY                   ,1,KAYSERİ ATATÜRK,HASAN CEYLAN,26.09.1992 - 13:30
1035,https://www.tff.org/Default.aspx?pageId=397&macId=54010,FENERBAHÇE                    ,1,MKE ANKARAGUCU                ,2,FB ŞÜKRÜ SARACOĞLU,ŞÜKRÜ YAVUZ KARAOZAN,26.09.1992 - 14:00
1039,https://www.tff.org/Default.aspx?pageId=397&macId=54014,KARŞIYAKA                     ,2,BAKIRKÖYSPOR                  ,1,İZMİR ALSANCAK,OĞUZ ARIKAL,26.09.1992 - 14:00
1037,https://www.tff.org/Default.aspx?pageId=397&macId=54012,BEŞİKTAŞ                      ,4,SARIYER                       ,0,BEŞİKTAŞ İNÖNÜ,SABRİ ÇELİK,26.09.1992 - 19:00
1038,https://www.tff.org/Default.aspx?pageId=397&macId=54013,GENÇLERBİRLİĞİ                ,1,GAZIANTEPSPOR                 ,0,ANKARA 19 MAYIS,SERDAR ÇAKIR,27.09.1992 - 13:30
1034,https://www.tff.org/Default.aspx?pageId=397&macId=54009,BURSASPOR                     ,4,ALTAY                         ,0,BURSA ATATÜRK,ADNAN TÜRKKAN,27.09.1992 - 14:00
1036,https://www.tff.org/Default.aspx?pageId=397&macId=54011,KOCAELİSPOR                   ,5,KONYASPOR                     ,0, İSMETPAŞA,ERMAN TOROĞLU,27.09.1992 - 14:00
1041,https://www.tff.org/Default.aspx?pageId=397&macId=54016,MKE ANKARAGUCU                ,0,KOCAELİSPOR                   ,3,ANKARA 19 MAYIS,ARGUN DARICI,4.10.1992 - 13:30
1045,https://www.tff.org/Default.aspx?pageId=397&macId=54020,GAZIANTEPSPOR                 ,1,KARŞIYAKA                     ,0,KAMİL OCAK,ABDURRAHMAN ARICI,4.10.1992 - 13:30
1047,https://www.tff.org/Default.aspx?pageId=397&macId=54022,KONYASPOR                     ,2,BEŞİKTAŞ                      ,2,KONYA ATATÜRK,SERDAR ÇAKMAN,4.10.1992 - 13:30
1042,https://www.tff.org/Default.aspx?pageId=397&macId=54017,ALTAY                         ,0,FENERBAHÇE                    ,1,İZMİR ATATÜRK,BÜLENT YAVUZ,4.10.1992 - 14:00
1043,https://www.tff.org/Default.aspx?pageId=397&macId=54018,AYDINSPOR                     ,0,BURSASPOR                     ,1,ADNAN MENDERES,OSMAN AVCI,4.10.1992 - 14:00
1044,https://www.tff.org/Default.aspx?pageId=397&macId=54019,BAKIRKÖYSPOR                  ,0,KAYSERİSPOR                   ,0,ŞENLİKKÖY,ALİ ERKAN,4.10.1992 - 14:00
1046,https://www.tff.org/Default.aspx?pageId=397&macId=54021,SARIYER                       ,1,GENÇLERBİRLİĞİ                ,1,YUSUF ZİYA ÖNİŞ,SADIK CEYHAN DEDA,4.10.1992 - 14:00
1048,https://www.tff.org/Default.aspx?pageId=397&macId=54023,GALATASARAY                   ,1,TRABZONSPOR                   ,1,ALİ SAMİ YEN,OĞUZ SARVAN,4.10.1992 - 14:00
1049,https://www.tff.org/Default.aspx?pageId=397&macId=54024,BURSASPOR                     ,0,TRABZONSPOR                   ,0,BURSA ATATÜRK,AHMET ÇAKAR,10.10.1992 - 14:00
1052,https://www.tff.org/Default.aspx?pageId=397&macId=54027,BEŞİKTAŞ                      ,4,MKE ANKARAGUCU                ,0,BEŞİKTAŞ İNÖNÜ,ENGİN KURT,10.10.1992 - 19:00
1053,https://www.tff.org/Default.aspx?pageId=397&macId=54028,GENÇLERBİRLİĞİ                ,1,KONYASPOR                     ,0,ANKARA 19 MAYIS,HALİL TANER YALÇINDAĞ,11.10.1992 - 13:30
1055,https://www.tff.org/Default.aspx?pageId=397&macId=54030,KAYSERİSPOR                   ,1,GAZIANTEPSPOR                 ,1,KAYSERİ ATATÜRK,MUSTAFA ARSLAN,11.10.1992 - 13:30
1050,https://www.tff.org/Default.aspx?pageId=397&macId=54025,FENERBAHÇE                    ,1,AYDINSPOR                     ,1,FB ŞÜKRÜ SARACOĞLU,METİN TOKAT,11.10.1992 - 14:00
1051,https://www.tff.org/Default.aspx?pageId=397&macId=54026,KOCAELİSPOR                   ,2,ALTAY                         ,0, İSMETPAŞA,ERDOĞAN KIRICI,11.10.1992 - 14:00
1054,https://www.tff.org/Default.aspx?pageId=397&macId=54029,KARŞIYAKA                     ,1,SARIYER                       ,1,İZMİR ALSANCAK,TURGUT SIĞIÇ,11.10.1992 - 14:00
1056,https://www.tff.org/Default.aspx?pageId=397&macId=54031,BAKIRKÖYSPOR                  ,0,GALATASARAY                   ,1,ALİ SAMİ YEN,ADNAN TÜRKKAN,11.10.1992 - 14:00
1060,https://www.tff.org/Default.aspx?pageId=397&macId=54035,TRABZONSPOR                   ,3,FENERBAHÇE                    ,4,HÜSEYİN AVNİ AKER,HASAN CEYLAN,17.10.1992 - 13:00
1058,https://www.tff.org/Default.aspx?pageId=397&macId=54033,ALTAY                         ,2,BEŞİKTAŞ                      ,3,İZMİR ATATÜRK,ERMAN TOROĞLU,17.10.1992 - 18:00
1064,https://www.tff.org/Default.aspx?pageId=397&macId=54039,GALATASARAY                   ,4,BURSASPOR                     ,2,BEŞİKTAŞ İNÖNÜ,SADIK CEYHAN DEDA,17.10.1992 - 18:00
1057,https://www.tff.org/Default.aspx?pageId=397&macId=54032,MKE ANKARAGUCU                ,0,GENÇLERBİRLİĞİ                ,2,ANKARA 19 MAYIS,VAHAP BEYAZ,18.10.1992 - 13:30
1061,https://www.tff.org/Default.aspx?pageId=397&macId=54036,GAZIANTEPSPOR                 ,1,BAKIRKÖYSPOR                  ,5,KAMİL OCAK,SEFER ALTUNTAŞ,18.10.1992 - 13:30
1063,https://www.tff.org/Default.aspx?pageId=397&macId=54038,KONYASPOR                     ,2,KARŞIYAKA                     ,2,KONYA ATATÜRK,ERGÜL YÜCEDAĞ,18.10.1992 - 13:30
1059,https://www.tff.org/Default.aspx?pageId=397&macId=54034,AYDINSPOR                     ,0,KOCAELİSPOR                   ,6,ADNAN MENDERES,İBRAHİM AKSOY,18.10.1992 - 14:00
1062,https://www.tff.org/Default.aspx?pageId=397&macId=54037,SARIYER                       ,1,KAYSERİSPOR                   ,0,YUSUF ZİYA ÖNİŞ,ÜNSAL ÇİMEN,18.10.1992 - 14:00
1066,https://www.tff.org/Default.aspx?pageId=397&macId=54041,KOCAELİSPOR                   ,0,TRABZONSPOR                   ,0,ALİ SAMİ YEN,SABRİ ÇELİK,31.10.1992 - 13:00
1072,https://www.tff.org/Default.aspx?pageId=397&macId=54047,GAZIANTEPSPOR                 ,0,GALATASARAY                   ,5,KAMİL OCAK,ENGİN KURT,31.10.1992 - 13:00
1065,https://www.tff.org/Default.aspx?pageId=397&macId=54040,FENERBAHÇE                    ,4,BURSASPOR                     ,1,BEŞİKTAŞ İNÖNÜ,SERDAR ÇAKMAN,31.10.1992 - 18:00
1067,https://www.tff.org/Default.aspx?pageId=397&macId=54042,BEŞİKTAŞ                      ,2,AYDINSPOR                     ,0,BEŞİKTAŞ İNÖNÜ,BÜLENT YAVUZ,1.11.1992 - 13:00
1068,https://www.tff.org/Default.aspx?pageId=397&macId=54043,GENÇLERBİRLİĞİ                ,3,ALTAY                         ,2,ANKARA 19 MAYIS,GALİP BİTİGEN,1.11.1992 - 13:00
1069,https://www.tff.org/Default.aspx?pageId=397&macId=54044,KARŞIYAKA                     ,0,MKE ANKARAGUCU                ,0,İZMİR ALSANCAK,NEDİM GÖKLÜ,1.11.1992 - 13:00
1070,https://www.tff.org/Default.aspx?pageId=397&macId=54045,KAYSERİSPOR                   ,1,KONYASPOR                     ,1,KAYSERİ ATATÜRK,ŞÜKRÜ YAVUZ KARAOZAN,1.11.1992 - 13:00
1071,https://www.tff.org/Default.aspx?pageId=397&macId=54046,BAKIRKÖYSPOR                  ,3,SARIYER                       ,1,ŞENLİKKÖY,OSMAN AVCI,1.11.1992 - 13:00
1074,https://www.tff.org/Default.aspx?pageId=397&macId=54049,ALTAY                         ,2,KARŞIYAKA                     ,1,İZMİR ATATÜRK,OĞUZ SARVAN,8.11.1992 - 11:00
1073,https://www.tff.org/Default.aspx?pageId=397&macId=54048,MKE ANKARAGUCU                ,0,KAYSERİSPOR                   ,0,ANKARA 19 MAYIS,OĞUZ ARIKAL,8.11.1992 - 13:00
1075,https://www.tff.org/Default.aspx?pageId=397&macId=54050,AYDINSPOR                     ,3,GENÇLERBİRLİĞİ                ,2,ADNAN MENDERES,SERDAR ÇAKIR,8.11.1992 - 13:00
1076,https://www.tff.org/Default.aspx?pageId=397&macId=54051,TRABZONSPOR                   ,0,BEŞİKTAŞ                      ,0,İZMİR ATATÜRK,METİN TOKAT,8.11.1992 - 13:00
1077,https://www.tff.org/Default.aspx?pageId=397&macId=54052,BURSASPOR                     ,0,KOCAELİSPOR                   ,2,BURSA ATATÜRK,SADIK CEYHAN DEDA,8.11.1992 - 13:00
1078,https://www.tff.org/Default.aspx?pageId=397&macId=54053,SARIYER                       ,2,GAZIANTEPSPOR                 ,0,YUSUF ZİYA ÖNİŞ,İBRAHİM AKSOY,8.11.1992 - 13:00
1079,https://www.tff.org/Default.aspx?pageId=397&macId=54054,KONYASPOR                     ,1,BAKIRKÖYSPOR                  ,3,KONYA ATATÜRK,MEKKİ KESKİN,8.11.1992 - 13:00
1080,https://www.tff.org/Default.aspx?pageId=397&macId=54055,GALATASARAY                   ,0,FENERBAHÇE                    ,1,ALİ SAMİ YEN,AHMET ÇAKAR,8.11.1992 - 13:00
1083,https://www.tff.org/Default.aspx?pageId=397&macId=54058,GENÇLERBİRLİĞİ                ,2,TRABZONSPOR                   ,2,ANKARA 19 MAYIS,ARGUN DARICI,14.11.1992 - 13:00
1084,https://www.tff.org/Default.aspx?pageId=397&macId=54059,KARŞIYAKA                     ,0,AYDINSPOR                     ,2,İZMİR ALSANCAK,ETEM ATASOY,14.11.1992 - 13:00
1085,https://www.tff.org/Default.aspx?pageId=397&macId=54060,KAYSERİSPOR                   ,1,ALTAY                         ,0,KAYSERİ ATATÜRK,YUSUF YAYLI,14.11.1992 - 13:00
1086,https://www.tff.org/Default.aspx?pageId=397&macId=54061,BAKIRKÖYSPOR                  ,1,MKE ANKARAGUCU                ,2,ŞENLİKKÖY,HALİL ARSLAN,14.11.1992 - 13:00
1087,https://www.tff.org/Default.aspx?pageId=397&macId=54062,GAZIANTEPSPOR                 ,6,KONYASPOR                     ,2,KAMİL OCAK,MEVLÜT GÜZEL,14.11.1992 - 13:00
1088,https://www.tff.org/Default.aspx?pageId=397&macId=54063,SARIYER                       ,0,GALATASARAY                   ,0,FB ŞÜKRÜ SARACOĞLU,SABRİ ÇELİK,14.11.1992 - 13:00
1081,https://www.tff.org/Default.aspx?pageId=397&macId=54056,KOCAELİSPOR                   ,2,FENERBAHÇE                    ,1, İSMETPAŞA,ERMAN TOROĞLU,14.11.1992 - 13:10
1082,https://www.tff.org/Default.aspx?pageId=397&macId=54057,BEŞİKTAŞ                      ,3,BURSASPOR                     ,1,BEŞİKTAŞ İNÖNÜ,OĞUZ SARVAN,14.11.1992 - 16:00
1089,https://www.tff.org/Default.aspx?pageId=397&macId=54064,MKE ANKARAGUCU                ,2,GAZIANTEPSPOR                 ,0,ANKARA 19 MAYIS,ADNAN TÜRKKAN,22.11.1992 - 13:00
1090,https://www.tff.org/Default.aspx?pageId=397&macId=54065,ALTAY                         ,2,BAKIRKÖYSPOR                  ,2,İZMİR ALSANCAK,VAHAP BEYAZ,22.11.1992 - 13:00
1091,https://www.tff.org/Default.aspx?pageId=397&macId=54066,AYDINSPOR                     ,1,KAYSERİSPOR                   ,1,ADNAN MENDERES,SEFER ALTUNTAŞ,22.11.1992 - 13:00
1093,https://www.tff.org/Default.aspx?pageId=397&macId=54068,BURSASPOR                     ,3,GENÇLERBİRLİĞİ                ,2,BURSA ATATÜRK,ERGÜL YÜCEDAĞ,22.11.1992 - 13:00
1094,https://www.tff.org/Default.aspx?pageId=397&macId=54069,FENERBAHÇE                    ,1,BEŞİKTAŞ                      ,1,FB ŞÜKRÜ SARACOĞLU,SERDAR ÇAKIR,22.11.1992 - 13:00
1095,https://www.tff.org/Default.aspx?pageId=397&macId=54070,KONYASPOR                     ,0,SARIYER                       ,4,KONYA ATATÜRK,AHMET İBANOĞLU,22.11.1992 - 13:00
1092,https://www.tff.org/Default.aspx?pageId=397&macId=54067,TRABZONSPOR                   ,5,KARŞIYAKA                     ,0,ANKARA 19 MAYIS,ZİHNİ AKSOY,22.11.1992 - 18:00
1096,https://www.tff.org/Default.aspx?pageId=397&macId=54071,GALATASARAY                   ,1,KOCAELİSPOR                   ,1,ALİ SAMİ YEN,SERDAR ÇAKMAN,27.12.1992 - 13:00
1097,https://www.tff.org/Default.aspx?pageId=397&macId=54072,BEŞİKTAŞ                      ,4,KOCAELİSPOR                   ,1,BEŞİKTAŞ İNÖNÜ,METİN TOKAT,29.11.1992 - 13:00
1099,https://www.tff.org/Default.aspx?pageId=397&macId=54074,KARŞIYAKA                     ,2,BURSASPOR                     ,2,İZMİR ALSANCAK,HALİL TANER YALÇINDAĞ,29.11.1992 - 13:00
1101,https://www.tff.org/Default.aspx?pageId=397&macId=54076,BAKIRKÖYSPOR                  ,1,AYDINSPOR                     ,1,ŞENLİKKÖY,ALTAN ÖNCÜL,29.11.1992 - 13:00
1102,https://www.tff.org/Default.aspx?pageId=397&macId=54077,GAZIANTEPSPOR                 ,1,ALTAY                         ,2,KAMİL OCAK,İSMET DİKBAŞ,29.11.1992 - 13:00
1103,https://www.tff.org/Default.aspx?pageId=397&macId=54078,SARIYER                       ,3,MKE ANKARAGUCU                ,5,YUSUF ZİYA ÖNİŞ,ŞÜKRÜ YAVUZ KARAOZAN,29.11.1992 - 13:00
1104,https://www.tff.org/Default.aspx?pageId=397&macId=54079,KONYASPOR                     ,0,GALATASARAY                   ,1,KONYA ATATÜRK,BÜLENT YAVUZ,29.11.1992 - 13:00
1100,https://www.tff.org/Default.aspx?pageId=397&macId=54075,KAYSERİSPOR                   ,0,TRABZONSPOR                   ,1,KAYSERİ ATATÜRK,SABRİ ÇELİK,29.11.1992 - 13:05
1098,https://www.tff.org/Default.aspx?pageId=397&macId=54073,GENÇLERBİRLİĞİ                ,2,FENERBAHÇE                    ,2,ANKARA 19 MAYIS,OĞUZ SARVAN,29.11.1992 - 17:00
1112,https://www.tff.org/Default.aspx?pageId=397&macId=54087,BEŞİKTAŞ                      ,1,GALATASARAY                   ,3,BEŞİKTAŞ İNÖNÜ,SABRİ ÇELİK,5.12.1992 - 18:07
1105,https://www.tff.org/Default.aspx?pageId=397&macId=54080,MKE ANKARAGUCU                ,8,KONYASPOR                     ,0,ANKARA 19 MAYIS,SOMER KARAKAŞ,6.12.1992 - 13:00
1106,https://www.tff.org/Default.aspx?pageId=397&macId=54081,ALTAY                         ,0,SARIYER                       ,0,İZMİR ALSANCAK,MEKKİ KESKİN,6.12.1992 - 13:00
1107,https://www.tff.org/Default.aspx?pageId=397&macId=54082,AYDINSPOR                     ,0,GAZIANTEPSPOR                 ,0,ADNAN MENDERES,OĞUZ ARIKAL,6.12.1992 - 13:00
1108,https://www.tff.org/Default.aspx?pageId=397&macId=54083,TRABZONSPOR                   ,1,BAKIRKÖYSPOR                  ,0,HÜSEYİN AVNİ AKER,SERDAR ÇAKMAN,6.12.1992 - 13:00
1109,https://www.tff.org/Default.aspx?pageId=397&macId=54084,BURSASPOR                     ,1,KAYSERİSPOR                   ,0,BURSA ATATÜRK,ERDOĞAN KIRICI,6.12.1992 - 13:00
1110,https://www.tff.org/Default.aspx?pageId=397&macId=54085,FENERBAHÇE                    ,7,KARŞIYAKA                     ,1,FB ŞÜKRÜ SARACOĞLU,SADIK CEYHAN DEDA,6.12.1992 - 13:00
1111,https://www.tff.org/Default.aspx?pageId=397&macId=54086,KOCAELİSPOR                   ,1,GENÇLERBİRLİĞİ                ,1, İSMETPAŞA,HASAN CEYLAN,6.12.1992 - 13:00
1115,https://www.tff.org/Default.aspx?pageId=397&macId=54090,KAYSERİSPOR                   ,0,FENERBAHÇE                    ,3,KAYSERİ ATATÜRK,ENGİN KURT,20.12.1992 
1113,https://www.tff.org/Default.aspx?pageId=397&macId=54088,GENÇLERBİRLİĞİ                ,0,BEŞİKTAŞ                      ,0,ANKARA 19 MAYIS,SADIK CEYHAN DEDA,20.12.1992 - 13:00
1114,https://www.tff.org/Default.aspx?pageId=397&macId=54089,KARŞIYAKA                     ,0,KOCAELİSPOR                   ,4,İZMİR ALSANCAK,BÜLENT YAVUZ,20.12.1992 - 13:00
1116,https://www.tff.org/Default.aspx?pageId=397&macId=54091,BAKIRKÖYSPOR                  ,2,BURSASPOR                     ,1,ŞENLİKKÖY,TURGUT SIĞIÇ,20.12.1992 - 13:00
1117,https://www.tff.org/Default.aspx?pageId=397&macId=54092,GAZIANTEPSPOR                 ,1,TRABZONSPOR                   ,2,KAMİL OCAK,ERGÜL YÜCEDAĞ,20.12.1992 - 13:00
1118,https://www.tff.org/Default.aspx?pageId=397&macId=54093,SARIYER                       ,4,AYDINSPOR                     ,1,YUSUF ZİYA ÖNİŞ,OĞUZ SARVAN,20.12.1992 - 13:00
1119,https://www.tff.org/Default.aspx?pageId=397&macId=54094,KONYASPOR                     ,2,ALTAY                         ,2,KONYA ATATÜRK,ABDURRAHMAN ARICI,20.12.1992 - 13:00
1120,https://www.tff.org/Default.aspx?pageId=397&macId=54095,GALATASARAY                   ,3,MKE ANKARAGUCU                ,0,ALİ SAMİ YEN,İBRAHİM AKSOY,20.12.1992 - 13:00
1122,https://www.tff.org/Default.aspx?pageId=397&macId=56069,KONYASPOR                     ,5,AYDINSPOR                     ,2,KONYA ATATÜRK,VAHAP BEYAZ,23.01.1993 - 13:00
1124,https://www.tff.org/Default.aspx?pageId=397&macId=56092,GAZIANTEPSPOR                 ,1,BURSASPOR                     ,0,KAMİL OCAK,ARGUN DARICI,23.01.1993 - 13:00
1121,https://www.tff.org/Default.aspx?pageId=397&macId=56068,MKE ANKARAGUCU                ,2,ALTAY                         ,0,ANKARA 19 MAYIS,SABRİ ÇELİK,23.01.1993 - 13:05
1123,https://www.tff.org/Default.aspx?pageId=397&macId=56072,SARIYER                       ,2,TRABZONSPOR                   ,2,BEŞİKTAŞ İNÖNÜ,METİN TOKAT,23.01.1993 - 13:30
1125,https://www.tff.org/Default.aspx?pageId=397&macId=56071,BAKIRKÖYSPOR                  ,1,FENERBAHÇE                    ,3,FB ŞÜKRÜ SARACOĞLU,ERGÜL YÜCEDAĞ,23.01.1993 - 13:30
1126,https://www.tff.org/Default.aspx?pageId=397&macId=56082,KAYSERİSPOR                   ,0,KOCAELİSPOR                   ,0,KAYSERİ ATATÜRK,İBRAHİM AKSOY,23.01.1993 - 13:30
1127,https://www.tff.org/Default.aspx?pageId=397&macId=56070,KARŞIYAKA                     ,2,BEŞİKTAŞ                      ,2,İZMİR ATATÜRK,ERMAN TOROĞLU,23.01.1993 - 13:30
1128,https://www.tff.org/Default.aspx?pageId=397&macId=56078,GALATASARAY                   ,5,GENÇLERBİRLİĞİ                ,2,ALİ SAMİ YEN,SADIK CEYHAN DEDA,23.01.1993 - 13:30
1134,https://www.tff.org/Default.aspx?pageId=397&macId=56112,BURSASPOR                     ,1,SARIYER                       ,0,BURSA ATATÜRK,ENGİN KURT,31.01.1993 - 13:00
1130,https://www.tff.org/Default.aspx?pageId=397&macId=56090,GENÇLERBİRLİĞİ                ,1,KARŞIYAKA                     ,1,ANKARA 19 MAYIS,SEFER ALTUNTAŞ,31.01.1993 - 13:05
1135,https://www.tff.org/Default.aspx?pageId=397&macId=56091,TRABZONSPOR                   ,4,KONYASPOR                     ,1,HÜSEYİN AVNİ AKER,TURGUT SIĞIÇ,31.01.1993 - 13:15
1131,https://www.tff.org/Default.aspx?pageId=397&macId=56089,BEŞİKTAŞ                      ,1,KAYSERİSPOR                   ,0,BEŞİKTAŞ İNÖNÜ,HASAN CEYLAN,31.01.1993 - 13:30
1132,https://www.tff.org/Default.aspx?pageId=397&macId=56111,KOCAELİSPOR                   ,1,BAKIRKÖYSPOR                  ,0, İSMETPAŞA,ŞÜKRÜ YAVUZ KARAOZAN,31.01.1993 - 13:30
1133,https://www.tff.org/Default.aspx?pageId=397&macId=56113,FENERBAHÇE                    ,1,GAZIANTEPSPOR                 ,1,FB ŞÜKRÜ SARACOĞLU,ZİHNİ AKSOY,31.01.1993 - 13:30
1136,https://www.tff.org/Default.aspx?pageId=397&macId=56088,ALTAY                         ,1,GALATASARAY                   ,0,İZMİR ATATÜRK,SERDAR ÇAKMAN,31.01.1993 - 13:33
1129,https://www.tff.org/Default.aspx?pageId=397&macId=56095,AYDINSPOR                     ,2,MKE ANKARAGUCU                ,0,ADNAN MENDERES,İSMET DİKBAŞ,31.01.1993 - 15:30
1138,https://www.tff.org/Default.aspx?pageId=397&macId=56133,MKE ANKARAGUCU                ,5,TRABZONSPOR                   ,2,ANKARA 19 MAYIS,SADIK CEYHAN DEDA,6.02.1993 - 13:10
1140,https://www.tff.org/Default.aspx?pageId=397&macId=56140,SARIYER                       ,2,FENERBAHÇE                    ,4,FB ŞÜKRÜ SARACOĞLU,ARGUN DARICI,6.02.1993 - 13:30
1139,https://www.tff.org/Default.aspx?pageId=397&macId=56117,KONYASPOR                     ,1,BURSASPOR                     ,1,KONYA ATATÜRK,MUSTAFA ARSLAN,7.02.1993 - 13:00
1141,https://www.tff.org/Default.aspx?pageId=397&macId=56118,GAZIANTEPSPOR                 ,0,KOCAELİSPOR                   ,2,KAMİL OCAK,MEKKİ KESKİN,7.02.1993 - 13:00
1143,https://www.tff.org/Default.aspx?pageId=397&macId=56115,KAYSERİSPOR                   ,1,GENÇLERBİRLİĞİ                ,0,KAYSERİ ATATÜRK,MEVLÜT GÜZEL,7.02.1993 - 13:00
1137,https://www.tff.org/Default.aspx?pageId=397&macId=56134,ALTAY                         ,0,AYDINSPOR                     ,0,İZMİR ATATÜRK,NEDİM GÖKLÜ,7.02.1993 - 13:30
1142,https://www.tff.org/Default.aspx?pageId=397&macId=56116,BAKIRKÖYSPOR                  ,3,BEŞİKTAŞ                      ,6,BEŞİKTAŞ İNÖNÜ,HALİL TANER YALÇINDAĞ,7.02.1993 - 13:30
1144,https://www.tff.org/Default.aspx?pageId=397&macId=56120,GALATASARAY                   ,4,KARŞIYAKA                     ,1,ALİ SAMİ YEN,VAHAP BEYAZ,7.02.1993 - 13:30
1149,https://www.tff.org/Default.aspx?pageId=397&macId=56227,BEŞİKTAŞ                      ,2,GAZIANTEPSPOR                 ,0,BEŞİKTAŞ İNÖNÜ,SERDAR ÇAKMAN,13.02.1993 - 15:30
1146,https://www.tff.org/Default.aspx?pageId=397&macId=56153,TRABZONSPOR                   ,1,ALTAY                         ,0,HÜSEYİN AVNİ AKER,ERGÜL YÜCEDAĞ,14.02.1993 - 13:00
1148,https://www.tff.org/Default.aspx?pageId=397&macId=56151,GENÇLERBİRLİĞİ                ,1,BAKIRKÖYSPOR                  ,0,ANKARA 19 MAYIS,ERDOĞAN KIRICI,14.02.1993 - 13:00
1145,https://www.tff.org/Default.aspx?pageId=397&macId=56152,BURSASPOR                     ,1,MKE ANKARAGUCU                ,1,BURSA ATATÜRK,SABRİ ÇELİK,14.02.1993 - 13:30
1147,https://www.tff.org/Default.aspx?pageId=397&macId=56154,KARŞIYAKA                     ,0,KAYSERİSPOR                   ,1,İZMİR ALSANCAK,OSMAN AVCI,14.02.1993 - 13:30
1150,https://www.tff.org/Default.aspx?pageId=397&macId=56165,KOCAELİSPOR                   ,1,SARIYER                       ,3, İSMETPAŞA,ÜNSAL ÇİMEN,14.02.1993 - 13:30
1151,https://www.tff.org/Default.aspx?pageId=397&macId=56149,FENERBAHÇE                    ,5,KONYASPOR                     ,2,FB ŞÜKRÜ SARACOĞLU,İBRAHİM AKSOY,14.02.1993 - 13:30
1152,https://www.tff.org/Default.aspx?pageId=397&macId=56150,AYDINSPOR                     ,1,GALATASARAY                   ,3,ADNAN MENDERES,BÜLENT YAVUZ,14.02.1993 - 13:30
1160,https://www.tff.org/Default.aspx?pageId=397&macId=56272,GALATASARAY                   ,4,KAYSERİSPOR                   ,2,ALİ SAMİ YEN,ENGİN KURT,20.02.1993 - 13:30
1155,https://www.tff.org/Default.aspx?pageId=397&macId=56276,MKE ANKARAGUCU                ,0,FENERBAHÇE                    ,4,ANKARA 19 MAYIS,HASAN CEYLAN,21.02.1993 - 13:00
1156,https://www.tff.org/Default.aspx?pageId=397&macId=56271,KONYASPOR                     ,1,KOCAELİSPOR                   ,1,KONYA ATATÜRK,SADIK CEYHAN DEDA,21.02.1993 - 13:00
1158,https://www.tff.org/Default.aspx?pageId=397&macId=56284,GAZIANTEPSPOR                 ,4,GENÇLERBİRLİĞİ                ,0,TEVFİK SIRRI GÜR,OĞUZ SARVAN,21.02.1993 - 13:00
1153,https://www.tff.org/Default.aspx?pageId=397&macId=56274,AYDINSPOR                     ,1,TRABZONSPOR                   ,1,ADNAN MENDERES,ŞÜKRÜ YAVUZ KARAOZAN,21.02.1993 - 13:30
1154,https://www.tff.org/Default.aspx?pageId=397&macId=56275,ALTAY                         ,1,BURSASPOR                     ,3,İZMİR ALSANCAK,ZİHNİ AKSOY,21.02.1993 - 13:30
1157,https://www.tff.org/Default.aspx?pageId=397&macId=56267,SARIYER                       ,0,BEŞİKTAŞ                      ,1,FB ŞÜKRÜ SARACOĞLU,ERGÜL YÜCEDAĞ,21.02.1993 - 13:30
1159,https://www.tff.org/Default.aspx?pageId=397&macId=56273,BAKIRKÖYSPOR                  ,1,KARŞIYAKA                     ,2,ŞENLİKKÖY,VAHAP BEYAZ,21.02.1993 - 13:30
1162,https://www.tff.org/Default.aspx?pageId=397&macId=56353,FENERBAHÇE                    ,3,ALTAY                         ,1,FB ŞÜKRÜ SARACOĞLU,ERMAN TOROĞLU,27.02.1993 - 13:30
1164,https://www.tff.org/Default.aspx?pageId=397&macId=56418,KAYSERİSPOR                   ,1,BAKIRKÖYSPOR                  ,0,KAYSERİ ATATÜRK,OĞUZ ARIKAL,28.02.1993 - 13:00
1166,https://www.tff.org/Default.aspx?pageId=397&macId=56354,GENÇLERBİRLİĞİ                ,1,SARIYER                       ,0,ANKARA 19 MAYIS,ÜNSAL ÇİMEN,28.02.1993 - 13:00
1168,https://www.tff.org/Default.aspx?pageId=397&macId=56351,TRABZONSPOR                   ,1,GALATASARAY                   ,0,HÜSEYİN AVNİ AKER,SERDAR ÇAKMAN,28.02.1993 - 13:00
1161,https://www.tff.org/Default.aspx?pageId=397&macId=56361,KOCAELİSPOR                   ,2,MKE ANKARAGUCU                ,2, İSMETPAŞA,SERDAR ÇAKIR,28.02.1993 - 13:30
1163,https://www.tff.org/Default.aspx?pageId=397&macId=56356,BURSASPOR                     ,1,AYDINSPOR                     ,0,BURSA ATATÜRK,OSMAN AVCI,28.02.1993 - 13:30
1165,https://www.tff.org/Default.aspx?pageId=397&macId=56417,KARŞIYAKA                     ,2,GAZIANTEPSPOR                 ,3,İZMİR ALSANCAK,AHMET İBANOĞLU,28.02.1993 - 13:30
1167,https://www.tff.org/Default.aspx?pageId=397&macId=56352,BEŞİKTAŞ                      ,7,KONYASPOR                     ,0,BEŞİKTAŞ İNÖNÜ,BÜLENT YAVUZ,28.02.1993 - 13:30
1176,https://www.tff.org/Default.aspx?pageId=397&macId=56628,GALATASARAY                   ,3,BAKIRKÖYSPOR                  ,0,ALİ SAMİ YEN,SERDAR ÇAKIR,13.03.1993 - 14:00
1169,https://www.tff.org/Default.aspx?pageId=397&macId=56624,TRABZONSPOR                   ,3,BURSASPOR                     ,0,HÜSEYİN AVNİ AKER,VAHAP BEYAZ,14.03.1993 - 13:00
1172,https://www.tff.org/Default.aspx?pageId=397&macId=56623,MKE ANKARAGUCU                ,0,BEŞİKTAŞ                      ,6,ANKARA 19 MAYIS,OĞUZ SARVAN,14.03.1993 - 13:30
1173,https://www.tff.org/Default.aspx?pageId=397&macId=56800,KONYASPOR                     ,1,GENÇLERBİRLİĞİ                ,1,KONYA ATATÜRK,YUSUF YAYLI,14.03.1993 - 13:30
1175,https://www.tff.org/Default.aspx?pageId=397&macId=56586,GAZIANTEPSPOR                 ,2,KAYSERİSPOR                   ,1,KAMİL OCAK,BÜLENT YAVUZ,14.03.1993 - 13:30
1170,https://www.tff.org/Default.aspx?pageId=397&macId=56675,AYDINSPOR                     ,0,FENERBAHÇE                    ,2,ADNAN MENDERES,SERDAR ÇAKMAN,14.03.1993 - 14:00
1171,https://www.tff.org/Default.aspx?pageId=397&macId=56578,ALTAY                         ,1,KOCAELİSPOR                   ,2,İZMİR ALSANCAK,SABRİ ÇELİK,14.03.1993 - 14:00
1174,https://www.tff.org/Default.aspx?pageId=397&macId=56622,SARIYER                       ,3,KARŞIYAKA                     ,0,YUSUF ZİYA ÖNİŞ,METİN TOKAT,14.03.1993 - 14:00
1177,https://www.tff.org/Default.aspx?pageId=397&macId=56692,GENÇLERBİRLİĞİ                ,2,MKE ANKARAGUCU                ,0,ANKARA 19 MAYIS,MEKKİ KESKİN,20.03.1993 - 13:30
1180,https://www.tff.org/Default.aspx?pageId=397&macId=56697,FENERBAHÇE                    ,0,TRABZONSPOR                   ,1,FB ŞÜKRÜ SARACOĞLU,OĞUZ SARVAN,20.03.1993 - 14:00
1184,https://www.tff.org/Default.aspx?pageId=397&macId=56690,BURSASPOR                     ,1,GALATASARAY                   ,3,BURSA ATATÜRK,ŞÜKRÜ YAVUZ KARAOZAN,20.03.1993 - 14:00
1182,https://www.tff.org/Default.aspx?pageId=397&macId=56901,KAYSERİSPOR                   ,0,SARIYER                       ,3,KAYSERİ ATATÜRK,HASAN CEYLAN,21.03.1993 - 13:40
1179,https://www.tff.org/Default.aspx?pageId=397&macId=56711,KOCAELİSPOR                   ,1,AYDINSPOR                     ,0, İSMETPAŞA,TURGUT SIĞIÇ,21.03.1993 - 14:00
1181,https://www.tff.org/Default.aspx?pageId=397&macId=56696,BAKIRKÖYSPOR                  ,0,GAZIANTEPSPOR                 ,0,ŞENLİKKÖY,ÜNSAL ÇİMEN,21.03.1993 - 14:00
1183,https://www.tff.org/Default.aspx?pageId=397&macId=56731,KARŞIYAKA                     ,2,KONYASPOR                     ,1,SÖKE İLÇE,ARGUN DARICI,21.03.1993 - 14:00
1178,https://www.tff.org/Default.aspx?pageId=397&macId=56694,BEŞİKTAŞ                      ,1,ALTAY                         ,0,BEŞİKTAŞ İNÖNÜ,SERDAR ÇAKMAN,21.03.1993 - 19:30
1187,https://www.tff.org/Default.aspx?pageId=397&macId=56939,AYDINSPOR                     ,1,BEŞİKTAŞ                      ,1,ADNAN MENDERES,HASAN CEYLAN,3.04.1993 - 15:00
1192,https://www.tff.org/Default.aspx?pageId=397&macId=56940,GALATASARAY                   ,3,GAZIANTEPSPOR                 ,0,BEŞİKTAŞ İNÖNÜ,OĞUZ SARVAN,3.04.1993 - 18:00
1186,https://www.tff.org/Default.aspx?pageId=397&macId=56958,TRABZONSPOR                   ,0,KOCAELİSPOR                   ,1,HÜSEYİN AVNİ AKER,SERDAR ÇAKMAN,4.04.1993 - 14:00
1189,https://www.tff.org/Default.aspx?pageId=397&macId=56921,MKE ANKARAGUCU                ,0,KARŞIYAKA                     ,5,ANKARA 19 MAYIS,OSMAN AVCI,4.04.1993 - 14:30
1190,https://www.tff.org/Default.aspx?pageId=397&macId=56962,KONYASPOR                     ,0,KAYSERİSPOR                   ,0,TEVFİK SIRRI GÜR,SERDAR ÇAKIR,4.04.1993 - 14:30
1188,https://www.tff.org/Default.aspx?pageId=397&macId=56943,ALTAY                         ,2,GENÇLERBİRLİĞİ                ,0,İZMİR ALSANCAK,AHMET ÇAKAR,4.04.1993 - 15:00
1191,https://www.tff.org/Default.aspx?pageId=397&macId=56957,SARIYER                       ,0,BAKIRKÖYSPOR                  ,1,YUSUF ZİYA ÖNİŞ,SABRİ ÇELİK,4.04.1993 - 15:00
1185,https://www.tff.org/Default.aspx?pageId=397&macId=56990,BURSASPOR                     ,2,FENERBAHÇE                    ,1,İZMİR ATATÜRK,SADIK CEYHAN DEDA,4.04.1993 - 18:05
1193,https://www.tff.org/Default.aspx?pageId=397&macId=57055,KAYSERİSPOR                   ,1,MKE ANKARAGUCU                ,0,KAYSERİ ATATÜRK,ÜNSAL ÇİMEN,11.04.1993 - 14:30
1195,https://www.tff.org/Default.aspx?pageId=397&macId=57142,GENÇLERBİRLİĞİ                ,4,AYDINSPOR                     ,1,ANKARA 19 MAYIS,İBRAHİM AKSOY,11.04.1993 - 14:30
1198,https://www.tff.org/Default.aspx?pageId=397&macId=57057,GAZIANTEPSPOR                 ,3,SARIYER                       ,1,KAMİL OCAK,NEDİM GÖKLÜ,11.04.1993 - 14:30
1194,https://www.tff.org/Default.aspx?pageId=397&macId=57053,KARŞIYAKA                     ,0,ALTAY                         ,1,İZMİR ALSANCAK,ERMAN TOROĞLU,11.04.1993 - 15:00
1197,https://www.tff.org/Default.aspx?pageId=397&macId=57054,KOCAELİSPOR                   ,2,BURSASPOR                     ,1, İSMETPAŞA,METİN TOKAT,11.04.1993 - 15:00
1199,https://www.tff.org/Default.aspx?pageId=397&macId=57052,BAKIRKÖYSPOR                  ,5,KONYASPOR                     ,0,ŞENLİKKÖY,HASAN CEYLAN,11.04.1993 - 15:00
1200,https://www.tff.org/Default.aspx?pageId=397&macId=57056,FENERBAHÇE                    ,1,GALATASARAY                   ,4,FB ŞÜKRÜ SARACOĞLU,BÜLENT YAVUZ,11.04.1993 - 15:00
1196,https://www.tff.org/Default.aspx?pageId=397&macId=57058,BEŞİKTAŞ                      ,1,TRABZONSPOR                   ,2,BEŞİKTAŞ İNÖNÜ,SADIK CEYHAN DEDA,11.04.1993 - 18:00
1202,https://www.tff.org/Default.aspx?pageId=397&macId=57310,BURSASPOR                     ,0,BEŞİKTAŞ                      ,3,ANKARA 19 MAYIS,ERMAN TOROĞLU,1.05.1993 - 15:30
1201,https://www.tff.org/Default.aspx?pageId=397&macId=57318,FENERBAHÇE                    ,4,KOCAELİSPOR                   ,0,FB ŞÜKRÜ SARACOĞLU,SERDAR ÇAKMAN,2.05.1993 - 15:30
1203,https://www.tff.org/Default.aspx?pageId=397&macId=57364,TRABZONSPOR                   ,3,GENÇLERBİRLİĞİ                ,1,HÜSEYİN AVNİ AKER,ENGİN KURT,2.05.1993 - 15:30
1204,https://www.tff.org/Default.aspx?pageId=397&macId=57330,AYDINSPOR                     ,1,KARŞIYAKA                     ,0,ADNAN MENDERES,AHMET ÇAKAR,2.05.1993 - 15:30
1205,https://www.tff.org/Default.aspx?pageId=397&macId=57384,ALTAY                         ,3,KAYSERİSPOR                   ,0,İZMİR ALSANCAK,SADIK CEYHAN DEDA,2.05.1993 - 15:30
1206,https://www.tff.org/Default.aspx?pageId=397&macId=57319,MKE ANKARAGUCU                ,1,BAKIRKÖYSPOR                  ,0,ANKARA 19 MAYIS,SEFER ALTUNTAŞ,2.05.1993 - 15:30
1208,https://www.tff.org/Default.aspx?pageId=397&macId=57307,GALATASARAY                   ,4,SARIYER                       ,0,ALİ SAMİ YEN,ERGÜL YÜCEDAĞ,2.05.1993 - 15:30
1207,https://www.tff.org/Default.aspx?pageId=397&macId=57309,KONYASPOR                     ,1,GAZIANTEPSPOR                 ,3,KONYA ATATÜRK,HALİL TANER YALÇINDAĞ,2.05.1993 - 15:38
1209,https://www.tff.org/Default.aspx?pageId=397&macId=57516,GAZIANTEPSPOR                 ,1,MKE ANKARAGUCU                ,2,KAMİL OCAK,HAMZA IŞIN,9.05.1993 - 15:00
1210,https://www.tff.org/Default.aspx?pageId=397&macId=57419,BAKIRKÖYSPOR                  ,1,ALTAY                         ,0,ŞENLİKKÖY,METİN TOKAT,9.05.1993 - 15:30
1211,https://www.tff.org/Default.aspx?pageId=397&macId=57462,KAYSERİSPOR                   ,1,AYDINSPOR                     ,1,KAYSERİ ATATÜRK,ERGÜL YÜCEDAĞ,9.05.1993 - 15:30
1212,https://www.tff.org/Default.aspx?pageId=397&macId=57404,KARŞIYAKA                     ,3,TRABZONSPOR                   ,2,İZMİR ATATÜRK,SABRİ ÇELİK,9.05.1993 - 15:30
1213,https://www.tff.org/Default.aspx?pageId=397&macId=57400,GENÇLERBİRLİĞİ                ,2,BURSASPOR                     ,2,ANKARA 19 MAYIS,ÜNSAL ÇİMEN,9.05.1993 - 15:30
1215,https://www.tff.org/Default.aspx?pageId=397&macId=57439,SARIYER                       ,3,KONYASPOR                     ,0,YUSUF ZİYA ÖNİŞ,MUSTAFA ARSLAN,9.05.1993 - 15:30
1216,https://www.tff.org/Default.aspx?pageId=397&macId=57414,KOCAELİSPOR                   ,0,GALATASARAY                   ,0, İSMETPAŞA,BÜLENT YAVUZ,9.05.1993 - 15:30
1214,https://www.tff.org/Default.aspx?pageId=397&macId=57502,BEŞİKTAŞ                      ,2,FENERBAHÇE                    ,0,BEŞİKTAŞ İNÖNÜ,OĞUZ SARVAN,9.05.1993 - 18:30
1217,https://www.tff.org/Default.aspx?pageId=397&macId=57575,KOCAELİSPOR                   ,0,BEŞİKTAŞ                      ,2, İSMETPAŞA,ÜNSAL ÇİMEN,16.05.1993 - 15:30
1218,https://www.tff.org/Default.aspx?pageId=397&macId=57602,FENERBAHÇE                    ,3,GENÇLERBİRLİĞİ                ,4,FB ŞÜKRÜ SARACOĞLU,İBRAHİM AKSOY,16.05.1993 - 15:30
1219,https://www.tff.org/Default.aspx?pageId=397&macId=57533,BURSASPOR                     ,0,KARŞIYAKA                     ,1,BURSA ATATÜRK,MEKKİ KESKİN,16.05.1993 - 15:30
1220,https://www.tff.org/Default.aspx?pageId=397&macId=57521,TRABZONSPOR                   ,0,KAYSERİSPOR                   ,0,HÜSEYİN AVNİ AKER,HALİL TANER YALÇINDAĞ,16.05.1993 - 15:30
1221,https://www.tff.org/Default.aspx?pageId=397&macId=57523,AYDINSPOR                     ,0,BAKIRKÖYSPOR                  ,0,ADNAN MENDERES,ERMAN TOROĞLU,16.05.1993 - 15:30
1222,https://www.tff.org/Default.aspx?pageId=397&macId=57540,ALTAY                         ,5,GAZIANTEPSPOR                 ,0,İZMİR ALSANCAK,ERGÜL YÜCEDAĞ,16.05.1993 - 15:30
1223,https://www.tff.org/Default.aspx?pageId=397&macId=57534,MKE ANKARAGUCU                ,2,SARIYER                       ,1,ANKARA 19 MAYIS,ALTAN ÖNCÜL,16.05.1993 - 15:30
1224,https://www.tff.org/Default.aspx?pageId=397&macId=57570,GALATASARAY                   ,5,KONYASPOR                     ,0,ALİ SAMİ YEN,VAHAP BEYAZ,16.05.1993 - 15:30
1232,https://www.tff.org/Default.aspx?pageId=397&macId=57643,GALATASARAY                   ,1,BEŞİKTAŞ                      ,1,ALİ SAMİ YEN,AHMET ÇAKAR,22.05.1993 - 16:30
1225,https://www.tff.org/Default.aspx?pageId=397&macId=57741,KONYASPOR                     ,2,MKE ANKARAGUCU                ,1,KONYA ATATÜRK,ABDURRAHMAN ARICI,23.05.1993 - 15:30
1226,https://www.tff.org/Default.aspx?pageId=397&macId=57680,SARIYER                       ,2,ALTAY                         ,0,YUSUF ZİYA ÖNİŞ,YUSUF YAYLI,23.05.1993 - 15:30
1227,https://www.tff.org/Default.aspx?pageId=397&macId=57646,GAZIANTEPSPOR                 ,5,AYDINSPOR                     ,0,KAMİL OCAK,SABRİ ÇELİK,23.05.1993 - 15:30
1228,https://www.tff.org/Default.aspx?pageId=397&macId=57649,BAKIRKÖYSPOR                  ,0,TRABZONSPOR                   ,3,FB ŞÜKRÜ SARACOĞLU,BÜLENT YAVUZ,23.05.1993 - 15:30
1229,https://www.tff.org/Default.aspx?pageId=397&macId=57645,KAYSERİSPOR                   ,2,BURSASPOR                     ,1,KAYSERİ ATATÜRK,OSMAN AVCI,23.05.1993 - 15:30
1230,https://www.tff.org/Default.aspx?pageId=397&macId=57727,KARŞIYAKA                     ,2,FENERBAHÇE                    ,3,İZMİR ATATÜRK,SERDAR ÇAKMAN,23.05.1993 - 15:30
1231,https://www.tff.org/Default.aspx?pageId=397&macId=57651,GENÇLERBİRLİĞİ                ,2,KOCAELİSPOR                   ,3,ANKARA 19 MAYIS,HASAN CEYLAN,23.05.1993 - 15:30
1233,https://www.tff.org/Default.aspx?pageId=397&macId=57795,BEŞİKTAŞ                      ,3,GENÇLERBİRLİĞİ                ,1,BEŞİKTAŞ İNÖNÜ,OĞUZ SARVAN,30.05.1993 - 15:30
1234,https://www.tff.org/Default.aspx?pageId=397&macId=57765,KOCAELİSPOR                   ,0,KARŞIYAKA                     ,0, İSMETPAŞA,AHMET ÇAKAR,30.05.1993 - 15:30
1235,https://www.tff.org/Default.aspx?pageId=397&macId=57764,FENERBAHÇE                    ,3,KAYSERİSPOR                   ,2,FB ŞÜKRÜ SARACOĞLU,ERMAN TOROĞLU,30.05.1993 - 15:30
1236,https://www.tff.org/Default.aspx?pageId=397&macId=57770,BURSASPOR                     ,3,BAKIRKÖYSPOR                  ,0,BURSA ATATÜRK,METİN TOKAT,30.05.1993 - 15:30
1237,https://www.tff.org/Default.aspx?pageId=397&macId=57772,TRABZONSPOR                   ,6,GAZIANTEPSPOR                 ,2,HÜSEYİN AVNİ AKER,ŞÜKRÜ YAVUZ KARAOZAN,30.05.1993 - 15:30
1238,https://www.tff.org/Default.aspx?pageId=397&macId=57760,AYDINSPOR                     ,2,SARIYER                       ,0,ADNAN MENDERES,MUSTAFA ARSLAN,30.05.1993 - 15:30
1239,https://www.tff.org/Default.aspx?pageId=397&macId=57809,ALTAY                         ,2,KONYASPOR                     ,1,İZMİR ALSANCAK,ERDOĞAN KIRICI,30.05.1993 - 15:30
1240,https://www.tff.org/Default.aspx?pageId=397&macId=57769,MKE ANKARAGUCU                ,0,GALATASARAY                   ,8,ANKARA 19 MAYIS,ÜNSAL ÇİMEN,30.05.1993 - 15:30
