Takim_adi,Oynadigi_mac_sayisi,Galibiyet_sayisi,Beraberlik_sayisi,Maglubiyet_sayisi,Attigi_gol_sayisi,Yedigi_gol_sayisi,Averaj,Puan
GALATASARAY A.Ş.,36,28,4,4,83,27,56,88
FENERBAHÇE A.Ş.,36,	25,	5,	6,	87,	42,	45,	80
BEŞİKTAŞ A.Ş.	,36,	23,	9,	4,	78,	36,	42,	78,
ADANA DEMİRSPOR A.Ş.	,36	,20	,9	,7	,76	,45	,31	,69
MEDİPOL BAŞAKŞEHİR FK	,36,	18,	8,	10,	54,	37,	17,	62
TRABZONSPOR A.Ş.	,36	,17	,6	,13	,64	,54	,10	,57
VAVACARS FATİH KARAGÜMRÜK	,36	,13,	12,	11,	75,	63,	12,	51
ARABAM.COM KONYASPOR	,36	,12	,15	,9	,49	,41	,8	,51
YUKATEL KAYSERİSPOR	,36,	15	,5,	16,	55,	61,	-6,	47
KASIMPAŞA A.Ş.	,36	,12,	7,	17	,45	,61	,-16	,43
MKE ANKARAGÜCÜ	,36,	12,	6,	18,	43,	53,	-10,	42
İSTANBULSPOR A.Ş.	,36	,12	,5	,19	,47	,63	,-16,	41
FRAPORT TAV ANTALYASPOR	,36	,11	,8	,17	,46	,55	,-9	,41
DEMİR GRUP SİVASSPOR	,36	,11	,8	,17	,46	,54	,-8	,41
CORENDON ALANYASPOR	,36	,11	,8	,17	,54	,70	,-16	,41
BITEXEN GİRESUNSPOR	,36	,10	,10	,16	,42,	60,	-18	,40
HANGİKREDİ ÜMRANİYESPOR	,36,	7,	9,	20,	47,	64,	-17,	30
GAZİANTEP FUTBOL KULÜBÜ A.Ş.	,36	,6	,7	,23	,31	,72	,-41	,25
ATAKAŞ HATAYSPOR	,36	,6	,5	,25	,19	,83	,-64	,23