Takim_adi,Oynadigi_mac_sayisi,Galibiyet_sayisi,Beraberlik_sayisi,Maglubiyet_sayisi,Attigi_gol_sayisi,Yedigi_gol_sayisi,Averaj,Puan
BEŞİKTAŞ A.Ş,34,25,4,5,75,35,40,79
FENERBAHÇE A.Ş,34,22,8,4,60,27,33,74
TORKU KONYASPOR,34,19,9,6,44,33,11,66
MEDİPOL BAŞAKŞEHİR FK,34,16,11,7,54,36,18,59
OSMANLISPOR FUTBOL KULÜBÜ,34,14,10,10,52,36,16,52
GALATASARAY A.Ş,34,13,12,9,69,49,20,51
KASIMPAŞA A.Ş,34,14,8,12,50,40,10,50
AKHİSAR BELEDİYE GENÇLİK VE SPOR,34,11,13,10,42,41,1,46
ANTALYASPOR A.Ş,34,12,9,13,53,52,1,45
GENÇLERBİRLİĞİ,34,13,6,15,42,42,0,45
BURSASPOR,34,13,5,16,47,55,-8,44
TRABZONSPOR A.Ş,34,12,4,18,40,59,-19,40
ÇAYKUR RİZESPOR A.Ş,34,9,10,15,39,48,-9,37
GAZİANTEPSPOR,34,9,9,16,31,50,-19,36
KAYSERİSPOR,34,7,13,14,25,41,-16,34
MEDICANA SİVASSPOR,34,6,13,15,34,48,-14,31
ESKİŞEHİRSPOR,34,8,6,20,39,64,-25,30
MERSİN İDMANYURDU,34,5,6,23,31,71,-40,21
