Mac_kodu,TFF_mac_linki,Ev_sahibi,Ev_sahibi_gol,Misafir_takim,Misafir_takim_gol,Stat,Ana_hakem,Tarih_saat
1001,https://www.tff.org/Default.aspx?pageId=29&macId=139976,FENERBAHÇE A.Ş.,2,ESKİŞEHİRSPOR,0,FB ŞÜKRÜ SARACOĞLU - İSTANBUL,FIRAT AYDINUS,14.08.2015 - 22:00
1005,https://www.tff.org/Default.aspx?pageId=29&macId=139980,TRABZONSPOR A.Ş.,1,BURSASPOR,0,HÜSEYİN AVNİ AKER - TRABZON,TOLGA ÖZKALFA,15.08.2015 - 21:00
1002,https://www.tff.org/Default.aspx?pageId=29&macId=139977,MEDİPOL BAŞAKŞEHİR FK,2,ANTALYASPOR A.Ş.,3,BAŞAKŞEHİR FATİH TERİM - İSTANBUL - BAŞAKŞEHİR,İLKER MERAL,15.08.2015 - 22:00
1009,https://www.tff.org/Default.aspx?pageId=29&macId=139984,MEDICANA SİVASSPOR,2,GALATASARAY A.Ş.,2,SİVAS 4 EYLÜL - SİVAS,BARIŞ ŞİMŞEK,15.08.2015 - 22:00
1007,https://www.tff.org/Default.aspx?pageId=29&macId=139982,TORKU KONYASPOR,1,AKHİSAR BELEDİYE GENÇLİK VE SPOR,1,KONYA BÜYÜKŞEHİR STADI - KONYA,SERKAN ÇINAR,16.08.2015 - 21:00
1008,https://www.tff.org/Default.aspx?pageId=29&macId=139983,OSMANLISPOR FUTBOL KULÜBÜ,1,KAYSERİSPOR,1,OSMANLI STADI - ANKARA,DENİZ ÇOBAN,16.08.2015 - 21:00
1003,https://www.tff.org/Default.aspx?pageId=29&macId=139978,GAZİANTEPSPOR,0,KASIMPAŞA A.Ş.,3,KAMİL OCAK - GAZİANTEP,SERKAN TOKAT,16.08.2015 - 22:00
1006,https://www.tff.org/Default.aspx?pageId=29&macId=139981,MERSİN İDMANYURDU,2,BEŞİKTAŞ A.Ş.,5,MERSİN STADYUMU - MERSİN,BÜLENT YILDIRIM,16.08.2015 - 22:00
1004,https://www.tff.org/Default.aspx?pageId=29&macId=139979,GENÇLERBİRLİĞİ,2,ÇAYKUR RİZESPOR A.Ş.,3,ANKARA 19 MAYIS - ANKARA,ALPER ULUSOY,17.08.2015 - 22:00
1014,https://www.tff.org/Default.aspx?pageId=29&macId=139989,KASIMPAŞA A.Ş.,1,MEDİPOL BAŞAKŞEHİR FK,0,RECEP TAYYİP ERDOĞAN STADYUMU - İSTANBUL,METE KALKAVAN,21.08.2015 - 21:45
1011,https://www.tff.org/Default.aspx?pageId=29&macId=139986,KAYSERİSPOR,1,TORKU KONYASPOR,1,BÜYÜKŞEHİR BELEDİYESİ KADİR HAS - KAYSERİ,SUAT ARSLANBOĞA,22.08.2015 - 19:30
1012,https://www.tff.org/Default.aspx?pageId=29&macId=139987,AKHİSAR BELEDİYE GENÇLİK VE SPOR,2,MERSİN İDMANYURDU,0,BALIKESİR ATATÜRK - BALIKESİR,KUTLUHAN BİLGİÇ,22.08.2015 - 21:45
1013,https://www.tff.org/Default.aspx?pageId=29&macId=139988,BEŞİKTAŞ A.Ş.,1,TRABZONSPOR A.Ş.,2,ATATÜRK OLİMPİYAT - İSTANBUL,ALİ PALABIYIK,22.08.2015 - 21:45
1016,https://www.tff.org/Default.aspx?pageId=29&macId=139991,ESKİŞEHİRSPOR,4,MEDICANA SİVASSPOR,2,ESKİŞEHİR ATATÜRK - ESKİŞEHİR,DENİZ ATEŞ BİTNEL,23.08.2015 - 19:30
1017,https://www.tff.org/Default.aspx?pageId=29&macId=139992,BURSASPOR,0,GAZİANTEPSPOR,1,BURSA ATATÜRK - BURSA,ÖZGÜR YANKAYA,23.08.2015 - 19:30
1010,https://www.tff.org/Default.aspx?pageId=29&macId=139985,ANTALYASPOR A.Ş.,3,GENÇLERBİRLİĞİ,1,AKDENİZ ÜNİVERSİTESİ STADI - ANTALYA,ÖZKAN ÇELİKER,23.08.2015 - 21:45
1015,https://www.tff.org/Default.aspx?pageId=29&macId=139990,ÇAYKUR RİZESPOR A.Ş.,1,FENERBAHÇE A.Ş.,1,YENİ RİZE ŞEHİR - RİZE,CÜNEYT ÇAKIR,23.08.2015 - 21:45
1018,https://www.tff.org/Default.aspx?pageId=29&macId=139993,GALATASARAY A.Ş.,1,OSMANLISPOR FUTBOL KULÜBÜ,2,ALİ SAMİ YEN SPOR KOMPLEKSİ TÜRK TELEKOM STADYUMU,HÜSEYİN GÖÇEK,24.08.2015 - 21:45
1024,https://www.tff.org/Default.aspx?pageId=29&macId=139999,GAZİANTEPSPOR,0,BEŞİKTAŞ A.Ş.,4,KAMİL OCAK - GAZİANTEP,CÜNEYT ÇAKIR,28.08.2015 - 21:15
1020,https://www.tff.org/Default.aspx?pageId=29&macId=139995,GENÇLERBİRLİĞİ,1,KASIMPAŞA A.Ş.,0,ANKARA 19 MAYIS - ANKARA,BARIŞ ŞİMŞEK,29.08.2015 - 19:00
1023,https://www.tff.org/Default.aspx?pageId=29&macId=139998,MEDİPOL BAŞAKŞEHİR FK,2,BURSASPOR,1,BAŞAKŞEHİR FATİH TERİM - İSTANBUL - BAŞAKŞEHİR,HALİS ÖZKAHYA,29.08.2015 - 19:00
1025,https://www.tff.org/Default.aspx?pageId=29&macId=140000,TORKU KONYASPOR,1,GALATASARAY A.Ş.,4,KONYA BÜYÜKŞEHİR STADI - KONYA,FIRAT AYDINUS,29.08.2015 - 21:15
1027,https://www.tff.org/Default.aspx?pageId=29&macId=140002,MERSİN İDMANYURDU,1,KAYSERİSPOR,2,MERSİN STADYUMU - MERSİN,YAŞAR KEMAL UĞURLU,29.08.2015 - 21:15
1021,https://www.tff.org/Default.aspx?pageId=29&macId=139996,TRABZONSPOR A.Ş.,2,AKHİSAR BELEDİYE GENÇLİK VE SPOR,2,HÜSEYİN AVNİ AKER - TRABZON,ALPER ULUSOY,30.08.2015 - 19:00
1026,https://www.tff.org/Default.aspx?pageId=29&macId=140001,ESKİŞEHİRSPOR,1,ÇAYKUR RİZESPOR A.Ş.,1,ESKİŞEHİR ATATÜRK - ESKİŞEHİR,SERKAN TOKAT,30.08.2015 - 19:00
1019,https://www.tff.org/Default.aspx?pageId=29&macId=139994,MEDICANA SİVASSPOR,1,OSMANLISPOR FUTBOL KULÜBÜ,1,SİVAS 4 EYLÜL - SİVAS,TOLGA ÖZKALFA,30.08.2015 - 21:15
1022,https://www.tff.org/Default.aspx?pageId=29&macId=139997,FENERBAHÇE A.Ş.,2,ANTALYASPOR A.Ş.,1,FB ŞÜKRÜ SARACOĞLU - İSTANBUL,BÜLENT YILDIRIM,30.08.2015 - 21:15
1031,https://www.tff.org/Default.aspx?pageId=29&macId=140006,AKHİSAR BELEDİYE GENÇLİK VE SPOR,0,GAZİANTEPSPOR,0,MANİSA 19 MAYIS - MANİSA,İLKER MERAL,12.09.2015 - 17:00
1032,https://www.tff.org/Default.aspx?pageId=29&macId=140007,BURSASPOR,3,GENÇLERBİRLİĞİ,2,BURSA ATATÜRK - BURSA,SUAT ARSLANBOĞA,12.09.2015 - 17:00
1033,https://www.tff.org/Default.aspx?pageId=29&macId=140008,ANTALYASPOR A.Ş.,2,ESKİŞEHİRSPOR,0,AKDENİZ ÜNİVERSİTESİ STADI - ANTALYA,BÜLENT BİRİNCİOĞLU,12.09.2015 - 20:15
1036,https://www.tff.org/Default.aspx?pageId=29&macId=140011,GALATASARAY A.Ş.,1,MERSİN İDMANYURDU,1,ALİ SAMİ YEN SPOR KOMPLEKSİ TÜRK TELEKOM STADYUMU,METE KALKAVAN,12.09.2015 - 20:15
1028,https://www.tff.org/Default.aspx?pageId=29&macId=140003,BEŞİKTAŞ A.Ş.,2,MEDİPOL BAŞAKŞEHİR FK,0,ATATÜRK OLİMPİYAT - İSTANBUL,SERKAN ÇINAR,13.09.2015 - 17:00
1034,https://www.tff.org/Default.aspx?pageId=29&macId=140009,ÇAYKUR RİZESPOR A.Ş.,1,MEDICANA SİVASSPOR,1,YENİ RİZE ŞEHİR - RİZE,ALİ PALABIYIK,13.09.2015 - 17:00
1030,https://www.tff.org/Default.aspx?pageId=29&macId=140005,OSMANLISPOR FUTBOL KULÜBÜ,1,TORKU KONYASPOR,2,OSMANLI STADI - ANKARA,ÇAĞATAY ŞAHAN,13.09.2015 - 20:15
1029,https://www.tff.org/Default.aspx?pageId=29&macId=140004,KASIMPAŞA A.Ş.,0,FENERBAHÇE A.Ş.,1,RECEP TAYYİP ERDOĞAN STADYUMU - İSTANBUL,DENİZ ATEŞ BİTNEL,13.09.2015 - 21:00
1035,https://www.tff.org/Default.aspx?pageId=29&macId=140010,KAYSERİSPOR,0,TRABZONSPOR A.Ş.,1,BÜYÜKŞEHİR BELEDİYESİ KADİR HAS - KAYSERİ,HÜSEYİN GÖÇEK,14.09.2015 - 21:00
1042,https://www.tff.org/Default.aspx?pageId=29&macId=140017,MEDİPOL BAŞAKŞEHİR FK,2,AKHİSAR BELEDİYE GENÇLİK VE SPOR,0,BAŞAKŞEHİR FATİH TERİM - İSTANBUL - BAŞAKŞEHİR,HALİL UMUT MELER,18.09.2015 - 20:00
1045,https://www.tff.org/Default.aspx?pageId=29&macId=140020,MERSİN İDMANYURDU,0,OSMANLISPOR FUTBOL KULÜBÜ,4,MERSİN STADYUMU - MERSİN,ABDULKADİR BİTİGEN,18.09.2015 - 20:00
1038,https://www.tff.org/Default.aspx?pageId=29&macId=140013,ÇAYKUR RİZESPOR A.Ş.,5,ANTALYASPOR A.Ş.,1,YENİ RİZE ŞEHİR - RİZE,KORAY GENÇERLER,19.09.2015 - 17:00
1040,https://www.tff.org/Default.aspx?pageId=29&macId=140015,MEDICANA SİVASSPOR,0,TORKU KONYASPOR,0,SİVAS 4 EYLÜL - SİVAS,SERKAN TOKAT,19.09.2015 - 17:00
1039,https://www.tff.org/Default.aspx?pageId=29&macId=140014,ESKİŞEHİRSPOR,0,KASIMPAŞA A.Ş.,3,ESKİŞEHİR ATATÜRK - ESKİŞEHİR,ABDULLAH YILMAZ,19.09.2015 - 20:00
1044,https://www.tff.org/Default.aspx?pageId=29&macId=140019,TRABZONSPOR A.Ş.,0,GALATASARAY A.Ş.,1,HÜSEYİN AVNİ AKER - TRABZON,CÜNEYT ÇAKIR,19.09.2015 - 20:00
1043,https://www.tff.org/Default.aspx?pageId=29&macId=140018,GAZİANTEPSPOR,1,KAYSERİSPOR,0,KAMİL OCAK - GAZİANTEP,SÜLEYMAN ABAY,20.09.2015 - 17:00
1037,https://www.tff.org/Default.aspx?pageId=29&macId=140012,FENERBAHÇE A.Ş.,2,BURSASPOR,1,FB ŞÜKRÜ SARACOĞLU - İSTANBUL,BARIŞ ŞİMŞEK,20.09.2015 - 20:00
1041,https://www.tff.org/Default.aspx?pageId=29&macId=140016,GENÇLERBİRLİĞİ,1,BEŞİKTAŞ A.Ş.,1,ANKARA 19 MAYIS - ANKARA,FIRAT AYDINUS,21.09.2015 - 20:00
1053,https://www.tff.org/Default.aspx?pageId=29&macId=140028,OSMANLISPOR FUTBOL KULÜBÜ,3,TRABZONSPOR A.Ş.,1,OSMANLI STADI - ANKARA,DENİZ ATEŞ BİTNEL,26.09.2015 - 16:00
1048,https://www.tff.org/Default.aspx?pageId=29&macId=140023,GALATASARAY A.Ş.,2,GAZİANTEPSPOR,1,ALİ SAMİ YEN SPOR KOMPLEKSİ TÜRK TELEKOM STADYUMU,ALPER ULUSOY,26.09.2015 - 19:00
1049,https://www.tff.org/Default.aspx?pageId=29&macId=140024,AKHİSAR BELEDİYE GENÇLİK VE SPOR,1,GENÇLERBİRLİĞİ,0,MANİSA 19 MAYIS - MANİSA,VOLKAN BAYARSLAN,26.09.2015 - 19:00
1052,https://www.tff.org/Default.aspx?pageId=29&macId=140027,TORKU KONYASPOR,2,MERSİN İDMANYURDU,0,BÜYÜKŞEHİR TORKU STADYUMU,BÜLENT BİRİNCİOĞLU,27.09.2015 - 14:00
1047,https://www.tff.org/Default.aspx?pageId=29&macId=140022,ANTALYASPOR A.Ş.,1,MEDICANA SİVASSPOR,1,AKDENİZ ÜNİVERSİTESİ STADI - ANTALYA,SERKAN ÇINAR,27.09.2015 - 17:00
1050,https://www.tff.org/Default.aspx?pageId=29&macId=140025,BEŞİKTAŞ A.Ş.,3,FENERBAHÇE A.Ş.,2,ATATÜRK OLİMPİYAT - İSTANBUL,HALİS ÖZKAHYA,27.09.2015 - 19:00
1046,https://www.tff.org/Default.aspx?pageId=29&macId=140021,KASIMPAŞA A.Ş.,1,ÇAYKUR RİZESPOR A.Ş.,1,RECEP TAYYİP ERDOĞAN STADYUMU - İSTANBUL,DENİZ ÇOBAN,28.09.2015 - 19:00
1054,https://www.tff.org/Default.aspx?pageId=29&macId=140029,KAYSERİSPOR,0,MEDİPOL BAŞAKŞEHİR FK,1,BÜYÜKŞEHİR BELEDİYESİ KADİR HAS - KAYSERİ,ÇAĞATAY ŞAHAN,28.09.2015 - 19:00
1051,https://www.tff.org/Default.aspx?pageId=29&macId=140026,BURSASPOR,2,ESKİŞEHİRSPOR,0,BURSA ATATÜRK - BURSA,BÜLENT YILDIRIM,28.09.2015 - 20:00
1060,https://www.tff.org/Default.aspx?pageId=29&macId=140035,TRABZONSPOR A.Ş.,1,TORKU KONYASPOR,2,HÜSEYİN AVNİ AKER - TRABZON,SÜLEYMAN ABAY,2.10.2015 - 20:00
1063,https://www.tff.org/Default.aspx?pageId=29&macId=140038,MEDICANA SİVASSPOR,2,MERSİN İDMANYURDU,2,SİVAS 4 EYLÜL - SİVAS,ÜMİT ÖZTÜRK,2.10.2015 - 20:00
1056,https://www.tff.org/Default.aspx?pageId=29&macId=140031,GAZİANTEPSPOR,2,OSMANLISPOR FUTBOL KULÜBÜ,1,KAMİL OCAK - GAZİANTEP,METE KALKAVAN,3.10.2015 - 16:00
1058,https://www.tff.org/Default.aspx?pageId=29&macId=140033,GENÇLERBİRLİĞİ,2,KAYSERİSPOR,0,ANKARA 19 MAYIS - ANKARA,HALİL UMUT MELER,3.10.2015 - 19:00
1059,https://www.tff.org/Default.aspx?pageId=29&macId=140034,MEDİPOL BAŞAKŞEHİR FK,0,GALATASARAY A.Ş.,2,BAŞAKŞEHİR FATİH TERİM - İSTANBUL - BAŞAKŞEHİR,SERKAN TOKAT,3.10.2015 - 19:00
1061,https://www.tff.org/Default.aspx?pageId=29&macId=140036,ÇAYKUR RİZESPOR A.Ş.,2,BURSASPOR,3,YENİ RİZE ŞEHİR - RİZE,HÜSEYİN GÖÇEK,4.10.2015 - 14:00
1062,https://www.tff.org/Default.aspx?pageId=29&macId=140037,ESKİŞEHİRSPOR,1,BEŞİKTAŞ A.Ş.,2,ESKİŞEHİR ATATÜRK - ESKİŞEHİR,DENİZ ATEŞ BİTNEL,4.10.2015 - 17:00
1057,https://www.tff.org/Default.aspx?pageId=29&macId=140032,ANTALYASPOR A.Ş.,0,KASIMPAŞA A.Ş.,0,AKDENİZ ÜNİVERSİTESİ STADI - ANTALYA,ALİ PALABIYIK,4.10.2015 - 19:00
1055,https://www.tff.org/Default.aspx?pageId=29&macId=140030,FENERBAHÇE A.Ş.,2,AKHİSAR BELEDİYE GENÇLİK VE SPOR,2,FB ŞÜKRÜ SARACOĞLU - İSTANBUL,SERKAN ÇINAR,4.10.2015 - 20:00
1068,https://www.tff.org/Default.aspx?pageId=29&macId=140043,BURSASPOR,0,ANTALYASPOR A.Ş.,2,BURSA ATATÜRK - BURSA,CÜNEYT ÇAKIR,17.10.2015 - 16:00
1064,https://www.tff.org/Default.aspx?pageId=29&macId=140039,GALATASARAY A.Ş.,4,GENÇLERBİRLİĞİ,1,ALİ SAMİ YEN SPOR KOMPLEKSİ TÜRK TELEKOM STADYUMU,ÇAĞATAY ŞAHAN,17.10.2015 - 19:00
1071,https://www.tff.org/Default.aspx?pageId=29&macId=140046,TORKU KONYASPOR,2,GAZİANTEPSPOR,1,BÜYÜKŞEHİR TORKU STADYUMU,MURAT ÖZCAN,17.10.2015 - 19:00
1069,https://www.tff.org/Default.aspx?pageId=29&macId=140044,KASIMPAŞA A.Ş.,2,MEDICANA SİVASSPOR,1,RECEP TAYYİP ERDOĞAN STADYUMU - İSTANBUL,BÜLENT BİRİNCİOĞLU,18.10.2015 - 13:30
1072,https://www.tff.org/Default.aspx?pageId=29&macId=140047,KAYSERİSPOR,0,FENERBAHÇE A.Ş.,1,BÜYÜKŞEHİR BELEDİYESİ KADİR HAS - KAYSERİ,METE KALKAVAN,18.10.2015 - 17:00
1067,https://www.tff.org/Default.aspx?pageId=29&macId=140042,AKHİSAR BELEDİYE GENÇLİK VE SPOR,1,ESKİŞEHİRSPOR,0,MANİSA 19 MAYIS - MANİSA,FIRAT AYDINUS,18.10.2015 - 19:00
1065,https://www.tff.org/Default.aspx?pageId=29&macId=140040,BEŞİKTAŞ A.Ş.,1,ÇAYKUR RİZESPOR A.Ş.,0,BAŞAKŞEHİR FATİH TERİM - İSTANBUL - BAŞAKŞEHİR,ALPER ULUSOY,18.10.2015 - 20:00
1066,https://www.tff.org/Default.aspx?pageId=29&macId=140041,OSMANLISPOR FUTBOL KULÜBÜ,0,MEDİPOL BAŞAKŞEHİR FK,3,OSMANLI STADI - ANKARA,SUAT ARSLANBOĞA,19.10.2015 - 20:00
1070,https://www.tff.org/Default.aspx?pageId=29&macId=140045,MERSİN İDMANYURDU,3,TRABZONSPOR A.Ş.,2,MERSİN STADYUMU - MERSİN,BÜLENT YILDIRIM,19.10.2015 - 20:00
1080,https://www.tff.org/Default.aspx?pageId=29&macId=140055,ÇAYKUR RİZESPOR A.Ş.,0,AKHİSAR BELEDİYE GENÇLİK VE SPOR,2,YENİ RİZE ŞEHİR - RİZE,YAŞAR KEMAL UĞURLU,23.10.2015 - 19:00
1075,https://www.tff.org/Default.aspx?pageId=29&macId=140050,ESKİŞEHİRSPOR,1,KAYSERİSPOR,3,ESKİŞEHİR ATATÜRK - ESKİŞEHİR,ÖZGÜR YANKAYA,23.10.2015 - 20:00
1074,https://www.tff.org/Default.aspx?pageId=29&macId=140049,KASIMPAŞA A.Ş.,0,BURSASPOR,1,RECEP TAYYİP ERDOĞAN STADYUMU - İSTANBUL,HALİL UMUT MELER,24.10.2015 - 16:00
1077,https://www.tff.org/Default.aspx?pageId=29&macId=140052,GENÇLERBİRLİĞİ,1,OSMANLISPOR FUTBOL KULÜBÜ,0,ANKARA 19 MAYIS - ANKARA,ÜMİT ÖZTÜRK,24.10.2015 - 16:00
1078,https://www.tff.org/Default.aspx?pageId=29&macId=140053,GAZİANTEPSPOR,1,MERSİN İDMANYURDU,0,KAMİL OCAK - GAZİANTEP,HAKAN CEYLAN,24.10.2015 - 19:00
1081,https://www.tff.org/Default.aspx?pageId=29&macId=140056,MEDICANA SİVASSPOR,0,TRABZONSPOR A.Ş.,2,SİVAS 4 EYLÜL - SİVAS,ALİ PALABIYIK,24.10.2015 - 19:00
1073,https://www.tff.org/Default.aspx?pageId=29&macId=140048,MEDİPOL BAŞAKŞEHİR FK,4,TORKU KONYASPOR,0,BAŞAKŞEHİR FATİH TERİM - İSTANBUL - BAŞAKŞEHİR,ABDULKADİR BİTİGEN,25.10.2015 - 14:00
1076,https://www.tff.org/Default.aspx?pageId=29&macId=140051,FENERBAHÇE A.Ş.,1,GALATASARAY A.Ş.,1,FB ŞÜKRÜ SARACOĞLU - İSTANBUL,FIRAT AYDINUS,25.10.2015 - 19:00
1079,https://www.tff.org/Default.aspx?pageId=29&macId=140054,ANTALYASPOR A.Ş.,1,BEŞİKTAŞ A.Ş.,5,ANTALYA STADYUMU - ANTALYA,İLKER MERAL,26.10.2015 - 20:00
1083,https://www.tff.org/Default.aspx?pageId=29&macId=140058,KAYSERİSPOR,0,ÇAYKUR RİZESPOR A.Ş.,0,BÜYÜKŞEHİR BELEDİYESİ KADİR HAS - KAYSERİ,TOLGA ÖZKALFA,28.10.2015 - 19:00
1087,https://www.tff.org/Default.aspx?pageId=29&macId=140062,BURSASPOR,1,MEDICANA SİVASSPOR,0,BURSA ATATÜRK - BURSA,DENİZ ATEŞ BİTNEL,28.10.2015 - 19:00
1088,https://www.tff.org/Default.aspx?pageId=29&macId=140063,TRABZONSPOR A.Ş.,2,GAZİANTEPSPOR,2,HÜSEYİN AVNİ AKER - TRABZON,ÇAĞATAY ŞAHAN,28.10.2015 - 21:45
1089,https://www.tff.org/Default.aspx?pageId=29&macId=140064,MERSİN İDMANYURDU,1,MEDİPOL BAŞAKŞEHİR FK,1,MERSİN STADYUMU - MERSİN,ÖZGÜÇ TÜRKALP,29.10.2015 - 19:00
1090,https://www.tff.org/Default.aspx?pageId=29&macId=140065,OSMANLISPOR FUTBOL KULÜBÜ,0,FENERBAHÇE A.Ş.,1,OSMANLI STADI - ANKARA,HÜSEYİN GÖÇEK,29.10.2015 - 19:00
1084,https://www.tff.org/Default.aspx?pageId=29&macId=140059,GALATASARAY A.Ş.,4,ESKİŞEHİRSPOR,0,ALİ SAMİ YEN SPOR KOMPLEKSİ TÜRK TELEKOM STADYUMU,BÜLENT YILDIRIM,29.10.2015 - 21:45
1082,https://www.tff.org/Default.aspx?pageId=29&macId=140057,TORKU KONYASPOR,0,GENÇLERBİRLİĞİ,0,BÜYÜKŞEHİR TORKU STADYUMU,BARIŞ ŞİMŞEK,30.10.2015 - 19:00
1085,https://www.tff.org/Default.aspx?pageId=29&macId=140060,AKHİSAR BELEDİYE GENÇLİK VE SPOR,2,ANTALYASPOR A.Ş.,1,MANİSA 19 MAYIS - MANİSA,HALİS ÖZKAHYA,30.10.2015 - 19:00
1086,https://www.tff.org/Default.aspx?pageId=29&macId=140061,BEŞİKTAŞ A.Ş.,3,KASIMPAŞA A.Ş.,3,BAŞAKŞEHİR FATİH TERİM - İSTANBUL - BAŞAKŞEHİR,CÜNEYT ÇAKIR,30.10.2015 - 21:45
1099,https://www.tff.org/Default.aspx?pageId=29&macId=140074,ESKİŞEHİRSPOR,0,OSMANLISPOR FUTBOL KULÜBÜ,2,ESKİŞEHİR ATATÜRK - ESKİŞEHİR,BARIŞ ŞİMŞEK,6.11.2015 - 19:00
1095,https://www.tff.org/Default.aspx?pageId=29&macId=140070,GENÇLERBİRLİĞİ,1,MERSİN İDMANYURDU,1,ANKARA 19 MAYIS - ANKARA,ERKAN ENGİN,6.11.2015 - 20:00
1092,https://www.tff.org/Default.aspx?pageId=29&macId=140067,ANTALYASPOR A.Ş.,1,KAYSERİSPOR,1,ANTALYA STADYUMU - ANTALYA,SERKAN TOKAT,7.11.2015 - 14:00
1096,https://www.tff.org/Default.aspx?pageId=29&macId=140071,MEDİPOL BAŞAKŞEHİR FK,1,TRABZONSPOR A.Ş.,0,BAŞAKŞEHİR FATİH TERİM - İSTANBUL - BAŞAKŞEHİR,FIRAT AYDINUS,7.11.2015 - 16:00
1091,https://www.tff.org/Default.aspx?pageId=29&macId=140066,KASIMPAŞA A.Ş.,2,AKHİSAR BELEDİYE GENÇLİK VE SPOR,1,RECEP TAYYİP ERDOĞAN STADYUMU - İSTANBUL,ÜMİT ÖZTÜRK,7.11.2015 - 19:00
1098,https://www.tff.org/Default.aspx?pageId=29&macId=140073,ÇAYKUR RİZESPOR A.Ş.,4,GALATASARAY A.Ş.,3,YENİ RİZE ŞEHİR - RİZE,SERKAN ÇINAR,7.11.2015 - 19:00
1093,https://www.tff.org/Default.aspx?pageId=29&macId=140068,MEDICANA SİVASSPOR,3,GAZİANTEPSPOR,0,SİVAS 4 EYLÜL - SİVAS,ALPER ULUSOY,8.11.2015 - 14:00
1094,https://www.tff.org/Default.aspx?pageId=29&macId=140069,FENERBAHÇE A.Ş.,1,TORKU KONYASPOR,0,FB ŞÜKRÜ SARACOĞLU - İSTANBUL,ALİ PALABIYIK,8.11.2015 - 17:00
1097,https://www.tff.org/Default.aspx?pageId=29&macId=140072,BURSASPOR,0,BEŞİKTAŞ A.Ş.,1,BURSA ATATÜRK - BURSA,METE KALKAVAN,8.11.2015 - 20:15
1104,https://www.tff.org/Default.aspx?pageId=29&macId=140079,AKHİSAR BELEDİYE GENÇLİK VE SPOR,3,BURSASPOR,1,MANİSA 19 MAYIS - MANİSA,SARPER BARIŞ SAKA,21.11.2015 - 13:30
1107,https://www.tff.org/Default.aspx?pageId=29&macId=140082,MERSİN İDMANYURDU,1,FENERBAHÇE A.Ş.,3,MERSİN STADYUMU - MERSİN,ALPER ULUSOY,21.11.2015 - 17:00
1102,https://www.tff.org/Default.aspx?pageId=29&macId=140077,KAYSERİSPOR,0,KASIMPAŞA A.Ş.,0,BÜYÜKŞEHİR BELEDİYESİ KADİR HAS - KAYSERİ,SUAT ARSLANBOĞA,21.11.2015 - 19:00
1103,https://www.tff.org/Default.aspx?pageId=29&macId=140078,GALATASARAY A.Ş.,3,ANTALYASPOR A.Ş.,3,ALİ SAMİ YEN SPOR KOMPLEKSİ TÜRK TELEKOM STADYUMU,ALİ PALABIYIK,21.11.2015 - 20:15
1101,https://www.tff.org/Default.aspx?pageId=29&macId=140076,TORKU KONYASPOR,3,ESKİŞEHİRSPOR,2,BÜYÜKŞEHİR TORKU STADYUMU,ONUR ÖZÜTOPRAK,22.11.2015 - 14:00
1108,https://www.tff.org/Default.aspx?pageId=29&macId=140083,OSMANLISPOR FUTBOL KULÜBÜ,0,ÇAYKUR RİZESPOR A.Ş.,1,OSMANLI STADI - ANKARA,ÖZGÜR YANKAYA,22.11.2015 - 14:00
1100,https://www.tff.org/Default.aspx?pageId=29&macId=140075,TRABZONSPOR A.Ş.,1,GENÇLERBİRLİĞİ,0,HÜSEYİN AVNİ AKER - TRABZON,HALİS ÖZKAHYA,22.11.2015 - 16:30
1105,https://www.tff.org/Default.aspx?pageId=29&macId=140080,BEŞİKTAŞ A.Ş.,2,MEDICANA SİVASSPOR,0,BAŞAKŞEHİR FATİH TERİM - İSTANBUL - BAŞAKŞEHİR,HÜSEYİN GÖÇEK,22.11.2015 - 19:00
1106,https://www.tff.org/Default.aspx?pageId=29&macId=140081,GAZİANTEPSPOR,0,MEDİPOL BAŞAKŞEHİR FK,1,KAMİL OCAK - GAZİANTEP,YAŞAR KEMAL UĞURLU,23.11.2015 - 20:00
1110,https://www.tff.org/Default.aspx?pageId=29&macId=140085,ANTALYASPOR A.Ş.,1,OSMANLISPOR FUTBOL KULÜBÜ,1,AKDENİZ ÜNİVERSİTESİ STADI - ANTALYA,HAKAN CEYLAN,27.11.2015 - 19:00
1111,https://www.tff.org/Default.aspx?pageId=29&macId=140086,ÇAYKUR RİZESPOR A.Ş.,0,TORKU KONYASPOR,0,YENİ RİZE ŞEHİR - RİZE,BÜLENT YILDIRIM,27.11.2015 - 19:00
1114,https://www.tff.org/Default.aspx?pageId=29&macId=140089,BURSASPOR,1,KAYSERİSPOR,2,BURSA ATATÜRK - BURSA,FIRAT AYDINUS,27.11.2015 - 19:00
1117,https://www.tff.org/Default.aspx?pageId=29&macId=140092,MEDICANA SİVASSPOR,2,MEDİPOL BAŞAKŞEHİR FK,2,SİVAS 4 EYLÜL - SİVAS,METE KALKAVAN,28.11.2015 - 16:00
1116,https://www.tff.org/Default.aspx?pageId=29&macId=140091,ESKİŞEHİRSPOR,3,MERSİN İDMANYURDU,2,ESKİŞEHİR ATATÜRK - ESKİŞEHİR,CÜNEYT ÇAKIR,28.11.2015 - 19:00
1112,https://www.tff.org/Default.aspx?pageId=29&macId=140087,GENÇLERBİRLİĞİ,2,GAZİANTEPSPOR,2,ANKARA 19 MAYIS - ANKARA,TOLGA ÖZKALFA,29.11.2015 - 14:00
1113,https://www.tff.org/Default.aspx?pageId=29&macId=140088,BEŞİKTAŞ A.Ş.,0,AKHİSAR BELEDİYE GENÇLİK VE SPOR,2,BAŞAKŞEHİR FATİH TERİM - İSTANBUL - BAŞAKŞEHİR,BARIŞ ŞİMŞEK,29.11.2015 - 17:00
1115,https://www.tff.org/Default.aspx?pageId=29&macId=140090,KASIMPAŞA A.Ş.,2,GALATASARAY A.Ş.,2,RECEP TAYYİP ERDOĞAN STADYUMU - İSTANBUL,HALİS ÖZKAHYA,29.11.2015 - 20:15
1109,https://www.tff.org/Default.aspx?pageId=29&macId=140084,FENERBAHÇE A.Ş.,2,TRABZONSPOR A.Ş.,0,ÜLKER STADYUMU FB ŞÜKRÜ SARACOĞLU SPOR KOMPLEKSİ -,DENİZ ATEŞ BİTNEL,30.11.2015 - 20:00
1121,https://www.tff.org/Default.aspx?pageId=29&macId=140096,GALATASARAY A.Ş.,3,BURSASPOR,0,ALİ SAMİ YEN SPOR KOMPLEKSİ TÜRK TELEKOM STADYUMU,SUAT ARSLANBOĞA,4.12.2015 - 20:00
1126,https://www.tff.org/Default.aspx?pageId=29&macId=140101,OSMANLISPOR FUTBOL KULÜBÜ,0,KASIMPAŞA A.Ş.,1,OSMANLI STADI - ANKARA,FIRAT AYDINUS,5.12.2015 - 13:30
1125,https://www.tff.org/Default.aspx?pageId=29&macId=140100,TORKU KONYASPOR,3,ANTALYASPOR A.Ş.,2,BÜYÜKŞEHİR TORKU STADYUMU,TOLGA ÖZKALFA,5.12.2015 - 16:00
1120,https://www.tff.org/Default.aspx?pageId=29&macId=140095,KAYSERİSPOR,1,BEŞİKTAŞ A.Ş.,2,BÜYÜKŞEHİR BELEDİYESİ KADİR HAS - KAYSERİ,BÜLENT YILDIRIM,5.12.2015 - 19:03
1118,https://www.tff.org/Default.aspx?pageId=29&macId=140093,MEDİPOL BAŞAKŞEHİR FK,2,GENÇLERBİRLİĞİ,0,BAŞAKŞEHİR FATİH TERİM - İSTANBUL - BAŞAKŞEHİR,BÜLENT BİRİNCİOĞLU,6.12.2015 - 16:00
1119,https://www.tff.org/Default.aspx?pageId=29&macId=140094,GAZİANTEPSPOR,2,FENERBAHÇE A.Ş.,2,KAMİL OCAK - GAZİANTEP,SERKAN TOKAT,6.12.2015 - 19:00
1124,https://www.tff.org/Default.aspx?pageId=29&macId=140099,MERSİN İDMANYURDU,3,ÇAYKUR RİZESPOR A.Ş.,0,MERSİN STADYUMU - MERSİN,İLKER MERAL,6.12.2015 - 19:00
1122,https://www.tff.org/Default.aspx?pageId=29&macId=140097,AKHİSAR BELEDİYE GENÇLİK VE SPOR,1,MEDICANA SİVASSPOR,0,MANİSA 19 MAYIS - MANİSA,ÖZGÜR YANKAYA,7.12.2015 - 18:00
1123,https://www.tff.org/Default.aspx?pageId=29&macId=140098,TRABZONSPOR A.Ş.,3,ESKİŞEHİRSPOR,1,HÜSEYİN AVNİ AKER - TRABZON,YAŞAR KEMAL UĞURLU,7.12.2015 - 20:00
1128,https://www.tff.org/Default.aspx?pageId=29&macId=140103,BURSASPOR,0,OSMANLISPOR FUTBOL KULÜBÜ,4,BURSA ATATÜRK - BURSA,HALİS ÖZKAHYA,11.12.2015 - 19:00
1132,https://www.tff.org/Default.aspx?pageId=29&macId=140107,KASIMPAŞA A.Ş.,2,TORKU KONYASPOR,1,RECEP TAYYİP ERDOĞAN STADYUMU - İSTANBUL,SARPER BARIŞ SAKA,12.12.2015 - 13:30
1134,https://www.tff.org/Default.aspx?pageId=29&macId=140109,ESKİŞEHİRSPOR,1,GAZİANTEPSPOR,2,ESKİŞEHİR ATATÜRK - ESKİŞEHİR,DENİZ ATEŞ BİTNEL,12.12.2015 - 16:00
1129,https://www.tff.org/Default.aspx?pageId=29&macId=140104,ÇAYKUR RİZESPOR A.Ş.,3,TRABZONSPOR A.Ş.,0,YENİ RİZE ŞEHİR - RİZE,ALİ PALABIYIK,12.12.2015 - 19:00
1133,https://www.tff.org/Default.aspx?pageId=29&macId=140108,ANTALYASPOR A.Ş.,3,MERSİN İDMANYURDU,2,ANTALYA STADYUMU - ANTALYA,BARIŞ ŞİMŞEK,12.12.2015 - 19:00
1135,https://www.tff.org/Default.aspx?pageId=29&macId=140110,KAYSERİSPOR,3,AKHİSAR BELEDİYE GENÇLİK VE SPOR,2,BÜYÜKŞEHİR BELEDİYESİ KADİR HAS - KAYSERİ,MUSTAFA ÖĞRETMENOĞLU,13.12.2015 - 13:00
1130,https://www.tff.org/Default.aspx?pageId=29&macId=140105,GENÇLERBİRLİĞİ,0,MEDICANA SİVASSPOR,1,ANKARA 19 MAYIS - ANKARA,SERKAN ÇINAR,13.12.2015 - 14:00
1127,https://www.tff.org/Default.aspx?pageId=29&macId=140102,FENERBAHÇE A.Ş.,1,MEDİPOL BAŞAKŞEHİR FK,0,ÜLKER STADYUMU FB ŞÜKRÜ SARACOĞLU SPOR KOMPLEKSİ -,CÜNEYT ÇAKIR,13.12.2015 - 19:00
1131,https://www.tff.org/Default.aspx?pageId=29&macId=140106,BEŞİKTAŞ A.Ş.,2,GALATASARAY A.Ş.,1,ATATÜRK OLİMPİYAT - İSTANBUL,METE KALKAVAN,14.12.2015 - 20:00
1136,https://www.tff.org/Default.aspx?pageId=29&macId=140111,GAZİANTEPSPOR,2,ÇAYKUR RİZESPOR A.Ş.,0,KAMİL OCAK - GAZİANTEP,FIRAT AYDINUS,19.12.2015 - 13:30
1137,https://www.tff.org/Default.aspx?pageId=29&macId=140112,TORKU KONYASPOR,1,BURSASPOR,0,BÜYÜKŞEHİR TORKU STADYUMU,YAŞAR KEMAL UĞURLU,19.12.2015 - 16:00
1142,https://www.tff.org/Default.aspx?pageId=29&macId=140117,TRABZONSPOR A.Ş.,3,ANTALYASPOR A.Ş.,0,HÜSEYİN AVNİ AKER - TRABZON,BÜLENT YILDIRIM,19.12.2015 - 19:00
1143,https://www.tff.org/Default.aspx?pageId=29&macId=140118,MERSİN İDMANYURDU,1,KASIMPAŞA A.Ş.,2,MERSİN STADYUMU - MERSİN,HÜSEYİN GÖÇEK,19.12.2015 - 19:00
1138,https://www.tff.org/Default.aspx?pageId=29&macId=140113,MEDICANA SİVASSPOR,0,KAYSERİSPOR,0,SİVAS 4 EYLÜL - SİVAS,SUAT ARSLANBOĞA,20.12.2015 - 13:00
1139,https://www.tff.org/Default.aspx?pageId=29&macId=140114,GALATASARAY A.Ş.,3,AKHİSAR BELEDİYE GENÇLİK VE SPOR,2,ALİ SAMİ YEN SPOR KOMPLEKSİ TÜRK TELEKOM STADYUMU,DENİZ ATEŞ BİTNEL,20.12.2015 - 16:00
1140,https://www.tff.org/Default.aspx?pageId=29&macId=140115,GENÇLERBİRLİĞİ,0,FENERBAHÇE A.Ş.,1,ANKARA 19 MAYIS - ANKARA,METE KALKAVAN,20.12.2015 - 19:00
1141,https://www.tff.org/Default.aspx?pageId=29&macId=140116,MEDİPOL BAŞAKŞEHİR FK,2,ESKİŞEHİRSPOR,1,BAŞAKŞEHİR FATİH TERİM - İSTANBUL - BAŞAKŞEHİR,ÖZGÜR YANKAYA,20.12.2015 - 19:00
1144,https://www.tff.org/Default.aspx?pageId=29&macId=140119,OSMANLISPOR FUTBOL KULÜBÜ,2,BEŞİKTAŞ A.Ş.,3,OSMANLI STADI - ANKARA,ALPER ULUSOY,21.12.2015 - 20:00
1152,https://www.tff.org/Default.aspx?pageId=29&macId=140127,ÇAYKUR RİZESPOR A.Ş.,2,MEDİPOL BAŞAKŞEHİR FK,1,YENİ RİZE ŞEHİR - RİZE,ABDULKADİR BİTİGEN,26.12.2015 - 14:00
1151,https://www.tff.org/Default.aspx?pageId=29&macId=140126,ANTALYASPOR A.Ş.,0,GAZİANTEPSPOR,0,ANTALYA STADYUMU - ANTALYA,CÜNEYT ÇAKIR,26.12.2015 - 16:30
1146,https://www.tff.org/Default.aspx?pageId=29&macId=140121,KASIMPAŞA A.Ş.,1,TRABZONSPOR A.Ş.,1,RECEP TAYYİP ERDOĞAN STADYUMU - İSTANBUL,ÖZGÜR YANKAYA,26.12.2015 - 19:00
1150,https://www.tff.org/Default.aspx?pageId=29&macId=140125,BURSASPOR,2,MERSİN İDMANYURDU,1,BURSA ATATÜRK - BURSA,TOLGA ÖZKALFA,27.12.2015 - 14:00
1153,https://www.tff.org/Default.aspx?pageId=29&macId=140128,KAYSERİSPOR,1,GALATASARAY A.Ş.,1,BÜYÜKŞEHİR BELEDİYESİ KADİR HAS - KAYSERİ,BARIŞ ŞİMŞEK,27.12.2015 - 16:00
1148,https://www.tff.org/Default.aspx?pageId=29&macId=140123,AKHİSAR BELEDİYE GENÇLİK VE SPOR,0,OSMANLISPOR FUTBOL KULÜBÜ,0,MANİSA 19 MAYIS - MANİSA,HÜSEYİN GÖÇEK,27.12.2015 - 16:30
1149,https://www.tff.org/Default.aspx?pageId=29&macId=140124,BEŞİKTAŞ A.Ş.,4,TORKU KONYASPOR,0,BAŞAKŞEHİR FATİH TERİM - İSTANBUL - BAŞAKŞEHİR,SERKAN ÇINAR,27.12.2015 - 19:00
1147,https://www.tff.org/Default.aspx?pageId=29&macId=140122,ESKİŞEHİRSPOR,2,GENÇLERBİRLİĞİ,0,ESKİŞEHİR ATATÜRK - ESKİŞEHİR,HALİS ÖZKAHYA,28.12.2015 - 19:00
1145,https://www.tff.org/Default.aspx?pageId=29&macId=140120,FENERBAHÇE A.Ş.,2,MEDICANA SİVASSPOR,1,ÜLKER STADYUMU FB ŞÜKRÜ SARACOĞLU SPOR KOMPLEKSİ -,FIRAT AYDINUS,28.12.2015 - 20:00
1156,https://www.tff.org/Default.aspx?pageId=29&macId=140131,KASIMPAŞA A.Ş.,1,GAZİANTEPSPOR,2,RECEP TAYYİP ERDOĞAN STADYUMU - İSTANBUL,TOLGA ÖZKALFA,16.01.2016 - 13:30
1161,https://www.tff.org/Default.aspx?pageId=29&macId=140136,KAYSERİSPOR,1,OSMANLISPOR FUTBOL KULÜBÜ,0,BÜYÜKŞEHİR BELEDİYESİ KADİR HAS - KAYSERİ,VOLKAN BAYARSLAN,16.01.2016 - 13:30
1160,https://www.tff.org/Default.aspx?pageId=29&macId=140135,AKHİSAR BELEDİYE GENÇLİK VE SPOR,0,TORKU KONYASPOR,2,MANİSA 19 MAYIS - MANİSA,İLKER MERAL,16.01.2016 - 16:00
1162,https://www.tff.org/Default.aspx?pageId=29&macId=140137,GALATASARAY A.Ş.,3,MEDICANA SİVASSPOR,1,ALİ SAMİ YEN SPOR KOMPLEKSİ TÜRK TELEKOM STADYUMU,CÜNEYT ÇAKIR,16.01.2016 - 19:00
1155,https://www.tff.org/Default.aspx?pageId=29&macId=140130,ANTALYASPOR A.Ş.,1,MEDİPOL BAŞAKŞEHİR FK,2,ANTALYA STADYUMU - ANTALYA,YAŞAR KEMAL UĞURLU,17.01.2016 - 13:30
1157,https://www.tff.org/Default.aspx?pageId=29&macId=140132,ÇAYKUR RİZESPOR A.Ş.,2,GENÇLERBİRLİĞİ,3,YENİ RİZE ŞEHİR - RİZE,HÜSEYİN GÖÇEK,17.01.2016 - 13:30
1158,https://www.tff.org/Default.aspx?pageId=29&macId=140133,BURSASPOR,4,TRABZONSPOR A.Ş.,2,BURSA BÜYÜKŞEHİR BELEDİYE STADYUMU - BURSA,SERKAN ÇINAR,17.01.2016 - 16:00
1154,https://www.tff.org/Default.aspx?pageId=29&macId=140129,ESKİŞEHİRSPOR,0,FENERBAHÇE A.Ş.,3,ESKİŞEHİR ATATÜRK - ESKİŞEHİR,ALPER ULUSOY,18.01.2016 - 19:00
1307,https://www.tff.org/Default.aspx?pageId=29&macId=156538,BEŞİKTAŞ A.Ş.,1,MERSİN İDMANYURDU,0,BAŞAKŞEHİR FATİH TERİM - İSTANBUL - BAŞAKŞEHİR,BARIŞ ŞİMŞEK,17.02.2016 - 20:04
1164,https://www.tff.org/Default.aspx?pageId=29&macId=140139,TORKU KONYASPOR,1,KAYSERİSPOR,0,BÜYÜKŞEHİR TORKU STADYUMU,KORAY GENÇERLER,23.01.2016 - 13:30
1165,https://www.tff.org/Default.aspx?pageId=29&macId=140140,MERSİN İDMANYURDU,0,AKHİSAR BELEDİYE GENÇLİK VE SPOR,0,MERSİN STADYUMU - MERSİN,BÜLENT BİRİNCİOĞLU,23.01.2016 - 16:00
1171,https://www.tff.org/Default.aspx?pageId=29&macId=140146,OSMANLISPOR FUTBOL KULÜBÜ,3,GALATASARAY A.Ş.,2,OSMANLI STADI - ANKARA,HALİS ÖZKAHYA,23.01.2016 - 19:00
1163,https://www.tff.org/Default.aspx?pageId=29&macId=140138,GENÇLERBİRLİĞİ,1,ANTALYASPOR A.Ş.,0,ANKARA 19 MAYIS - ANKARA,FIRAT AYDINUS,24.01.2016 - 13:00
1169,https://www.tff.org/Default.aspx?pageId=29&macId=140144,MEDICANA SİVASSPOR,1,ESKİŞEHİRSPOR,2,SİVAS 4 EYLÜL - SİVAS,ALİ PALABIYIK,24.01.2016 - 13:00
1168,https://www.tff.org/Default.aspx?pageId=29&macId=140143,FENERBAHÇE A.Ş.,2,ÇAYKUR RİZESPOR A.Ş.,1,ÜLKER STADYUMU FB ŞÜKRÜ SARACOĞLU SPOR KOMPLEKSİ -,DENİZ ATEŞ BİTNEL,24.01.2016 - 16:00
1170,https://www.tff.org/Default.aspx?pageId=29&macId=140145,GAZİANTEPSPOR,2,BURSASPOR,3,KAMİL OCAK - GAZİANTEP,BARIŞ ŞİMŞEK,24.01.2016 - 16:00
1167,https://www.tff.org/Default.aspx?pageId=29&macId=140142,MEDİPOL BAŞAKŞEHİR FK,1,KASIMPAŞA A.Ş.,1,BAŞAKŞEHİR FATİH TERİM - İSTANBUL - BAŞAKŞEHİR,METE KALKAVAN,25.01.2016 - 20:00
1308,https://www.tff.org/Default.aspx?pageId=29&macId=156539,TRABZONSPOR A.Ş.,0,BEŞİKTAŞ A.Ş.,2,HÜSEYİN AVNİ AKER - TRABZON,BÜLENT YILDIRIM,15.03.2016 - 19:30
1172,https://www.tff.org/Default.aspx?pageId=29&macId=140147,OSMANLISPOR FUTBOL KULÜBÜ,4,MEDICANA SİVASSPOR,0,OSMANLI STADI - ANKARA,BARIŞ ŞİMŞEK,5.02.2016 - 19:00
1175,https://www.tff.org/Default.aspx?pageId=29&macId=140150,ANTALYASPOR A.Ş.,4,FENERBAHÇE A.Ş.,2,ANTALYA STADYUMU - ANTALYA,ALİ PALABIYIK,5.02.2016 - 20:00
1180,https://www.tff.org/Default.aspx?pageId=29&macId=140155,KAYSERİSPOR,0,MERSİN İDMANYURDU,1,BÜYÜKŞEHİR BELEDİYESİ KADİR HAS - KAYSERİ,HALİL UMUT MELER,6.02.2016 - 13:30
1176,https://www.tff.org/Default.aspx?pageId=29&macId=140151,BURSASPOR,3,MEDİPOL BAŞAKŞEHİR FK,3,BURSA BÜYÜKŞEHİR BELEDİYE STADYUMU - BURSA,HÜSEYİN GÖÇEK,6.02.2016 - 16:00
1178,https://www.tff.org/Default.aspx?pageId=29&macId=140153,GALATASARAY A.Ş.,0,TORKU KONYASPOR,0,ALİ SAMİ YEN SPOR KOMPLEKSİ TÜRK TELEKOM STADYUMU,BÜLENT YILDIRIM,6.02.2016 - 19:00
1179,https://www.tff.org/Default.aspx?pageId=29&macId=140154,ÇAYKUR RİZESPOR A.Ş.,1,ESKİŞEHİRSPOR,1,YENİ RİZE ŞEHİR - RİZE,FIRAT AYDINUS,7.02.2016 - 13:30
1174,https://www.tff.org/Default.aspx?pageId=29&macId=140149,AKHİSAR BELEDİYE GENÇLİK VE SPOR,2,TRABZONSPOR A.Ş.,1,MANİSA 19 MAYIS - MANİSA,HALİS ÖZKAHYA,7.02.2016 - 15:00
1177,https://www.tff.org/Default.aspx?pageId=29&macId=140152,BEŞİKTAŞ A.Ş.,4,GAZİANTEPSPOR,0,BAŞAKŞEHİR FATİH TERİM - İSTANBUL - BAŞAKŞEHİR,CÜNEYT ÇAKIR,7.02.2016 - 19:00
1173,https://www.tff.org/Default.aspx?pageId=29&macId=140148,KASIMPAŞA A.Ş.,0,GENÇLERBİRLİĞİ,1,RECEP TAYYİP ERDOĞAN STADYUMU - İSTANBUL,ABDULKADİR BİTİGEN,8.02.2016 - 20:00
1182,https://www.tff.org/Default.aspx?pageId=29&macId=140157,FENERBAHÇE A.Ş.,3,KASIMPAŞA A.Ş.,1,ÜLKER STADYUMU FB ŞÜKRÜ SARACOĞLU SPOR KOMPLEKSİ -,BÜLENT YILDIRIM,12.02.2016 - 20:00
1185,https://www.tff.org/Default.aspx?pageId=29&macId=140160,GENÇLERBİRLİĞİ,2,BURSASPOR,0,ANKARA 19 MAYIS - ANKARA,DENİZ ATEŞ BİTNEL,13.02.2016 - 13:30
1183,https://www.tff.org/Default.aspx?pageId=29&macId=140158,TORKU KONYASPOR,1,OSMANLISPOR FUTBOL KULÜBÜ,1,BÜYÜKŞEHİR TORKU STADYUMU,HÜSEYİN GÖÇEK,13.02.2016 - 16:00
1189,https://www.tff.org/Default.aspx?pageId=29&macId=140164,MERSİN İDMANYURDU,2,GALATASARAY A.Ş.,1,MERSİN STADYUMU - MERSİN,YAŞAR KEMAL UĞURLU,13.02.2016 - 19:00
1184,https://www.tff.org/Default.aspx?pageId=29&macId=140159,GAZİANTEPSPOR,0,AKHİSAR BELEDİYE GENÇLİK VE SPOR,1,KAMİL OCAK - GAZİANTEP,ÜMİT ÖZTÜRK,14.02.2016 - 13:30
1187,https://www.tff.org/Default.aspx?pageId=29&macId=140162,MEDICANA SİVASSPOR,2,ÇAYKUR RİZESPOR A.Ş.,1,SİVAS 4 EYLÜL - SİVAS,HALİS ÖZKAHYA,14.02.2016 - 13:30
1186,https://www.tff.org/Default.aspx?pageId=29&macId=140161,ESKİŞEHİRSPOR,3,ANTALYASPOR A.Ş.,2,ESKİŞEHİR ATATÜRK - ESKİŞEHİR,CÜNEYT ÇAKIR,14.02.2016 - 16:00
1181,https://www.tff.org/Default.aspx?pageId=29&macId=140156,MEDİPOL BAŞAKŞEHİR FK,2,BEŞİKTAŞ A.Ş.,2,BAŞAKŞEHİR FATİH TERİM - İSTANBUL - BAŞAKŞEHİR,ALİ PALABIYIK,14.02.2016 - 19:00
1188,https://www.tff.org/Default.aspx?pageId=29&macId=140163,TRABZONSPOR A.Ş.,2,KAYSERİSPOR,1,HÜSEYİN AVNİ AKER - TRABZON,İLKER MERAL,15.02.2016 - 20:00
1193,https://www.tff.org/Default.aspx?pageId=29&macId=140168,TORKU KONYASPOR,2,MEDICANA SİVASSPOR,1,BÜYÜKŞEHİR TORKU STADYUMU,CÜNEYT ÇAKIR,19.02.2016 - 20:00
1192,https://www.tff.org/Default.aspx?pageId=29&macId=140167,KASIMPAŞA A.Ş.,2,ESKİŞEHİRSPOR,1,RECEP TAYYİP ERDOĞAN STADYUMU - İSTANBUL,SERKAN TOKAT,20.02.2016 - 13:30
1191,https://www.tff.org/Default.aspx?pageId=29&macId=140166,ANTALYASPOR A.Ş.,2,ÇAYKUR RİZESPOR A.Ş.,1,ANTALYA STADYUMU - ANTALYA,VOLKAN BAYARSLAN,20.02.2016 - 16:00
1190,https://www.tff.org/Default.aspx?pageId=29&macId=140165,BURSASPOR,0,FENERBAHÇE A.Ş.,0,BURSA BÜYÜKŞEHİR BELEDİYE STADYUMU - BURSA,METE KALKAVAN,20.02.2016 - 19:00
1196,https://www.tff.org/Default.aspx?pageId=29&macId=140171,KAYSERİSPOR,2,GAZİANTEPSPOR,2,BÜYÜKŞEHİR BELEDİYESİ KADİR HAS - KAYSERİ,ÖZGÜR YANKAYA,21.02.2016 - 13:00
1198,https://www.tff.org/Default.aspx?pageId=29&macId=140173,OSMANLISPOR FUTBOL KULÜBÜ,3,MERSİN İDMANYURDU,1,OSMANLI STADI - ANKARA,KUTLUHAN BİLGİÇ,21.02.2016 - 13:00
1195,https://www.tff.org/Default.aspx?pageId=29&macId=140170,AKHİSAR BELEDİYE GENÇLİK VE SPOR,0,MEDİPOL BAŞAKŞEHİR FK,0,BALIKESİR ATATÜRK - BALIKESİR,BÜLENT YILDIRIM,21.02.2016 - 15:30
1197,https://www.tff.org/Default.aspx?pageId=29&macId=140172,GALATASARAY A.Ş.,2,TRABZONSPOR A.Ş.,1,ALİ SAMİ YEN SPOR KOMPLEKSİ TÜRK TELEKOM STADYUMU,DENİZ ATEŞ BİTNEL,21.02.2016 - 19:00
1194,https://www.tff.org/Default.aspx?pageId=29&macId=140169,BEŞİKTAŞ A.Ş.,1,GENÇLERBİRLİĞİ,0,BAŞAKŞEHİR FATİH TERİM - İSTANBUL - BAŞAKŞEHİR,HALİS ÖZKAHYA,22.02.2016 - 20:00
1207,https://www.tff.org/Default.aspx?pageId=29&macId=140182,MEDİPOL BAŞAKŞEHİR FK,1,KAYSERİSPOR,0,BAŞAKŞEHİR FATİH TERİM - İSTANBUL - BAŞAKŞEHİR,HALİS ÖZKAHYA,26.02.2016 - 20:00
1199,https://www.tff.org/Default.aspx?pageId=29&macId=140174,ÇAYKUR RİZESPOR A.Ş.,2,KASIMPAŞA A.Ş.,0,YENİ RİZE ŞEHİR - RİZE,ALİ PALABIYIK,27.02.2016 - 13:30
1205,https://www.tff.org/Default.aspx?pageId=29&macId=140180,MERSİN İDMANYURDU,0,TORKU KONYASPOR,2,MERSİN STADYUMU - MERSİN,ALPER ULUSOY,27.02.2016 - 13:30
1204,https://www.tff.org/Default.aspx?pageId=29&macId=140179,ESKİŞEHİRSPOR,0,BURSASPOR,1,ESKİŞEHİR ATATÜRK - ESKİŞEHİR,SERKAN ÇINAR,27.02.2016 - 16:00
1206,https://www.tff.org/Default.aspx?pageId=29&macId=140181,TRABZONSPOR A.Ş.,1,OSMANLISPOR FUTBOL KULÜBÜ,2,HÜSEYİN AVNİ AKER - TRABZON,ÖZGÜR YANKAYA,27.02.2016 - 19:00
1200,https://www.tff.org/Default.aspx?pageId=29&macId=140175,MEDICANA SİVASSPOR,0,ANTALYASPOR A.Ş.,0,SİVAS 4 EYLÜL - SİVAS,METE KALKAVAN,28.02.2016 - 13:33
1202,https://www.tff.org/Default.aspx?pageId=29&macId=140177,GENÇLERBİRLİĞİ,3,AKHİSAR BELEDİYE GENÇLİK VE SPOR,1,ANKARA 19 MAYIS - ANKARA,HALİL UMUT MELER,28.02.2016 - 16:00
1201,https://www.tff.org/Default.aspx?pageId=29&macId=140176,GAZİANTEPSPOR,2,GALATASARAY A.Ş.,0,KAMİL OCAK - GAZİANTEP,FIRAT AYDINUS,28.02.2016 - 19:00
1203,https://www.tff.org/Default.aspx?pageId=29&macId=140178,FENERBAHÇE A.Ş.,2,BEŞİKTAŞ A.Ş.,0,ÜLKER STADYUMU FB ŞÜKRÜ SARACOĞLU SPOR KOMPLEKSİ -,CÜNEYT ÇAKIR,29.02.2016 - 20:00
1216,https://www.tff.org/Default.aspx?pageId=29&macId=140191,MERSİN İDMANYURDU,1,MEDICANA SİVASSPOR,0,MERSİN STADYUMU - MERSİN,BÜLENT YILDIRIM,4.03.2016 - 20:00
1211,https://www.tff.org/Default.aspx?pageId=29&macId=140186,KAYSERİSPOR,0,GENÇLERBİRLİĞİ,2,BÜYÜKŞEHİR BELEDİYESİ KADİR HAS - KAYSERİ,BARIŞ ŞİMŞEK,5.03.2016 - 13:30
1214,https://www.tff.org/Default.aspx?pageId=29&macId=140189,BURSASPOR,1,ÇAYKUR RİZESPOR A.Ş.,0,BURSA BÜYÜKŞEHİR BELEDİYE STADYUMU - BURSA,TOLGA ÖZKALFA,5.03.2016 - 16:00
1209,https://www.tff.org/Default.aspx?pageId=29&macId=140184,OSMANLISPOR FUTBOL KULÜBÜ,1,GAZİANTEPSPOR,1,OSMANLI STADI - ANKARA,CANER AK,5.03.2016 - 19:00
1210,https://www.tff.org/Default.aspx?pageId=29&macId=140185,KASIMPAŞA A.Ş.,2,ANTALYASPOR A.Ş.,1,RECEP TAYYİP ERDOĞAN STADYUMU - İSTANBUL,ÜMİT ÖZTÜRK,6.03.2016 - 13:30
1212,https://www.tff.org/Default.aspx?pageId=29&macId=140187,GALATASARAY A.Ş.,3,MEDİPOL BAŞAKŞEHİR FK,3,ALİ SAMİ YEN SPOR KOMPLEKSİ TÜRK TELEKOM STADYUMU,ÖZGÜR YANKAYA,6.03.2016 - 16:00
1208,https://www.tff.org/Default.aspx?pageId=29&macId=140183,AKHİSAR BELEDİYE GENÇLİK VE SPOR,0,FENERBAHÇE A.Ş.,3,MANİSA 19 MAYIS - MANİSA,HÜSEYİN GÖÇEK,6.03.2016 - 19:00
1213,https://www.tff.org/Default.aspx?pageId=29&macId=140188,TORKU KONYASPOR,2,TRABZONSPOR A.Ş.,0,BÜYÜKŞEHİR TORKU STADYUMU,FIRAT AYDINUS,6.03.2016 - 19:00
1215,https://www.tff.org/Default.aspx?pageId=29&macId=140190,BEŞİKTAŞ A.Ş.,3,ESKİŞEHİRSPOR,1,BAŞAKŞEHİR FATİH TERİM - İSTANBUL - BAŞAKŞEHİR,METE KALKAVAN,7.03.2016 - 20:00
1223,https://www.tff.org/Default.aspx?pageId=29&macId=140198,TRABZONSPOR A.Ş.,1,MERSİN İDMANYURDU,0,HÜSEYİN AVNİ AKER - TRABZON,HALİS ÖZKAHYA,11.03.2016 - 20:00
1224,https://www.tff.org/Default.aspx?pageId=29&macId=140199,GAZİANTEPSPOR,0,TORKU KONYASPOR,1,KAMİL OCAK - GAZİANTEP,HALİL UMUT MELER,12.03.2016 - 13:00
1219,https://www.tff.org/Default.aspx?pageId=29&macId=140194,MEDİPOL BAŞAKŞEHİR FK,2,OSMANLISPOR FUTBOL KULÜBÜ,3,BAŞAKŞEHİR FATİH TERİM - İSTANBUL - BAŞAKŞEHİR,ALPER ULUSOY,12.03.2016 - 15:30
1218,https://www.tff.org/Default.aspx?pageId=29&macId=140193,ÇAYKUR RİZESPOR A.Ş.,1,BEŞİKTAŞ A.Ş.,2,YENİ RİZE ŞEHİR - RİZE,SERKAN ÇINAR,12.03.2016 - 19:00
1220,https://www.tff.org/Default.aspx?pageId=29&macId=140195,ESKİŞEHİRSPOR,3,AKHİSAR BELEDİYE GENÇLİK VE SPOR,3,ESKİŞEHİR ATATÜRK - ESKİŞEHİR,BARIŞ ŞİMŞEK,13.03.2016 - 13:30
1217,https://www.tff.org/Default.aspx?pageId=29&macId=140192,GENÇLERBİRLİĞİ,1,GALATASARAY A.Ş.,1,ANKARA 19 MAYIS - ANKARA,HÜSEYİN GÖÇEK,13.03.2016 - 16:00
1225,https://www.tff.org/Default.aspx?pageId=29&macId=140200,FENERBAHÇE A.Ş.,1,KAYSERİSPOR,0,ÜLKER STADYUMU FB ŞÜKRÜ SARACOĞLU SPOR KOMPLEKSİ -,FIRAT AYDINUS,13.03.2016 - 19:00
1222,https://www.tff.org/Default.aspx?pageId=29&macId=140197,MEDICANA SİVASSPOR,1,KASIMPAŞA A.Ş.,0,SİVAS 4 EYLÜL - SİVAS,YAŞAR KEMAL UĞURLU,14.03.2016 - 19:00
1221,https://www.tff.org/Default.aspx?pageId=29&macId=140196,ANTALYASPOR A.Ş.,3,BURSASPOR,0,ANTALYA STADYUMU - ANTALYA,ALİ PALABIYIK,14.03.2016 - 20:00
1228,https://www.tff.org/Default.aspx?pageId=29&macId=140203,KAYSERİSPOR,0,ESKİŞEHİRSPOR,0,BÜYÜKŞEHİR BELEDİYESİ KADİR HAS - KAYSERİ,ALİ PALABIYIK,18.03.2016 - 19:00
1233,https://www.tff.org/Default.aspx?pageId=29&macId=140208,AKHİSAR BELEDİYE GENÇLİK VE SPOR,1,ÇAYKUR RİZESPOR A.Ş.,1,MANİSA 19 MAYIS - MANİSA,ABDULKADİR BİTİGEN,18.03.2016 - 20:00
1230,https://www.tff.org/Default.aspx?pageId=29&macId=140205,OSMANLISPOR FUTBOL KULÜBÜ,3,GENÇLERBİRLİĞİ,1,OSMANLI STADI - ANKARA,SERKAN TOKAT,19.03.2016 - 13:30
1234,https://www.tff.org/Default.aspx?pageId=29&macId=140209,TRABZONSPOR A.Ş.,1,MEDICANA SİVASSPOR,0,HÜSEYİN AVNİ AKER - TRABZON,HALİL UMUT MELER,19.03.2016 - 16:00
1232,https://www.tff.org/Default.aspx?pageId=29&macId=140207,BEŞİKTAŞ A.Ş.,1,ANTALYASPOR A.Ş.,0,BAŞAKŞEHİR FATİH TERİM - İSTANBUL - BAŞAKŞEHİR,HÜSEYİN GÖÇEK,19.03.2016 - 19:00
1226,https://www.tff.org/Default.aspx?pageId=29&macId=140201,TORKU KONYASPOR,1,MEDİPOL BAŞAKŞEHİR FK,1,BÜYÜKŞEHİR TORKU STADYUMU,SERKAN ÇINAR,20.03.2016 - 13:30
1231,https://www.tff.org/Default.aspx?pageId=29&macId=140206,MERSİN İDMANYURDU,0,GAZİANTEPSPOR,0,MERSİN STADYUMU - MERSİN,TOLGA ÖZKALFA,20.03.2016 - 13:30
1227,https://www.tff.org/Default.aspx?pageId=29&macId=140202,BURSASPOR,4,KASIMPAŞA A.Ş.,1,BURSA BÜYÜKŞEHİR BELEDİYE STADYUMU - BURSA,KUTLUHAN BİLGİÇ,20.03.2016 - 16:00
1309,https://www.tff.org/Default.aspx?pageId=29&macId=156620,GALATASARAY A.Ş.,0,FENERBAHÇE A.Ş.,0,ALİ SAMİ YEN SPOR KOMPLEKSİ TÜRK TELEKOM STADYUMU,METE KALKAVAN,13.04.2016 - 19:30
1235,https://www.tff.org/Default.aspx?pageId=29&macId=140210,GENÇLERBİRLİĞİ,0,TORKU KONYASPOR,1,ANKARA 19 MAYIS - ANKARA,VOLKAN BAYARSLAN,2.04.2016 - 13:30
1241,https://www.tff.org/Default.aspx?pageId=29&macId=140216,GAZİANTEPSPOR,0,TRABZONSPOR A.Ş.,1,KAMİL OCAK - GAZİANTEP,ÜMİT ÖZTÜRK,2.04.2016 - 16:00
1237,https://www.tff.org/Default.aspx?pageId=29&macId=140212,ESKİŞEHİRSPOR,4,GALATASARAY A.Ş.,3,ESKİŞEHİR ATATÜRK - ESKİŞEHİR,CÜNEYT ÇAKIR,2.04.2016 - 19:00
1240,https://www.tff.org/Default.aspx?pageId=29&macId=140215,MEDICANA SİVASSPOR,1,BURSASPOR,2,SİVAS 4 EYLÜL - SİVAS,ALPER ULUSOY,3.04.2016 - 13:30
1242,https://www.tff.org/Default.aspx?pageId=29&macId=140217,MEDİPOL BAŞAKŞEHİR FK,3,MERSİN İDMANYURDU,0,BAŞAKŞEHİR FATİH TERİM - İSTANBUL - BAŞAKŞEHİR,BARIŞ ŞİMŞEK,3.04.2016 - 13:30
1238,https://www.tff.org/Default.aspx?pageId=29&macId=140213,ANTALYASPOR A.Ş.,2,AKHİSAR BELEDİYE GENÇLİK VE SPOR,2,ANTALYA STADYUMU - ANTALYA,TOLGA ÖZKALFA,3.04.2016 - 16:00
1243,https://www.tff.org/Default.aspx?pageId=29&macId=140218,FENERBAHÇE A.Ş.,0,OSMANLISPOR FUTBOL KULÜBÜ,0,ÜLKER STADYUMU FB ŞÜKRÜ SARACOĞLU SPOR KOMPLEKSİ -,ALİ PALABIYIK,3.04.2016 - 19:00
1236,https://www.tff.org/Default.aspx?pageId=29&macId=140211,ÇAYKUR RİZESPOR A.Ş.,0,KAYSERİSPOR,0,YENİ RİZE ŞEHİR - RİZE,ÖZGÜR YANKAYA,4.04.2016 - 19:00
1239,https://www.tff.org/Default.aspx?pageId=29&macId=140214,KASIMPAŞA A.Ş.,2,BEŞİKTAŞ A.Ş.,1,RECEP TAYYİP ERDOĞAN STADYUMU - İSTANBUL,METE KALKAVAN,4.04.2016 - 20:00
1246,https://www.tff.org/Default.aspx?pageId=29&macId=140221,GAZİANTEPSPOR,0,MEDICANA SİVASSPOR,1,KAMİL OCAK - GAZİANTEP,ALİ PALABIYIK,8.04.2016 - 20:00
1252,https://www.tff.org/Default.aspx?pageId=29&macId=140227,OSMANLISPOR FUTBOL KULÜBÜ,0,ESKİŞEHİRSPOR,0,OSMANLI STADI - ANKARA,HALİL UMUT MELER,9.04.2016 - 13:00
1251,https://www.tff.org/Default.aspx?pageId=29&macId=140226,GALATASARAY A.Ş.,1,ÇAYKUR RİZESPOR A.Ş.,1,ALİ SAMİ YEN SPOR KOMPLEKSİ TÜRK TELEKOM STADYUMU,BÜLENT YILDIRIM,9.04.2016 - 17:03
1247,https://www.tff.org/Default.aspx?pageId=29&macId=140222,TORKU KONYASPOR,2,FENERBAHÇE A.Ş.,1,BÜYÜKŞEHİR TORKU STADYUMU,CÜNEYT ÇAKIR,9.04.2016 - 20:00
1248,https://www.tff.org/Default.aspx?pageId=29&macId=140223,MERSİN İDMANYURDU,1,GENÇLERBİRLİĞİ,3,MERSİN STADYUMU - MERSİN,ÖZGÜR YANKAYA,10.04.2016 - 13:30
1245,https://www.tff.org/Default.aspx?pageId=29&macId=140220,KAYSERİSPOR,0,ANTALYASPOR A.Ş.,0,BÜYÜKŞEHİR BELEDİYESİ KADİR HAS - KAYSERİ,ALPER ULUSOY,10.04.2016 - 16:00
1249,https://www.tff.org/Default.aspx?pageId=29&macId=140224,TRABZONSPOR A.Ş.,1,MEDİPOL BAŞAKŞEHİR FK,1,HÜSEYİN AVNİ AKER - TRABZON,HÜSEYİN GÖÇEK,10.04.2016 - 19:00
1244,https://www.tff.org/Default.aspx?pageId=29&macId=140219,AKHİSAR BELEDİYE GENÇLİK VE SPOR,0,KASIMPAŞA A.Ş.,1,MANİSA 19 MAYIS - MANİSA,FIRAT AYDINUS,11.04.2016 - 19:00
1250,https://www.tff.org/Default.aspx?pageId=29&macId=140225,BEŞİKTAŞ A.Ş.,3,BURSASPOR,2,VODAFONE STADYUMU - İSTANBUL - BEŞİKTAŞ,BARIŞ ŞİMŞEK,11.04.2016 - 20:00
1254,https://www.tff.org/Default.aspx?pageId=29&macId=140229,ESKİŞEHİRSPOR,1,TORKU KONYASPOR,2,ESKİŞEHİR ATATÜRK - ESKİŞEHİR,ALİ PALABIYIK,16.04.2016 - 13:00
1261,https://www.tff.org/Default.aspx?pageId=29&macId=140236,ÇAYKUR RİZESPOR A.Ş.,0,OSMANLISPOR FUTBOL KULÜBÜ,1,YENİ RİZE ŞEHİR - RİZE,HÜSEYİN GÖÇEK,16.04.2016 - 13:00
1256,https://www.tff.org/Default.aspx?pageId=29&macId=140231,ANTALYASPOR A.Ş.,4,GALATASARAY A.Ş.,2,ANTALYA STADYUMU - ANTALYA,YAŞAR KEMAL UĞURLU,16.04.2016 - 16:00
1258,https://www.tff.org/Default.aspx?pageId=29&macId=140233,MEDICANA SİVASSPOR,1,BEŞİKTAŞ A.Ş.,2,SİVAS 4 EYLÜL - SİVAS,HALİS ÖZKAHYA,16.04.2016 - 19:00
1255,https://www.tff.org/Default.aspx?pageId=29&macId=140230,KASIMPAŞA A.Ş.,1,KAYSERİSPOR,2,RECEP TAYYİP ERDOĞAN STADYUMU - İSTANBUL,CÜNEYT ÇAKIR,17.04.2016 - 13:30
1259,https://www.tff.org/Default.aspx?pageId=29&macId=140234,MEDİPOL BAŞAKŞEHİR FK,4,GAZİANTEPSPOR,1,BAŞAKŞEHİR FATİH TERİM - İSTANBUL - BAŞAKŞEHİR,İLKER MERAL,17.04.2016 - 13:30
1257,https://www.tff.org/Default.aspx?pageId=29&macId=140232,BURSASPOR,0,AKHİSAR BELEDİYE GENÇLİK VE SPOR,2,BURSA BÜYÜKŞEHİR BELEDİYE STADYUMU - BURSA,SERKAN TOKAT,17.04.2016 - 16:00
1260,https://www.tff.org/Default.aspx?pageId=29&macId=140235,FENERBAHÇE A.Ş.,4,MERSİN İDMANYURDU,1,ÜLKER STADYUMU FB ŞÜKRÜ SARACOĞLU SPOR KOMPLEKSİ -,SERKAN ÇINAR,17.04.2016 - 19:00
1253,https://www.tff.org/Default.aspx?pageId=29&macId=140228,GENÇLERBİRLİĞİ,3,TRABZONSPOR A.Ş.,1,ANKARA 19 MAYIS - ANKARA,METE KALKAVAN,18.04.2016 - 20:00
1267,https://www.tff.org/Default.aspx?pageId=29&macId=140242,KAYSERİSPOR,2,BURSASPOR,1,BÜYÜKŞEHİR BELEDİYESİ KADİR HAS - KAYSERİ,ÜMİT ÖZTÜRK,22.04.2016 - 20:00
1263,https://www.tff.org/Default.aspx?pageId=29&macId=140238,OSMANLISPOR FUTBOL KULÜBÜ,3,ANTALYASPOR A.Ş.,0,OSMANLI STADI - ANKARA,ARDA KARDEŞLER,23.04.2016 - 13:33
1270,https://www.tff.org/Default.aspx?pageId=29&macId=140245,MEDİPOL BAŞAKŞEHİR FK,2,MEDICANA SİVASSPOR,2,BAŞAKŞEHİR FATİH TERİM - İSTANBUL - BAŞAKŞEHİR,FIRAT AYDINUS,23.04.2016 - 16:00
1266,https://www.tff.org/Default.aspx?pageId=29&macId=140241,AKHİSAR BELEDİYE GENÇLİK VE SPOR,3,BEŞİKTAŞ A.Ş.,3,MANİSA 19 MAYIS - MANİSA,CÜNEYT ÇAKIR,23.04.2016 - 19:00
1264,https://www.tff.org/Default.aspx?pageId=29&macId=140239,TORKU KONYASPOR,3,ÇAYKUR RİZESPOR A.Ş.,1,BÜYÜKŞEHİR TORKU STADYUMU,HALİS ÖZKAHYA,24.04.2016 - 13:30
1269,https://www.tff.org/Default.aspx?pageId=29&macId=140244,MERSİN İDMANYURDU,1,ESKİŞEHİRSPOR,2,MERSİN STADYUMU - MERSİN,METE KALKAVAN,24.04.2016 - 13:30
1268,https://www.tff.org/Default.aspx?pageId=29&macId=140243,GALATASARAY A.Ş.,4,KASIMPAŞA A.Ş.,1,ALİ SAMİ YEN SPOR KOMPLEKSİ TÜRK TELEKOM STADYUMU,BARIŞ ŞİMŞEK,24.04.2016 - 16:00
1262,https://www.tff.org/Default.aspx?pageId=29&macId=140237,TRABZONSPOR A.Ş.,0,FENERBAHÇE A.Ş.,4,HÜSEYİN AVNİ AKER - TRABZON,BÜLENT YILDIRIM,24.04.2016 - 20:00
1265,https://www.tff.org/Default.aspx?pageId=29&macId=140240,GAZİANTEPSPOR,1,GENÇLERBİRLİĞİ,3,KAMİL OCAK - GAZİANTEP,ABDULKADİR BİTİGEN,25.04.2016 - 20:00
1277,https://www.tff.org/Default.aspx?pageId=29&macId=140252,ÇAYKUR RİZESPOR A.Ş.,2,MERSİN İDMANYURDU,0,YENİ RİZE ŞEHİR - RİZE,CÜNEYT ÇAKIR,29.04.2016 - 19:00
1274,https://www.tff.org/Default.aspx?pageId=29&macId=140249,BURSASPOR,1,GALATASARAY A.Ş.,1,BURSA BÜYÜKŞEHİR BELEDİYE STADYUMU - BURSA,FIRAT AYDINUS,29.04.2016 - 20:00
1271,https://www.tff.org/Default.aspx?pageId=29&macId=140246,GENÇLERBİRLİĞİ,0,MEDİPOL BAŞAKŞEHİR FK,0,ANKARA 19 MAYIS - ANKARA,HALİL UMUT MELER,30.04.2016 - 13:30
1276,https://www.tff.org/Default.aspx?pageId=29&macId=140251,ESKİŞEHİRSPOR,1,TRABZONSPOR A.Ş.,0,ESKİŞEHİR ATATÜRK - ESKİŞEHİR,HALİS ÖZKAHYA,30.04.2016 - 16:00
1273,https://www.tff.org/Default.aspx?pageId=29&macId=140248,BEŞİKTAŞ A.Ş.,4,KAYSERİSPOR,0,VODAFONE STADYUMU - İSTANBUL - BEŞİKTAŞ,SERKAN ÇINAR,30.04.2016 - 19:00
1275,https://www.tff.org/Default.aspx?pageId=29&macId=140250,MEDICANA SİVASSPOR,1,AKHİSAR BELEDİYE GENÇLİK VE SPOR,1,SİVAS 4 EYLÜL - SİVAS,ÜMİT ÖZTÜRK,1.05.2016 - 16:00
1272,https://www.tff.org/Default.aspx?pageId=29&macId=140247,FENERBAHÇE A.Ş.,3,GAZİANTEPSPOR,0,ÜLKER STADYUMU FB ŞÜKRÜ SARACOĞLU SPOR KOMPLEKSİ -,METE KALKAVAN,1.05.2016 - 19:00
1278,https://www.tff.org/Default.aspx?pageId=29&macId=140253,ANTALYASPOR A.Ş.,1,TORKU KONYASPOR,0,ANTALYA STADYUMU - ANTALYA,SUAT ARSLANBOĞA,1.05.2016 - 19:00
1279,https://www.tff.org/Default.aspx?pageId=29&macId=140254,KASIMPAŞA A.Ş.,1,OSMANLISPOR FUTBOL KULÜBÜ,1,RECEP TAYYİP ERDOĞAN STADYUMU - İSTANBUL,İLKER MERAL,2.05.2016 - 20:00
1283,https://www.tff.org/Default.aspx?pageId=29&macId=140258,MEDICANA SİVASSPOR,2,GENÇLERBİRLİĞİ,1,SİVAS 4 EYLÜL - SİVAS,TOLGA ÖZKALFA,7.05.2016 - 13:30
1287,https://www.tff.org/Default.aspx?pageId=29&macId=140262,GAZİANTEPSPOR,1,ESKİŞEHİRSPOR,1,KAMİL OCAK - GAZİANTEP,CÜNEYT ÇAKIR,7.05.2016 - 16:00
1281,https://www.tff.org/Default.aspx?pageId=29&macId=140256,OSMANLISPOR FUTBOL KULÜBÜ,3,BURSASPOR,3,OSMANLI STADI - ANKARA,SERKAN ÇINAR,7.05.2016 - 19:00
1288,https://www.tff.org/Default.aspx?pageId=29&macId=140263,AKHİSAR BELEDİYE GENÇLİK VE SPOR,1,KAYSERİSPOR,1,MANİSA 19 MAYIS - MANİSA,BARIŞ ŞİMŞEK,8.05.2016 - 13:00
1282,https://www.tff.org/Default.aspx?pageId=29&macId=140257,TRABZONSPOR A.Ş.,6,ÇAYKUR RİZESPOR A.Ş.,0,HÜSEYİN AVNİ AKER - TRABZON,ALPER ULUSOY,8.05.2016 - 15:30
1286,https://www.tff.org/Default.aspx?pageId=29&macId=140261,MERSİN İDMANYURDU,0,ANTALYASPOR A.Ş.,1,MERSİN STADYUMU - MERSİN,MEHMET EMRE ATASOY,8.05.2016 - 19:00
1284,https://www.tff.org/Default.aspx?pageId=29&macId=140259,GALATASARAY A.Ş.,0,BEŞİKTAŞ A.Ş.,1,ALİ SAMİ YEN SPOR KOMPLEKSİ TÜRK TELEKOM STADYUMU,METE KALKAVAN,8.05.2016 - 20:00
1280,https://www.tff.org/Default.aspx?pageId=29&macId=140255,MEDİPOL BAŞAKŞEHİR FK,2,FENERBAHÇE A.Ş.,1,BAŞAKŞEHİR FATİH TERİM - İSTANBUL - BAŞAKŞEHİR,FIRAT AYDINUS,9.05.2016 - 20:00
1285,https://www.tff.org/Default.aspx?pageId=29&macId=140260,TORKU KONYASPOR,2,KASIMPAŞA A.Ş.,0,BÜYÜKŞEHİR TORKU STADYUMU,ALİ PALABIYIK,9.05.2016 - 20:00
1295,https://www.tff.org/Default.aspx?pageId=29&macId=140270,ANTALYASPOR A.Ş.,7,TRABZONSPOR A.Ş.,0,ANTALYA STADYUMU - ANTALYA,HAKAN CEYLAN,13.05.2016 - 20:00
1290,https://www.tff.org/Default.aspx?pageId=29&macId=140265,BURSASPOR,1,TORKU KONYASPOR,1,BURSA BÜYÜKŞEHİR BELEDİYE STADYUMU - BURSA,ÇAĞATAY ŞAHAN,14.05.2016 - 16:00
1289,https://www.tff.org/Default.aspx?pageId=29&macId=140264,ÇAYKUR RİZESPOR A.Ş.,1,GAZİANTEPSPOR,0,YENİ RİZE ŞEHİR - RİZE,SERKAN ÇINAR,14.05.2016 - 19:00
1291,https://www.tff.org/Default.aspx?pageId=29&macId=140266,KAYSERİSPOR,1,MEDICANA SİVASSPOR,1,BÜYÜKŞEHİR BELEDİYESİ KADİR HAS - KAYSERİ,METE KALKAVAN,14.05.2016 - 19:00
1294,https://www.tff.org/Default.aspx?pageId=29&macId=140269,ESKİŞEHİRSPOR,1,MEDİPOL BAŞAKŞEHİR FK,2,ESKİŞEHİR ATATÜRK - ESKİŞEHİR,HÜSEYİN GÖÇEK,14.05.2016 - 19:00
1292,https://www.tff.org/Default.aspx?pageId=29&macId=140267,AKHİSAR BELEDİYE GENÇLİK VE SPOR,1,GALATASARAY A.Ş.,2,MANİSA 19 MAYIS - MANİSA,SUAT ARSLANBOĞA,15.05.2016 - 19:00
1293,https://www.tff.org/Default.aspx?pageId=29&macId=140268,FENERBAHÇE A.Ş.,2,GENÇLERBİRLİĞİ,1,ÜLKER STADYUMU FB ŞÜKRÜ SARACOĞLU SPOR KOMPLEKSİ -,ALPER ULUSOY,15.05.2016 - 19:00
1296,https://www.tff.org/Default.aspx?pageId=29&macId=140271,KASIMPAŞA A.Ş.,7,MERSİN İDMANYURDU,0,RECEP TAYYİP ERDOĞAN STADYUMU - İSTANBUL,MURAT ÖZCAN,15.05.2016 - 19:00
1297,https://www.tff.org/Default.aspx?pageId=29&macId=140272,BEŞİKTAŞ A.Ş.,3,OSMANLISPOR FUTBOL KULÜBÜ,1,VODAFONE STADYUMU - İSTANBUL - BEŞİKTAŞ,CÜNEYT ÇAKIR,15.05.2016 - 19:00
1302,https://www.tff.org/Default.aspx?pageId=29&macId=140277,TORKU KONYASPOR,2,BEŞİKTAŞ A.Ş.,1,BÜYÜKŞEHİR TORKU STADYUMU,ÜMİT ÖZTÜRK,18.05.2016 - 19:00
1303,https://www.tff.org/Default.aspx?pageId=29&macId=140278,MERSİN İDMANYURDU,2,BURSASPOR,5,MERSİN STADYUMU - MERSİN,OKTAY TAŞ,18.05.2016 - 20:00
1305,https://www.tff.org/Default.aspx?pageId=29&macId=140280,MEDİPOL BAŞAKŞEHİR FK,1,ÇAYKUR RİZESPOR A.Ş.,0,BAŞAKŞEHİR FATİH TERİM - İSTANBUL - BAŞAKŞEHİR,MUSTAFA ÖĞRETMENOĞLU,18.05.2016 - 20:00
1298,https://www.tff.org/Default.aspx?pageId=29&macId=140273,MEDICANA SİVASSPOR,2,FENERBAHÇE A.Ş.,2,SİVAS 4 EYLÜL - SİVAS,CÜNEYT ÇAKIR,19.05.2016 - 20:00
1299,https://www.tff.org/Default.aspx?pageId=29&macId=140274,TRABZONSPOR A.Ş.,0,KASIMPAŞA A.Ş.,6,HÜSEYİN AVNİ AKER - TRABZON,YAŞAR KEMAL UĞURLU,19.05.2016 - 20:00
1300,https://www.tff.org/Default.aspx?pageId=29&macId=140275,GENÇLERBİRLİĞİ,3,ESKİŞEHİRSPOR,1,ANKARA 19 MAYIS - ANKARA,SERKAN ÇINAR,19.05.2016 - 20:00
1301,https://www.tff.org/Default.aspx?pageId=29&macId=140276,OSMANLISPOR FUTBOL KULÜBÜ,1,AKHİSAR BELEDİYE GENÇLİK VE SPOR,0,OSMANLI STADI - ANKARA,ÖZGÜR YANKAYA,19.05.2016 - 20:00
1304,https://www.tff.org/Default.aspx?pageId=29&macId=140279,GAZİANTEPSPOR,2,ANTALYASPOR A.Ş.,0,KAMİL OCAK - GAZİANTEP,METE KALKAVAN,19.05.2016 - 20:00
1306,https://www.tff.org/Default.aspx?pageId=29&macId=140281,GALATASARAY A.Ş.,6,KAYSERİSPOR,0,ALİ SAMİ YEN SPOR KOMPLEKSİ TÜRK TELEKOM STADYUMU,TOLGA ÖZKALFA,19.05.2016 - 20:00
