Mac_kodu,TFF_mac_linki,Ev_sahibi,Ev_sahibi_gol,Misafir_takim,Misafir_takim_gol,Stat,Ana_hakem,Tarih_saat
1004,https://www.tff.org/Default.aspx?pageId=397&macId=44338,İSTANBULSPOR A.Ş                                  ,1,ESKİŞEHİRSPOR                                     ,3,BEŞİKTAŞ İNÖNÜ,NEDİM GÖKLÜ,11.08.1995 - 19:00
1006,https://www.tff.org/Default.aspx?pageId=397&macId=44340,GENÇLERBİRLİĞİ                                    ,1,KOCAELİSPOR                                       ,1,ANKARA 19 MAYIS,MUHİTTİN BOŞAT,12.08.1995 - 19:00
1001,https://www.tff.org/Default.aspx?pageId=397&macId=44336,FENERBAHÇE                                        ,4,KARŞIYAKA                                         ,0,FB ŞÜKRÜ SARACOĞLU,MUSTAFA ÇULCU,12.08.1995 - 19:03
1009,https://www.tff.org/Default.aspx?pageId=397&macId=44332,VANSPOR                                           ,0,GALATASARAY                                       ,1,VALİ MAHMUT YILBAŞ,GALİP BİTİGEN,13.08.1995 - 16:02
1007,https://www.tff.org/Default.aspx?pageId=397&macId=44341,KAYSERİSPOR                                       ,1,BEŞİKTAŞ                                          ,1,KAYSERİ ATATÜRK,METİN TOKAT,13.08.1995 - 16:30
1005,https://www.tff.org/Default.aspx?pageId=397&macId=44339,ANTALYASPOR                                       ,4,BURSASPOR                                         ,2,ANTALYA ATATÜRK,ALİCAN LAKOT,13.08.1995 - 17:00
1008,https://www.tff.org/Default.aspx?pageId=397&macId=44342,ALTAY                                             ,1,DENİZLİSPOR                                       ,2,İZMİR ALSANCAK,MUSTAFA ARSLAN,13.08.1995 - 17:00
1002,https://www.tff.org/Default.aspx?pageId=397&macId=44335,TRABZONSPOR                                       ,3,MKE ANKARAGÜCÜ                                    ,1,HÜSEYİN AVNİ AKER,ÜNSAL ÇİMEN,13.08.1995 - 19:00
1003,https://www.tff.org/Default.aspx?pageId=397&macId=44337,SAMSUNSPOR                                        ,1,GAZİANTEPSPOR                                     ,0,SAMSUN 19 MAYIS,ENGİN KURT,13.08.1995 - 19:00
1010,https://www.tff.org/Default.aspx?pageId=397&macId=44371,MKE ANKARAGÜCÜ                                    ,3,İSTANBULSPOR A.Ş                                  ,1,ANKARA 19 MAYIS,EROL ERSOY,18.08.1995 - 19:00
1015,https://www.tff.org/Default.aspx?pageId=397&macId=44372,ESKİŞEHİRSPOR                                     ,1,FENERBAHÇE                                        ,2,ESKİŞEHİR ATATÜRK,OĞUZ SARVAN,19.08.1995 - 16:30
1018,https://www.tff.org/Default.aspx?pageId=397&macId=44373,GALATASARAY                                       ,3,ALTAY                                             ,1,ALİ SAMİ YEN,VAHAP BEYAZ,19.08.1995 - 19:00
1011,https://www.tff.org/Default.aspx?pageId=397&macId=44374,KAYSERİSPOR                                       ,0,DENİZLİSPOR                                       ,0,KAYSERİ ATATÜRK,İLHAMİ KAPLAN,20.08.1995 - 16:30
1014,https://www.tff.org/Default.aspx?pageId=397&macId=44377,GAZİANTEPSPOR                                     ,0,TRABZONSPOR                                       ,0,KAMİL OCAK,SABRİ ÇELİK,20.08.1995 - 16:30
1016,https://www.tff.org/Default.aspx?pageId=397&macId=44378,KARŞIYAKA                                         ,2,VANSPOR                                           ,1,İZMİR ALSANCAK,OSMAN AVCI,20.08.1995 - 17:00
1012,https://www.tff.org/Default.aspx?pageId=397&macId=44375,BEŞİKTAŞ                                          ,2,GENÇLERBİRLİĞİ                                    ,2,BEŞİKTAŞ İNÖNÜ,İBRAHİM AKSOY,20.08.1995 - 19:00
1013,https://www.tff.org/Default.aspx?pageId=397&macId=44376,KOCAELİSPOR                                       ,2,ANTALYASPOR                                       ,2, İSMETPAŞA,AHMET ÇAKAR,20.08.1995 - 19:00
1017,https://www.tff.org/Default.aspx?pageId=397&macId=44379,BURSASPOR                                         ,2,SAMSUNSPOR                                        ,4,BURSA ATATÜRK,MURAT ILGAZ,20.08.1995 - 19:00
1024,https://www.tff.org/Default.aspx?pageId=397&macId=44410,SAMSUNSPOR                                        ,0,KOCAELİSPOR                                       ,0,SAMSUN 19 MAYIS,ÜNSAL ÇİMEN,25.08.1995 - 19:00
1025,https://www.tff.org/Default.aspx?pageId=397&macId=44414,KAYSERİSPOR                                       ,1,GALATASARAY                                       ,2,KAYSERİ ATATÜRK,MUSTAFA ÇULCU,26.08.1995 - 16:30
1020,https://www.tff.org/Default.aspx?pageId=397&macId=44412,İSTANBULSPOR A.Ş                                  ,2,GAZİANTEPSPOR                                     ,0,ALİ SAMİ YEN,METİN TOKAT,26.08.1995 - 19:00
1023,https://www.tff.org/Default.aspx?pageId=397&macId=44413,TRABZONSPOR                                       ,0,BURSASPOR                                         ,0,HÜSEYİN AVNİ AKER,SERDAR ÇAKIR,26.08.1995 - 19:00
1019,https://www.tff.org/Default.aspx?pageId=397&macId=44420,VANSPOR                                           ,2,ALTAY                                             ,0,VALİ MAHMUT YILBAŞ,YILNUR ÖNEN,27.08.1995 - 16:00
1021,https://www.tff.org/Default.aspx?pageId=397&macId=44421,ANTALYASPOR                                       ,0,BEŞİKTAŞ                                          ,3,ESKİŞEHİR ŞEKER,AYHAN YÜCEBİLGİÇ,27.08.1995 - 16:30
1027,https://www.tff.org/Default.aspx?pageId=397&macId=44424,GENÇLERBİRLİĞİ                                    ,1,DENİZLİSPOR                                       ,1,ANKARA 19 MAYIS,HAMZA IŞIN,27.08.1995 - 16:30
1026,https://www.tff.org/Default.aspx?pageId=397&macId=44423,KARŞIYAKA                                         ,3,ESKİŞEHİRSPOR                                     ,2,İZMİR ALSANCAK,MEHMET ÇAYAN,27.08.1995 - 17:00
1022,https://www.tff.org/Default.aspx?pageId=397&macId=44422,FENERBAHÇE                                        ,2,MKE ANKARAGÜCÜ                                    ,0,FB ŞÜKRÜ SARACOĞLU,AHMET ÇAKAR,27.08.1995 - 19:00
1033,https://www.tff.org/Default.aspx?pageId=397&macId=44502,MKE ANKARAGÜCÜ                                    ,1,KARŞIYAKA                                         ,0,ANKARA 19 MAYIS,MUSTAFA KALKANDELEN,8.09.1995 - 19:00
1029,https://www.tff.org/Default.aspx?pageId=397&macId=44503,GAZİANTEPSPOR                                     ,2,FENERBAHÇE                                        ,2,KAMİL OCAK,İBRAHİM AKSOY,9.09.1995 - 16:00
1032,https://www.tff.org/Default.aspx?pageId=397&macId=44504,BURSASPOR                                         ,2,İSTANBULSPOR A.Ş                                  ,1, İSMETPAŞA,ÜNSAL ÇİMEN,9.09.1995 - 19:00
1036,https://www.tff.org/Default.aspx?pageId=397&macId=44505,GALATASARAY                                       ,0,GENÇLERBİRLİĞİ                                    ,1,ALİ SAMİ YEN,AYHAN YÜCEBİLGİÇ,9.09.1995 - 19:03
1034,https://www.tff.org/Default.aspx?pageId=397&macId=44509,ESKİŞEHİRSPOR                                     ,2,VANSPOR                                           ,1,ESKİŞEHİR ATATÜRK,ERDAL GÜLEÇ,10.09.1995 - 16:00
1035,https://www.tff.org/Default.aspx?pageId=397&macId=44510,ANTALYASPOR                                       ,1,DENİZLİSPOR                                       ,0,ANTALYA ATATÜRK,HASAN BAŞDEMİR,10.09.1995 - 16:30
1030,https://www.tff.org/Default.aspx?pageId=397&macId=44507,ALTAY                                             ,2,KAYSERİSPOR                                       ,0,İZMİR ALSANCAK,TURGUT SIĞIÇ,10.09.1995 - 16:34
1028,https://www.tff.org/Default.aspx?pageId=397&macId=44506,KOCAELİSPOR                                       ,1,TRABZONSPOR                                       ,3, İSMETPAŞA,MUHİTTİN BOŞAT,10.09.1995 - 19:00
1031,https://www.tff.org/Default.aspx?pageId=397&macId=44508,BEŞİKTAŞ                                          ,4,SAMSUNSPOR                                        ,2,BEŞİKTAŞ İNÖNÜ,GALİP BİTİGEN,10.09.1995 - 19:00
1041,https://www.tff.org/Default.aspx?pageId=397&macId=44570,İSTANBULSPOR A.Ş                                  ,1,KOCAELİSPOR                                       ,2,BEŞİKTAŞ İNÖNÜ,VAHAP BEYAZ,15.09.1995 - 19:02
1043,https://www.tff.org/Default.aspx?pageId=397&macId=44572,SAMSUNSPOR                                        ,1,DENİZLİSPOR                                       ,3,SAMSUN 19 MAYIS,SADIK İLHAN,16.09.1995 - 19:00
1037,https://www.tff.org/Default.aspx?pageId=397&macId=44571,FENERBAHÇE                                        ,1,BURSASPOR                                         ,1,FB ŞÜKRÜ SARACOĞLU,METİN TOKAT,16.09.1995 - 19:04
1040,https://www.tff.org/Default.aspx?pageId=397&macId=44575,VANSPOR                                           ,1,KAYSERİSPOR                                       ,0,VALİ MAHMUT YILBAŞ,NEDİM GÖKLÜ,17.09.1995 - 15:30
1038,https://www.tff.org/Default.aspx?pageId=397&macId=44573,ESKİŞEHİRSPOR                                     ,2,MKE ANKARAGÜCÜ                                    ,1,ESKİŞEHİR ATATÜRK,NECDET ERDİLEK,17.09.1995 - 16:00
1039,https://www.tff.org/Default.aspx?pageId=397&macId=44574,KARŞIYAKA                                         ,2,GAZİANTEPSPOR                                     ,1,İZMİR ALSANCAK,SELAMİ ŞİMŞEK,17.09.1995 - 16:30
1044,https://www.tff.org/Default.aspx?pageId=397&macId=44577,ANTALYASPOR                                       ,0,GALATASARAY                                       ,2,ANTALYA ATATÜRK,İBRAHİM AKSOY,17.09.1995 - 16:30
1042,https://www.tff.org/Default.aspx?pageId=397&macId=44576,TRABZONSPOR                                       ,3,BEŞİKTAŞ                                          ,1,HÜSEYİN AVNİ AKER,OĞUZ SARVAN,17.09.1995 - 19:00
1045,https://www.tff.org/Default.aspx?pageId=397&macId=44578,GENÇLERBİRLİĞİ                                    ,1,ALTAY                                             ,2,ANKARA 19 MAYIS,SABRİ ÇELİK,17.09.1995 - 19:00
1048,https://www.tff.org/Default.aspx?pageId=397&macId=44670,GALATASARAY                                       ,1,SAMSUNSPOR                                        ,0,ALİ SAMİ YEN,OĞUZ SARVAN,22.09.1995 - 19:01
1050,https://www.tff.org/Default.aspx?pageId=397&macId=44671,KOCAELİSPOR                                       ,0,FENERBAHÇE                                        ,1, İSMETPAŞA,AYHAN YÜCEBİLGİÇ,23.09.1995 - 19:00
1054,https://www.tff.org/Default.aspx?pageId=397&macId=44672,TRABZONSPOR                                       ,3,DENİZLİSPOR                                       ,0,HÜSEYİN AVNİ AKER,ENGİN KURT,23.09.1995 - 19:00
1046,https://www.tff.org/Default.aspx?pageId=397&macId=44673,GAZİANTEPSPOR                                     ,3,ESKİŞEHİRSPOR                                     ,0,KAMİL OCAK,KADİR TOZLU,24.09.1995 - 14:00
1047,https://www.tff.org/Default.aspx?pageId=397&macId=44674,MKE ANKARAGÜCÜ                                    ,0,VANSPOR                                           ,0,ANKARA 19 MAYIS,AHMET İBANOĞLU,24.09.1995 - 14:00
1052,https://www.tff.org/Default.aspx?pageId=397&macId=44677,KAYSERİSPOR                                       ,2,GENÇLERBİRLİĞİ                                    ,2,KAYSERİ ATATÜRK,SERDAR ÇAKIR,24.09.1995 - 14:00
1053,https://www.tff.org/Default.aspx?pageId=397&macId=44678,ALTAY                                             ,1,ANTALYASPOR                                       ,2,İZMİR ALSANCAK,SELÇUK ŞAHİN,24.09.1995 - 14:30
1049,https://www.tff.org/Default.aspx?pageId=397&macId=44675,BEŞİKTAŞ                                          ,5,İSTANBULSPOR A.Ş                                  ,2,BEŞİKTAŞ İNÖNÜ,AHMET ÇAKAR,24.09.1995 - 19:00
1051,https://www.tff.org/Default.aspx?pageId=397&macId=44676,BURSASPOR                                         ,3,KARŞIYAKA                                         ,1,BURSA ATATÜRK,ORHAN ERDEMİR,24.09.1995 - 19:00
1057,https://www.tff.org/Default.aspx?pageId=397&macId=44780,MKE ANKARAGÜCÜ                                    ,0,GAZİANTEPSPOR                                     ,0,ANKARA 19 MAYIS,GALİP BİTİGEN,29.09.1995 - 19:00
1055,https://www.tff.org/Default.aspx?pageId=397&macId=44781,FENERBAHÇE                                        ,2,BEŞİKTAŞ                                          ,0,FB ŞÜKRÜ SARACOĞLU,MUSTAFA ÇULCU,30.09.1995 - 19:05
1063,https://www.tff.org/Default.aspx?pageId=397&macId=44788,VANSPOR                                           ,0,GENÇLERBİRLİĞİ                                    ,1,VALİ MAHMUT YILBAŞ,ALİCAN LAKOT,1.10.1995 - 13:30
1056,https://www.tff.org/Default.aspx?pageId=397&macId=44782,SAMSUNSPOR                                        ,4,ALTAY                                             ,0,SAMSUN 19 MAYIS,İLHAMİ KAPLAN,1.10.1995 - 14:00
1061,https://www.tff.org/Default.aspx?pageId=397&macId=44786,ESKİŞEHİRSPOR                                     ,1,BURSASPOR                                         ,3,ESKİŞEHİR ATATÜRK,SABRİ ÇELİK,1.10.1995 - 14:00
1058,https://www.tff.org/Default.aspx?pageId=397&macId=44783,İSTANBULSPOR A.Ş                                  ,2,DENİZLİSPOR                                       ,3,BAYRAMPAŞA ÇETİN EMEÇ,İBRAHİM AKSOY,1.10.1995 - 14:30
1060,https://www.tff.org/Default.aspx?pageId=397&macId=44785,ANTALYASPOR                                       ,3,KAYSERİSPOR                                       ,3,ANTALYA ATATÜRK,MUSTAFA ARSLAN,1.10.1995 - 14:30
1062,https://www.tff.org/Default.aspx?pageId=397&macId=44787,KARŞIYAKA                                         ,1,KOCAELİSPOR                                       ,2,İZMİR ALSANCAK,HAMZA IŞIN,1.10.1995 - 14:35
1059,https://www.tff.org/Default.aspx?pageId=397&macId=44784,TRABZONSPOR                                       ,4,GALATASARAY                                       ,1,HÜSEYİN AVNİ AKER,METİN TOKAT,1.10.1995 - 19:00
1068,https://www.tff.org/Default.aspx?pageId=397&macId=45034,BURSASPOR                                         ,8,MKE ANKARAGÜCÜ                                    ,0,BURSA ATATÜRK,KADİR TOZLU,13.10.1995 - 19:00
1064,https://www.tff.org/Default.aspx?pageId=397&macId=45035,GALATASARAY                                       ,4,İSTANBULSPOR A.Ş                                  ,2,ALİ SAMİ YEN,SERDAR ÇAKIR,14.10.1995 - 19:00
1072,https://www.tff.org/Default.aspx?pageId=397&macId=45036,FENERBAHÇE                                        ,0,DENİZLİSPOR                                       ,0,FB ŞÜKRÜ SARACOĞLU,GALİP BİTİGEN,14.10.1995 - 19:03
1069,https://www.tff.org/Default.aspx?pageId=397&macId=45040,GAZİANTEPSPOR                                     ,1,VANSPOR                                           ,0,KAMİL OCAK,BÜLENT UZUN,15.10.1995 - 14:00
1070,https://www.tff.org/Default.aspx?pageId=397&macId=45041,GENÇLERBİRLİĞİ                                    ,6,ANTALYASPOR                                       ,3,ANKARA 19 MAYIS,ÜNSAL ÇİMEN,15.10.1995 - 14:00
1071,https://www.tff.org/Default.aspx?pageId=397&macId=45042,KAYSERİSPOR                                       ,3,SAMSUNSPOR                                        ,2,KAYSERİ ATATÜRK,YILNUR ÖNEN,15.10.1995 - 14:00
1065,https://www.tff.org/Default.aspx?pageId=397&macId=45037,KOCAELİSPOR                                       ,2,ESKİŞEHİRSPOR                                     ,1, İSMETPAŞA,HASAN BAŞDEMİR,15.10.1995 - 14:30
1066,https://www.tff.org/Default.aspx?pageId=397&macId=45038,ALTAY                                             ,2,TRABZONSPOR                                       ,5,İZMİR ATATÜRK,AHMET ÇAKAR,15.10.1995 - 19:00
1067,https://www.tff.org/Default.aspx?pageId=397&macId=45039,BEŞİKTAŞ                                          ,4,KARŞIYAKA                                         ,0,BURSA MERİNOS,NEDİM GÖKLÜ,15.10.1995 - 19:00
1077,https://www.tff.org/Default.aspx?pageId=397&macId=45143,İSTANBULSPOR A.Ş                                  ,1,ALTAY                                             ,1,BAYRAMPAŞA ÇETİN EMEÇ,MUSTAFA ÇULCU,21.10.1995 - 19:00
1078,https://www.tff.org/Default.aspx?pageId=397&macId=45144,SAMSUNSPOR                                        ,3,GENÇLERBİRLİĞİ                                    ,0,SAMSUN 19 MAYIS,MUHİTTİN BOŞAT,21.10.1995 - 19:00
1080,https://www.tff.org/Default.aspx?pageId=397&macId=45150,ESKİŞEHİRSPOR                                     ,2,BEŞİKTAŞ                                          ,3,ESKİŞEHİR ATATÜRK,İBRAHİM AKSOY,22.10.1995 - 12:00
1081,https://www.tff.org/Default.aspx?pageId=397&macId=45151,VANSPOR                                           ,1,ANTALYASPOR                                       ,1,VALİ MAHMUT YILBAŞ,EROL ERSOY,22.10.1995 - 13:30
1074,https://www.tff.org/Default.aspx?pageId=397&macId=45146,GAZİANTEPSPOR                                     ,3,BURSASPOR                                         ,0,KAMİL OCAK,OSMAN AVCI,22.10.1995 - 14:00
1079,https://www.tff.org/Default.aspx?pageId=397&macId=45149,MKE ANKARAGÜCÜ                                    ,4,KOCAELİSPOR                                       ,0,ANKARA 19 MAYIS,OĞUZ SARVAN,22.10.1995 - 14:00
1075,https://www.tff.org/Default.aspx?pageId=397&macId=45147,KARŞIYAKA                                         ,2,DENİZLİSPOR                                       ,0,İZMİR ALSANCAK,MURAT ILGAZ,22.10.1995 - 14:30
1073,https://www.tff.org/Default.aspx?pageId=397&macId=45145,TRABZONSPOR                                       ,3,KAYSERİSPOR                                       ,1,HÜSEYİN AVNİ AKER,ORHAN ERDEMİR,22.10.1995 - 19:00
1076,https://www.tff.org/Default.aspx?pageId=397&macId=45148,FENERBAHÇE                                        ,3,GALATASARAY                                       ,1,FB ŞÜKRÜ SARACOĞLU,AYHAN YÜCEBİLGİÇ,22.10.1995 - 19:00
1090,https://www.tff.org/Default.aspx?pageId=397&macId=45266,ALTAY                                             ,0,FENERBAHÇE                                        ,1,İZMİR ATATÜRK,NEDİM GÖKLÜ,27.10.1995 - 19:00
1084,https://www.tff.org/Default.aspx?pageId=397&macId=45267,GALATASARAY                                       ,3,KARŞIYAKA                                         ,0,ALİ SAMİ YEN,METİN TOKAT,28.10.1995 - 19:00
1086,https://www.tff.org/Default.aspx?pageId=397&macId=45271,KOCAELİSPOR                                       ,2,GAZİANTEPSPOR                                     ,2, İSMETPAŞA,MEHMET ÇAYAN,29.10.1995 - 13:00
1082,https://www.tff.org/Default.aspx?pageId=397&macId=45268,KAYSERİSPOR                                       ,0,İSTANBULSPOR A.Ş                                  ,1,KAYSERİ ATATÜRK,İBRAHİM AKSOY,29.10.1995 - 14:00
1083,https://www.tff.org/Default.aspx?pageId=397&macId=45269,ESKİŞEHİRSPOR                                     ,1,DENİZLİSPOR                                       ,1,ANKARA 19 MAYIS,VAHAP BEYAZ,29.10.1995 - 14:00
1087,https://www.tff.org/Default.aspx?pageId=397&macId=45272,BURSASPOR                                         ,5,VANSPOR                                           ,0,BURSA ATATÜRK,AHMET ÇAKAR,29.10.1995 - 14:30
1088,https://www.tff.org/Default.aspx?pageId=397&macId=45273,ANTALYASPOR                                       ,2,SAMSUNSPOR                                        ,1,ANTALYA ATATÜRK,TURGUT SIĞIÇ,29.10.1995 - 14:30
1085,https://www.tff.org/Default.aspx?pageId=397&macId=45270,BEŞİKTAŞ                                          ,2,MKE ANKARAGÜCÜ                                    ,1,BEŞİKTAŞ İNÖNÜ,ÜNSAL ÇİMEN,29.10.1995 - 19:00
1089,https://www.tff.org/Default.aspx?pageId=397&macId=45274,GENÇLERBİRLİĞİ                                    ,1,TRABZONSPOR                                       ,3,ANKARA 19 MAYIS,SABRİ ÇELİK,29.10.1995 - 19:00
1095,https://www.tff.org/Default.aspx?pageId=397&macId=45377,İSTANBULSPOR A.Ş                                  ,1,GENÇLERBİRLİĞİ                                    ,1,BAYRAMPAŞA ÇETİN EMEÇ,AYHAN YÜCEBİLGİÇ,3.11.1995 - 19:00
1098,https://www.tff.org/Default.aspx?pageId=397&macId=45379,ESKİŞEHİRSPOR                                     ,1,GALATASARAY                                       ,2,ESKİŞEHİR ATATÜRK,GALİP BİTİGEN,4.11.1995 - 12:00
1094,https://www.tff.org/Default.aspx?pageId=397&macId=45378,FENERBAHÇE                                        ,2,KAYSERİSPOR                                       ,1,FB ŞÜKRÜ SARACOĞLU,HAMZA IŞIN,4.11.1995 - 19:00
1091,https://www.tff.org/Default.aspx?pageId=397&macId=45380,GAZİANTEPSPOR                                     ,1,BEŞİKTAŞ                                          ,1,KAMİL OCAK,OĞUZ SARVAN,5.11.1995 - 12:00
1092,https://www.tff.org/Default.aspx?pageId=397&macId=45381,MKE ANKARAGÜCÜ                                    ,1,DENİZLİSPOR                                       ,1,ANKARA 19 MAYIS,ALİCAN LAKOT,5.11.1995 - 13:30
1093,https://www.tff.org/Default.aspx?pageId=397&macId=45382,VANSPOR                                           ,0,SAMSUNSPOR                                        ,0,VALİ MAHMUT YILBAŞ,MUSTAFA KALKANDELEN,5.11.1995 - 13:30
1096,https://www.tff.org/Default.aspx?pageId=397&macId=45383,TRABZONSPOR                                       ,2,ANTALYASPOR                                       ,0,HÜSEYİN AVNİ AKER,SADIK İLHAN,5.11.1995 - 19:00
1097,https://www.tff.org/Default.aspx?pageId=397&macId=45384,BURSASPOR                                         ,2,KOCAELİSPOR                                       ,2,BURSA ATATÜRK,İLHAMİ KAPLAN,5.11.1995 - 19:00
1099,https://www.tff.org/Default.aspx?pageId=397&macId=45385,KARŞIYAKA                                         ,1,ALTAY                                             ,1,İZMİR ATATÜRK,MUHİTTİN BOŞAT,12.11.1995 - 19:00
1104,https://www.tff.org/Default.aspx?pageId=397&macId=45589,BEŞİKTAŞ                                          ,4,BURSASPOR                                         ,1,BEŞİKTAŞ İNÖNÜ,AHMET ÇAKAR,18.11.1995 - 19:00
1107,https://www.tff.org/Default.aspx?pageId=397&macId=45590,GENÇLERBİRLİĞİ                                    ,3,FENERBAHÇE                                        ,1,ANKARA 19 MAYIS,İBRAHİM AKSOY,18.11.1995 - 19:00
1101,https://www.tff.org/Default.aspx?pageId=397&macId=45592,KAYSERİSPOR                                       ,1,KARŞIYAKA                                         ,1,ANKARA 19 MAYIS,ERDAL GÜLEÇ,19.11.1995 - 13:30
1102,https://www.tff.org/Default.aspx?pageId=397&macId=45593,GAZİANTEPSPOR                                     ,3,DENİZLİSPOR                                       ,2,KAMİL OCAK,SEFER ALTUNTAŞ,19.11.1995 - 13:30
1100,https://www.tff.org/Default.aspx?pageId=397&macId=45591,ANTALYASPOR                                       ,0,İSTANBULSPOR A.Ş                                  ,0,ANTALYA ATATÜRK,GALİP BİTİGEN,19.11.1995 - 14:00
1108,https://www.tff.org/Default.aspx?pageId=397&macId=45597,ALTAY                                             ,1,ESKİŞEHİRSPOR                                     ,0,İZMİR ALSANCAK,SERDAR ÇAKIR,19.11.1995 - 14:00
1103,https://www.tff.org/Default.aspx?pageId=397&macId=45594,GALATASARAY                                       ,5,MKE ANKARAGÜCÜ                                    ,0,ALİ SAMİ YEN,NEDİM GÖKLÜ,19.11.1995 - 19:00
1105,https://www.tff.org/Default.aspx?pageId=397&macId=45595,KOCAELİSPOR                                       ,1,VANSPOR                                           ,0, İSMETPAŞA,NECDET ERDİLEK,19.11.1995 - 19:00
1106,https://www.tff.org/Default.aspx?pageId=397&macId=45596,SAMSUNSPOR                                        ,0,TRABZONSPOR                                       ,1,SAMSUN 19 MAYIS,METİN TOKAT,19.11.1995 - 19:00
1115,https://www.tff.org/Default.aspx?pageId=397&macId=45698,GAZİANTEPSPOR                                     ,1,GALATASARAY                                       ,1,KAMİL OCAK,HAMZA IŞIN,25.11.1995 - 12:00
1109,https://www.tff.org/Default.aspx?pageId=397&macId=45697,FENERBAHÇE                                        ,3,ANTALYASPOR                                       ,1,FB ŞÜKRÜ SARACOĞLU,ÜNSAL ÇİMEN,25.11.1995 - 19:00
1117,https://www.tff.org/Default.aspx?pageId=397&macId=45705,VANSPOR                                           ,0,TRABZONSPOR                                       ,5,VALİ MAHMUT YILBAŞ,MUHİTTİN BOŞAT,26.11.1995 - 12:00
1110,https://www.tff.org/Default.aspx?pageId=397&macId=45699,MKE ANKARAGÜCÜ                                    ,4,ALTAY                                             ,0,ANKARA 19 MAYIS,SELAMİ ŞİMŞEK,26.11.1995 - 13:30
1111,https://www.tff.org/Default.aspx?pageId=397&macId=45700,ESKİŞEHİRSPOR                                     ,4,KAYSERİSPOR                                       ,0,ESKİŞEHİR ATATÜRK,OSMAN AVCI,26.11.1995 - 13:30
1114,https://www.tff.org/Default.aspx?pageId=397&macId=45703,BURSASPOR                                         ,2,DENİZLİSPOR                                       ,2,BURSA ATATÜRK,OĞUZ SARVAN,26.11.1995 - 14:00
1116,https://www.tff.org/Default.aspx?pageId=397&macId=45704,KARŞIYAKA                                         ,1,GENÇLERBİRLİĞİ                                    ,1,İZMİR ALSANCAK,SELÇUK ŞAHİN,26.11.1995 - 14:00
1112,https://www.tff.org/Default.aspx?pageId=397&macId=45701,İSTANBULSPOR A.Ş                                  ,0,SAMSUNSPOR                                        ,2,BAYRAMPAŞA ÇETİN EMEÇ,İLHAMİ KAPLAN,26.11.1995 - 19:00
1113,https://www.tff.org/Default.aspx?pageId=397&macId=45702,KOCAELİSPOR                                       ,1,BEŞİKTAŞ                                          ,0, İSMETPAŞA,VAHAP BEYAZ,26.11.1995 - 19:00
1118,https://www.tff.org/Default.aspx?pageId=397&macId=45810,TRABZONSPOR                                       ,2,İSTANBULSPOR A.Ş                                  ,1,HÜSEYİN AVNİ AKER,NEDİM GÖKLÜ,1.12.1995 - 19:00
1121,https://www.tff.org/Default.aspx?pageId=397&macId=45811,GALATASARAY                                       ,3,BURSASPOR                                         ,1,ALİ SAMİ YEN,İBRAHİM AKSOY,2.12.1995 - 19:00
1124,https://www.tff.org/Default.aspx?pageId=397&macId=45816,GENÇLERBİRLİĞİ                                    ,3,ESKİŞEHİRSPOR                                     ,2,ANKARA 19 MAYIS,SADIK İLHAN,3.12.1995 - 13:30
1125,https://www.tff.org/Default.aspx?pageId=397&macId=45817,KAYSERİSPOR                                       ,4,MKE ANKARAGÜCÜ                                    ,1,KAYSERİ ATATÜRK,SABRİ ÇELİK,3.12.1995 - 13:30
1120,https://www.tff.org/Default.aspx?pageId=397&macId=45813,DENİZLİSPOR                                       ,0,KOCAELİSPOR                                       ,0,DENİZLİ ŞEHİR,ALİCAN LAKOT,3.12.1995 - 14:00
1123,https://www.tff.org/Default.aspx?pageId=397&macId=45815,ANTALYASPOR                                       ,4,KARŞIYAKA                                         ,0,ANTALYA ATATÜRK,ORHAN ERDEMİR,3.12.1995 - 14:00
1126,https://www.tff.org/Default.aspx?pageId=397&macId=45818,ALTAY                                             ,2,GAZİANTEPSPOR                                     ,1,İZMİR ALSANCAK,METİN TOKAT,3.12.1995 - 14:00
1119,https://www.tff.org/Default.aspx?pageId=397&macId=45812,SAMSUNSPOR                                        ,0,FENERBAHÇE                                        ,3,SAMSUN 19 MAYIS,AYHAN YÜCEBİLGİÇ,3.12.1995 - 19:00
1122,https://www.tff.org/Default.aspx?pageId=397&macId=45814,BEŞİKTAŞ                                          ,3,VANSPOR                                           ,1,BEŞİKTAŞ İNÖNÜ,GALİP BİTİGEN,3.12.1995 - 19:00
1135,https://www.tff.org/Default.aspx?pageId=397&macId=45888,DENİZLİSPOR                                       ,0,BEŞİKTAŞ                                          ,3,DENİZLİ ŞEHİR,İLHAMİ KAPLAN,9.12.1995 - 12:00
1127,https://www.tff.org/Default.aspx?pageId=397&macId=45887,FENERBAHÇE                                        ,3,TRABZONSPOR                                       ,1,FB ŞÜKRÜ SARACOĞLU,OĞUZ SARVAN,9.12.1995 - 19:00
1129,https://www.tff.org/Default.aspx?pageId=397&macId=45890,ESKİŞEHİRSPOR                                     ,0,ANTALYASPOR                                       ,2,ESKİŞEHİR ATATÜRK,BÜLENT UZUN,10.12.1995 - 13:30
1132,https://www.tff.org/Default.aspx?pageId=397&macId=45893,GAZİANTEPSPOR                                     ,1,KAYSERİSPOR                                       ,0,KAMİL OCAK,MURAT ILGAZ,10.12.1995 - 13:30
1133,https://www.tff.org/Default.aspx?pageId=397&macId=45894,MKE ANKARAGÜCÜ                                    ,2,GENÇLERBİRLİĞİ                                    ,0,ANKARA 19 MAYIS,SERDAR ÇAKIR,10.12.1995 - 13:30
1128,https://www.tff.org/Default.aspx?pageId=397&macId=45889,BURSASPOR                                         ,0,ALTAY                                             ,1,BURSA ATATÜRK,SABRİ ÇELİK,10.12.1995 - 14:00
1130,https://www.tff.org/Default.aspx?pageId=397&macId=45891,İSTANBULSPOR A.Ş                                  ,1,VANSPOR                                           ,1,BAYRAMPAŞA ÇETİN EMEÇ,METİN TOKAT,10.12.1995 - 14:00
1134,https://www.tff.org/Default.aspx?pageId=397&macId=45895,KARŞIYAKA                                         ,1,SAMSUNSPOR                                        ,0,İZMİR ALSANCAK,AHMET İBANOĞLU,10.12.1995 - 14:00
1131,https://www.tff.org/Default.aspx?pageId=397&macId=45892,KOCAELİSPOR                                       ,1,GALATASARAY                                       ,1, İSMETPAŞA,ÜNSAL ÇİMEN,10.12.1995 - 19:04
1141,https://www.tff.org/Default.aspx?pageId=397&macId=45972,TRABZONSPOR                                       ,3,KARŞIYAKA                                         ,0,HÜSEYİN AVNİ AKER,OSMAN AVCI,16.12.1995 - 19:00
1140,https://www.tff.org/Default.aspx?pageId=397&macId=45971,İSTANBULSPOR A.Ş                                  ,1,FENERBAHÇE                                        ,2,BEŞİKTAŞ İNÖNÜ,SABRİ ÇELİK,16.12.1995 - 19:04
1137,https://www.tff.org/Default.aspx?pageId=397&macId=45974,KAYSERİSPOR                                       ,0,BURSASPOR                                         ,0,KAYSERİ ATATÜRK,SELAMİ ŞİMŞEK,17.12.1995 - 13:30
1138,https://www.tff.org/Default.aspx?pageId=397&macId=45975,VANSPOR                                           ,3,DENİZLİSPOR                                       ,1,DİYARBAKIR ATATÜRK,YILNUR ÖNEN,17.12.1995 - 13:30
1143,https://www.tff.org/Default.aspx?pageId=397&macId=45978,GENÇLERBİRLİĞİ                                    ,1,GAZİANTEPSPOR                                     ,0,ANKARA 19 MAYIS,MEHMET ÇAYAN,17.12.1995 - 13:30
1142,https://www.tff.org/Default.aspx?pageId=397&macId=45977,ANTALYASPOR                                       ,2,MKE ANKARAGÜCÜ                                    ,1,ANTALYA ATATÜRK,EROL ERSOY,17.12.1995 - 14:00
1144,https://www.tff.org/Default.aspx?pageId=397&macId=45979,ALTAY                                             ,3,KOCAELİSPOR                                       ,2,İZMİR ALSANCAK,ORHAN ERDEMİR,17.12.1995 - 14:00
1136,https://www.tff.org/Default.aspx?pageId=397&macId=45973,SAMSUNSPOR                                        ,3,ESKİŞEHİRSPOR                                     ,1,SAMSUN 19 MAYIS,TURGUT SIĞIÇ,17.12.1995 - 19:00
1139,https://www.tff.org/Default.aspx?pageId=397&macId=45976,GALATASARAY                                       ,1,BEŞİKTAŞ                                          ,3,ALİ SAMİ YEN,MUHİTTİN BOŞAT,17.12.1995 - 19:00
1148,https://www.tff.org/Default.aspx?pageId=397&macId=46001,BEŞİKTAŞ                                          ,3,ALTAY                                             ,0,BEŞİKTAŞ İNÖNÜ,SADIK İLHAN,22.12.1995 - 19:00
1150,https://www.tff.org/Default.aspx?pageId=397&macId=46002,BURSASPOR                                         ,1,GENÇLERBİRLİĞİ                                    ,1,BURSA ATATÜRK,ÜNSAL ÇİMEN,22.12.1995 - 19:00
1152,https://www.tff.org/Default.aspx?pageId=397&macId=46008,ESKİŞEHİRSPOR                                     ,0,TRABZONSPOR                                       ,2,ESKİŞEHİR ATATÜRK,VAHAP BEYAZ,23.12.1995 - 12:00
1153,https://www.tff.org/Default.aspx?pageId=397&macId=46009,DENİZLİSPOR                                       ,1,GALATASARAY                                       ,3,DENİZLİ ŞEHİR,GALİP BİTİGEN,23.12.1995 - 12:00
1146,https://www.tff.org/Default.aspx?pageId=397&macId=46004,GAZİANTEPSPOR                                     ,2,ANTALYASPOR                                       ,0,KAMİL OCAK,NECDET ERDİLEK,23.12.1995 - 13:30
1151,https://www.tff.org/Default.aspx?pageId=397&macId=46007,MKE ANKARAGÜCÜ                                    ,1,SAMSUNSPOR                                        ,0,ANKARA 19 MAYIS,İBRAHİM AKSOY,23.12.1995 - 13:30
1147,https://www.tff.org/Default.aspx?pageId=397&macId=46005,KARŞIYAKA                                         ,0,İSTANBULSPOR A.Ş                                  ,3,İZMİR ALSANCAK,AYHAN YÜCEBİLGİÇ,23.12.1995 - 14:00
1149,https://www.tff.org/Default.aspx?pageId=397&macId=46006,KOCAELİSPOR                                       ,5,KAYSERİSPOR                                       ,0, İSMETPAŞA,KADİR TOZLU,23.12.1995 - 14:00
1145,https://www.tff.org/Default.aspx?pageId=397&macId=46003,FENERBAHÇE                                        ,3,VANSPOR                                           ,0,FB ŞÜKRÜ SARACOĞLU,İLHAMİ KAPLAN,23.12.1995 - 19:00
1158,https://www.tff.org/Default.aspx?pageId=397&macId=46064,BURSASPOR                                         ,2,ANTALYASPOR                                       ,1,BURSA ATATÜRK,SERDAR ÇAKIR,26.01.1996 - 19:00
1154,https://www.tff.org/Default.aspx?pageId=397&macId=46065,KARŞIYAKA                                         ,0,FENERBAHÇE                                        ,1,İZMİR ATATÜRK,METİN TOKAT,27.01.1996 - 19:00
1160,https://www.tff.org/Default.aspx?pageId=397&macId=46066,BEŞİKTAŞ                                          ,4,KAYSERİSPOR                                       ,1,BEŞİKTAŞ İNÖNÜ,ÜNSAL ÇİMEN,27.01.1996 - 19:00
1156,https://www.tff.org/Default.aspx?pageId=397&macId=46068,GAZİANTEPSPOR                                     ,3,SAMSUNSPOR                                        ,0,KAMİL OCAK,ERDAL GÜLEÇ,28.01.1996 - 13:00
1157,https://www.tff.org/Default.aspx?pageId=397&macId=46069,ESKİŞEHİRSPOR                                     ,1,İSTANBULSPOR A.Ş                                  ,2,ESKİŞEHİR ATATÜRK,İBRAHİM AKSOY,28.01.1996 - 13:00
1159,https://www.tff.org/Default.aspx?pageId=397&macId=46070,KOCAELİSPOR                                       ,2,GENÇLERBİRLİĞİ                                    ,0, İSMETPAŞA,AHMET ÇAKAR,28.01.1996 - 13:30
1161,https://www.tff.org/Default.aspx?pageId=397&macId=46071,DENİZLİSPOR                                       ,1,ALTAY                                             ,0,DENİZLİ ŞEHİR,TURGUT SIĞIÇ,28.01.1996 - 13:30
1155,https://www.tff.org/Default.aspx?pageId=397&macId=46067,MKE ANKARAGÜCÜ                                    ,1,TRABZONSPOR                                       ,3,ANKARA 19 MAYIS,AYHAN YÜCEBİLGİÇ,28.01.1996 - 19:00
1162,https://www.tff.org/Default.aspx?pageId=397&macId=46072,GALATASARAY                                       ,2,VANSPOR                                           ,0,ALİ SAMİ YEN,NEDİM GÖKLÜ,28.01.1996 - 19:00
1165,https://www.tff.org/Default.aspx?pageId=397&macId=46098,GENÇLERBİRLİĞİ                                    ,1,BEŞİKTAŞ                                          ,2,ANKARA 19 MAYIS,GALİP BİTİGEN,2.02.1996 - 19:00
1167,https://www.tff.org/Default.aspx?pageId=397&macId=46099,TRABZONSPOR                                       ,0,GAZİANTEPSPOR                                     ,0,HÜSEYİN AVNİ AKER,ORHAN ERDEMİR,3.02.1996 - 19:00
1171,https://www.tff.org/Default.aspx?pageId=397&macId=46100,ALTAY                                             ,2,GALATASARAY                                       ,5,İZMİR ATATÜRK,İLHAMİ KAPLAN,3.02.1996 - 19:00
1169,https://www.tff.org/Default.aspx?pageId=397&macId=46105,VANSPOR                                           ,1,KARŞIYAKA                                         ,1,MALATYA İNÖNÜ,MUSTAFA ARSLAN,4.02.1996 - 13:00
1170,https://www.tff.org/Default.aspx?pageId=397&macId=46106,SAMSUNSPOR                                        ,1,BURSASPOR                                         ,0,SAMSUN 19 MAYIS,SELAMİ ŞİMŞEK,4.02.1996 - 13:00
1164,https://www.tff.org/Default.aspx?pageId=397&macId=46102,DENİZLİSPOR                                       ,2,KAYSERİSPOR                                       ,2,DENİZLİ ŞEHİR,NECDET ERDİLEK,4.02.1996 - 13:30
1166,https://www.tff.org/Default.aspx?pageId=397&macId=46103,ANTALYASPOR                                       ,1,KOCAELİSPOR                                       ,1,ANTALYA ATATÜRK,MUHİTTİN BOŞAT,4.02.1996 - 13:30
1163,https://www.tff.org/Default.aspx?pageId=397&macId=46101,İSTANBULSPOR A.Ş                                  ,0,MKE ANKARAGÜCÜ                                    ,0,BAYRAMPAŞA ÇETİN EMEÇ,ALİCAN LAKOT,4.02.1996 - 19:00
1168,https://www.tff.org/Default.aspx?pageId=397&macId=46104,FENERBAHÇE                                        ,6,ESKİŞEHİRSPOR                                     ,0,FB ŞÜKRÜ SARACOĞLU,SADIK İLHAN,4.02.1996 - 19:02
1174,https://www.tff.org/Default.aspx?pageId=397&macId=46136,BEŞİKTAŞ                                          ,3,ANTALYASPOR                                       ,0,BEŞİKTAŞ İNÖNÜ,İBRAHİM AKSOY,10.02.1996 - 19:00
1175,https://www.tff.org/Default.aspx?pageId=397&macId=46137,MKE ANKARAGÜCÜ                                    ,0,FENERBAHÇE                                        ,3,ANKARA 19 MAYIS,NEDİM GÖKLÜ,10.02.1996 - 19:00
1173,https://www.tff.org/Default.aspx?pageId=397&macId=46139,GAZİANTEPSPOR                                     ,1,İSTANBULSPOR A.Ş                                  ,6,KAMİL OCAK,VAHAP BEYAZ,11.02.1996 - 13:00
1179,https://www.tff.org/Default.aspx?pageId=397&macId=46143,ESKİŞEHİRSPOR                                     ,0,KARŞIYAKA                                         ,2,ESKİŞEHİR ATATÜRK,MUHİTTİN BOŞAT,11.02.1996 - 13:00
1172,https://www.tff.org/Default.aspx?pageId=397&macId=46138,ALTAY                                             ,1,VANSPOR                                           ,1,İZMİR ALSANCAK,SABRİ ÇELİK,11.02.1996 - 13:30
1177,https://www.tff.org/Default.aspx?pageId=397&macId=46141,KOCAELİSPOR                                       ,3,SAMSUNSPOR                                        ,1, İSMETPAŞA,SERDAR ÇAKIR,11.02.1996 - 13:30
1180,https://www.tff.org/Default.aspx?pageId=397&macId=46144,DENİZLİSPOR                                       ,3,GENÇLERBİRLİĞİ                                    ,0,DENİZLİ ŞEHİR,MUSTAFA ÇULCU,11.02.1996 - 13:30
1176,https://www.tff.org/Default.aspx?pageId=397&macId=46140,BURSASPOR                                         ,1,TRABZONSPOR                                       ,2,BURSA ATATÜRK,METİN TOKAT,11.02.1996 - 19:00
1178,https://www.tff.org/Default.aspx?pageId=397&macId=46142,GALATASARAY                                       ,5,KAYSERİSPOR                                       ,0,ALİ SAMİ YEN,MURAT ILGAZ,11.02.1996 - 19:00
1185,https://www.tff.org/Default.aspx?pageId=397&macId=46170,İSTANBULSPOR A.Ş                                  ,1,BURSASPOR                                         ,1,BEŞİKTAŞ İNÖNÜ,SADIK İLHAN,16.02.1996 - 19:00
1182,https://www.tff.org/Default.aspx?pageId=397&macId=46171,FENERBAHÇE                                        ,1,GAZİANTEPSPOR                                     ,0,FB ŞÜKRÜ SARACOĞLU,MUSTAFA ÇULCU,17.02.1996 - 19:00
1189,https://www.tff.org/Default.aspx?pageId=397&macId=46172,GENÇLERBİRLİĞİ                                    ,1,GALATASARAY                                       ,2,ANKARA 19 MAYIS,ÜNSAL ÇİMEN,17.02.1996 - 19:00
1183,https://www.tff.org/Default.aspx?pageId=397&macId=46174,KAYSERİSPOR                                       ,1,ALTAY                                             ,1,KAYSERİ ATATÜRK,HASAN BAŞDEMİR,18.02.1996 - 13:00
1187,https://www.tff.org/Default.aspx?pageId=397&macId=46177,VANSPOR                                           ,3,ESKİŞEHİRSPOR                                     ,0,VALİ MAHMUT YILBAŞ,ALİCAN LAKOT,18.02.1996 - 13:00
1186,https://www.tff.org/Default.aspx?pageId=397&macId=46176,KARŞIYAKA                                         ,0,MKE ANKARAGÜCÜ                                    ,0,İZMİR ALSANCAK,MUSTAFA KALKANDELEN,18.02.1996 - 13:30
1188,https://www.tff.org/Default.aspx?pageId=397&macId=46178,DENİZLİSPOR                                       ,3,ANTALYASPOR                                       ,1,DENİZLİ ŞEHİR,ERDAL GÜLEÇ,18.02.1996 - 13:30
1181,https://www.tff.org/Default.aspx?pageId=397&macId=46173,TRABZONSPOR                                       ,2,KOCAELİSPOR                                       ,0,HÜSEYİN AVNİ AKER,VAHAP BEYAZ,18.02.1996 - 19:00
1184,https://www.tff.org/Default.aspx?pageId=397&macId=46175,SAMSUNSPOR                                        ,0,BEŞİKTAŞ                                          ,1,SAMSUN 19 MAYIS,İLHAMİ KAPLAN,18.02.1996 - 19:00
1190,https://www.tff.org/Default.aspx?pageId=397&macId=46246,BURSASPOR                                         ,0,FENERBAHÇE                                        ,0,BURSA ATATÜRK,GALİP BİTİGEN,23.02.1996 - 19:00
1195,https://www.tff.org/Default.aspx?pageId=397&macId=46247,BEŞİKTAŞ                                          ,2,TRABZONSPOR                                       ,0,BEŞİKTAŞ İNÖNÜ,AYHAN YÜCEBİLGİÇ,24.02.1996 - 19:00
1191,https://www.tff.org/Default.aspx?pageId=397&macId=46248,MKE ANKARAGÜCÜ                                    ,1,ESKİŞEHİRSPOR                                     ,2,ANKARA 19 MAYIS,BÜLENT UZUN,25.02.1996 - 13:00
1192,https://www.tff.org/Default.aspx?pageId=397&macId=46249,GAZİANTEPSPOR                                     ,3,KARŞIYAKA                                         ,0,KAMİL OCAK,MEHMET ÇAYAN,25.02.1996 - 13:00
1193,https://www.tff.org/Default.aspx?pageId=397&macId=46250,KAYSERİSPOR                                       ,3,VANSPOR                                           ,1,KAYSERİ ATATÜRK,ENGİN KURT,25.02.1996 - 13:00
1194,https://www.tff.org/Default.aspx?pageId=397&macId=46251,KOCAELİSPOR                                       ,0,İSTANBULSPOR A.Ş                                  ,0, İSMETPAŞA,METİN TOKAT,25.02.1996 - 13:30
1196,https://www.tff.org/Default.aspx?pageId=397&macId=46252,DENİZLİSPOR                                       ,1,SAMSUNSPOR                                        ,2,DENİZLİ ŞEHİR,NECDET ERDİLEK,25.02.1996 - 13:30
1198,https://www.tff.org/Default.aspx?pageId=397&macId=46254,ALTAY                                             ,1,GENÇLERBİRLİĞİ                                    ,3,İZMİR ALSANCAK,AHMET İBANOĞLU,25.02.1996 - 13:30
1197,https://www.tff.org/Default.aspx?pageId=397&macId=46253,GALATASARAY                                       ,1,ANTALYASPOR                                       ,2,ALİ SAMİ YEN,EROL ERSOY,25.02.1996 - 19:00
1201,https://www.tff.org/Default.aspx?pageId=397&macId=46351,SAMSUNSPOR                                        ,3,GALATASARAY                                       ,2,SAMSUN 19 MAYIS,MUSTAFA ÇULCU,2.03.1996 - 19:00
1202,https://www.tff.org/Default.aspx?pageId=397&macId=46352,İSTANBULSPOR A.Ş                                  ,2,BEŞİKTAŞ                                          ,3,ALİ SAMİ YEN,MUHİTTİN BOŞAT,2.03.1996 - 19:00
1204,https://www.tff.org/Default.aspx?pageId=397&macId=46356,KARŞIYAKA                                         ,0,BURSASPOR                                         ,3,İZMİR ALSANCAK,TURGUT SIĞIÇ,3.03.1996 - 12:00
1207,https://www.tff.org/Default.aspx?pageId=397&macId=46359,DENİZLİSPOR                                       ,0,TRABZONSPOR                                       ,3,DENİZLİ ŞEHİR,SABRİ ÇELİK,3.03.1996 - 12:00
1200,https://www.tff.org/Default.aspx?pageId=397&macId=46354,VANSPOR                                           ,4,MKE ANKARAGÜCÜ                                    ,1,VALİ MAHMUT YILBAŞ,SERDAR ÇAKIR,3.03.1996 - 13:00
1199,https://www.tff.org/Default.aspx?pageId=397&macId=46353,ESKİŞEHİRSPOR                                     ,2,GAZİANTEPSPOR                                     ,0,ESKİŞEHİR ATATÜRK,MURAT ILGAZ,3.03.1996 - 13:30
1205,https://www.tff.org/Default.aspx?pageId=397&macId=46357,GENÇLERBİRLİĞİ                                    ,1,KAYSERİSPOR                                       ,1,ANKARA 19 MAYIS,SADIK İLHAN,3.03.1996 - 13:30
1206,https://www.tff.org/Default.aspx?pageId=397&macId=46358,ANTALYASPOR                                       ,2,ALTAY                                             ,1,ANTALYA ATATÜRK,AHMET ÇAKAR,3.03.1996 - 14:00
1203,https://www.tff.org/Default.aspx?pageId=397&macId=46355,FENERBAHÇE                                        ,4,KOCAELİSPOR                                       ,0,FB ŞÜKRÜ SARACOĞLU,OĞUZ SARVAN,3.03.1996 - 19:00
1215,https://www.tff.org/Default.aspx?pageId=397&macId=46440,KOCAELİSPOR                                       ,2,KARŞIYAKA                                         ,0, İSMETPAŞA,SELÇUK ŞAHİN,8.03.1996 - 19:00
1212,https://www.tff.org/Default.aspx?pageId=397&macId=46441,GALATASARAY                                       ,0,TRABZONSPOR                                       ,0,ALİ SAMİ YEN,VAHAP BEYAZ,9.03.1996 - 19:00
1210,https://www.tff.org/Default.aspx?pageId=397&macId=46444,GAZİANTEPSPOR                                     ,1,MKE ANKARAGÜCÜ                                    ,0,KAMİL OCAK,SELAMİ ŞİMŞEK,10.03.1996 - 13:30
1213,https://www.tff.org/Default.aspx?pageId=397&macId=46446,KAYSERİSPOR                                       ,4,ANTALYASPOR                                       ,0,KAYSERİ ATATÜRK,KADİR TOZLU,10.03.1996 - 13:30
1216,https://www.tff.org/Default.aspx?pageId=397&macId=46448,GENÇLERBİRLİĞİ                                    ,1,VANSPOR                                           ,1,ANKARA 19 MAYIS,HASAN BAŞDEMİR,10.03.1996 - 13:30
1209,https://www.tff.org/Default.aspx?pageId=397&macId=46443,ALTAY                                             ,0,SAMSUNSPOR                                        ,0,İZMİR ALSANCAK,MUSTAFA ARSLAN,10.03.1996 - 14:00
1211,https://www.tff.org/Default.aspx?pageId=397&macId=46445,DENİZLİSPOR                                       ,1,İSTANBULSPOR A.Ş                                  ,2,DENİZLİ ŞEHİR,BÜLENT UZUN,10.03.1996 - 14:00
1214,https://www.tff.org/Default.aspx?pageId=397&macId=46447,BURSASPOR                                         ,2,ESKİŞEHİRSPOR                                     ,2,BURSA ATATÜRK,SERDAR ÇAKIR,10.03.1996 - 14:00
1208,https://www.tff.org/Default.aspx?pageId=397&macId=46442,BEŞİKTAŞ                                          ,1,FENERBAHÇE                                        ,2,BEŞİKTAŞ İNÖNÜ,AYHAN YÜCEBİLGİÇ,10.03.1996 - 19:00
1217,https://www.tff.org/Default.aspx?pageId=397&macId=46530,İSTANBULSPOR A.Ş                                  ,1,GALATASARAY                                       ,1,BEŞİKTAŞ İNÖNÜ,OSMAN AVCI,16.03.1996 - 19:00
1219,https://www.tff.org/Default.aspx?pageId=397&macId=46531,TRABZONSPOR                                       ,2,ALTAY                                             ,0,HÜSEYİN AVNİ AKER,TURGUT SIĞIÇ,16.03.1996 - 19:00
1221,https://www.tff.org/Default.aspx?pageId=397&macId=46534,MKE ANKARAGÜCÜ                                    ,1,BURSASPOR                                         ,0,ANKARA 19 MAYIS,AHMET ÇAKAR,17.03.1996 - 12:00
1225,https://www.tff.org/Default.aspx?pageId=397&macId=46538,DENİZLİSPOR                                       ,0,FENERBAHÇE                                        ,2,DENİZLİ ŞEHİR,MURAT ILGAZ,17.03.1996 - 12:00
1222,https://www.tff.org/Default.aspx?pageId=397&macId=46535,VANSPOR                                           ,2,GAZİANTEPSPOR                                     ,0,VALİ MAHMUT YILBAŞ,İBRAHİM AKSOY,17.03.1996 - 13:00
1218,https://www.tff.org/Default.aspx?pageId=397&macId=46532,ESKİŞEHİRSPOR                                     ,0,KOCAELİSPOR                                       ,3,ESKİŞEHİR ATATÜRK,ERDAL GÜLEÇ,17.03.1996 - 13:30
1224,https://www.tff.org/Default.aspx?pageId=397&macId=46537,SAMSUNSPOR                                        ,0,KAYSERİSPOR                                       ,0,SAMSUN 19 MAYIS,SABRİ ÇELİK,17.03.1996 - 13:30
1223,https://www.tff.org/Default.aspx?pageId=397&macId=46536,ANTALYASPOR                                       ,1,GENÇLERBİRLİĞİ                                    ,0,ANTALYA ATATÜRK,MUSTAFA ÇULCU,17.03.1996 - 14:00
1220,https://www.tff.org/Default.aspx?pageId=397&macId=46533,KARŞIYAKA                                         ,0,BEŞİKTAŞ                                          ,2,İZMİR ATATÜRK,GALİP BİTİGEN,17.03.1996 - 19:00
1229,https://www.tff.org/Default.aspx?pageId=397&macId=46621,GALATASARAY                                       ,2,FENERBAHÇE                                        ,0,ALİ SAMİ YEN,MUHİTTİN BOŞAT,22.03.1996 - 19:05
1226,https://www.tff.org/Default.aspx?pageId=397&macId=46622,KAYSERİSPOR                                       ,1,TRABZONSPOR                                       ,2,KAYSERİ ATATÜRK,SERDAR ÇAKIR,23.03.1996 - 12:00
1233,https://www.tff.org/Default.aspx?pageId=397&macId=46623,BEŞİKTAŞ                                          ,2,ESKİŞEHİRSPOR                                     ,0,BEŞİKTAŞ İNÖNÜ,EROL ERSOY,23.03.1996 - 19:00
1227,https://www.tff.org/Default.aspx?pageId=397&macId=46624,BURSASPOR                                         ,3,GAZİANTEPSPOR                                     ,0,BURSA ATATÜRK,YILNUR ÖNEN,24.03.1996 - 14:00
1228,https://www.tff.org/Default.aspx?pageId=397&macId=46625,DENİZLİSPOR                                       ,1,KARŞIYAKA                                         ,0,DENİZLİ ŞEHİR,İBRAHİM AKSOY,24.03.1996 - 14:00
1230,https://www.tff.org/Default.aspx?pageId=397&macId=46626,ALTAY                                             ,0,İSTANBULSPOR A.Ş                                  ,0,İZMİR ALSANCAK,METİN TOKAT,24.03.1996 - 14:00
1232,https://www.tff.org/Default.aspx?pageId=397&macId=46628,KOCAELİSPOR                                       ,2,MKE ANKARAGÜCÜ                                    ,0, İSMETPAŞA,İLHAMİ KAPLAN,24.03.1996 - 14:00
1234,https://www.tff.org/Default.aspx?pageId=397&macId=46629,ANTALYASPOR                                       ,4,VANSPOR                                           ,1,ANTALYA ATATÜRK,ORHAN ERDEMİR,24.03.1996 - 14:00
1231,https://www.tff.org/Default.aspx?pageId=397&macId=46627,GENÇLERBİRLİĞİ                                    ,0,SAMSUNSPOR                                        ,0,ANKARA 19 MAYIS,ALİCAN LAKOT,24.03.1996 - 19:00
1235,https://www.tff.org/Default.aspx?pageId=397&macId=46711,İSTANBULSPOR A.Ş                                  ,5,KAYSERİSPOR                                       ,2,BEŞİKTAŞ İNÖNÜ,VAHAP BEYAZ,29.03.1996 - 19:00
1237,https://www.tff.org/Default.aspx?pageId=397&macId=46712,KARŞIYAKA                                         ,0,GALATASARAY                                       ,3,İZMİR ATATÜRK,AYHAN YÜCEBİLGİÇ,30.03.1996 - 19:00
1243,https://www.tff.org/Default.aspx?pageId=397&macId=46713,FENERBAHÇE                                        ,2,ALTAY                                             ,2,FB ŞÜKRÜ SARACOĞLU,GALİP BİTİGEN,30.03.1996 - 19:00
1240,https://www.tff.org/Default.aspx?pageId=397&macId=46717,VANSPOR                                           ,1,BURSASPOR                                         ,1,VALİ MAHMUT YILBAŞ,HAMZA IŞIN,31.03.1996 - 13:30
1239,https://www.tff.org/Default.aspx?pageId=397&macId=46716,GAZİANTEPSPOR                                     ,2,KOCAELİSPOR                                       ,4,KAMİL OCAK,NECDET ERDİLEK,31.03.1996 - 14:30
1241,https://www.tff.org/Default.aspx?pageId=397&macId=46718,SAMSUNSPOR                                        ,2,ANTALYASPOR                                       ,2,SAMSUN 19 MAYIS,SELÇUK ŞAHİN,31.03.1996 - 14:30
1236,https://www.tff.org/Default.aspx?pageId=397&macId=46714,DENİZLİSPOR                                       ,1,ESKİŞEHİRSPOR                                     ,2,DENİZLİ ŞEHİR,NEDİM GÖKLÜ,31.03.1996 - 15:00
1238,https://www.tff.org/Default.aspx?pageId=397&macId=46715,MKE ANKARAGÜCÜ                                    ,0,BEŞİKTAŞ                                          ,1,ANKARA 19 MAYIS,MUSTAFA ÇULCU,31.03.1996 - 19:00
1242,https://www.tff.org/Default.aspx?pageId=397&macId=46719,TRABZONSPOR                                       ,3,GENÇLERBİRLİĞİ                                    ,1,HÜSEYİN AVNİ AKER,SADIK İLHAN,31.03.1996 - 19:00
1244,https://www.tff.org/Default.aspx?pageId=397&macId=46820,BEŞİKTAŞ                                          ,5,GAZİANTEPSPOR                                     ,3,BEŞİKTAŞ İNÖNÜ,MURAT ILGAZ,5.04.1996 - 19:00
1249,https://www.tff.org/Default.aspx?pageId=397&macId=46821,ANTALYASPOR                                       ,0,TRABZONSPOR                                       ,2,ANTALYA ATATÜRK,METİN TOKAT,6.04.1996 - 12:00
1250,https://www.tff.org/Default.aspx?pageId=397&macId=46822,KOCAELİSPOR                                       ,4,BURSASPOR                                         ,2, İSMETPAŞA,EROL ERSOY,6.04.1996 - 19:00
1247,https://www.tff.org/Default.aspx?pageId=397&macId=46825,KAYSERİSPOR                                       ,1,FENERBAHÇE                                        ,3,KAYSERİ ATATÜRK,AYHAN YÜCEBİLGİÇ,7.04.1996 - 12:00
1246,https://www.tff.org/Default.aspx?pageId=397&macId=46824,SAMSUNSPOR                                        ,4,VANSPOR                                           ,1,SAMSUN 19 MAYIS,KADİR TOZLU,7.04.1996 - 14:30
1248,https://www.tff.org/Default.aspx?pageId=397&macId=46826,GENÇLERBİRLİĞİ                                    ,2,İSTANBULSPOR A.Ş                                  ,0,ANKARA 19 MAYIS,NEDİM GÖKLÜ,7.04.1996 - 14:30
1245,https://www.tff.org/Default.aspx?pageId=397&macId=46823,DENİZLİSPOR                                       ,2,MKE ANKARAGÜCÜ                                    ,3,DENİZLİ ŞEHİR,MUHİTTİN BOŞAT,7.04.1996 - 15:00
1252,https://www.tff.org/Default.aspx?pageId=397&macId=46828,ALTAY                                             ,0,KARŞIYAKA                                         ,0,İZMİR ATATÜRK,İBRAHİM AKSOY,7.04.1996 - 15:00
1251,https://www.tff.org/Default.aspx?pageId=397&macId=46827,GALATASARAY                                       ,3,ESKİŞEHİRSPOR                                     ,0,ALİ SAMİ YEN,ENGİN KURT,7.04.1996 - 19:00
1253,https://www.tff.org/Default.aspx?pageId=397&macId=46926,İSTANBULSPOR A.Ş                                  ,1,ANTALYASPOR                                       ,0,BEŞİKTAŞ İNÖNÜ,HASAN BAŞDEMİR,12.04.1996 - 19:00
1259,https://www.tff.org/Default.aspx?pageId=397&macId=46927,TRABZONSPOR                                       ,1,SAMSUNSPOR                                        ,0,HÜSEYİN AVNİ AKER,MUSTAFA ÇULCU,13.04.1996 - 19:00
1256,https://www.tff.org/Default.aspx?pageId=397&macId=46930,MKE ANKARAGÜCÜ                                    ,2,GALATASARAY                                       ,2,ANKARA 19 MAYIS,ALİCAN LAKOT,14.04.1996 - 12:00
1258,https://www.tff.org/Default.aspx?pageId=397&macId=46932,VANSPOR                                           ,2,KOCAELİSPOR                                       ,2,VALİ MAHMUT YILBAŞ,OSMAN AVCI,14.04.1996 - 14:00
1261,https://www.tff.org/Default.aspx?pageId=397&macId=46934,ESKİŞEHİRSPOR                                     ,1,ALTAY                                             ,2,ESKİŞEHİR ATATÜRK,SABRİ ÇELİK,14.04.1996 - 14:30
1254,https://www.tff.org/Default.aspx?pageId=397&macId=46928,KARŞIYAKA                                         ,1,KAYSERİSPOR                                       ,3,İZMİR ALSANCAK,MUHİTTİN BOŞAT,14.04.1996 - 15:00
1255,https://www.tff.org/Default.aspx?pageId=397&macId=46929,DENİZLİSPOR                                       ,0,GAZİANTEPSPOR                                     ,1,DENİZLİ ŞEHİR,MUSTAFA ARSLAN,14.04.1996 - 15:00
1257,https://www.tff.org/Default.aspx?pageId=397&macId=46931,BURSASPOR                                         ,1,BEŞİKTAŞ                                          ,2,BURSA ATATÜRK,SADIK İLHAN,14.04.1996 - 19:00
1260,https://www.tff.org/Default.aspx?pageId=397&macId=46933,FENERBAHÇE                                        ,0,GENÇLERBİRLİĞİ                                    ,0,FB ŞÜKRÜ SARACOĞLU,İLHAMİ KAPLAN,14.04.1996 - 19:00
1270,https://www.tff.org/Default.aspx?pageId=397&macId=47036,TRABZONSPOR                                       ,0,VANSPOR                                           ,1,HÜSEYİN AVNİ AKER,EROL ERSOY,19.04.1996 - 19:00
1268,https://www.tff.org/Default.aspx?pageId=397&macId=47037,GALATASARAY                                       ,2,GAZİANTEPSPOR                                     ,0,ALİ SAMİ YEN,SELÇUK ŞAHİN,20.04.1996 - 19:00
1269,https://www.tff.org/Default.aspx?pageId=397&macId=47038,GENÇLERBİRLİĞİ                                    ,2,KARŞIYAKA                                         ,0,ANKARA 19 MAYIS,MUSTAFA KALKANDELEN,20.04.1996 - 19:00
1262,https://www.tff.org/Default.aspx?pageId=397&macId=47039,ANTALYASPOR                                       ,0,FENERBAHÇE                                        ,1,ANTALYA ATATÜRK,NEDİM GÖKLÜ,21.04.1996 - 12:00
1264,https://www.tff.org/Default.aspx?pageId=397&macId=47041,KAYSERİSPOR                                       ,0,ESKİŞEHİRSPOR                                     ,1,KAYSERİ ATATÜRK,ÜNSAL ÇİMEN,21.04.1996 - 14:30
1265,https://www.tff.org/Default.aspx?pageId=397&macId=47042,SAMSUNSPOR                                        ,4,İSTANBULSPOR A.Ş                                  ,4,SAMSUN 19 MAYIS,SELAMİ ŞİMŞEK,21.04.1996 - 14:30
1263,https://www.tff.org/Default.aspx?pageId=397&macId=47040,ALTAY                                             ,1,MKE ANKARAGÜCÜ                                    ,0,İZMİR ALSANCAK,SERDAR ÇAKIR,21.04.1996 - 15:00
1267,https://www.tff.org/Default.aspx?pageId=397&macId=47044,DENİZLİSPOR                                       ,0,BURSASPOR                                         ,0,DENİZLİ ŞEHİR,ORHAN ERDEMİR,21.04.1996 - 15:00
1266,https://www.tff.org/Default.aspx?pageId=397&macId=47043,BEŞİKTAŞ                                          ,3,KOCAELİSPOR                                       ,5,BEŞİKTAŞ İNÖNÜ,VAHAP BEYAZ,21.04.1996 - 19:00
1271,https://www.tff.org/Default.aspx?pageId=397&macId=47146,İSTANBULSPOR A.Ş                                  ,1,TRABZONSPOR                                       ,4,BEŞİKTAŞ İNÖNÜ,İBRAHİM AKSOY,27.04.1996 - 19:00
1274,https://www.tff.org/Default.aspx?pageId=397&macId=47147,BURSASPOR                                         ,2,GALATASARAY                                       ,0,BURSA ATATÜRK,KADİR TOZLU,27.04.1996 - 19:00
1275,https://www.tff.org/Default.aspx?pageId=397&macId=47150,VANSPOR                                           ,2,BEŞİKTAŞ                                          ,0,VALİ MAHMUT YILBAŞ,İLHAMİ KAPLAN,28.04.1996 - 12:00
1277,https://www.tff.org/Default.aspx?pageId=397&macId=47152,ESKİŞEHİRSPOR                                     ,2,GENÇLERBİRLİĞİ                                    ,0,ESKİŞEHİR ATATÜRK,ALİCAN LAKOT,28.04.1996 - 14:30
1279,https://www.tff.org/Default.aspx?pageId=397&macId=47154,GAZİANTEPSPOR                                     ,2,ALTAY                                             ,1,KAMİL OCAK,SADIK İLHAN,28.04.1996 - 14:30
1273,https://www.tff.org/Default.aspx?pageId=397&macId=47149,KOCAELİSPOR                                       ,4,DENİZLİSPOR                                       ,2, İSMETPAŞA,OĞUZ SARVAN,28.04.1996 - 15:00
1276,https://www.tff.org/Default.aspx?pageId=397&macId=47151,KARŞIYAKA                                         ,1,ANTALYASPOR                                       ,2,İZMİR ALSANCAK,YILNUR ÖNEN,28.04.1996 - 15:00
1272,https://www.tff.org/Default.aspx?pageId=397&macId=47148,FENERBAHÇE                                        ,1,SAMSUNSPOR                                        ,0,FB ŞÜKRÜ SARACOĞLU,MURAT ILGAZ,28.04.1996 - 19:00
1278,https://www.tff.org/Default.aspx?pageId=397&macId=47153,MKE ANKARAGÜCÜ                                    ,1,KAYSERİSPOR                                       ,1,ANKARA 19 MAYIS,SABRİ ÇELİK,28.04.1996 - 19:00
1281,https://www.tff.org/Default.aspx?pageId=397&macId=47255,ALTAY                                             ,1,BURSASPOR                                         ,3,İZMİR ATATÜRK,MUHİTTİN BOŞAT,3.05.1996 - 19:00
1284,https://www.tff.org/Default.aspx?pageId=397&macId=47256,GALATASARAY                                       ,0,KOCAELİSPOR                                       ,4,BEŞİKTAŞ İNÖNÜ,EROL ERSOY,4.05.1996 - 19:00
1283,https://www.tff.org/Default.aspx?pageId=397&macId=47259,VANSPOR                                           ,0,İSTANBULSPOR A.Ş                                  ,0,VALİ MAHMUT YILBAŞ,BÜLENT UZUN,5.05.1996 - 12:00
1282,https://www.tff.org/Default.aspx?pageId=397&macId=47258,ANTALYASPOR                                       ,1,ESKİŞEHİRSPOR                                     ,0,ANTALYA ATATÜRK,SERDAR ÇAKIR,5.05.1996 - 16:00
1285,https://www.tff.org/Default.aspx?pageId=397&macId=47260,KAYSERİSPOR                                       ,1,GAZİANTEPSPOR                                     ,2,KAYSERİ ATATÜRK,TURGUT SIĞIÇ,5.05.1996 - 16:00
1286,https://www.tff.org/Default.aspx?pageId=397&macId=47261,GENÇLERBİRLİĞİ                                    ,1,MKE ANKARAGÜCÜ                                    ,2,ANKARA 19 MAYIS,VAHAP BEYAZ,5.05.1996 - 16:00
1287,https://www.tff.org/Default.aspx?pageId=397&macId=47262,SAMSUNSPOR                                        ,4,KARŞIYAKA                                         ,1,SAMSUN 19 MAYIS,AHMET İBANOĞLU,5.05.1996 - 16:00
1280,https://www.tff.org/Default.aspx?pageId=397&macId=47257,TRABZONSPOR                                       ,1,FENERBAHÇE                                        ,2,HÜSEYİN AVNİ AKER,METİN TOKAT,5.05.1996 - 19:00
1288,https://www.tff.org/Default.aspx?pageId=397&macId=47263,BEŞİKTAŞ                                          ,0,DENİZLİSPOR                                       ,4,BEŞİKTAŞ İNÖNÜ,MUSTAFA ÇULCU,5.05.1996 - 19:00
1292,https://www.tff.org/Default.aspx?pageId=397&macId=47364,BEŞİKTAŞ                                          ,1,GALATASARAY                                       ,2,BEŞİKTAŞ İNÖNÜ,ORHAN ERDEMİR,11.05.1996 - 19:00
1289,https://www.tff.org/Default.aspx?pageId=397&macId=47365,ESKİŞEHİRSPOR                                     ,3,SAMSUNSPOR                                        ,0,ESKİŞEHİR ATATÜRK,AHMET ÇAKAR,12.05.1996 - 16:00
1290,https://www.tff.org/Default.aspx?pageId=397&macId=47366,BURSASPOR                                         ,1,KAYSERİSPOR                                       ,2,BURSA ATATÜRK,ERDAL GÜLEÇ,12.05.1996 - 16:00
1291,https://www.tff.org/Default.aspx?pageId=397&macId=47367,DENİZLİSPOR                                       ,0,VANSPOR                                           ,0,DENİZLİ ŞEHİR,GALİP BİTİGEN,12.05.1996 - 16:00
1295,https://www.tff.org/Default.aspx?pageId=397&macId=47370,MKE ANKARAGÜCÜ                                    ,2,ANTALYASPOR                                       ,1,ANKARA 19 MAYIS,HASAN BAŞDEMİR,12.05.1996 - 16:00
1296,https://www.tff.org/Default.aspx?pageId=397&macId=47371,GAZİANTEPSPOR                                     ,2,GENÇLERBİRLİĞİ                                    ,0,KAMİL OCAK,ENGİN KURT,12.05.1996 - 16:00
1297,https://www.tff.org/Default.aspx?pageId=397&macId=47372,KOCAELİSPOR                                       ,1,ALTAY                                             ,1, İSMETPAŞA,AYHAN YÜCEBİLGİÇ,12.05.1996 - 16:00
1293,https://www.tff.org/Default.aspx?pageId=397&macId=47368,FENERBAHÇE                                        ,2,İSTANBULSPOR A.Ş                                  ,0,FB ŞÜKRÜ SARACOĞLU,OĞUZ SARVAN,12.05.1996 - 19:00
1294,https://www.tff.org/Default.aspx?pageId=397&macId=47369,KARŞIYAKA                                         ,1,TRABZONSPOR                                       ,4,İZMİR ATATÜRK,İLHAMİ KAPLAN,12.05.1996 - 19:00
1298,https://www.tff.org/Default.aspx?pageId=397&macId=47475,VANSPOR                                           ,0,FENERBAHÇE                                        ,3,VALİ MAHMUT YILBAŞ,EROL ERSOY,19.05.1996 - 16:00
1299,https://www.tff.org/Default.aspx?pageId=397&macId=47476,ANTALYASPOR                                       ,0,GAZİANTEPSPOR                                     ,1,ANTALYA ATATÜRK,ÜNSAL ÇİMEN,19.05.1996 - 16:00
1300,https://www.tff.org/Default.aspx?pageId=397&macId=47477,İSTANBULSPOR A.Ş                                  ,0,KARŞIYAKA                                         ,4,BAYRAMPAŞA ÇETİN EMEÇ,MUSTAFA ARSLAN,19.05.1996 - 16:00
1301,https://www.tff.org/Default.aspx?pageId=397&macId=47478,ALTAY                                             ,3,BEŞİKTAŞ                                          ,0,İZMİR ALSANCAK,VAHAP BEYAZ,19.05.1996 - 16:00
1302,https://www.tff.org/Default.aspx?pageId=397&macId=47479,KAYSERİSPOR                                       ,1,KOCAELİSPOR                                       ,0,YOZGAT BOZOK,NECDET ERDİLEK,19.05.1996 - 16:00
1303,https://www.tff.org/Default.aspx?pageId=397&macId=47480,GENÇLERBİRLİĞİ                                    ,2,BURSASPOR                                         ,1,ANKARA 19 MAYIS,MUSTAFA KALKANDELEN,19.05.1996 - 16:00
1304,https://www.tff.org/Default.aspx?pageId=397&macId=47481,SAMSUNSPOR                                        ,2,MKE ANKARAGÜCÜ                                    ,1,SAMSUN 19 MAYIS,MEHMET ÇAYAN,19.05.1996 - 16:00
1305,https://www.tff.org/Default.aspx?pageId=397&macId=47482,TRABZONSPOR                                       ,7,ESKİŞEHİRSPOR                                     ,1,HÜSEYİN AVNİ AKER,AYHAN YÜCEBİLGİÇ,19.05.1996 - 16:00
1306,https://www.tff.org/Default.aspx?pageId=397&macId=47483,GALATASARAY                                       ,1,DENİZLİSPOR                                       ,0,BEŞİKTAŞ İNÖNÜ,SADIK İLHAN,19.05.1996 - 16:00
