Takim_adi,Oynadigi_mac_sayisi,Galibiyet_sayisi,Beraberlik_sayisi,Maglubiyet_sayisi,Attigi_gol_sayisi,Yedigi_gol_sayisi,Averaj,Puan
FENERBAHÇE,34,26,6,2,68,19,49,84
TRABZONSPOR,34,26,4,4,79,24,55,82
BEŞİKTAŞ,34,22,3,9,74,46,28,69
GALATASARAY,34,21,5,8,67,38,29,68
KOCAELİSPOR,34,16,11,7,61,43,18,59
GAZİANTEPSPOR,34,14,7,13,42,43,-1,49
ANTALYASPOR,34,13,6,15,45,55,-10,45
SAMSUNSPOR,34,12,7,15,46,46,0,43
BURSASPOR,34,10,11,13,56,48,8,41
GENÇLERBİRLİĞİ,34,10,11,13,41,48,-7,41
MKE ANKARAGÜCÜ,34,10,7,17,36,56,-20,37
ALTAY,34,9,9,16,35,56,-21,36
İSTANBULSPOR A.Ş,34,8,11,15,46,57,-11,35
VANSPOR,34,8,11,15,32,50,-18,35
DENİZLİSPOR,34,8,10,16,38,50,-12,34
KAYSERİSPOR,34,7,11,16,41,61,-20,32
ESKİŞEHİRSPOR,34,10,2,22,40,68,-28,32
KARŞIYAKA,34,7,6,21,26,65,-39,27
