Mac_kodu,TFF_mac_linki,Ev_sahibi,Ev_sahibi_gol,Misafir_takim,Misafir_takim_gol,Stat,Ana_hakem,Tarih_saat
1009,https://www.tff.org/Default.aspx?pageId=397&macId=47531,ZEYTİNBURNUSPOR               ,1,FENERBAHÇE                    ,4,FB ŞÜKRÜ SARACOĞLU,SABRİ ÇELİK,13.08.1994 - 19:00
1002,https://www.tff.org/Default.aspx?pageId=397&macId=47524,TRABZONSPOR                   ,3,ALTAY                         ,1,HÜSEYİN AVNİ AKER,MUSTAFA ARSLAN,14.08.1994 - 16:00
1005,https://www.tff.org/Default.aspx?pageId=397&macId=47527,VANSPOR                       ,3,KAYSERİSPOR                   ,0,VALİ MAHMUT YILBAŞ,ALİCAN LAKOT,14.08.1994 - 16:00
1003,https://www.tff.org/Default.aspx?pageId=397&macId=47525,ADANA DEMİRSPOR               ,1,ANTALYASPOR                   ,0,5 OCAK,ENGİN KURT,14.08.1994 - 16:30
1008,https://www.tff.org/Default.aspx?pageId=397&macId=47530,MKE ANKARAGÜCÜ                ,1,ADNAN ERKAN,0,ANKARA 19 MAYIS,GALİP BİTİGEN,14.08.1994 - 16:34
1006,https://www.tff.org/Default.aspx?pageId=397&macId=47528,KOCAELİSPOR                   ,0,SAMSUNSPOR                    ,0, İSMETPAŞA,METİN TOKAT,14.08.1994 - 17:00
1007,https://www.tff.org/Default.aspx?pageId=397&macId=47529,DENİZLİSPOR                   ,1,BEŞİKTAŞ,3,DENİZLİ ŞEHİR,BÜLENT YAVUZ,14.08.1994 - 17:00
1004,https://www.tff.org/Default.aspx?pageId=397&macId=47526,BURSASPOR                     ,5,PETROLOFİSİ                   ,2,BURSA ATATÜRK,MUHİTTİN BOŞAT,14.08.1994 - 17:05
1001,https://www.tff.org/Default.aspx?pageId=397&macId=47523,GALATASARAY                   ,3,GENÇLERBİRLİĞİ                ,1,ALİ SAMİ YEN,MUSTAFA ÇULCU,14.08.1994 - 19:00
1018,https://www.tff.org/Default.aspx?pageId=397&macId=47540,FENERBAHÇE                    ,2,MKE ANKARAGÜCÜ                ,1,FB ŞÜKRÜ SARACOĞLU,OĞUZ SARVAN,20.08.1994 - 19:00
1015,https://www.tff.org/Default.aspx?pageId=397&macId=47537,PETROLOFİSİ                   ,0,GALATASARAY                   ,3,ANKARA 19 MAYIS,ÜNSAL ÇİMEN,20.08.1994 - 19:04
1013,https://www.tff.org/Default.aspx?pageId=397&macId=47535,SAMSUNSPOR                    ,2,VANSPOR                       ,1,SAMSUN 19 MAYIS,EROL ERSOY,21.08.1994 - 16:30
1017,https://www.tff.org/Default.aspx?pageId=397&macId=47539,KAYSERİSPOR                   ,4,ADANA DEMİRSPOR               ,2,KAYSERİ ATATÜRK,AHMET İBANOĞLU,21.08.1994 - 16:30
1014,https://www.tff.org/Default.aspx?pageId=397&macId=47536,ANTALYASPOR                   ,1,TRABZONSPOR                   ,3,ANTALYA ATATÜRK,İBRAHİM AKSOY,21.08.1994 - 17:00
1010,https://www.tff.org/Default.aspx?pageId=397&macId=47532,ALTAY                         ,1,BURSASPOR                     ,1,İZMİR ALSANCAK,TURGUT SIĞIÇ,21.08.1994 - 17:05
1016,https://www.tff.org/Default.aspx?pageId=397&macId=47538,GENÇLERBİRLİĞİ                ,1,ZEYTİNBURNUSPOR               ,1,ANKARA 19 MAYIS,SELAMİ ŞİMŞEK,21.08.1994 - 19:00
1012,https://www.tff.org/Default.aspx?pageId=397&macId=47534,BEŞİKTAŞ                      ,7,KOCAELİSPOR                   ,1,BEŞİKTAŞ İNÖNÜ,SERDAR ÇAKMAN,21.08.1994 - 19:03
1307,https://www.tff.org/Default.aspx?pageId=397&macId=48232,GAZİANTEPSPOR                 ,3,DENİZLİSPOR                   ,1,KAMİL OCAK,SABRİ ÇELİK,5.10.1994 - 14:00
1025,https://www.tff.org/Default.aspx?pageId=397&macId=47547,DENİZLİSPOR                   ,2,FENERBAHÇE                    ,3,DENİZLİ ŞEHİR,METİN TOKAT,27.08.1994 - 17:05
1021,https://www.tff.org/Default.aspx?pageId=397&macId=47543,VANSPOR                       ,0,BEŞİKTAŞ                      ,2,VALİ MAHMUT YILBAŞ,VAHAP BEYAZ,28.08.1994 - 16:00
1024,https://www.tff.org/Default.aspx?pageId=397&macId=47546,ADANA DEMİRSPOR               ,2,SAMSUNSPOR                    ,0,5 OCAK,YILNUR ÖNEN,28.08.1994 - 16:30
1026,https://www.tff.org/Default.aspx?pageId=397&macId=47548,GENÇLERBİRLİĞİ                ,1,PETROLOFİSİ                   ,0,ANKARA 19 MAYIS,SERDAR ÇAKIR,28.08.1994 - 16:30
1027,https://www.tff.org/Default.aspx?pageId=397&macId=47549,KOCAELİSPOR                   ,2,GAZİANTEPSPOR                 ,1, İSMETPAŞA,OSMAN AVCI,28.08.1994 - 17:00
1019,https://www.tff.org/Default.aspx?pageId=397&macId=47541,ZEYTİNBURNUSPOR               ,2,MKE ANKARAGÜCÜ                ,0,ZEYTİNBURNU,NECDET ERDİLEK,28.08.1994 - 17:10
1020,https://www.tff.org/Default.aspx?pageId=397&macId=47542,BURSASPOR                     ,2,ANTALYASPOR                   ,1,BURSA ATATÜRK,AYHAN YÜCEBİLGİÇ,28.08.1994 - 19:00
1022,https://www.tff.org/Default.aspx?pageId=397&macId=47544,GALATASARAY                   ,3,ALTAY                         ,1,ALİ SAMİ YEN,AHMET ÇAKAR,28.08.1994 - 19:00
1023,https://www.tff.org/Default.aspx?pageId=397&macId=47545,TRABZONSPOR                   ,5,KAYSERİSPOR,2,HÜSEYİN AVNİ AKER,NEDİM GÖKLÜ,28.08.1994 - 19:00
1028,https://www.tff.org/Default.aspx?pageId=397&macId=47685,SAMSUNSPOR                    ,3,TRABZONSPOR                   ,1,SAMSUN 19 MAYIS,OĞUZ SARVAN,10.09.1994 - 16:00
1030,https://www.tff.org/Default.aspx?pageId=397&macId=47686,MKE ANKARAGÜCÜ                ,2,DENİZLİSPOR                   ,1,ANKARA 19 MAYIS,ALİCAN LAKOT,10.09.1994 - 19:00
1036,https://www.tff.org/Default.aspx?pageId=397&macId=47687,FENERBAHÇE                    ,5,KOCAELİSPOR                   ,1,FB ŞÜKRÜ SARACOĞLU,BÜLENT YAVUZ,10.09.1994 - 19:00
1032,https://www.tff.org/Default.aspx?pageId=397&macId=47690,KAYSERİSPOR                   ,2,BURSASPOR                     ,1,KAYSERİ ATATÜRK,ADNAN TÜRKKAN,11.09.1994 - 16:00
1034,https://www.tff.org/Default.aspx?pageId=397&macId=47692,PETROLOFİSİ                   ,2,ZEYTİNBURNUSPOR               ,0,ANKARA 19 MAYIS,ERDAL GÜLEÇ,11.09.1994 - 16:00
1035,https://www.tff.org/Default.aspx?pageId=397&macId=47693,GAZİANTEPSPOR                 ,1,VANSPOR                       ,0,KAMİL OCAK,ORHAN ERDEMİR,11.09.1994 - 16:00
1033,https://www.tff.org/Default.aspx?pageId=397&macId=47691,ALTAY                         ,1,GENÇLERBİRLİĞİ                ,1,İZMİR ALSANCAK,SEFER ALTUNTAŞ,11.09.1994 - 16:30
1029,https://www.tff.org/Default.aspx?pageId=397&macId=47688,ANTALYASPOR                   ,0,GALATASARAY                   ,5,ANTALYA ATATÜRK,SERDAR ÇAKMAN,11.09.1994 - 16:39
1031,https://www.tff.org/Default.aspx?pageId=397&macId=47689,BEŞİKTAŞ                      ,3,ADANA DEMİRSPOR               ,0,BEŞİKTAŞ İNÖNÜ,MUSTAFA ÇULCU,11.09.1994 - 19:00
1044,https://www.tff.org/Default.aspx?pageId=397&macId=47762,VANSPOR                       ,1,FENERBAHÇE                    ,0,VAN ŞEHİR,ÜNSAL ÇİMEN,17.09.1994 - 15:30
1038,https://www.tff.org/Default.aspx?pageId=397&macId=47761,PETROLOFİSİ                   ,2,ALTAY                         ,2,ANKARA 19 MAYIS,MUSTAFA KÖMÜRCÜ,17.09.1994 - 16:00
1039,https://www.tff.org/Default.aspx?pageId=397&macId=47779,GENÇLERBİRLİĞİ                ,3,ANTALYASPOR                   ,1,ANKARA 19 MAYIS,BÜLENT UZUN,18.09.1994 - 16:00
1043,https://www.tff.org/Default.aspx?pageId=397&macId=47783,ADANA DEMİRSPOR               ,3,GAZİANTEPSPOR                 ,2,5 OCAK,MUHİTTİN BOŞAT,18.09.1994 - 16:00
1040,https://www.tff.org/Default.aspx?pageId=397&macId=47780,ZEYTİNBURNUSPOR               ,1,DENİZLİSPOR                   ,0,ZEYTİNBURNU,AYHAN YÜCEBİLGİÇ,18.09.1994 - 16:30
1045,https://www.tff.org/Default.aspx?pageId=397&macId=47784,KOCAELİSPOR                   ,2,MKE ANKARAGÜCÜ                ,0, İSMETPAŞA,ENGİN KURT,18.09.1994 - 16:30
1037,https://www.tff.org/Default.aspx?pageId=397&macId=47778,GALATASARAY                   ,2,KAYSERİSPOR                   ,1,ALİ SAMİ YEN,İBRAHİM AKSOY,18.09.1994 - 19:00
1041,https://www.tff.org/Default.aspx?pageId=397&macId=47781,BURSASPOR                     ,1,SAMSUNSPOR                    ,1,BURSA ATATÜRK,SABRİ ÇELİK,18.09.1994 - 19:00
1042,https://www.tff.org/Default.aspx?pageId=397&macId=47782,TRABZONSPOR                   ,0,BEŞİKTAŞ                      ,2,HÜSEYİN AVNİ AKER,METİN TOKAT,18.09.1994 - 19:00
1050,https://www.tff.org/Default.aspx?pageId=397&macId=47874,SAMSUNSPOR                    ,2,GALATASARAY                   ,2,SAMSUN 19 MAYIS,VAHAP BEYAZ,24.09.1994 - 16:00
1054,https://www.tff.org/Default.aspx?pageId=397&macId=47875,GAZİANTEPSPOR                 ,0,TRABZONSPOR                   ,2,KAMİL OCAK,BÜLENT YAVUZ,24.09.1994 - 16:03
1048,https://www.tff.org/Default.aspx?pageId=397&macId=47873,FENERBAHÇE                    ,3,ADANA DEMİRSPOR               ,0,FB ŞÜKRÜ SARACOĞLU,GALİP BİTİGEN,24.09.1994 - 19:02
1051,https://www.tff.org/Default.aspx?pageId=397&macId=47879,KAYSERİSPOR                   ,3,GENÇLERBİRLİĞİ                ,4,KAYSERİ ATATÜRK,SERDAR ÇAKIR,25.09.1994 - 14:00
1053,https://www.tff.org/Default.aspx?pageId=397&macId=47881,MKE ANKARAGÜCÜ                ,1,VANSPOR                       ,0,ANKARA 19 MAYIS,SELAMİ ŞİMŞEK,25.09.1994 - 14:00
1047,https://www.tff.org/Default.aspx?pageId=397&macId=47877,ALTAY                         ,2,ZEYTİNBURNUSPOR               ,0,İZMİR ALSANCAK,AHMET İBANOĞLU,25.09.1994 - 14:30
1052,https://www.tff.org/Default.aspx?pageId=397&macId=47880,DENİZLİSPOR                   ,4,KOCAELİSPOR                   ,3,DENİZLİ ŞEHİR,NEDİM GÖKLÜ,25.09.1994 - 14:30
1046,https://www.tff.org/Default.aspx?pageId=397&macId=47876,ANTALYASPOR                   ,0,PETROLOFİSİ                   ,1,ANTALYA ATATÜRK,MUHİTTİN BOŞAT,25.09.1994 - 14:33
1049,https://www.tff.org/Default.aspx?pageId=397&macId=47878,BEŞİKTAŞ                      ,1,BURSASPOR                     ,2,BEŞİKTAŞ İNÖNÜ,OĞUZ SARVAN,25.09.1994 - 19:00
1062,https://www.tff.org/Default.aspx?pageId=397&macId=47985,GENÇLERBİRLİĞİ                ,5,SAMSUNSPOR                    ,1,ANKARA 19 MAYIS,İBRAHİM AKSOY,1.10.1994 - 14:00
1060,https://www.tff.org/Default.aspx?pageId=397&macId=48005,VANSPOR                       ,2,DENİZLİSPOR                   ,1,VALİ MAHMUT YILBAŞ,OSMAN AVCI,2.10.1994 - 13:30
1056,https://www.tff.org/Default.aspx?pageId=397&macId=48001,ADANA DEMİRSPOR               ,2,MKE ANKARAGÜCÜ                ,3,5 OCAK,NEDİM GÖKLÜ,2.10.1994 - 14:00
1061,https://www.tff.org/Default.aspx?pageId=397&macId=48006,PETROLOFİSİ                   ,0,KAYSERİSPOR                   ,1,ANKARA 19 MAYIS,ORHAN ERDEMİR,2.10.1994 - 14:00
1057,https://www.tff.org/Default.aspx?pageId=397&macId=48002,ALTAY                         ,1,ANTALYASPOR                   ,1,İZMİR ALSANCAK,YILNUR ÖNEN,2.10.1994 - 14:30
1058,https://www.tff.org/Default.aspx?pageId=397&macId=48003,BURSASPOR                     ,3,GAZİANTEPSPOR                 ,0,BURSA ATATÜRK,BÜLENT UZUN,2.10.1994 - 14:30
1063,https://www.tff.org/Default.aspx?pageId=397&macId=48007,ZEYTİNBURNUSPOR               ,3,KOCAELİSPOR                   ,2,ZEYTİNBURNU,EROL ERSOY,2.10.1994 - 14:30
1055,https://www.tff.org/Default.aspx?pageId=397&macId=47984,GALATASARAY                   ,3,BEŞİKTAŞ                      ,1,ALİ SAMİ YEN,BÜLENT YAVUZ,2.10.1994 - 19:00
1059,https://www.tff.org/Default.aspx?pageId=397&macId=48004,TRABZONSPOR                   ,1,FENERBAHÇE                    ,0,HÜSEYİN AVNİ AKER,OĞUZ SARVAN,2.10.1994 - 19:00
1072,https://www.tff.org/Default.aspx?pageId=397&macId=48099,GAZİANTEPSPOR                 ,2,GALATASARAY                   ,2,KAMİL OCAK,OĞUZ SARVAN,8.10.1994 - 12:06
1065,https://www.tff.org/Default.aspx?pageId=397&macId=48100,SAMSUNSPOR                    ,8,PETROLOFİSİ                   ,2,ÇORUM ŞEHİR,ALİCAN LAKOT,8.10.1994 - 14:00
1066,https://www.tff.org/Default.aspx?pageId=397&macId=48097,MKE ANKARAGÜCÜ                ,1,TRABZONSPOR                   ,1,ANKARA 19 MAYIS,SERDAR ÇAKIR,8.10.1994 - 14:00
1064,https://www.tff.org/Default.aspx?pageId=397&macId=48096,FENERBAHÇE                    ,1,BURSASPOR                     ,1,FB ŞÜKRÜ SARACOĞLU,METİN TOKAT,8.10.1994 - 19:00
1067,https://www.tff.org/Default.aspx?pageId=397&macId=48098,BEŞİKTAŞ                      ,2,GENÇLERBİRLİĞİ                ,0,BEŞİKTAŞ İNÖNÜ,ÜNSAL ÇİMEN,8.10.1994 - 19:02
1068,https://www.tff.org/Default.aspx?pageId=397&macId=48101,KAYSERİSPOR                   ,1,ALTAY                         ,1,KAYSERİ ATATÜRK,ERDAL GÜLEÇ,9.10.1994 - 14:00
1071,https://www.tff.org/Default.aspx?pageId=397&macId=48104,DENİZLİSPOR                   ,2,ADANA DEMİRSPOR               ,0,DENİZLİ ŞEHİR,SERDAR ÇAKMAN,9.10.1994 - 14:30
1069,https://www.tff.org/Default.aspx?pageId=397&macId=48102,ANTALYASPOR                   ,4,ZEYTİNBURNUSPOR               ,0,ANTALYA ATATÜRK,TURGUT SIĞIÇ,9.10.1994 - 14:37
1070,https://www.tff.org/Default.aspx?pageId=397&macId=48103,KOCAELİSPOR                   ,2,VANSPOR                       ,0, İSMETPAŞA,ADNAN TÜRKKAN,9.10.1994 - 14:37
1075,https://www.tff.org/Default.aspx?pageId=397&macId=48234,GENÇLERBİRLİĞİ                ,3,GAZİANTEPSPOR                 ,2,ANKARA 19 MAYIS,AHMET ÇAKAR,15.10.1994 - 14:00
1073,https://www.tff.org/Default.aspx?pageId=397&macId=48233,TRABZONSPOR                   ,3,DENİZLİSPOR                   ,1,HÜSEYİN AVNİ AKER,GALİP BİTİGEN,15.10.1994 - 19:00
1076,https://www.tff.org/Default.aspx?pageId=397&macId=48235,GALATASARAY                   ,1,FENERBAHÇE                    ,1,ALİ SAMİ YEN,SERDAR ÇAKMAN,15.10.1994 - 19:00
1078,https://www.tff.org/Default.aspx?pageId=397&macId=48258,ADANA DEMİRSPOR               ,1,KOCAELİSPOR                   ,1,KAYSERİ ATATÜRK,NECDET ERDİLEK,16.10.1994 - 14:00
1074,https://www.tff.org/Default.aspx?pageId=397&macId=48256,ANTALYASPOR                   ,2,KAYSERİSPOR                   ,0,ANTALYA ATATÜRK,EROL ERSOY,16.10.1994 - 14:30
1079,https://www.tff.org/Default.aspx?pageId=397&macId=48259,ALTAY                         ,3,SAMSUNSPOR                    ,2,İZMİR ALSANCAK,AYHAN YÜCEBİLGİÇ,16.10.1994 - 14:30
1081,https://www.tff.org/Default.aspx?pageId=397&macId=48261,ZEYTİNBURNUSPOR               ,0,VANSPOR                       ,2,ZEYTİNBURNU,YILNUR ÖNEN,16.10.1994 - 14:30
1077,https://www.tff.org/Default.aspx?pageId=397&macId=48257,BURSASPOR                     ,1,MKE ANKARAGÜCÜ                ,0,BURSA ATATÜRK,MUSTAFA ÇULCU,16.10.1994 - 19:00
1080,https://www.tff.org/Default.aspx?pageId=397&macId=48260,PETROLOFİSİ                   ,0,BEŞİKTAŞ                      ,2,ANKARA 19 MAYIS,OĞUZ SARVAN,16.10.1994 - 19:00
1089,https://www.tff.org/Default.aspx?pageId=397&macId=48343,KOCAELİSPOR                   ,2,TRABZONSPOR                   ,2, İSMETPAŞA,AHMET ÇAKAR,22.10.1994 - 14:30
1084,https://www.tff.org/Default.aspx?pageId=397&macId=48342,FENERBAHÇE                    ,2,GENÇLERBİRLİĞİ                ,3,FB ŞÜKRÜ SARACOĞLU,İBRAHİM AKSOY,22.10.1994 - 19:00
1088,https://www.tff.org/Default.aspx?pageId=397&macId=48349,VANSPOR                       ,2,ADANA DEMİRSPOR               ,0,VALİ MAHMUT YILBAŞ,TURGUT SIĞIÇ,23.10.1994 - 13:30
1083,https://www.tff.org/Default.aspx?pageId=397&macId=48345,GAZİANTEPSPOR                 ,1,PETROLOFİSİ                   ,0,KAMİL OCAK,AHMET İBANOĞLU,23.10.1994 - 14:00
1086,https://www.tff.org/Default.aspx?pageId=397&macId=48347,SAMSUNSPOR                    ,1,ANTALYASPOR                   ,0,SAMSUN 19 MAYIS,ENGİN KURT,23.10.1994 - 14:00
1087,https://www.tff.org/Default.aspx?pageId=397&macId=48348,KAYSERİSPOR                   ,2,ZEYTİNBURNUSPOR               ,1,KAYSERİ ATATÜRK,MUSTAFA KÖMÜRCÜ,23.10.1994 - 14:00
1082,https://www.tff.org/Default.aspx?pageId=397&macId=48344,DENİZLİSPOR                   ,3,BURSASPOR                     ,1,DENİZLİ ŞEHİR,BÜLENT YAVUZ,23.10.1994 - 14:30
1085,https://www.tff.org/Default.aspx?pageId=397&macId=48346,BEŞİKTAŞ                      ,1,ALTAY                         ,0,BURSA ATATÜRK,VAHAP BEYAZ,23.10.1994 - 19:00
1090,https://www.tff.org/Default.aspx?pageId=397&macId=48350,MKE ANKARAGÜCÜ                ,2,GALATASARAY                   ,1,ANKARA 19 MAYIS,METİN TOKAT,23.10.1994 - 19:03
1094,https://www.tff.org/Default.aspx?pageId=397&macId=48555,GALATASARAY                   ,4,DENİZLİSPOR                   ,0,ALİ SAMİ YEN,NEDİM GÖKLÜ,29.10.1994 - 19:00
1096,https://www.tff.org/Default.aspx?pageId=397&macId=48556,TRABZONSPOR                   ,0,VANSPOR                       ,0,HÜSEYİN AVNİ AKER,AYHAN YÜCEBİLGİÇ,29.10.1994 - 19:00
1098,https://www.tff.org/Default.aspx?pageId=397&macId=48450,PETROLOFİSİ                   ,0,FENERBAHÇE                    ,4,ANKARA 19 MAYIS,OĞUZ SARVAN,29.10.1994 - 19:01
1091,https://www.tff.org/Default.aspx?pageId=397&macId=48451,ANTALYASPOR                   ,1,BEŞİKTAŞ                      ,1,ANTALYA ATATÜRK,İBRAHİM AKSOY,30.10.1994 - 12:00
1097,https://www.tff.org/Default.aspx?pageId=397&macId=48455,KAYSERİSPOR                   ,2,SAMSUNSPOR                    ,2,KAYSERİ ATATÜRK,MUSTAFA ARSLAN,30.10.1994 - 14:00
1099,https://www.tff.org/Default.aspx?pageId=397&macId=48456,GENÇLERBİRLİĞİ                ,1,MKE ANKARAGÜCÜ                ,0,ANKARA 19 MAYIS,AHMET ÇAKAR,30.10.1994 - 14:00
1092,https://www.tff.org/Default.aspx?pageId=397&macId=48452,ALTAY                         ,5,GAZİANTEPSPOR                 ,2,İZMİR ALSANCAK,GALİP BİTİGEN,30.10.1994 - 14:30
1093,https://www.tff.org/Default.aspx?pageId=397&macId=48453,ZEYTİNBURNUSPOR               ,4,ADANA DEMİRSPOR               ,2,ZEYTİNBURNU,ALİCAN LAKOT,30.10.1994 - 14:30
1095,https://www.tff.org/Default.aspx?pageId=397&macId=48454,BURSASPOR                     ,1,KOCAELİSPOR                   ,0,BURSA ATATÜRK,SABRİ ÇELİK,30.10.1994 - 19:00
1106,https://www.tff.org/Default.aspx?pageId=397&macId=48570,ADANA DEMİRSPOR               ,0,TRABZONSPOR                   ,3,ANKARA 19 MAYIS,SABRİ ÇELİK,5.11.1994 - 13:30
1103,https://www.tff.org/Default.aspx?pageId=397&macId=48569,FENERBAHÇE                    ,2,ALTAY                         ,1,FB ŞÜKRÜ SARACOĞLU,BÜLENT YAVUZ,5.11.1994 - 19:00
1107,https://www.tff.org/Default.aspx?pageId=397&macId=48590,KOCAELİSPOR                   ,0,GALATASARAY                   ,2, İSMETPAŞA,SERDAR ÇAKMAN,6.11.1994 - 12:00
1100,https://www.tff.org/Default.aspx?pageId=397&macId=48585,VANSPOR                       ,2,BURSASPOR                     ,0,VALİ MAHMUT YILBAŞ,ALİCAN LAKOT,6.11.1994 - 13:30
1102,https://www.tff.org/Default.aspx?pageId=397&macId=48587,GAZİANTEPSPOR                 ,2,ANTALYASPOR                   ,0,KAMİL OCAK,ORHAN ERDEMİR,6.11.1994 - 13:30
1105,https://www.tff.org/Default.aspx?pageId=397&macId=48589,SAMSUNSPOR                    ,1,ZEYTİNBURNUSPOR               ,1,SAMSUN 19 MAYIS,BÜLENT UZUN,6.11.1994 - 13:30
1108,https://www.tff.org/Default.aspx?pageId=397&macId=48591,MKE ANKARAGÜCÜ                ,1,PETROLOFİSİ                   ,2,ANKARA 19 MAYIS,AYHAN YÜCEBİLGİÇ,6.11.1994 - 13:30
1101,https://www.tff.org/Default.aspx?pageId=397&macId=48586,DENİZLİSPOR                   ,0,GENÇLERBİRLİĞİ                ,0,DENİZLİ ŞEHİR,MUHİTTİN BOŞAT,6.11.1994 - 14:00
1104,https://www.tff.org/Default.aspx?pageId=397&macId=48588,BEŞİKTAŞ                      ,4,KAYSERİSPOR                   ,1,BEŞİKTAŞ İNÖNÜ,METİN TOKAT,6.11.1994 - 19:00
1116,https://www.tff.org/Default.aspx?pageId=397&macId=48683,GENÇLERBİRLİĞİ                ,1,KOCAELİSPOR                   ,1,ANKARA 19 MAYIS,EROL ERSOY,12.11.1994 - 13:30
1113,https://www.tff.org/Default.aspx?pageId=397&macId=48704,SAMSUNSPOR                    ,2,BEŞİKTAŞ                      ,3,SAMSUN 19 MAYIS,SERDAR ÇAKMAN,13.11.1994 - 12:00
1115,https://www.tff.org/Default.aspx?pageId=397&macId=48706,ANTALYASPOR                   ,2,FENERBAHÇE                    ,1,ANTALYA ATATÜRK,VAHAP BEYAZ,13.11.1994 - 12:00
1111,https://www.tff.org/Default.aspx?pageId=397&macId=48702,PETROLOFİSİ                   ,1,DENİZLİSPOR                   ,3,ANKARA 19 MAYIS,MUSTAFA ÇULCU,13.11.1994 - 13:30
1114,https://www.tff.org/Default.aspx?pageId=397&macId=48705,KAYSERİSPOR                   ,1,GAZİANTEPSPOR                 ,1,KAYSERİ ATATÜRK,ENGİN KURT,13.11.1994 - 13:30
1110,https://www.tff.org/Default.aspx?pageId=397&macId=48701,ALTAY                         ,1,MKE ANKARAGÜCÜ                ,1,İZMİR ALSANCAK,NEDİM GÖKLÜ,13.11.1994 - 14:00
1109,https://www.tff.org/Default.aspx?pageId=397&macId=48700,GALATASARAY                   ,4,VANSPOR                       ,1,ALİ SAMİ YEN,AYHAN YÜCEBİLGİÇ,13.11.1994 - 19:00
1112,https://www.tff.org/Default.aspx?pageId=397&macId=48703,BURSASPOR                     ,2,ADANA DEMİRSPOR               ,0,BURSA ATATÜRK,ADNAN TÜRKKAN,13.11.1994 - 19:00
1117,https://www.tff.org/Default.aspx?pageId=397&macId=48707,ZEYTİNBURNUSPOR               ,1,TRABZONSPOR                   ,6,BEŞİKTAŞ İNÖNÜ,BÜLENT YAVUZ,13.11.1994 - 19:00
1119,https://www.tff.org/Default.aspx?pageId=397&macId=48797,ADANA DEMİRSPOR               ,1,GALATASARAY                   ,2,5 OCAK,METİN TOKAT,19.11.1994 - 12:00
1118,https://www.tff.org/Default.aspx?pageId=397&macId=48796,TRABZONSPOR                   ,1,BURSASPOR                     ,0,HÜSEYİN AVNİ AKER,SABRİ ÇELİK,19.11.1994 - 19:00
1120,https://www.tff.org/Default.aspx?pageId=397&macId=48807,GAZİANTEPSPOR                 ,1,SAMSUNSPOR                    ,2,KAMİL OCAK,MUHİTTİN BOŞAT,20.11.1994 - 13:30
1123,https://www.tff.org/Default.aspx?pageId=397&macId=48810,VANSPOR                       ,2,GENÇLERBİRLİĞİ                ,1,VALİ MAHMUT YILBAŞ,ORHAN ERDEMİR,20.11.1994 - 13:30
1126,https://www.tff.org/Default.aspx?pageId=397&macId=48813,MKE ANKARAGÜCÜ                ,2,ANTALYASPOR                   ,2,ANKARA 19 MAYIS,GALİP BİTİGEN,20.11.1994 - 13:30
1124,https://www.tff.org/Default.aspx?pageId=397&macId=48811,KOCAELİSPOR                   ,4,PETROLOFİSİ                   ,0, İSMETPAŞA,ÜNSAL ÇİMEN,20.11.1994 - 14:00
1125,https://www.tff.org/Default.aspx?pageId=397&macId=48812,DENİZLİSPOR                   ,1,ALTAY                         ,1,DENİZLİ ŞEHİR,TURGUT SIĞIÇ,20.11.1994 - 14:00
1121,https://www.tff.org/Default.aspx?pageId=397&macId=48808,FENERBAHÇE                    ,8,KAYSERİSPOR                   ,1,İZMİR ATATÜRK,MUSTAFA ÇULCU,20.11.1994 - 19:00
1122,https://www.tff.org/Default.aspx?pageId=397&macId=48809,BEŞİKTAŞ                      ,3,ZEYTİNBURNUSPOR               ,1,BEŞİKTAŞ İNÖNÜ,AHMET ÇAKAR,20.11.1994 - 19:00
1129,https://www.tff.org/Default.aspx?pageId=397&macId=48900,PETROLOFİSİ                   ,1,VANSPOR                       ,0,ANKARA 19 MAYIS,İBRAHİM AKSOY,26.11.1994 - 13:30
1131,https://www.tff.org/Default.aspx?pageId=397&macId=48919,SAMSUNSPOR                    ,1,FENERBAHÇE                    ,2,SAMSUN 19 MAYIS,BÜLENT YAVUZ,27.11.1994 - 12:00
1135,https://www.tff.org/Default.aspx?pageId=397&macId=48923,GAZİANTEPSPOR                 ,0,BEŞİKTAŞ                      ,0,KAMİL OCAK,METİN TOKAT,27.11.1994 - 12:00
1128,https://www.tff.org/Default.aspx?pageId=397&macId=48917,KAYSERİSPOR                   ,4,MKE ANKARAGÜCÜ                ,2,KAYSERİ ATATÜRK,ALİCAN LAKOT,27.11.1994 - 13:30
1134,https://www.tff.org/Default.aspx?pageId=397&macId=48922,GENÇLERBİRLİĞİ                ,0,ADANA DEMİRSPOR               ,0,ANKARA 19 MAYIS,SELAMİ ŞİMŞEK,27.11.1994 - 13:30
1132,https://www.tff.org/Default.aspx?pageId=397&macId=48920,ANTALYASPOR                   ,1,DENİZLİSPOR                   ,1,ANTALYA ATATÜRK,SERDAR ÇAKIR,27.11.1994 - 14:00
1133,https://www.tff.org/Default.aspx?pageId=397&macId=48921,ALTAY                         ,0,KOCAELİSPOR                   ,2,İZMİR ALSANCAK,SABRİ ÇELİK,27.11.1994 - 14:00
1127,https://www.tff.org/Default.aspx?pageId=397&macId=48916,GALATASARAY                   ,2,TRABZONSPOR                   ,1,ALİ SAMİ YEN,AHMET ÇAKAR,27.11.1994 - 19:00
1130,https://www.tff.org/Default.aspx?pageId=397&macId=48918,BURSASPOR                     ,3,ZEYTİNBURNUSPOR               ,0,BURSA ATATÜRK,MUSTAFA ARSLAN,27.11.1994 - 19:00
1141,https://www.tff.org/Default.aspx?pageId=397&macId=49081,TRABZONSPOR                   ,4,GENÇLERBİRLİĞİ                ,0,HÜSEYİN AVNİ AKER,İBRAHİM AKSOY,3.12.1994 - 12:00
1140,https://www.tff.org/Default.aspx?pageId=397&macId=49080,BURSASPOR                     ,2,GALATASARAY                   ,1,BURSA ATATÜRK,BÜLENT YAVUZ,3.12.1994 - 19:00
1136,https://www.tff.org/Default.aspx?pageId=397&macId=49012,ADANA DEMİRSPOR               ,1,PETROLOFİSİ                   ,1,5 OCAK,ENGİN KURT,4.12.1994 - 13:30
1144,https://www.tff.org/Default.aspx?pageId=397&macId=49018,MKE ANKARAGÜCÜ                ,1,SAMSUNSPOR                    ,0,ANKARA 19 MAYIS,MUSTAFA ÇULCU,4.12.1994 - 13:33
1137,https://www.tff.org/Default.aspx?pageId=397&macId=49013,DENİZLİSPOR                   ,3,KAYSERİSPOR                   ,0,DENİZLİ ŞEHİR,YILNUR ÖNEN,4.12.1994 - 14:00
1138,https://www.tff.org/Default.aspx?pageId=397&macId=49014,ZEYTİNBURNUSPOR               ,1,GAZİANTEPSPOR                 ,1,ZEYTİNBURNU,ÜNSAL ÇİMEN,4.12.1994 - 14:00
1143,https://www.tff.org/Default.aspx?pageId=397&macId=49017,KOCAELİSPOR                   ,2,ANTALYASPOR                   ,1,KOCAELİ ESKİ,TURGUT SIĞIÇ,4.12.1994 - 14:00
1139,https://www.tff.org/Default.aspx?pageId=397&macId=49015,FENERBAHÇE                    ,1,BEŞİKTAŞ                      ,1,FB ŞÜKRÜ SARACOĞLU,OĞUZ SARVAN,4.12.1994 - 19:00
1142,https://www.tff.org/Default.aspx?pageId=397&macId=49016,VANSPOR                       ,1,ALTAY                         ,1,VALİ MAHMUT YILBAŞ,MUHİTTİN BOŞAT,25.12.1994 - 13:30
1147,https://www.tff.org/Default.aspx?pageId=397&macId=49154,GENÇLERBİRLİĞİ                ,1,BURSASPOR                     ,0,ANKARA 19 MAYIS,ALİCAN LAKOT,17.12.1994 - 13:30
1153,https://www.tff.org/Default.aspx?pageId=397&macId=49164,GAZİANTEPSPOR                 ,1,FENERBAHÇE                    ,1,KAMİL OCAK,MUSTAFA ÇULCU,18.12.1994 - 12:00
1149,https://www.tff.org/Default.aspx?pageId=397&macId=49160,SAMSUNSPOR                    ,1,DENİZLİSPOR                   ,1,SAMSUN 19 MAYIS,OSMAN AVCI,18.12.1994 - 13:30
1152,https://www.tff.org/Default.aspx?pageId=397&macId=49163,PETROLOFİSİ                   ,2,TRABZONSPOR                   ,5,ANKARA 19 MAYIS,NEDİM GÖKLÜ,18.12.1994 - 13:30
1150,https://www.tff.org/Default.aspx?pageId=397&macId=49161,KAYSERİSPOR                   ,4,KOCAELİSPOR                   ,2,KAYSERİ ATATÜRK,EROL ERSOY,18.12.1994 - 13:31
1146,https://www.tff.org/Default.aspx?pageId=397&macId=49158,ANTALYASPOR                   ,1,VANSPOR                       ,0,ANTALYA ATATÜRK,MUSTAFA ARSLAN,18.12.1994 - 14:00
1151,https://www.tff.org/Default.aspx?pageId=397&macId=49162,ALTAY                         ,3,ADANA DEMİRSPOR               ,2,İZMİR ALSANCAK,VAHAP BEYAZ,18.12.1994 - 14:00
1145,https://www.tff.org/Default.aspx?pageId=397&macId=49157,GALATASARAY                   ,4,ZEYTİNBURNUSPOR               ,0,ALİ SAMİ YEN,SERDAR ÇAKIR,18.12.1994 - 19:00
1148,https://www.tff.org/Default.aspx?pageId=397&macId=49159,BEŞİKTAŞ                      ,5,MKE ANKARAGÜCÜ                ,1,BEŞİKTAŞ İNÖNÜ,GALİP BİTİGEN,18.12.1994 - 19:00
1157,https://www.tff.org/Default.aspx?pageId=397&macId=49181,PETROLOFİSİ                   ,1,BURSASPOR                     ,0,ANKARA 19 MAYIS,ORHAN ERDEMİR,21.01.1995 - 13:00
1158,https://www.tff.org/Default.aspx?pageId=397&macId=49185,KAYSERİSPOR                   ,4,VANSPOR                       ,1,KAYSERİ ATATÜRK,SEFER ALTUNTAŞ,22.01.1995 - 13:00
1159,https://www.tff.org/Default.aspx?pageId=397&macId=49186,SAMSUNSPOR                    ,1,KOCAELİSPOR                   ,0,SAMSUN 19 MAYIS,ÜNSAL ÇİMEN,22.01.1995 - 13:00
1161,https://www.tff.org/Default.aspx?pageId=397&macId=49188,GAZİANTEPSPOR                 ,3,MKE ANKARAGÜCÜ                ,2,KAMİL OCAK,ERDAL GÜLEÇ,22.01.1995 - 13:00
1156,https://www.tff.org/Default.aspx?pageId=397&macId=49184,ANTALYASPOR                   ,2,ADANA DEMİRSPOR               ,1,ANTALYA ATATÜRK,GALİP BİTİGEN,22.01.1995 - 13:30
1154,https://www.tff.org/Default.aspx?pageId=397&macId=49182,GENÇLERBİRLİĞİ                ,3,GALATASARAY                   ,1,ANKARA 19 MAYIS,OĞUZ SARVAN,22.01.1995 - 19:00
1155,https://www.tff.org/Default.aspx?pageId=397&macId=49183,ALTAY                         ,0,TRABZONSPOR                   ,1,İZMİR ATATÜRK,AYHAN YÜCEBİLGİÇ,22.01.1995 - 19:00
1160,https://www.tff.org/Default.aspx?pageId=397&macId=49187,BEŞİKTAŞ                      ,2,DENİZLİSPOR                   ,0,BEŞİKTAŞ İNÖNÜ,ALİCAN LAKOT,22.01.1995 - 19:00
1162,https://www.tff.org/Default.aspx?pageId=397&macId=49189,FENERBAHÇE                    ,3,ZEYTİNBURNUSPOR               ,0,FB ŞÜKRÜ SARACOĞLU,MUHİTTİN BOŞAT,22.01.1995 - 19:00
1166,https://www.tff.org/Default.aspx?pageId=397&macId=49222,VANSPOR                       ,5,SAMSUNSPOR                    ,1,VALİ MAHMUT YILBAŞ,TURGUT SIĞIÇ,29.01.1995 - 13:00
1167,https://www.tff.org/Default.aspx?pageId=397&macId=49223,TRABZONSPOR                   ,0,ANTALYASPOR                   ,0,HÜSEYİN AVNİ AKER,YILNUR ÖNEN,29.01.1995 - 13:00
1170,https://www.tff.org/Default.aspx?pageId=397&macId=49226,ADANA DEMİRSPOR               ,0,KAYSERİSPOR                   ,2,5 OCAK,SABRİ ÇELİK,29.01.1995 - 13:00
1163,https://www.tff.org/Default.aspx?pageId=397&macId=49219,BURSASPOR                     ,1,ALTAY                         ,1,BURSA ATATÜRK,NEDİM GÖKLÜ,29.01.1995 - 13:30
1164,https://www.tff.org/Default.aspx?pageId=397&macId=49220,DENİZLİSPOR                   ,2,GAZİANTEPSPOR                 ,1,DENİZLİ ŞEHİR,AHMET ÇAKAR,29.01.1995 - 13:30
1169,https://www.tff.org/Default.aspx?pageId=397&macId=49225,ZEYTİNBURNUSPOR               ,0,GENÇLERBİRLİĞİ                ,0,ZEYTİNBURNU,ENGİN KURT,29.01.1995 - 13:30
1165,https://www.tff.org/Default.aspx?pageId=397&macId=49221,KOCAELİSPOR                   ,1,BEŞİKTAŞ                      ,1, İSMETPAŞA,METİN TOKAT,29.01.1995 - 19:00
1168,https://www.tff.org/Default.aspx?pageId=397&macId=49224,GALATASARAY                   ,2,PETROLOFİSİ                   ,0,ALİ SAMİ YEN,EROL ERSOY,29.01.1995 - 19:00
1171,https://www.tff.org/Default.aspx?pageId=397&macId=49227,MKE ANKARAGÜCÜ                ,2,FENERBAHÇE                    ,3,ANKARA 19 MAYIS,BÜLENT YAVUZ,29.01.1995 - 19:00
1172,https://www.tff.org/Default.aspx?pageId=397&macId=49253,MKE ANKARAGÜCÜ                ,2,ZEYTİNBURNUSPOR               ,2,ANKARA 19 MAYIS,AHMET İBANOĞLU,4.02.1995 - 13:00
1174,https://www.tff.org/Default.aspx?pageId=397&macId=49254,BEŞİKTAŞ                      ,3,VANSPOR                       ,0,BEŞİKTAŞ İNÖNÜ,İBRAHİM AKSOY,4.02.1995 - 19:00
1176,https://www.tff.org/Default.aspx?pageId=397&macId=49257,KAYSERİSPOR                   ,0,TRABZONSPOR                   ,0,KAYSERİ ATATÜRK,VAHAP BEYAZ,5.02.1995 - 13:00
1177,https://www.tff.org/Default.aspx?pageId=397&macId=49258,SAMSUNSPOR                    ,5,ADANA DEMİRSPOR               ,1,SAMSUN 19 MAYIS,SELAMİ ŞİMŞEK,5.02.1995 - 13:00
1179,https://www.tff.org/Default.aspx?pageId=397&macId=49260,PETROLOFİSİ                   ,1,GENÇLERBİRLİĞİ                ,2,ANKARA 19 MAYIS,SABRİ ÇELİK,5.02.1995 - 13:00
1180,https://www.tff.org/Default.aspx?pageId=397&macId=49261,GAZİANTEPSPOR                 ,2,KOCAELİSPOR                   ,0,KAMİL OCAK,OSMAN AVCI,5.02.1995 - 13:00
1173,https://www.tff.org/Default.aspx?pageId=397&macId=49255,ANTALYASPOR                   ,0,BURSASPOR                     ,1,ANTALYA ATATÜRK,ÜNSAL ÇİMEN,5.02.1995 - 13:30
1175,https://www.tff.org/Default.aspx?pageId=397&macId=49256,ALTAY                         ,0,GALATASARAY                   ,3,İZMİR ATATÜRK,GALİP BİTİGEN,5.02.1995 - 19:00
1178,https://www.tff.org/Default.aspx?pageId=397&macId=49259,FENERBAHÇE                    ,3,DENİZLİSPOR                   ,0,FB ŞÜKRÜ SARACOĞLU,AYHAN YÜCEBİLGİÇ,5.02.1995 - 19:03
1184,https://www.tff.org/Default.aspx?pageId=397&macId=49287,ADANA DEMİRSPOR               ,0,BEŞİKTAŞ                      ,1,5 OCAK,BÜLENT YAVUZ,11.02.1995 - 12:00
1185,https://www.tff.org/Default.aspx?pageId=397&macId=49288,BURSASPOR                     ,1,KAYSERİSPOR                   ,1,BURSA ATATÜRK,MUSTAFA ARSLAN,11.02.1995 - 19:00
1181,https://www.tff.org/Default.aspx?pageId=397&macId=49289,TRABZONSPOR                   ,5,SAMSUNSPOR                    ,0,HÜSEYİN AVNİ AKER,AYHAN YÜCEBİLGİÇ,12.02.1995 - 13:00
1186,https://www.tff.org/Default.aspx?pageId=397&macId=49292,GENÇLERBİRLİĞİ                ,2,ALTAY                         ,0,ANKARA 19 MAYIS,ORHAN ERDEMİR,12.02.1995 - 13:00
1188,https://www.tff.org/Default.aspx?pageId=397&macId=49294,VANSPOR                       ,2,GAZİANTEPSPOR                 ,0,VALİ MAHMUT YILBAŞ,SERDAR ÇAKIR,12.02.1995 - 13:00
1183,https://www.tff.org/Default.aspx?pageId=397&macId=49291,DENİZLİSPOR                   ,0,MKE ANKARAGÜCÜ                ,0,DENİZLİ ŞEHİR,BÜLENT UZUN,12.02.1995 - 13:30
1187,https://www.tff.org/Default.aspx?pageId=397&macId=49293,ZEYTİNBURNUSPOR               ,2,PETROLOFİSİ                   ,1,SAKARYA ATATÜRK,NEDİM GÖKLÜ,12.02.1995 - 13:30
1182,https://www.tff.org/Default.aspx?pageId=397&macId=49290,GALATASARAY                   ,0,ANTALYASPOR                   ,3,ALİ SAMİ YEN,MUSTAFA ÇULCU,15.03.1995 - 17:00
1189,https://www.tff.org/Default.aspx?pageId=397&macId=49295,KOCAELİSPOR                   ,3,FENERBAHÇE                    ,2, İSMETPAŞA,GALİP BİTİGEN,15.03.1995 - 17:00
1190,https://www.tff.org/Default.aspx?pageId=397&macId=49323,KAYSERİSPOR                   ,0,GALATASARAY                   ,2,KAYSERİ ATATÜRK,ÜNSAL ÇİMEN,19.02.1995 - 12:00
1194,https://www.tff.org/Default.aspx?pageId=397&macId=49327,SAMSUNSPOR                    ,1,BURSASPOR                     ,1,SAMSUN 19 MAYIS,ENGİN KURT,19.02.1995 - 13:00
1196,https://www.tff.org/Default.aspx?pageId=397&macId=49329,GAZİANTEPSPOR                 ,2,ADANA DEMİRSPOR               ,0,KAMİL OCAK,YILNUR ÖNEN,19.02.1995 - 13:00
1198,https://www.tff.org/Default.aspx?pageId=397&macId=49331,MKE ANKARAGÜCÜ                ,2,KOCAELİSPOR                   ,1,ANKARA 19 MAYIS,ALİCAN LAKOT,19.02.1995 - 13:00
1191,https://www.tff.org/Default.aspx?pageId=397&macId=49324,ALTAY                         ,1,PETROLOFİSİ                   ,0,İZMİR ALSANCAK,MUHİTTİN BOŞAT,19.02.1995 - 13:30
1192,https://www.tff.org/Default.aspx?pageId=397&macId=49325,ANTALYASPOR                   ,0,GENÇLERBİRLİĞİ                ,0,ANTALYA ATATÜRK,AHMET ÇAKAR,19.02.1995 - 13:30
1193,https://www.tff.org/Default.aspx?pageId=397&macId=49326,DENİZLİSPOR                   ,1,ZEYTİNBURNUSPOR               ,0,DENİZLİ ŞEHİR,MUSTAFA ARSLAN,19.02.1995 - 13:32
1197,https://www.tff.org/Default.aspx?pageId=397&macId=49330,FENERBAHÇE                    ,2,VANSPOR                       ,1,FB ŞÜKRÜ SARACOĞLU,GALİP BİTİGEN,19.02.1995 - 19:02
1195,https://www.tff.org/Default.aspx?pageId=397&macId=49328,BEŞİKTAŞ                      ,4,TRABZONSPOR                   ,0,BEŞİKTAŞ İNÖNÜ,VAHAP BEYAZ,19.02.1995 - 19:03
1199,https://www.tff.org/Default.aspx?pageId=397&macId=49401,PETROLOFİSİ                   ,2,ANTALYASPOR                   ,0,ANKARA 19 MAYIS,SERDAR ÇAKIR,25.02.1995 - 13:00
1202,https://www.tff.org/Default.aspx?pageId=397&macId=49402,BURSASPOR                     ,2,BEŞİKTAŞ                      ,2,BURSA ATATÜRK,GALİP BİTİGEN,25.02.1995 - 19:00
1201,https://www.tff.org/Default.aspx?pageId=397&macId=49404,ADANA DEMİRSPOR               ,0,FENERBAHÇE                    ,1,5 OCAK,ENGİN KURT,26.02.1995 - 12:00
1204,https://www.tff.org/Default.aspx?pageId=397&macId=49406,GENÇLERBİRLİĞİ                ,3,KAYSERİSPOR                   ,1,ANKARA 19 MAYIS,EROL ERSOY,26.02.1995 - 13:00
1206,https://www.tff.org/Default.aspx?pageId=397&macId=49408,VANSPOR                       ,1,MKE ANKARAGÜCÜ                ,1,VALİ MAHMUT YILBAŞ,ÜNSAL ÇİMEN,26.02.1995 - 13:00
1207,https://www.tff.org/Default.aspx?pageId=397&macId=49409,TRABZONSPOR                   ,3,GAZİANTEPSPOR                 ,0,HÜSEYİN AVNİ AKER,MUSTAFA ARSLAN,26.02.1995 - 13:00
1200,https://www.tff.org/Default.aspx?pageId=397&macId=49403,ZEYTİNBURNUSPOR               ,0,ALTAY                         ,0,ZEYTİNBURNU,TURGUT SIĞIÇ,26.02.1995 - 13:30
1205,https://www.tff.org/Default.aspx?pageId=397&macId=49407,KOCAELİSPOR                   ,4,DENİZLİSPOR                   ,1, İSMETPAŞA,ORHAN ERDEMİR,26.02.1995 - 13:30
1203,https://www.tff.org/Default.aspx?pageId=397&macId=49405,GALATASARAY                   ,0,SAMSUNSPOR                    ,1,ALİ SAMİ YEN,İBRAHİM AKSOY,26.02.1995 - 19:00
1212,https://www.tff.org/Default.aspx?pageId=397&macId=49509,FENERBAHÇE                    ,1,TRABZONSPOR                   ,1,FB ŞÜKRÜ SARACOĞLU,BÜLENT YAVUZ,4.03.1995 - 19:00
1211,https://www.tff.org/Default.aspx?pageId=397&macId=49513,GAZİANTEPSPOR                 ,4,BURSASPOR                     ,2,KAMİL OCAK,MUHİTTİN BOŞAT,5.03.1995 - 12:00
1209,https://www.tff.org/Default.aspx?pageId=397&macId=49511,MKE ANKARAGÜCÜ                ,3,ADANA DEMİRSPOR               ,0,ANKARA 19 MAYIS,OSMAN AVCI,5.03.1995 - 13:30
1214,https://www.tff.org/Default.aspx?pageId=397&macId=49515,KAYSERİSPOR                   ,3,PETROLOFİSİ                   ,1,KAYSERİ ATATÜRK,SELAMİ ŞİMŞEK,5.03.1995 - 13:30
1215,https://www.tff.org/Default.aspx?pageId=397&macId=49516,SAMSUNSPOR                    ,1,GENÇLERBİRLİĞİ                ,3,SAMSUN 19 MAYIS,NEDİM GÖKLÜ,5.03.1995 - 13:30
1210,https://www.tff.org/Default.aspx?pageId=397&macId=49512,ANTALYASPOR                   ,0,ALTAY                         ,1,ANTALYA ATATÜRK,SABRİ ÇELİK,5.03.1995 - 14:00
1213,https://www.tff.org/Default.aspx?pageId=397&macId=49514,DENİZLİSPOR                   ,4,VANSPOR                       ,0,DENİZLİ ŞEHİR,GALİP BİTİGEN,5.03.1995 - 14:00
1216,https://www.tff.org/Default.aspx?pageId=397&macId=49517,KOCAELİSPOR                   ,4,ZEYTİNBURNUSPOR               ,1, İSMETPAŞA,AYHAN YÜCEBİLGİÇ,5.03.1995 - 14:00
1208,https://www.tff.org/Default.aspx?pageId=397&macId=49510,BEŞİKTAŞ                      ,2,GALATASARAY                   ,3,BEŞİKTAŞ İNÖNÜ,AHMET ÇAKAR,5.03.1995 - 19:00
1220,https://www.tff.org/Default.aspx?pageId=397&macId=49623,GENÇLERBİRLİĞİ                ,1,BEŞİKTAŞ                      ,3,ANKARA 19 MAYIS,AYHAN YÜCEBİLGİÇ,11.03.1995 - 19:00
1223,https://www.tff.org/Default.aspx?pageId=397&macId=49620,VANSPOR                       ,0,KOCAELİSPOR                   ,0,VALİ MAHMUT YILBAŞ,BÜLENT UZUN,12.03.1995 - 13:00
1218,https://www.tff.org/Default.aspx?pageId=397&macId=49616,PETROLOFİSİ                   ,2,SAMSUNSPOR                    ,2,ANKARA 19 MAYIS,EROL ERSOY,12.03.1995 - 13:30
1224,https://www.tff.org/Default.aspx?pageId=397&macId=49621,ADANA DEMİRSPOR               ,1,DENİZLİSPOR                   ,1,5 OCAK,SERDAR ÇAKIR,12.03.1995 - 13:30
1221,https://www.tff.org/Default.aspx?pageId=397&macId=49618,ALTAY                         ,2,KAYSERİSPOR                   ,1,İZMİR ALSANCAK,AHMET İBANOĞLU,12.03.1995 - 14:00
1222,https://www.tff.org/Default.aspx?pageId=397&macId=49619,ZEYTİNBURNUSPOR               ,2,ANTALYASPOR                   ,2,ZEYTİNBURNU,İBRAHİM AKSOY,12.03.1995 - 14:00
1217,https://www.tff.org/Default.aspx?pageId=397&macId=49615,BURSASPOR                     ,1,FENERBAHÇE                    ,1,İZMİR ATATÜRK,ÜNSAL ÇİMEN,12.03.1995 - 19:00
1219,https://www.tff.org/Default.aspx?pageId=397&macId=49617,TRABZONSPOR                   ,4,MKE ANKARAGÜCÜ                ,0,HÜSEYİN AVNİ AKER,MUSTAFA ÇULCU,12.03.1995 - 19:00
1225,https://www.tff.org/Default.aspx?pageId=397&macId=49622,GALATASARAY                   ,1,GAZİANTEPSPOR                 ,2,ALİ SAMİ YEN,ALİCAN LAKOT,12.03.1995 - 19:00
1230,https://www.tff.org/Default.aspx?pageId=397&macId=49704,MKE ANKARAGÜCÜ                ,0,BURSASPOR                     ,0,ANKARA 19 MAYIS,SELAMİ ŞİMŞEK,18.03.1995 - 12:00
1233,https://www.tff.org/Default.aspx?pageId=397&macId=49705,BEŞİKTAŞ                      ,3,PETROLOFİSİ                   ,1,BEŞİKTAŞ İNÖNÜ,SABRİ ÇELİK,18.03.1995 - 19:00
1226,https://www.tff.org/Default.aspx?pageId=397&macId=49706,DENİZLİSPOR                   ,0,TRABZONSPOR                   ,1,DENİZLİ ŞEHİR,BÜLENT YAVUZ,19.03.1995 - 12:00
1234,https://www.tff.org/Default.aspx?pageId=397&macId=49712,VANSPOR                       ,1,ZEYTİNBURNUSPOR               ,1,VALİ MAHMUT YILBAŞ,SEFER ALTUNTAŞ,19.03.1995 - 13:00
1227,https://www.tff.org/Default.aspx?pageId=397&macId=49707,KAYSERİSPOR                   ,4,ANTALYASPOR                   ,2,KAYSERİ ATATÜRK,NECDET ERDİLEK,19.03.1995 - 13:30
1228,https://www.tff.org/Default.aspx?pageId=397&macId=49708,GAZİANTEPSPOR                 ,3,GENÇLERBİRLİĞİ                ,1,KAMİL OCAK,OĞUZ SARVAN,19.03.1995 - 13:30
1232,https://www.tff.org/Default.aspx?pageId=397&macId=49711,SAMSUNSPOR                    ,0,ALTAY                         ,1,ANKARA 19 MAYIS,TURGUT SIĞIÇ,19.03.1995 - 13:30
1231,https://www.tff.org/Default.aspx?pageId=397&macId=49710,KOCAELİSPOR                   ,1,ADANA DEMİRSPOR               ,1, İSMETPAŞA,MUSTAFA ARSLAN,19.03.1995 - 14:00
1229,https://www.tff.org/Default.aspx?pageId=397&macId=49709,FENERBAHÇE                    ,3,GALATASARAY                   ,0,FB ŞÜKRÜ SARACOĞLU,METİN TOKAT,19.03.1995 - 19:03
1238,https://www.tff.org/Default.aspx?pageId=397&macId=49794,ALTAY                         ,2,BEŞİKTAŞ                      ,8,İZMİR ATATÜRK,İBRAHİM AKSOY,24.03.1995 - 19:00
1237,https://www.tff.org/Default.aspx?pageId=397&macId=49795,GENÇLERBİRLİĞİ                ,2,FENERBAHÇE                    ,1,ANKARA 19 MAYIS,ÜNSAL ÇİMEN,25.03.1995 - 19:00
1242,https://www.tff.org/Default.aspx?pageId=397&macId=49796,TRABZONSPOR                   ,4,KOCAELİSPOR                   ,0,HÜSEYİN AVNİ AKER,MUHİTTİN BOŞAT,25.03.1995 - 19:00
1243,https://www.tff.org/Default.aspx?pageId=397&macId=49797,GALATASARAY                   ,2,MKE ANKARAGÜCÜ                ,1,ALİ SAMİ YEN,AYHAN YÜCEBİLGİÇ,25.03.1995 - 19:03
1236,https://www.tff.org/Default.aspx?pageId=397&macId=49799,PETROLOFİSİ                   ,2,GAZİANTEPSPOR                 ,2,ANKARA 19 MAYIS,OSMAN AVCI,26.03.1995 - 14:30
1241,https://www.tff.org/Default.aspx?pageId=397&macId=49802,ADANA DEMİRSPOR               ,0,VANSPOR                       ,0,5 OCAK,ERDAL GÜLEÇ,26.03.1995 - 14:34
1239,https://www.tff.org/Default.aspx?pageId=397&macId=49800,ANTALYASPOR                   ,2,SAMSUNSPOR                    ,0,ANTALYA ATATÜRK,SERDAR ÇAKIR,26.03.1995 - 15:00
1240,https://www.tff.org/Default.aspx?pageId=397&macId=49801,ZEYTİNBURNUSPOR               ,1,KAYSERİSPOR                   ,0,ZEYTİNBURNU,ALİCAN LAKOT,26.03.1995 - 15:00
1235,https://www.tff.org/Default.aspx?pageId=397&macId=49798,BURSASPOR                     ,3,DENİZLİSPOR                   ,2,BURSA ATATÜRK,NEDİM GÖKLÜ,26.03.1995 - 19:00
1248,https://www.tff.org/Default.aspx?pageId=397&macId=49886,KOCAELİSPOR                   ,1,BURSASPOR                     ,1, İSMETPAŞA,OSMAN AVCI,1.04.1995 - 19:00
1247,https://www.tff.org/Default.aspx?pageId=397&macId=49890,DENİZLİSPOR                   ,0,GALATASARAY                   ,0,DENİZLİ ŞEHİR,TURGUT SIĞIÇ,2.04.1995 - 12:00
1249,https://www.tff.org/Default.aspx?pageId=397&macId=49891,VANSPOR                       ,0,TRABZONSPOR                   ,2,VALİ MAHMUT YILBAŞ,ENGİN KURT,2.04.1995 - 12:00
1245,https://www.tff.org/Default.aspx?pageId=397&macId=49888,GAZİANTEPSPOR                 ,2,ALTAY                         ,0,KAMİL OCAK,BÜLENT YAVUZ,2.04.1995 - 14:30
1246,https://www.tff.org/Default.aspx?pageId=397&macId=49889,ADANA DEMİRSPOR               ,1,ZEYTİNBURNUSPOR               ,2,5 OCAK,BÜLENT UZUN,2.04.1995 - 14:30
1252,https://www.tff.org/Default.aspx?pageId=397&macId=49894,MKE ANKARAGÜCÜ                ,1,GENÇLERBİRLİĞİ                ,2,ANKARA 19 MAYIS,SABRİ ÇELİK,2.04.1995 - 14:34
1244,https://www.tff.org/Default.aspx?pageId=397&macId=49887,BEŞİKTAŞ                      ,2,ANTALYASPOR                   ,1,BEŞİKTAŞ İNÖNÜ,AHMET ÇAKAR,2.04.1995 - 19:00
1250,https://www.tff.org/Default.aspx?pageId=397&macId=49892,SAMSUNSPOR                    ,2,KAYSERİSPOR                   ,2,SAMSUN 19 MAYIS,SEFER ALTUNTAŞ,2.04.1995 - 19:00
1251,https://www.tff.org/Default.aspx?pageId=397&macId=49893,FENERBAHÇE                    ,6,PETROLOFİSİ                   ,2,FB ŞÜKRÜ SARACOĞLU,ALİCAN LAKOT,2.04.1995 - 19:00
1261,https://www.tff.org/Default.aspx?pageId=397&macId=49999,PETROLOFİSİ                   ,1,MKE ANKARAGÜCÜ                ,2,ANKARA 19 MAYIS,ÜNSAL ÇİMEN,8.04.1995 - 14:30
1256,https://www.tff.org/Default.aspx?pageId=397&macId=49998,ALTAY                         ,2,FENERBAHÇE                    ,1,İZMİR ATATÜRK,NEDİM GÖKLÜ,8.04.1995 - 19:00
1257,https://www.tff.org/Default.aspx?pageId=397&macId=50003,KAYSERİSPOR                   ,1,BEŞİKTAŞ                      ,2,KAYSERİ ATATÜRK,VAHAP BEYAZ,9.04.1995 - 12:00
1254,https://www.tff.org/Default.aspx?pageId=397&macId=50001,GENÇLERBİRLİĞİ                ,2,DENİZLİSPOR                   ,2,ANKARA 19 MAYIS,SELAMİ ŞİMŞEK,9.04.1995 - 14:30
1255,https://www.tff.org/Default.aspx?pageId=397&macId=50002,ANTALYASPOR                   ,2,GAZİANTEPSPOR                 ,3,ANTALYA ATATÜRK,MUHİTTİN BOŞAT,9.04.1995 - 15:00
1258,https://www.tff.org/Default.aspx?pageId=397&macId=50004,ZEYTİNBURNUSPOR               ,1,SAMSUNSPOR                    ,2,ZEYTİNBURNU,OĞUZ SARVAN,9.04.1995 - 15:00
1259,https://www.tff.org/Default.aspx?pageId=397&macId=50005,TRABZONSPOR                   ,7,ADANA DEMİRSPOR               ,0,HÜSEYİN AVNİ AKER,AHMET ÇAKAR,9.04.1995 - 19:00
1260,https://www.tff.org/Default.aspx?pageId=397&macId=50006,GALATASARAY                   ,4,KOCAELİSPOR                   ,1,ALİ SAMİ YEN,SABRİ ÇELİK,9.04.1995 - 19:00
1253,https://www.tff.org/Default.aspx?pageId=397&macId=50000,BURSASPOR                     ,1,VANSPOR                       ,2,BURSA ATATÜRK,ORHAN ERDEMİR,9.04.1995 - 19:02
1269,https://www.tff.org/Default.aspx?pageId=397&macId=50110,KOCAELİSPOR                   ,3,GENÇLERBİRLİĞİ                ,2, İSMETPAŞA,MUHİTTİN BOŞAT,15.04.1995 - 19:03
1262,https://www.tff.org/Default.aspx?pageId=397&macId=50111,VANSPOR                       ,1,GALATASARAY                   ,2,VALİ MAHMUT YILBAŞ,İBRAHİM AKSOY,16.04.1995 - 12:00
1263,https://www.tff.org/Default.aspx?pageId=397&macId=50112,MKE ANKARAGÜCÜ                ,1,ALTAY                         ,0,ANKARA 19 MAYIS,OSMAN AVCI,16.04.1995 - 14:30
1265,https://www.tff.org/Default.aspx?pageId=397&macId=50114,ADANA DEMİRSPOR               ,2,BURSASPOR                     ,3,5 OCAK,NECDET ERDİLEK,16.04.1995 - 14:30
1267,https://www.tff.org/Default.aspx?pageId=397&macId=50116,GAZİANTEPSPOR                 ,2,KAYSERİSPOR                   ,0,KAMİL OCAK,MUSTAFA ARSLAN,16.04.1995 - 14:30
1264,https://www.tff.org/Default.aspx?pageId=397&macId=50113,DENİZLİSPOR                   ,1,PETROLOFİSİ                   ,1,DENİZLİ ŞEHİR,SERDAR ÇAKIR,16.04.1995 - 15:00
1266,https://www.tff.org/Default.aspx?pageId=397&macId=50115,BEŞİKTAŞ                      ,1,SAMSUNSPOR                    ,0,BEŞİKTAŞ İNÖNÜ,MUSTAFA ÇULCU,16.04.1995 - 19:00
1270,https://www.tff.org/Default.aspx?pageId=397&macId=50118,TRABZONSPOR                   ,3,ZEYTİNBURNUSPOR               ,0,HÜSEYİN AVNİ AKER,VAHAP BEYAZ,16.04.1995 - 19:00
1268,https://www.tff.org/Default.aspx?pageId=397&macId=50117,FENERBAHÇE                    ,3,ANTALYASPOR                   ,0,FB ŞÜKRÜ SARACOĞLU,SABRİ ÇELİK,16.04.1995 - 19:03
1272,https://www.tff.org/Default.aspx?pageId=397&macId=50318,GALATASARAY                   ,3,ADANA DEMİRSPOR               ,0,ALİ SAMİ YEN,EROL ERSOY,29.04.1995 - 19:00
1276,https://www.tff.org/Default.aspx?pageId=397&macId=50319,GENÇLERBİRLİĞİ                ,3,VANSPOR                       ,1,ANKARA 19 MAYIS,SEFER ALTUNTAŞ,29.04.1995 - 19:00
1274,https://www.tff.org/Default.aspx?pageId=397&macId=50322,KAYSERİSPOR                   ,1,FENERBAHÇE                    ,2,KAYSERİ ATATÜRK,İBRAHİM AKSOY,30.04.1995 - 12:00
1277,https://www.tff.org/Default.aspx?pageId=397&macId=50324,PETROLOFİSİ                   ,1,KOCAELİSPOR                   ,0,ANKARA 19 MAYIS,OĞUZ SARVAN,30.04.1995 - 14:30
1278,https://www.tff.org/Default.aspx?pageId=397&macId=50325,ALTAY                         ,1,DENİZLİSPOR                   ,1,İZMİR ALSANCAK,BÜLENT YAVUZ,30.04.1995 - 15:00
1279,https://www.tff.org/Default.aspx?pageId=397&macId=50326,ANTALYASPOR                   ,2,MKE ANKARAGÜCÜ                ,0,ANTALYA ATATÜRK,AHMET ÇAKAR,30.04.1995 - 15:00
1271,https://www.tff.org/Default.aspx?pageId=397&macId=50320,BURSASPOR                     ,0,TRABZONSPOR                   ,1,BURSA ATATÜRK,NEDİM GÖKLÜ,30.04.1995 - 19:00
1273,https://www.tff.org/Default.aspx?pageId=397&macId=50321,SAMSUNSPOR                    ,2,GAZİANTEPSPOR                 ,1,SAMSUN 19 MAYIS,MUSTAFA ARSLAN,30.04.1995 - 19:00
1275,https://www.tff.org/Default.aspx?pageId=397&macId=50323,ZEYTİNBURNUSPOR               ,0,BEŞİKTAŞ                      ,3,FB ŞÜKRÜ SARACOĞLU,MUHİTTİN BOŞAT,30.04.1995 - 19:00
1280,https://www.tff.org/Default.aspx?pageId=397&macId=50429,TRABZONSPOR                   ,2,GALATASARAY                   ,2,HÜSEYİN AVNİ AKER,ÜNSAL ÇİMEN,6.05.1995 - 19:05
1281,https://www.tff.org/Default.aspx?pageId=397&macId=50430,MKE ANKARAGÜCÜ                ,1,KAYSERİSPOR                   ,5,ANKARA 19 MAYIS,ERDAL GÜLEÇ,7.05.1995 - 16:00
1282,https://www.tff.org/Default.aspx?pageId=397&macId=50431,VANSPOR                       ,3,PETROLOFİSİ                   ,2,VALİ MAHMUT YILBAŞ,OSMAN AVCI,7.05.1995 - 16:00
1283,https://www.tff.org/Default.aspx?pageId=397&macId=50432,ZEYTİNBURNUSPOR               ,2,BURSASPOR                     ,2,ZEYTİNBURNU,BÜLENT YAVUZ,7.05.1995 - 16:00
1285,https://www.tff.org/Default.aspx?pageId=397&macId=50434,DENİZLİSPOR                   ,0,ANTALYASPOR                   ,0,DENİZLİ ŞEHİR,OĞUZ SARVAN,7.05.1995 - 16:00
1287,https://www.tff.org/Default.aspx?pageId=397&macId=50436,ADANA DEMİRSPOR               ,0,GENÇLERBİRLİĞİ                ,7,5 OCAK,SERDAR ÇAKIR,7.05.1995 - 16:00
1286,https://www.tff.org/Default.aspx?pageId=397&macId=50435,KOCAELİSPOR                   ,7,ALTAY                         ,1, İSMETPAŞA,SEBAHATTİN ŞAHİN,7.05.1995 - 19:00
1284,https://www.tff.org/Default.aspx?pageId=397&macId=50433,FENERBAHÇE                    ,4,SAMSUNSPOR                    ,1,FB ŞÜKRÜ SARACOĞLU,GALİP BİTİGEN,7.05.1995 - 19:03
1288,https://www.tff.org/Default.aspx?pageId=397&macId=50437,BEŞİKTAŞ                      ,2,GAZİANTEPSPOR                 ,0,BEŞİKTAŞ İNÖNÜ,VAHAP BEYAZ,7.05.1995 - 19:03
1289,https://www.tff.org/Default.aspx?pageId=397&macId=50533,PETROLOFİSİ                   ,2,ADANA DEMİRSPOR               ,0,ANKARA 19 MAYIS,BÜLENT UZUN,13.05.1995 - 16:00
1293,https://www.tff.org/Default.aspx?pageId=397&macId=50534,GALATASARAY                   ,0,BURSASPOR                     ,0,ALİ SAMİ YEN,OĞUZ SARVAN,13.05.1995 - 19:00
1297,https://www.tff.org/Default.aspx?pageId=397&macId=50535,SAMSUNSPOR                    ,4,MKE ANKARAGÜCÜ                ,2,SAMSUN 19 MAYIS,ENGİN KURT,13.05.1995 - 19:00
1290,https://www.tff.org/Default.aspx?pageId=397&macId=50536,KAYSERİSPOR                   ,5,DENİZLİSPOR                   ,1,KAYSERİ ATATÜRK,ALİCAN LAKOT,14.05.1995 - 16:00
1291,https://www.tff.org/Default.aspx?pageId=397&macId=50537,GAZİANTEPSPOR                 ,3,ZEYTİNBURNUSPOR               ,1,KAMİL OCAK,AYHAN YÜCEBİLGİÇ,14.05.1995 - 16:00
1296,https://www.tff.org/Default.aspx?pageId=397&macId=50541,ANTALYASPOR                   ,1,KOCAELİSPOR                   ,0,ANTALYA ATATÜRK,SERDAR ÇAKIR,14.05.1995 - 16:00
1295,https://www.tff.org/Default.aspx?pageId=397&macId=50540,ALTAY                         ,3,VANSPOR                       ,2,İZMİR ALSANCAK,MUSTAFA ARSLAN,14.05.1995 - 16:05
1292,https://www.tff.org/Default.aspx?pageId=397&macId=50538,BEŞİKTAŞ                      ,0,FENERBAHÇE                    ,0,BEŞİKTAŞ İNÖNÜ,SABRİ ÇELİK,14.05.1995 - 19:00
1294,https://www.tff.org/Default.aspx?pageId=397&macId=50539,GENÇLERBİRLİĞİ                ,1,TRABZONSPOR                   ,2,ANKARA 19 MAYIS,GALİP BİTİGEN,14.05.1995 - 19:00
1299,https://www.tff.org/Default.aspx?pageId=397&macId=50651,VANSPOR                       ,1,ANTALYASPOR                   ,4,VALİ MAHMUT YILBAŞ,MUSTAFA KÖMÜRCÜ,21.05.1995 - 16:00
1302,https://www.tff.org/Default.aspx?pageId=397&macId=50654,DENİZLİSPOR                   ,1,SAMSUNSPOR                    ,2,DENİZLİ ŞEHİR,SELAMİ ŞİMŞEK,21.05.1995 - 16:00
1304,https://www.tff.org/Default.aspx?pageId=397&macId=50656,ADANA DEMİRSPOR               ,1,ALTAY                         ,4,5 OCAK,TURGUT SIĞIÇ,21.05.1995 - 16:00
1298,https://www.tff.org/Default.aspx?pageId=397&macId=50650,ZEYTİNBURNUSPOR               ,3,GALATASARAY                   ,7,ALİ SAMİ YEN,ORHAN ERDEMİR,21.05.1995 - 19:00
1300,https://www.tff.org/Default.aspx?pageId=397&macId=50652,BURSASPOR                     ,2,GENÇLERBİRLİĞİ                ,1,BURSA ATATÜRK,MUSTAFA ÇULCU,21.05.1995 - 19:00
1301,https://www.tff.org/Default.aspx?pageId=397&macId=50653,MKE ANKARAGÜCÜ                ,0,BEŞİKTAŞ                      ,0,ANKARA 19 MAYIS,METİN TOKAT,21.05.1995 - 19:00
1303,https://www.tff.org/Default.aspx?pageId=397&macId=50655,KOCAELİSPOR                   ,4,KAYSERİSPOR                   ,3, İSMETPAŞA,BÜLENT YAVUZ,21.05.1995 - 19:00
1305,https://www.tff.org/Default.aspx?pageId=397&macId=50657,TRABZONSPOR                   ,3,PETROLOFİSİ                   ,2,HÜSEYİN AVNİ AKER,EROL ERSOY,21.05.1995 - 19:00
1306,https://www.tff.org/Default.aspx?pageId=397&macId=50658,FENERBAHÇE                    ,2,GAZİANTEPSPOR                 ,0,FB ŞÜKRÜ SARACOĞLU,ALİCAN LAKOT,21.05.1995 - 19:00
