Takim_adi,Oynadigi_mac_sayisi,Galibiyet_sayisi,Beraberlik_sayisi,Maglubiyet_sayisi,Attigi_gol_sayisi,Yedigi_gol_sayisi,Averaj,Puan
BEŞİKTAŞ,34,24,7,3,80,26,54,79
TRABZONSPOR,34,23,7,4,80,28,52,76
GALATASARAY,34,21,6,7,76,38,38,69
FENERBAHÇE,34,20,7,7,78,35,43,67
GENÇLERBİRLİĞİ,34,17,8,9,61,45,16,59
BURSASPOR,34,13,12,9,47,39,8,51
GAZİANTEPSPOR,34,14,6,14,48,50,-2,48
SAMSUNSPOR,34,12,9,13,54,60,-6,45
KOCAELİSPOR,34,12,8,14,57,60,-3,44
ALTAY,34,11,11,12,44,57,-13,44
KAYSERİSPOR,34,12,6,16,62,70,-8,42
VANSPOR,34,11,6,17,38,50,-12,39
ANTALYASPOR,34,10,8,16,39,46,-7,38
MKE ANKARAGÜCÜ,34,10,8,16,39,57,-18,38
DENİZLİSPOR,34,8,11,15,41,53,-12,35
ZEYTİNBURNUSPOR,34,7,9,18,35,74,-39,30
PETROLOFİSİ,34,8,5,21,38,73,-35,29
ADANA DEMİRSPOR,34,3,6,25,25,81,-56,15
