Takim_adi,Oynadigi_mac_sayisi,Galibiyet_sayisi,Beraberlik_sayisi,Maglubiyet_sayisi,Attigi_gol_sayisi,Yedigi_gol_sayisi,Averaj,Puan
GALATASARAY A.Ş,34,24,3,7,75,33,42,75
FENERBAHÇE A.Ş,34,21,9,4,78,36,42,72
MEDİPOL BAŞAKŞEHİR FK,34,22,6,6,62,34,28,72
BEŞİKTAŞ A.Ş,34,21,8,5,69,30,39,71
TRABZONSPOR A.Ş,34,15,10,9,63,51,12,55
GÖZTEPE A.Ş,34,13,10,11,49,50,-1,49
DEMİR GRUP SİVASSPOR,34,14,7,13,45,53,-8,49
KASIMPAŞA A.Ş,34,13,7,14,57,58,-1,46
KAYSERİSPOR,34,12,8,14,44,55,-11,44
EVKUR YENİ MALATYASPOR,34,11,10,13,38,45,-7,43
TELESET MOBİLYA AKHİSARSPOR,34,11,9,14,44,53,-9,42
AYTEMİZ ALANYASPOR,34,11,7,16,55,59,-4,40
BURSASPOR,34,11,6,17,43,48,-5,39
ANTALYASPOR A.Ş,34,10,8,16,40,59,-19,38
ATİKER KONYASPOR,34,9,9,16,38,42,-4,36
OSMANLISPOR FUTBOL KULÜBÜ,34,8,9,17,49,60,-11,33
GENÇLERBİRLİĞİ,34,8,9,17,37,54,-17,33
KARDEMİR KARABÜKSPOR,34,3,3,28,20,86,-66,12
