Takim_adi,Oynadigi_mac_sayisi,Galibiyet_sayisi,Beraberlik_sayisi,Maglubiyet_sayisi,Attigi_gol_sayisi,Yedigi_gol_sayisi,Averaj,Puan
BEŞİKTAŞ,30,23,7,0,58,20,38,76
FENERBAHÇE,30,23,2,5,81,35,46,71
GALATASARAY,30,19,3,8,54,35,19,60
TRABZONSPOR,30,16,7,7,56,31,25,55
AYDINSPOR,30,13,5,12,38,39,-1,44
BURSASPOR,30,10,10,10,44,43,1,40
SARIYER,30,11,5,14,34,44,-10,38
MKE ANKARAGUCU,30,9,10,11,42,44,-2,37
ALTAY,30,10,6,14,34,46,-12,36
GENÇLERBİRLİĞİ,30,7,13,10,40,46,-6,34
BAKIRKÖYSPOR,30,8,9,13,42,46,-4,33
KONYASPOR,30,8,8,14,28,34,-6,32
GAZIANTEPSPOR,30,7,11,12,34,53,-19,32
BOLUSPOR,30,8,7,15,29,38,-9,31
ADANA DEMIRSPOR,30,5,9,16,27,61,-34,24
SAMSUNSPOR,30,4,6,20,36,62,-26,18
