Mac_kodu,TFF_mac_linki,Ev_sahibi,Ev_sahibi_gol,Misafir_takim,Misafir_takim_gol,Stat,Ana_hakem,Tarih_saat
1008,https://www.tff.org/Default.aspx?pageId=397&macId=58419,GALATASARAY                   ,2,SARIYER                       ,0,ALİ SAMİ YEN,YÜKSEL OKÇUOĞLU,31.08.1991 - 15:30
1001,https://www.tff.org/Default.aspx?pageId=397&macId=57954,MKE ANKARAGUCU                ,2,BAKIRKÖYSPOR                  ,0,ANKARA 19 MAYIS,OĞUZ SARVAN,1.09.1991 - 15:30
1002,https://www.tff.org/Default.aspx?pageId=397&macId=57955,KONYASPOR                     ,0,BURSASPOR                     ,0,KONYA ATATÜRK,SADIK CEYHAN DEDA,1.09.1991 - 15:30
1003,https://www.tff.org/Default.aspx?pageId=397&macId=58388,FENERBAHÇE                    ,1,AYDINSPOR                     ,2,FB ŞÜKRÜ SARACOĞLU,YUSUF NAMOĞLU,1.09.1991 - 15:30
1005,https://www.tff.org/Default.aspx?pageId=397&macId=57946,TRABZONSPOR                   ,4,SAMSUNSPOR                    ,1,HÜSEYİN AVNİ AKER,HASAN CEYLAN,1.09.1991 - 15:30
1006,https://www.tff.org/Default.aspx?pageId=397&macId=57950,BOLUSPOR                      ,4,ALTAY                         ,1,BOLU ŞEHİR,KAZIM ÜNLÜSOY,1.09.1991 - 15:30
1007,https://www.tff.org/Default.aspx?pageId=397&macId=57951,BEŞİKTAŞ                      ,1,GENÇLERBİRLİĞİ                ,1,BEŞİKTAŞ İNÖNÜ,AHMET ÇAKAR,1.09.1991 - 15:30
1004,https://www.tff.org/Default.aspx?pageId=397&macId=57943,ADANA DEMIRSPOR               ,0,GAZIANTEPSPOR                 ,1,5 OCAK,ERMAN TOROĞLU,1.09.1991 - 17:00
1011,https://www.tff.org/Default.aspx?pageId=397&macId=58014,ALTAY                         ,1,BEŞİKTAŞ                      ,2,ANKARA 19 MAYIS,ZİHNİ AKSOY,7.09.1991 - 15:30
1016,https://www.tff.org/Default.aspx?pageId=397&macId=57980,GALATASARAY                   ,1,MKE ANKARAGUCU                ,0,ALİ SAMİ YEN,ÜNSAL ÇİMEN,7.09.1991 - 15:30
1009,https://www.tff.org/Default.aspx?pageId=397&macId=57982,BAKIRKÖYSPOR                  ,0,KONYASPOR                     ,0,ŞENLİKKÖY,SERDAR ÇAKMAN,8.09.1991 - 15:30
1010,https://www.tff.org/Default.aspx?pageId=397&macId=58029,GENÇLERBİRLİĞİ                ,4,SARIYER                       ,3,ANKARA 19 MAYIS,ŞÜKRÜ YAVUZ KARAOZAN,8.09.1991 - 15:30
1014,https://www.tff.org/Default.aspx?pageId=397&macId=58019,AYDINSPOR                     ,1,ADANA DEMIRSPOR               ,1,ADNAN MENDERES,ERDOĞAN KIRICI,8.09.1991 - 15:30
1015,https://www.tff.org/Default.aspx?pageId=397&macId=57987,BURSASPOR                     ,1,FENERBAHÇE                    ,2,BURSA ATATÜRK,ÜLKÜ TIRPANCI,8.09.1991 - 15:30
1013,https://www.tff.org/Default.aspx?pageId=397&macId=58017,GAZIANTEPSPOR                 ,2,TRABZONSPOR                   ,1,KAMİL OCAK,SABRİ ÇELİK,8.09.1991 - 15:35
1012,https://www.tff.org/Default.aspx?pageId=397&macId=58020,SAMSUNSPOR                    ,2,BOLUSPOR                      ,2,SAMSUN 19 MAYIS,AHMET İBANOĞLU,8.09.1991 - 15:40
1020,https://www.tff.org/Default.aspx?pageId=397&macId=57962,TRABZONSPOR                   ,3,AYDINSPOR                     ,0,HÜSEYİN AVNİ AKER,OĞUZ SARVAN,14.09.1991 - 15:30
1022,https://www.tff.org/Default.aspx?pageId=397&macId=57966,BEŞİKTAŞ                      ,5,SAMSUNSPOR                    ,1,BEŞİKTAŞ İNÖNÜ,METİN TOKAT,14.09.1991 - 15:30
1024,https://www.tff.org/Default.aspx?pageId=397&macId=57969,GENÇLERBİRLİĞİ                ,0,GALATASARAY                   ,0,ANKARA 19 MAYIS,SADIK CEYHAN DEDA,14.09.1991 - 15:35
1017,https://www.tff.org/Default.aspx?pageId=397&macId=57957,KONYASPOR                     ,2,MKE ANKARAGUCU                ,4,KONYA ATATÜRK,İBRAHİM AKSOY,15.09.1991 - 15:30
1018,https://www.tff.org/Default.aspx?pageId=397&macId=57960,FENERBAHÇE                    ,4,BAKIRKÖYSPOR                  ,2,FB ŞÜKRÜ SARACOĞLU,SERDAR ÇAKIR,15.09.1991 - 15:30
1021,https://www.tff.org/Default.aspx?pageId=397&macId=57964,BOLUSPOR                      ,1,GAZIANTEPSPOR                 ,1,BOLU ŞEHİR,HAMZA IŞIN,15.09.1991 - 15:30
1023,https://www.tff.org/Default.aspx?pageId=397&macId=57968,SARIYER                       ,1,ALTAY                         ,0,YUSUF ZİYA ÖNİŞ,ERMAN TOROĞLU,15.09.1991 - 15:30
1019,https://www.tff.org/Default.aspx?pageId=397&macId=57961,ADANA DEMIRSPOR               ,2,BURSASPOR                     ,1,5 OCAK,NEDİM GÖKLÜ,15.09.1991 - 16:30
1025,https://www.tff.org/Default.aspx?pageId=397&macId=58243,BAKIRKÖYSPOR                  ,1,ADANA DEMIRSPOR               ,1,ŞENLİKKÖY,MEVLÜT GÜZEL,21.09.1991 - 15:30
1026,https://www.tff.org/Default.aspx?pageId=397&macId=58209,MKE ANKARAGUCU                ,0,FENERBAHÇE                    ,3,ANKARA 19 MAYIS,AHMET ÇAKAR,22.09.1991 - 15:30
1027,https://www.tff.org/Default.aspx?pageId=397&macId=58225,ALTAY                         ,3,GENÇLERBİRLİĞİ                ,2,İZMİR ATATÜRK,ERGÜL YÜCEDAĞ,22.09.1991 - 15:30
1028,https://www.tff.org/Default.aspx?pageId=397&macId=58214,SAMSUNSPOR                    ,0,SARIYER                       ,2,SAMSUN 19 MAYIS,BÜLENT YAVUZ,22.09.1991 - 15:30
1029,https://www.tff.org/Default.aspx?pageId=397&macId=58238,GAZIANTEPSPOR                 ,1,BEŞİKTAŞ                      ,2,KAMİL OCAK,KAZIM ÜNLÜSOY,22.09.1991 - 15:30
1030,https://www.tff.org/Default.aspx?pageId=397&macId=58213,AYDINSPOR                     ,2,BOLUSPOR                      ,1,ADNAN MENDERES,ALTAN ÖNCÜL,22.09.1991 - 15:30
1031,https://www.tff.org/Default.aspx?pageId=397&macId=58239,BURSASPOR                     ,2,TRABZONSPOR                   ,1,BURSA ATATÜRK,VAHAP BEYAZ,22.09.1991 - 15:30
1032,https://www.tff.org/Default.aspx?pageId=397&macId=58251,GALATASARAY                   ,2,KONYASPOR                     ,1,ALİ SAMİ YEN,YUSUF YAYLI,22.09.1991 - 15:35
1037,https://www.tff.org/Default.aspx?pageId=397&macId=58329,BEŞİKTAŞ                      ,3,AYDINSPOR                     ,0,BEŞİKTAŞ İNÖNÜ,ŞÜKRÜ YAVUZ KARAOZAN,28.09.1991 - 14:00
1040,https://www.tff.org/Default.aspx?pageId=397&macId=58332,ALTAY                         ,0,GALATASARAY                   ,1,İZMİR ATATÜRK,METİN TOKAT,28.09.1991 - 18:00
1035,https://www.tff.org/Default.aspx?pageId=397&macId=58331,TRABZONSPOR                   ,2,BAKIRKÖYSPOR                  ,1,HÜSEYİN AVNİ AKER,HASAN CEYLAN,29.09.1991 - 13:00
1034,https://www.tff.org/Default.aspx?pageId=397&macId=58441,ADANA DEMIRSPOR               ,1,MKE ANKARAGUCU                ,1,5 OCAK,ABDURRAHMAN ARICI,29.09.1991 - 13:30
1036,https://www.tff.org/Default.aspx?pageId=397&macId=58337,BOLUSPOR                      ,2,BURSASPOR                     ,1,BOLU ŞEHİR,OSMAN AVCI,29.09.1991 - 13:30
1039,https://www.tff.org/Default.aspx?pageId=397&macId=58442,GENÇLERBİRLİĞİ                ,2,SAMSUNSPOR                    ,1,ANKARA 19 MAYIS,ARGUN DARICI,29.09.1991 - 13:30
1033,https://www.tff.org/Default.aspx?pageId=397&macId=58334,FENERBAHÇE                    ,4,KONYASPOR                     ,1,FB ŞÜKRÜ SARACOĞLU,ÜLKÜ TIRPANCI,29.09.1991 - 14:00
1038,https://www.tff.org/Default.aspx?pageId=397&macId=58369,SARIYER                       ,2,GAZIANTEPSPOR                 ,0,YUSUF ZİYA ÖNİŞ,ETEM ATASOY,29.09.1991 - 14:00
1048,https://www.tff.org/Default.aspx?pageId=397&macId=58507,GALATASARAY                   ,0,FENERBAHÇE                    ,2,ALİ SAMİ YEN,AHMET ÇAKAR,5.10.1991 - 14:00
1042,https://www.tff.org/Default.aspx?pageId=397&macId=58500,MKE ANKARAGUCU                ,0,TRABZONSPOR                   ,0,ANKARA 19 MAYIS,YÜKSEL OKÇUOĞLU,6.10.1991 - 13:30
1043,https://www.tff.org/Default.aspx?pageId=397&macId=58504,KONYASPOR                     ,8,ADANA DEMIRSPOR               ,0,KONYA ATATÜRK,KAZIM ÜNLÜSOY,6.10.1991 - 13:30
1044,https://www.tff.org/Default.aspx?pageId=397&macId=58495,SAMSUNSPOR                    ,1,ALTAY                         ,1,SAMSUN 19 MAYIS,İHSAN TÜRE,6.10.1991 - 13:30
1045,https://www.tff.org/Default.aspx?pageId=397&macId=58521,GAZIANTEPSPOR                 ,0,GENÇLERBİRLİĞİ                ,1,KAMİL OCAK,TAHSİN KESİCİLER,6.10.1991 - 13:30
1041,https://www.tff.org/Default.aspx?pageId=397&macId=58502,BAKIRKÖYSPOR                  ,2,BOLUSPOR                      ,0,ŞENLİKKÖY,ENGİN KURT,6.10.1991 - 14:00
1046,https://www.tff.org/Default.aspx?pageId=397&macId=58588,AYDINSPOR                     ,2,SARIYER                       ,0,ADNAN MENDERES,MEKKİ KESKİN,6.10.1991 - 14:00
1047,https://www.tff.org/Default.aspx?pageId=397&macId=58530,BURSASPOR                     ,0,BEŞİKTAŞ                      ,2,BURSA ATATÜRK,SADIK CEYHAN DEDA,6.10.1991 - 14:00
1050,https://www.tff.org/Default.aspx?pageId=397&macId=58829,TRABZONSPOR                   ,4,KONYASPOR                     ,0,HÜSEYİN AVNİ AKER,ZİHNİ AKSOY,19.10.1991 - 13:00
1049,https://www.tff.org/Default.aspx?pageId=397&macId=58815,ADANA DEMIRSPOR               ,1,FENERBAHÇE                    ,2,5 OCAK,OĞUZ SARVAN,19.10.1991 - 13:30
1051,https://www.tff.org/Default.aspx?pageId=397&macId=58822,BOLUSPOR                      ,1,MKE ANKARAGUCU                ,1,BOLU ŞEHİR,HALİL TANER YALÇINDAĞ,19.10.1991 - 13:30
1054,https://www.tff.org/Default.aspx?pageId=397&macId=58771,GENÇLERBİRLİĞİ                ,2,AYDINSPOR                     ,0,ANKARA 19 MAYIS,GALİP BİTİGEN,19.10.1991 - 13:30
1052,https://www.tff.org/Default.aspx?pageId=397&macId=58828,BEŞİKTAŞ                      ,4,BAKIRKÖYSPOR                  ,2,BEŞİKTAŞ İNÖNÜ,SABRİ ÇELİK,19.10.1991 - 14:00
1053,https://www.tff.org/Default.aspx?pageId=397&macId=58772,SARIYER                       ,1,BURSASPOR                     ,3,YUSUF ZİYA ÖNİŞ,HALİT GERÇEKER,19.10.1991 - 14:00
1055,https://www.tff.org/Default.aspx?pageId=397&macId=58744,ALTAY                         ,1,GAZIANTEPSPOR                 ,1,İZMİR ATATÜRK,HASAN CEYLAN,19.10.1991 - 14:00
1056,https://www.tff.org/Default.aspx?pageId=397&macId=59145,SAMSUNSPOR                    ,1,GALATASARAY                   ,2,SAMSUN 19 MAYIS,SADIK CEYHAN DEDA,10.11.1991 - 13:00
1058,https://www.tff.org/Default.aspx?pageId=397&macId=58957,MKE ANKARAGUCU                ,1,BEŞİKTAŞ                      ,2,ANKARA 19 MAYIS,ŞÜKRÜ YAVUZ KARAOZAN,26.10.1991 - 13:30
1060,https://www.tff.org/Default.aspx?pageId=397&macId=58865,FENERBAHÇE                    ,4,TRABZONSPOR                   ,1,FB ŞÜKRÜ SARACOĞLU,SADIK CEYHAN DEDA,26.10.1991 - 14:00
1059,https://www.tff.org/Default.aspx?pageId=397&macId=58867,KONYASPOR                     ,0,BOLUSPOR                      ,0,KONYA ATATÜRK,BÜLENT YAVUZ,27.10.1991 - 13:30
1061,https://www.tff.org/Default.aspx?pageId=397&macId=58952,GAZIANTEPSPOR                 ,4,SAMSUNSPOR                    ,2,KAMİL OCAK,OĞUZ ARIKAL,27.10.1991 - 13:30
1057,https://www.tff.org/Default.aspx?pageId=397&macId=58864,BAKIRKÖYSPOR                  ,1,SARIYER                       ,2,ŞENLİKKÖY,İHSAN TÜRE,27.10.1991 - 14:00
1062,https://www.tff.org/Default.aspx?pageId=397&macId=58955,AYDINSPOR                     ,2,ALTAY                         ,1,ADNAN MENDERES,ERGÜL YÜCEDAĞ,27.10.1991 - 14:00
1063,https://www.tff.org/Default.aspx?pageId=397&macId=58862,BURSASPOR                     ,1,GENÇLERBİRLİĞİ                ,1,BURSA ATATÜRK,SOMER KARAKAŞ,27.10.1991 - 14:00
1064,https://www.tff.org/Default.aspx?pageId=397&macId=58966,GALATASARAY                   ,2,ADANA DEMIRSPOR               ,1,ALİ SAMİ YEN,SERDAR ÇAKMAN,27.10.1991 - 14:00
1068,https://www.tff.org/Default.aspx?pageId=397&macId=59056,SARIYER                       ,0,MKE ANKARAGUCU                ,0,YUSUF ZİYA ÖNİŞ,ÜNSAL ÇİMEN,2.11.1991 - 13:00
1072,https://www.tff.org/Default.aspx?pageId=397&macId=59136,GAZIANTEPSPOR                 ,0,GALATASARAY                   ,1,KAMİL OCAK,HASAN CEYLAN,2.11.1991 - 13:00
1067,https://www.tff.org/Default.aspx?pageId=397&macId=59024,BEŞİKTAŞ                      ,1,KONYASPOR                     ,0,BEŞİKTAŞ İNÖNÜ,ETEM ATASOY,2.11.1991 - 16:00
1065,https://www.tff.org/Default.aspx?pageId=397&macId=59057,TRABZONSPOR                   ,4,ADANA DEMIRSPOR               ,0,HÜSEYİN AVNİ AKER,OSMAN AVCI,3.11.1991 - 13:00
1066,https://www.tff.org/Default.aspx?pageId=397&macId=59070,BOLUSPOR                      ,0,FENERBAHÇE                    ,1,BOLU ŞEHİR,KAZIM ÜNLÜSOY,3.11.1991 - 13:00
1069,https://www.tff.org/Default.aspx?pageId=397&macId=59068,GENÇLERBİRLİĞİ                ,2,BAKIRKÖYSPOR                  ,4,ANKARA 19 MAYIS,OSMAN ERDAL FIRAT,3.11.1991 - 13:00
1070,https://www.tff.org/Default.aspx?pageId=397&macId=59059,ALTAY                         ,1,BURSASPOR                     ,0,İZMİR ALSANCAK,SERDAR ÇAKIR,3.11.1991 - 13:00
1071,https://www.tff.org/Default.aspx?pageId=397&macId=59055,SAMSUNSPOR                    ,1,AYDINSPOR                     ,1,SAMSUN 19 MAYIS,İSMET DİKBAŞ,3.11.1991 - 13:00
1076,https://www.tff.org/Default.aspx?pageId=397&macId=59288,FENERBAHÇE                    ,2,BEŞİKTAŞ                      ,2,FB ŞÜKRÜ SARACOĞLU,AHMET ÇAKAR,16.11.1991 - 13:00
1073,https://www.tff.org/Default.aspx?pageId=397&macId=59258,BAKIRKÖYSPOR                  ,1,ALTAY                         ,1,ŞENLİKKÖY,ÜLKÜ TIRPANCI,17.11.1991 - 13:00
1074,https://www.tff.org/Default.aspx?pageId=397&macId=59292,MKE ANKARAGUCU                ,3,GENÇLERBİRLİĞİ                ,3,ANKARA 19 MAYIS,YÜKSEL OKÇUOĞLU,17.11.1991 - 13:00
1075,https://www.tff.org/Default.aspx?pageId=397&macId=59255,KONYASPOR                     ,1,SARIYER                       ,0,KONYA ATATÜRK,METİN TOKAT,17.11.1991 - 13:00
1077,https://www.tff.org/Default.aspx?pageId=397&macId=59270,ADANA DEMIRSPOR               ,3,BOLUSPOR                      ,1,5 OCAK,SABRİ ÇELİK,17.11.1991 - 13:00
1078,https://www.tff.org/Default.aspx?pageId=397&macId=59352,AYDINSPOR                     ,2,GAZIANTEPSPOR                 ,2,ADNAN MENDERES,ABDURRAHMAN ARICI,17.11.1991 - 13:00
1079,https://www.tff.org/Default.aspx?pageId=397&macId=59326,BURSASPOR                     ,2,SAMSUNSPOR                    ,0,BURSA ATATÜRK,ZİHNİ AKSOY,17.11.1991 - 13:10
1080,https://www.tff.org/Default.aspx?pageId=397&macId=59254,GALATASARAY                   ,1,TRABZONSPOR                   ,1,BEŞİKTAŞ İNÖNÜ,HASAN CEYLAN,17.11.1991 - 18:00
1081,https://www.tff.org/Default.aspx?pageId=397&macId=59401,BOLUSPOR                      ,0,TRABZONSPOR                   ,1,BOLU ŞEHİR,SERDAR ÇAKIR,23.11.1991 - 13:00
1082,https://www.tff.org/Default.aspx?pageId=397&macId=59400,BEŞİKTAŞ                      ,1,ADANA DEMIRSPOR               ,1,BEŞİKTAŞ İNÖNÜ,YUSUF NAMOĞLU,23.11.1991 - 14:00
1083,https://www.tff.org/Default.aspx?pageId=397&macId=59507,SARIYER                       ,4,FENERBAHÇE                    ,1,FB ŞÜKRÜ SARACOĞLU,SADIK CEYHAN DEDA,24.11.1991 - 13:00
1084,https://www.tff.org/Default.aspx?pageId=397&macId=59412,GENÇLERBİRLİĞİ                ,1,KONYASPOR                     ,1,ANKARA 19 MAYIS,ENGİN KURT,24.11.1991 - 13:00
1085,https://www.tff.org/Default.aspx?pageId=397&macId=59405,ALTAY                         ,1,MKE ANKARAGUCU                ,3,İZMİR ALSANCAK,İHSAN TÜRE,24.11.1991 - 13:00
1086,https://www.tff.org/Default.aspx?pageId=397&macId=59402,SAMSUNSPOR                    ,0,BAKIRKÖYSPOR                  ,1,SAMSUN 19 MAYIS,MEKKİ KESKİN,24.11.1991 - 13:00
1087,https://www.tff.org/Default.aspx?pageId=397&macId=59417,GAZIANTEPSPOR                 ,1,BURSASPOR                     ,1,KAMİL OCAK,İBRAHİM AKSOY,24.11.1991 - 13:00
1088,https://www.tff.org/Default.aspx?pageId=397&macId=59407,AYDINSPOR                     ,1,GALATASARAY                   ,1,ADNAN MENDERES,ERMAN TOROĞLU,24.11.1991 - 13:00
1092,https://www.tff.org/Default.aspx?pageId=397&macId=59548,FENERBAHÇE                    ,3,GENÇLERBİRLİĞİ                ,1,FB ŞÜKRÜ SARACOĞLU,HASAN CEYLAN,30.11.1991 - 14:00
1089,https://www.tff.org/Default.aspx?pageId=397&macId=59528,BAKIRKÖYSPOR                  ,2,GAZIANTEPSPOR                 ,2,ŞENLİKKÖY,VAHAP BEYAZ,1.12.1991 - 13:00
1090,https://www.tff.org/Default.aspx?pageId=397&macId=59527,MKE ANKARAGUCU                ,2,SAMSUNSPOR                    ,2,ANKARA 19 MAYIS,ERGÜL YÜCEDAĞ,1.12.1991 - 13:00
1091,https://www.tff.org/Default.aspx?pageId=397&macId=59526,KONYASPOR                     ,2,ALTAY                         ,0,KONYA ATATÜRK,HALİL TANER YALÇINDAĞ,1.12.1991 - 13:00
1093,https://www.tff.org/Default.aspx?pageId=397&macId=59618,ADANA DEMIRSPOR               ,1,SARIYER                       ,1,5 OCAK,NECDET ERDİLEK,1.12.1991 - 13:00
1094,https://www.tff.org/Default.aspx?pageId=397&macId=59557,TRABZONSPOR                   ,2,BEŞİKTAŞ                      ,3,HÜSEYİN AVNİ AKER,ŞÜKRÜ YAVUZ KARAOZAN,1.12.1991 - 13:00
1095,https://www.tff.org/Default.aspx?pageId=397&macId=59593,BURSASPOR                     ,1,AYDINSPOR                     ,1,BURSA ATATÜRK,BÜLENT YAVUZ,1.12.1991 - 13:00
1096,https://www.tff.org/Default.aspx?pageId=397&macId=59534,GALATASARAY                   ,2,BOLUSPOR                      ,1,ALİ SAMİ YEN,TAHSİN KESİCİLER,1.12.1991 - 13:00
1104,https://www.tff.org/Default.aspx?pageId=397&macId=59753,BURSASPOR                     ,0,GALATASARAY                   ,4,BURSA ATATÜRK,SADIK CEYHAN DEDA,7.12.1991 - 13:00
1097,https://www.tff.org/Default.aspx?pageId=397&macId=59676,BEŞİKTAŞ                      ,1,BOLUSPOR                      ,0,BEŞİKTAŞ İNÖNÜ,METİN TOKAT,8.12.1991 - 13:00
1099,https://www.tff.org/Default.aspx?pageId=397&macId=59737,GENÇLERBİRLİĞİ                ,1,ADANA DEMIRSPOR               ,1,ANKARA 19 MAYIS,ÜLKÜ TIRPANCI,8.12.1991 - 13:00
1100,https://www.tff.org/Default.aspx?pageId=397&macId=59731,ALTAY                         ,0,FENERBAHÇE                    ,2,İZMİR ATATÜRK,KAZIM ÜNLÜSOY,8.12.1991 - 13:00
1101,https://www.tff.org/Default.aspx?pageId=397&macId=59655,SAMSUNSPOR                    ,2,KONYASPOR                     ,1,SAMSUN 19 MAYIS,OSMAN AVCI,8.12.1991 - 13:00
1102,https://www.tff.org/Default.aspx?pageId=397&macId=59684,GAZIANTEPSPOR                 ,0,MKE ANKARAGUCU                ,0,KAMİL OCAK,AHMET ÇAKAR,8.12.1991 - 13:00
1103,https://www.tff.org/Default.aspx?pageId=397&macId=59659,AYDINSPOR                     ,1,BAKIRKÖYSPOR                  ,0,ADNAN MENDERES,OĞUZ SARVAN,8.12.1991 - 13:00
1098,https://www.tff.org/Default.aspx?pageId=397&macId=59888,SARIYER                       ,1,TRABZONSPOR                   ,3,BEŞİKTAŞ İNÖNÜ,BÜLENT YAVUZ,18.12.1991 - 18:00
1112,https://www.tff.org/Default.aspx?pageId=397&macId=59877,GALATASARAY                   ,0,BEŞİKTAŞ                      ,1,ALİ SAMİ YEN,ERMAN TOROĞLU,14.12.1991 - 13:00
1105,https://www.tff.org/Default.aspx?pageId=397&macId=59805,BAKIRKÖYSPOR                  ,2,BURSASPOR                     ,2,ŞENLİKKÖY,ÜNSAL ÇİMEN,15.12.1991 - 13:00
1106,https://www.tff.org/Default.aspx?pageId=397&macId=59822,MKE ANKARAGUCU                ,0,AYDINSPOR                     ,1,ANKARA 19 MAYIS,HALİL ARSLAN,15.12.1991 - 13:00
1107,https://www.tff.org/Default.aspx?pageId=397&macId=59849,KONYASPOR                     ,3,GAZIANTEPSPOR                 ,0,KONYA ATATÜRK,ADNAN TÜRKKAN,15.12.1991 - 13:00
1108,https://www.tff.org/Default.aspx?pageId=397&macId=59794,FENERBAHÇE                    ,2,SAMSUNSPOR                    ,0,FB ŞÜKRÜ SARACOĞLU,OĞUZ SARVAN,15.12.1991 - 13:00
1109,https://www.tff.org/Default.aspx?pageId=397&macId=59823,ADANA DEMIRSPOR               ,1,ALTAY                         ,2,5 OCAK,SERDAR ÇAKMAN,15.12.1991 - 13:00
1110,https://www.tff.org/Default.aspx?pageId=397&macId=59814,TRABZONSPOR                   ,1,GENÇLERBİRLİĞİ                ,0,HÜSEYİN AVNİ AKER,YÜKSEL OKÇUOĞLU,15.12.1991 - 13:00
1111,https://www.tff.org/Default.aspx?pageId=397&macId=59878,BOLUSPOR                      ,2,SARIYER                       ,1,BOLU ŞEHİR,ZİHNİ AKSOY,15.12.1991 - 13:00
1120,https://www.tff.org/Default.aspx?pageId=397&macId=59898,GALATASARAY                   ,2,BAKIRKÖYSPOR                  ,1,ALİ SAMİ YEN,İHSAN TÜRE,21.12.1991 - 13:30
1114,https://www.tff.org/Default.aspx?pageId=397&macId=59899,GENÇLERBİRLİĞİ                ,3,BOLUSPOR                      ,0,ANKARA 19 MAYIS,ŞÜKRÜ YAVUZ KARAOZAN,22.12.1991 - 13:00
1115,https://www.tff.org/Default.aspx?pageId=397&macId=59889,ALTAY                         ,0,TRABZONSPOR                   ,1,İZMİR ALSANCAK,AHMET ÇAKAR,22.12.1991 - 13:00
1116,https://www.tff.org/Default.aspx?pageId=397&macId=59965,SAMSUNSPOR                    ,4,ADANA DEMIRSPOR               ,0,SAMSUN 19 MAYIS,SADIK CEYHAN DEDA,22.12.1991 - 13:00
1117,https://www.tff.org/Default.aspx?pageId=397&macId=59885,GAZIANTEPSPOR                 ,0,FENERBAHÇE                    ,0,KAMİL OCAK,ERMAN TOROĞLU,22.12.1991 - 13:00
1118,https://www.tff.org/Default.aspx?pageId=397&macId=59887,AYDINSPOR                     ,2,KONYASPOR                     ,0,ADNAN MENDERES,TURGUT SIĞIÇ,22.12.1991 - 13:00
1119,https://www.tff.org/Default.aspx?pageId=397&macId=59900,BURSASPOR                     ,1,MKE ANKARAGUCU                ,0,BURSA ATATÜRK,ENGİN KURT,22.12.1991 - 13:00
1113,https://www.tff.org/Default.aspx?pageId=397&macId=59886,SARIYER                       ,0,BEŞİKTAŞ                      ,5,BEŞİKTAŞ İNÖNÜ,SERDAR ÇAKIR,22.12.1991 - 14:00
1128,https://www.tff.org/Default.aspx?pageId=397&macId=60155,SARIYER                       ,1,GALATASARAY                   ,0,BEŞİKTAŞ İNÖNÜ,İHSAN TÜRE,8.02.1992 - 13:30
1124,https://www.tff.org/Default.aspx?pageId=397&macId=60198,GAZIANTEPSPOR                 ,2,ADANA DEMIRSPOR               ,1,12 ŞUBAT,GALİP BİTİGEN,9.02.1992 - 13:00
1125,https://www.tff.org/Default.aspx?pageId=397&macId=60194,SAMSUNSPOR                    ,1,TRABZONSPOR                   ,3,SAMSUN 19 MAYIS,HASAN CEYLAN,9.02.1992 - 13:00
1127,https://www.tff.org/Default.aspx?pageId=397&macId=60196,GENÇLERBİRLİĞİ                ,0,BEŞİKTAŞ                      ,0,ANKARA 19 MAYIS,ŞÜKRÜ YAVUZ KARAOZAN,9.02.1992 - 13:00
1121,https://www.tff.org/Default.aspx?pageId=397&macId=60195,BAKIRKÖYSPOR                  ,4,MKE ANKARAGUCU                ,1,ŞENLİKKÖY,NECDET ERDİLEK,9.02.1992 - 13:30
1122,https://www.tff.org/Default.aspx?pageId=397&macId=60252,BURSASPOR                     ,1,KONYASPOR                     ,0,BURSA ATATÜRK,ZİHNİ AKSOY,9.02.1992 - 13:30
1123,https://www.tff.org/Default.aspx?pageId=397&macId=60157,AYDINSPOR                     ,0,FENERBAHÇE                    ,3,ADNAN MENDERES,ERMAN TOROĞLU,9.02.1992 - 13:30
1126,https://www.tff.org/Default.aspx?pageId=397&macId=60183,ALTAY                         ,1,BOLUSPOR                      ,0,İZMİR ALSANCAK,SERDAR ÇAKMAN,9.02.1992 - 13:30
1135,https://www.tff.org/Default.aspx?pageId=397&macId=60273,FENERBAHÇE                    ,3,BURSASPOR                     ,1,FB ŞÜKRÜ SARACOĞLU,METİN TOKAT,15.02.1992 - 13:30
1129,https://www.tff.org/Default.aspx?pageId=397&macId=60265,KONYASPOR                     ,0,BAKIRKÖYSPOR                  ,0,KONYA ATATÜRK,ALTAN ÖNCÜL,16.02.1992 - 13:00
1132,https://www.tff.org/Default.aspx?pageId=397&macId=60249,BOLUSPOR                      ,2,SAMSUNSPOR                    ,0,BOLU ŞEHİR,MEKKİ KESKİN,16.02.1992 - 13:00
1133,https://www.tff.org/Default.aspx?pageId=397&macId=60328,TRABZONSPOR                   ,5,GAZIANTEPSPOR                 ,1,HÜSEYİN AVNİ AKER,ERGÜL YÜCEDAĞ,16.02.1992 - 13:00
1134,https://www.tff.org/Default.aspx?pageId=397&macId=60296,ADANA DEMIRSPOR               ,1,AYDINSPOR                     ,0,5 OCAK,SABRİ ÇELİK,16.02.1992 - 13:00
1136,https://www.tff.org/Default.aspx?pageId=397&macId=60278,MKE ANKARAGUCU                ,0,GALATASARAY                   ,3,ANKARA 19 MAYIS,ÜLKÜ TIRPANCI,16.02.1992 - 13:00
1130,https://www.tff.org/Default.aspx?pageId=397&macId=60352,SARIYER                       ,1,GENÇLERBİRLİĞİ                ,1,YUSUF ZİYA ÖNİŞ,İBRAHİM AKSOY,16.02.1992 - 13:30
1131,https://www.tff.org/Default.aspx?pageId=397&macId=60294,BEŞİKTAŞ                      ,3,ALTAY                         ,1,BEŞİKTAŞ İNÖNÜ,TAHSİN KESİCİLER,16.02.1992 - 13:30
1142,https://www.tff.org/Default.aspx?pageId=397&macId=60391,SAMSUNSPOR                    ,1,BEŞİKTAŞ                      ,2,SAMSUN 19 MAYIS,ERMAN TOROĞLU,22.02.1992 - 13:00
1140,https://www.tff.org/Default.aspx?pageId=397&macId=60404,AYDINSPOR                     ,1,TRABZONSPOR                   ,2,ADNAN MENDERES,SERDAR ÇAKMAN,22.02.1992 - 13:30
1144,https://www.tff.org/Default.aspx?pageId=397&macId=60390,GALATASARAY                   ,3,GENÇLERBİRLİĞİ                ,1,ALİ SAMİ YEN,SADIK CEYHAN DEDA,22.02.1992 - 13:30
1137,https://www.tff.org/Default.aspx?pageId=397&macId=60362,MKE ANKARAGUCU                ,0,KONYASPOR                     ,0,ANKARA 19 MAYIS,ENGİN KURT,23.02.1992 - 13:00
1141,https://www.tff.org/Default.aspx?pageId=397&macId=60400,GAZIANTEPSPOR                 ,2,BOLUSPOR                      ,0,KAMİL OCAK,ETEM ATASOY,23.02.1992 - 13:00
1143,https://www.tff.org/Default.aspx?pageId=397&macId=60363,ALTAY                         ,1,SARIYER                       ,0,İZMİR ALSANCAK,VAHAP BEYAZ,23.02.1992 - 13:30
1138,https://www.tff.org/Default.aspx?pageId=397&macId=60392,BAKIRKÖYSPOR                  ,0,FENERBAHÇE                    ,1,BEŞİKTAŞ İNÖNÜ,SERDAR ÇAKIR,24.02.1992 - 13:30
1139,https://www.tff.org/Default.aspx?pageId=397&macId=60388,BURSASPOR                     ,4,ADANA DEMIRSPOR               ,0,BURSA ATATÜRK,ARGUN DARICI,24.02.1992 - 13:30
1149,https://www.tff.org/Default.aspx?pageId=397&macId=60457,BEŞİKTAŞ                      ,2,GAZIANTEPSPOR                 ,0,BEŞİKTAŞ İNÖNÜ,METİN TOKAT,28.02.1992 - 13:30
1151,https://www.tff.org/Default.aspx?pageId=397&macId=60493,TRABZONSPOR                   ,2,BURSASPOR                     ,2,HÜSEYİN AVNİ AKER,OSMAN AVCI,1.03.1992 - 13:00
1145,https://www.tff.org/Default.aspx?pageId=397&macId=60480,ADANA DEMIRSPOR               ,2,BAKIRKÖYSPOR                  ,3,5 OCAK,HALİL ARSLAN,1.03.1992 - 13:30
1147,https://www.tff.org/Default.aspx?pageId=397&macId=60458,GENÇLERBİRLİĞİ                ,0,ALTAY                         ,0,ANKARA 19 MAYIS,ERGÜL YÜCEDAĞ,1.03.1992 - 13:30
1150,https://www.tff.org/Default.aspx?pageId=397&macId=60471,BOLUSPOR                      ,0,AYDINSPOR                     ,2,BOLU ŞEHİR,ZİHNİ AKSOY,1.03.1992 - 13:30
1146,https://www.tff.org/Default.aspx?pageId=397&macId=60459,FENERBAHÇE                    ,4,MKE ANKARAGUCU                ,1,FB ŞÜKRÜ SARACOĞLU,TAHSİN KESİCİLER,1.03.1992 - 14:00
1148,https://www.tff.org/Default.aspx?pageId=397&macId=60464,SARIYER                       ,2,SAMSUNSPOR                    ,1,YUSUF ZİYA ÖNİŞ,MEVLÜT GÜZEL,1.03.1992 - 14:00
1152,https://www.tff.org/Default.aspx?pageId=397&macId=61029,KONYASPOR                     ,0,GALATASARAY                   ,2,KONYA ATATÜRK,BÜLENT YAVUZ,1.04.1992 - 14:30
1155,https://www.tff.org/Default.aspx?pageId=397&macId=60574,BAKIRKÖYSPOR                  ,1,TRABZONSPOR                   ,2,FB ŞÜKRÜ SARACOĞLU,BÜLENT YAVUZ,7.03.1992 - 14:00
1153,https://www.tff.org/Default.aspx?pageId=397&macId=60690,KONYASPOR                     ,1,FENERBAHÇE                    ,2,KONYA ATATÜRK,OĞUZ SARVAN,8.03.1992 - 13:30
1154,https://www.tff.org/Default.aspx?pageId=397&macId=60601,MKE ANKARAGUCU                ,1,ADANA DEMIRSPOR               ,1,ANKARA 19 MAYIS,SERDAR ÇAKIR,8.03.1992 - 13:30
1158,https://www.tff.org/Default.aspx?pageId=397&macId=60602,GAZIANTEPSPOR                 ,0,SARIYER                       ,0,KAMİL OCAK,YUSUF YAYLI,8.03.1992 - 13:30
1159,https://www.tff.org/Default.aspx?pageId=397&macId=60600,SAMSUNSPOR                    ,2,GENÇLERBİRLİĞİ                ,2,SAMSUN 19 MAYIS,ÜNSAL ÇİMEN,8.03.1992 - 13:30
1156,https://www.tff.org/Default.aspx?pageId=397&macId=60579,BURSASPOR                     ,1,BOLUSPOR                      ,2,BURSA ATATÜRK,ADNAN TÜRKKAN,8.03.1992 - 14:00
1157,https://www.tff.org/Default.aspx?pageId=397&macId=60598,AYDINSPOR                     ,1,BEŞİKTAŞ                      ,2,ADNAN MENDERES,SADIK CEYHAN DEDA,8.03.1992 - 14:00
1160,https://www.tff.org/Default.aspx?pageId=397&macId=60575,GALATASARAY                   ,3,ALTAY                         ,1,ALİ SAMİ YEN,SERDAR ÇAKMAN,8.03.1992 - 14:00
1162,https://www.tff.org/Default.aspx?pageId=397&macId=60691,TRABZONSPOR                   ,4,MKE ANKARAGUCU                ,0,HÜSEYİN AVNİ AKER,AHMET ÇAKAR,15.03.1992 - 13:00
1161,https://www.tff.org/Default.aspx?pageId=397&macId=60757,BOLUSPOR                      ,4,BAKIRKÖYSPOR                  ,0,BOLU ŞEHİR,SADIK CEYHAN DEDA,15.03.1992 - 13:30
1163,https://www.tff.org/Default.aspx?pageId=397&macId=60694,ADANA DEMIRSPOR               ,1,KONYASPOR                     ,0,5 OCAK,ERMAN TOROĞLU,15.03.1992 - 13:30
1165,https://www.tff.org/Default.aspx?pageId=397&macId=60776,GENÇLERBİRLİĞİ                ,1,GAZIANTEPSPOR                 ,1,ANKARA 19 MAYIS,ŞÜKRÜ YAVUZ KARAOZAN,15.03.1992 - 13:30
1164,https://www.tff.org/Default.aspx?pageId=397&macId=60759,ALTAY                         ,3,SAMSUNSPOR                    ,3,İZMİR ALSANCAK,KAZIM ÜNLÜSOY,15.03.1992 - 14:00
1166,https://www.tff.org/Default.aspx?pageId=397&macId=60766,SARIYER                       ,3,AYDINSPOR                     ,1,YUSUF ZİYA ÖNİŞ,NEDİM GÖKLÜ,15.03.1992 - 14:00
1167,https://www.tff.org/Default.aspx?pageId=397&macId=60692,BEŞİKTAŞ                      ,0,BURSASPOR                     ,0,BEŞİKTAŞ İNÖNÜ,ÜLKÜ TIRPANCI,15.03.1992 - 14:00
1168,https://www.tff.org/Default.aspx?pageId=397&macId=61615,FENERBAHÇE                    ,5,GALATASARAY                   ,2,FB ŞÜKRÜ SARACOĞLU,HASAN CEYLAN,22.04.1992 - 15:00
1172,https://www.tff.org/Default.aspx?pageId=397&macId=60848,BAKIRKÖYSPOR                  ,0,BEŞİKTAŞ                      ,0,BEŞİKTAŞ İNÖNÜ,HASAN CEYLAN,21.03.1992 - 14:00
1175,https://www.tff.org/Default.aspx?pageId=397&macId=60836,GAZIANTEPSPOR                 ,4,ALTAY                         ,1,KAMİL OCAK,BÜLENT YAVUZ,22.03.1992 - 13:00
1170,https://www.tff.org/Default.aspx?pageId=397&macId=60940,KONYASPOR                     ,0,TRABZONSPOR                   ,1,KONYA ATATÜRK,SABRİ ÇELİK,22.03.1992 - 13:30
1171,https://www.tff.org/Default.aspx?pageId=397&macId=60887,MKE ANKARAGUCU                ,3,BOLUSPOR                      ,0,ANKARA 19 MAYIS,İHSAN TÜRE,22.03.1992 - 13:30
1169,https://www.tff.org/Default.aspx?pageId=397&macId=60889,FENERBAHÇE                    ,6,ADANA DEMIRSPOR               ,1,FB ŞÜKRÜ SARACOĞLU,SADIK CEYHAN DEDA,22.03.1992 - 14:00
1173,https://www.tff.org/Default.aspx?pageId=397&macId=60893,BURSASPOR                     ,4,SARIYER                       ,0,BURSA ATATÜRK,VAHAP BEYAZ,22.03.1992 - 14:00
1174,https://www.tff.org/Default.aspx?pageId=397&macId=60833,AYDINSPOR                     ,1,GENÇLERBİRLİĞİ                ,2,ADNAN MENDERES,HALİL TANER YALÇINDAĞ,22.03.1992 - 14:00
1176,https://www.tff.org/Default.aspx?pageId=397&macId=60904,GALATASARAY                   ,3,SAMSUNSPOR                    ,1,ALİ SAMİ YEN,OĞUZ SARVAN,22.03.1992 - 14:00
1180,https://www.tff.org/Default.aspx?pageId=397&macId=61073,TRABZONSPOR                   ,3,FENERBAHÇE                    ,2,HÜSEYİN AVNİ AKER,ERMAN TOROĞLU,28.03.1992 - 14:00
1177,https://www.tff.org/Default.aspx?pageId=397&macId=60980,SARIYER                       ,1,BAKIRKÖYSPOR                  ,0,YUSUF ZİYA ÖNİŞ,ERGÜL YÜCEDAĞ,28.03.1992 - 15:00
1179,https://www.tff.org/Default.aspx?pageId=397&macId=60948,BOLUSPOR                      ,0,KONYASPOR                     ,0,BOLU ŞEHİR,KAZIM ÜNLÜSOY,29.03.1992 - 14:30
1181,https://www.tff.org/Default.aspx?pageId=397&macId=61039,SAMSUNSPOR                    ,1,GAZIANTEPSPOR                 ,0,SAMSUN 19 MAYIS,HALİT GERÇEKER,29.03.1992 - 14:30
1183,https://www.tff.org/Default.aspx?pageId=397&macId=61007,GENÇLERBİRLİĞİ                ,2,BURSASPOR                     ,3,ANKARA 19 MAYIS,ABDURRAHMAN ARICI,29.03.1992 - 14:30
1184,https://www.tff.org/Default.aspx?pageId=397&macId=61000,ADANA DEMIRSPOR               ,1,GALATASARAY                   ,2,5 OCAK,HASAN CEYLAN,29.03.1992 - 14:30
1178,https://www.tff.org/Default.aspx?pageId=397&macId=61003,BEŞİKTAŞ                      ,1,MKE ANKARAGUCU                ,0,BEŞİKTAŞ İNÖNÜ,SADIK CEYHAN DEDA,29.03.1992 - 15:00
1182,https://www.tff.org/Default.aspx?pageId=397&macId=60951,ALTAY                         ,3,AYDINSPOR                     ,1,İZMİR ALSANCAK,AHMET ÇAKAR,29.03.1992 - 15:00
1189,https://www.tff.org/Default.aspx?pageId=397&macId=61166,BAKIRKÖYSPOR                  ,4,GENÇLERBİRLİĞİ                ,1,ŞENLİKKÖY,TAHSİN KESİCİLER,4.04.1992 - 15:00
1185,https://www.tff.org/Default.aspx?pageId=397&macId=61083,ADANA DEMIRSPOR               ,0,TRABZONSPOR                   ,0,5 OCAK,ŞÜKRÜ YAVUZ KARAOZAN,5.04.1992 - 14:30
1187,https://www.tff.org/Default.aspx?pageId=397&macId=61087,KONYASPOR                     ,0,BEŞİKTAŞ                      ,3,KONYA ATATÜRK,METİN TOKAT,5.04.1992 - 14:30
1188,https://www.tff.org/Default.aspx?pageId=397&macId=61105,MKE ANKARAGUCU                ,3,SARIYER                       ,1,ANKARA 19 MAYIS,İBRAHİM AKSOY,5.04.1992 - 14:30
1186,https://www.tff.org/Default.aspx?pageId=397&macId=61077,FENERBAHÇE                    ,2,BOLUSPOR                      ,0,FB ŞÜKRÜ SARACOĞLU,OĞUZ SARVAN,5.04.1992 - 15:00
1190,https://www.tff.org/Default.aspx?pageId=397&macId=61076,BURSASPOR                     ,0,ALTAY                         ,0,BURSA ATATÜRK,İHSAN TÜRE,5.04.1992 - 15:00
1191,https://www.tff.org/Default.aspx?pageId=397&macId=61088,AYDINSPOR                     ,2,SAMSUNSPOR                    ,1,ADNAN MENDERES,ETEM ATASOY,5.04.1992 - 15:00
1192,https://www.tff.org/Default.aspx?pageId=397&macId=61084,GALATASARAY                   ,0,GAZIANTEPSPOR                 ,1,ALİ SAMİ YEN,SERDAR ÇAKMAN,5.04.1992 - 15:00
1194,https://www.tff.org/Default.aspx?pageId=397&macId=61251,GENÇLERBİRLİĞİ                ,2,MKE ANKARAGUCU                ,4,ANKARA 19 MAYIS,BÜLENT YAVUZ,11.04.1992 - 14:30
1195,https://www.tff.org/Default.aspx?pageId=397&macId=61214,SARIYER                       ,0,KONYASPOR                     ,1,YUSUF ZİYA ÖNİŞ,HALİL ARSLAN,11.04.1992 - 15:00
1196,https://www.tff.org/Default.aspx?pageId=397&macId=61321,BEŞİKTAŞ                      ,1,FENERBAHÇE                    ,0,BEŞİKTAŞ İNÖNÜ,İHSAN TÜRE,11.04.1992 - 15:00
1197,https://www.tff.org/Default.aspx?pageId=397&macId=61231,BOLUSPOR                      ,3,ADANA DEMIRSPOR               ,0,BOLU ŞEHİR,AHMET ÇAKAR,12.04.1992 - 14:30
1198,https://www.tff.org/Default.aspx?pageId=397&macId=61223,GAZIANTEPSPOR                 ,0,AYDINSPOR                     ,4,KAMİL OCAK,SOMER KARAKAŞ,12.04.1992 - 14:30
1199,https://www.tff.org/Default.aspx?pageId=397&macId=61239,SAMSUNSPOR                    ,4,BURSASPOR                     ,0,SAMSUN 19 MAYIS,TURGUT SIĞIÇ,12.04.1992 - 14:30
1200,https://www.tff.org/Default.aspx?pageId=397&macId=61259,TRABZONSPOR                   ,2,GALATASARAY                   ,3,ANKARA 19 MAYIS,SADIK CEYHAN DEDA,12.04.1992 - 14:30
1193,https://www.tff.org/Default.aspx?pageId=397&macId=61211,ALTAY                         ,1,BAKIRKÖYSPOR                  ,0,İZMİR ALSANCAK,SERDAR ÇAKMAN,12.04.1992 - 15:00
1203,https://www.tff.org/Default.aspx?pageId=397&macId=61364,FENERBAHÇE                    ,3,SARIYER                       ,0,FB ŞÜKRÜ SARACOĞLU,SABRİ ÇELİK,18.04.1992 - 15:00
1207,https://www.tff.org/Default.aspx?pageId=397&macId=61327,BURSASPOR                     ,4,GAZIANTEPSPOR                 ,1,BURSA ATATÜRK,SERDAR ÇAKIR,18.04.1992 - 15:00
1201,https://www.tff.org/Default.aspx?pageId=397&macId=61354,TRABZONSPOR                   ,0,BOLUSPOR                      ,0,HÜSEYİN AVNİ AKER,BÜLENT YAVUZ,19.04.1992 - 14:00
1202,https://www.tff.org/Default.aspx?pageId=397&macId=61463,ADANA DEMIRSPOR               ,0,BEŞİKTAŞ                      ,1,5 OCAK,ENGİN KURT,19.04.1992 - 14:30
1204,https://www.tff.org/Default.aspx?pageId=397&macId=61486,KONYASPOR                     ,1,GENÇLERBİRLİĞİ                ,0,KONYA ATATÜRK,SADIK CEYHAN DEDA,19.04.1992 - 14:30
1205,https://www.tff.org/Default.aspx?pageId=397&macId=61370,MKE ANKARAGUCU                ,3,ALTAY                         ,1,ANKARA 19 MAYIS,AHMET ÇAKAR,19.04.1992 - 14:30
1206,https://www.tff.org/Default.aspx?pageId=397&macId=61456,BAKIRKÖYSPOR                  ,2,SAMSUNSPOR                    ,0,ŞENLİKKÖY,ŞÜKRÜ YAVUZ KARAOZAN,19.04.1992 - 15:00
1208,https://www.tff.org/Default.aspx?pageId=397&macId=61382,GALATASARAY                   ,1,AYDINSPOR                     ,3,ALİ SAMİ YEN,METİN TOKAT,19.04.1992 - 15:00
1214,https://www.tff.org/Default.aspx?pageId=397&macId=61737,BEŞİKTAŞ                      ,3,TRABZONSPOR                   ,2,BEŞİKTAŞ İNÖNÜ,SADIK CEYHAN DEDA,25.04.1992 - 15:00
1209,https://www.tff.org/Default.aspx?pageId=397&macId=61511,GAZIANTEPSPOR                 ,1,BAKIRKÖYSPOR                  ,1,KAMİL OCAK,VAHAP BEYAZ,26.04.1992 - 14:30
1210,https://www.tff.org/Default.aspx?pageId=397&macId=61500,SAMSUNSPOR                    ,1,MKE ANKARAGUCU                ,2,SAMSUN 19 MAYIS,OSMAN AVCI,26.04.1992 - 14:30
1212,https://www.tff.org/Default.aspx?pageId=397&macId=61499,GENÇLERBİRLİĞİ                ,3,FENERBAHÇE                    ,2,ANKARA 19 MAYIS,ŞÜKRÜ YAVUZ KARAOZAN,26.04.1992 - 14:30
1216,https://www.tff.org/Default.aspx?pageId=397&macId=61492,BOLUSPOR                      ,0,GALATASARAY                   ,2,BOLU ŞEHİR,KAZIM ÜNLÜSOY,26.04.1992 - 14:30
1211,https://www.tff.org/Default.aspx?pageId=397&macId=61507,ALTAY                         ,2,KONYASPOR                     ,0,İZMİR ALSANCAK,İHSAN TÜRE,26.04.1992 - 15:00
1213,https://www.tff.org/Default.aspx?pageId=397&macId=61519,SARIYER                       ,4,ADANA DEMIRSPOR               ,1,YUSUF ZİYA ÖNİŞ,OĞUZ SARVAN,26.04.1992 - 15:00
1215,https://www.tff.org/Default.aspx?pageId=397&macId=61495,AYDINSPOR                     ,3,BURSASPOR                     ,1,ADNAN MENDERES,MUSTAFA ARSLAN,26.04.1992 - 15:00
1217,https://www.tff.org/Default.aspx?pageId=397&macId=61648,BOLUSPOR                      ,0,BEŞİKTAŞ                      ,0,BOLU ŞEHİR,SERDAR ÇAKMAN,2.05.1992 - 15:30
1224,https://www.tff.org/Default.aspx?pageId=397&macId=61646,GALATASARAY                   ,1,BURSASPOR                     ,2,ALİ SAMİ YEN,ÜNSAL ÇİMEN,2.05.1992 - 15:30
1218,https://www.tff.org/Default.aspx?pageId=397&macId=61627,TRABZONSPOR                   ,1,SARIYER                       ,1,HÜSEYİN AVNİ AKER,METİN TOKAT,3.05.1992 - 15:30
1219,https://www.tff.org/Default.aspx?pageId=397&macId=61736,ADANA DEMIRSPOR               ,0,GENÇLERBİRLİĞİ                ,0,5 OCAK,ARGUN DARICI,3.05.1992 - 15:30
1220,https://www.tff.org/Default.aspx?pageId=397&macId=61707,FENERBAHÇE                    ,2,ALTAY                         ,1,FB ŞÜKRÜ SARACOĞLU,ZİHNİ AKSOY,3.05.1992 - 15:30
1221,https://www.tff.org/Default.aspx?pageId=397&macId=61621,KONYASPOR                     ,2,SAMSUNSPOR                    ,0,KONYA ATATÜRK,İSMET DİKBAŞ,3.05.1992 - 15:30
1222,https://www.tff.org/Default.aspx?pageId=397&macId=61618,MKE ANKARAGUCU                ,4,GAZIANTEPSPOR                 ,0,ANKARA 19 MAYIS,HALİL TANER YALÇINDAĞ,3.05.1992 - 15:30
1223,https://www.tff.org/Default.aspx?pageId=397&macId=61661,BAKIRKÖYSPOR                  ,2,AYDINSPOR                     ,0,ŞENLİKKÖY,MEVLÜT GÜZEL,3.05.1992 - 15:30
1226,https://www.tff.org/Default.aspx?pageId=397&macId=61845,AYDINSPOR                     ,1,MKE ANKARAGUCU                ,0,ADNAN MENDERES,HAMZA IŞIN,9.05.1992 - 15:30
1232,https://www.tff.org/Default.aspx?pageId=397&macId=61752,BEŞİKTAŞ                      ,4,GALATASARAY                   ,3,BEŞİKTAŞ İNÖNÜ,AHMET ÇAKAR,9.05.1992 - 15:30
1225,https://www.tff.org/Default.aspx?pageId=397&macId=61840,BURSASPOR                     ,2,BAKIRKÖYSPOR                  ,2,BURSA ATATÜRK,MEKKİ KESKİN,10.05.1992 - 15:30
1227,https://www.tff.org/Default.aspx?pageId=397&macId=61754,GAZIANTEPSPOR                 ,2,KONYASPOR                     ,2,KAMİL OCAK,İHSAN TÜRE,10.05.1992 - 15:30
1228,https://www.tff.org/Default.aspx?pageId=397&macId=61817,SAMSUNSPOR                    ,2,FENERBAHÇE                    ,5,SAMSUN 19 MAYIS,SADIK CEYHAN DEDA,10.05.1992 - 15:30
1229,https://www.tff.org/Default.aspx?pageId=397&macId=61842,ALTAY                         ,4,ADANA DEMIRSPOR               ,3,İZMİR ALSANCAK,TAHSİN KESİCİLER,10.05.1992 - 15:30
1230,https://www.tff.org/Default.aspx?pageId=397&macId=61822,GENÇLERBİRLİĞİ                ,0,TRABZONSPOR                   ,0,ANKARA 19 MAYIS,İBRAHİM AKSOY,10.05.1992 - 15:30
1231,https://www.tff.org/Default.aspx?pageId=397&macId=61824,SARIYER                       ,2,BOLUSPOR                      ,1,YUSUF ZİYA ÖNİŞ,ŞÜKRÜ YAVUZ KARAOZAN,10.05.1992 - 15:30
1233,https://www.tff.org/Default.aspx?pageId=397&macId=61950,BEŞİKTAŞ                      ,1,SARIYER                       ,0,BEŞİKTAŞ İNÖNÜ,SERDAR ÇAKIR,16.05.1992 - 15:30
1236,https://www.tff.org/Default.aspx?pageId=397&macId=61965,ADANA DEMIRSPOR               ,1,SAMSUNSPOR                    ,0,5 OCAK,AHMET İBANOĞLU,16.05.1992 - 15:30
1237,https://www.tff.org/Default.aspx?pageId=397&macId=61972,FENERBAHÇE                    ,8,GAZIANTEPSPOR                 ,4,FB ŞÜKRÜ SARACOĞLU,OSMAN AVCI,16.05.1992 - 15:30
1234,https://www.tff.org/Default.aspx?pageId=397&macId=61966,BOLUSPOR                      ,2,GENÇLERBİRLİĞİ                ,1,BOLU ŞEHİR,OĞUZ SARVAN,17.05.1992 - 15:30
1235,https://www.tff.org/Default.aspx?pageId=397&macId=61960,TRABZONSPOR                   ,0,ALTAY                         ,1,HÜSEYİN AVNİ AKER,OĞUZ ARIKAL,17.05.1992 - 15:30
1238,https://www.tff.org/Default.aspx?pageId=397&macId=61901,KONYASPOR                     ,1,AYDINSPOR                     ,0,KONYA ATATÜRK,BÜLENT YAVUZ,17.05.1992 - 15:30
1239,https://www.tff.org/Default.aspx?pageId=397&macId=61963,MKE ANKARAGUCU                ,3,BURSASPOR                     ,3,CEBECİ İNÖNÜ,ERDOĞAN KIRICI,17.05.1992 - 15:30
1240,https://www.tff.org/Default.aspx?pageId=397&macId=61900,BAKIRKÖYSPOR                  ,3,GALATASARAY                   ,5,ALİ SAMİ YEN,ERGÜL YÜCEDAĞ,17.05.1992 - 15:30
