Mac_kodu,TFF_mac_linki,Ev_sahibi,Ev_sahibi_gol,Misafir_takim,Misafir_takim_gol,Stat,Ana_hakem,Tarih_saat
1005,https://www.tff.org/Default.aspx?pageId=397&macId=40367,TRABZONSPOR                                       ,1,ALTAY                                             ,0,HÜSEYİN AVNİ AKER,AHMET ÇAKAR,9.08.1996 - 19:00
1006,https://www.tff.org/Default.aspx?pageId=397&macId=40370,VANSPOR                                           ,1,GALATASARAY                                       ,2,VALİ MAHMUT YILBAŞ,ÜNSAL ÇİMEN,10.08.1996 - 16:00
1001,https://www.tff.org/Default.aspx?pageId=397&macId=40368,GENÇLERBİRLİĞİ                                    ,1,ÇANAKKALE DARDANELSPOR                            ,1,ANKARA 19 MAYIS,SABRİ ÇELİK,10.08.1996 - 16:30
1004,https://www.tff.org/Default.aspx?pageId=397&macId=40369,SARIYER                                           ,2,DENİZLİSPOR                                       ,1,YUSUF ZİYA ÖNİŞ,SEBAHATTİN BİTİRİM,10.08.1996 - 17:00
1007,https://www.tff.org/Default.aspx?pageId=397&macId=40371,BURSASPOR                                         ,2,BEŞİKTAŞ                                          ,0,BURSA ATATÜRK,İBRAHİM AKSOY,10.08.1996 - 19:00
1008,https://www.tff.org/Default.aspx?pageId=397&macId=40374,MKE ANKARAGÜCÜ                                    ,4,ZEYTİNBURNUSPOR                                   ,1,ANKARA 19 MAYIS,ADNAN ŞEKER,11.08.1996 - 16:30
1003,https://www.tff.org/Default.aspx?pageId=397&macId=40373,KOCAELİSPOR                                       ,3,GAZİANTEPSPOR                                     ,1, İSMETPAŞA,MUHİTTİN BOŞAT,11.08.1996 - 17:00
1009,https://www.tff.org/Default.aspx?pageId=397&macId=40375,İSTANBULSPOR A.Ş                                  ,1,ANTALYASPOR                                       ,0,BEŞİKTAŞ İNÖNÜ,AYHAN YÜCEBİLGİÇ,11.08.1996 - 17:00
1002,https://www.tff.org/Default.aspx?pageId=397&macId=40372,FENERBAHÇE                                        ,4,SAMSUNSPOR                                        ,1,FB ŞÜKRÜ SARACOĞLU,MUSTAFA ÇULCU,11.08.1996 - 19:00
1012,https://www.tff.org/Default.aspx?pageId=397&macId=40385,BEŞİKTAŞ                                          ,7,VANSPOR                                           ,0,BEŞİKTAŞ İNÖNÜ,EROL ERSOY,16.08.1996 - 19:00
1018,https://www.tff.org/Default.aspx?pageId=397&macId=40387,MKE ANKARAGÜCÜ                                    ,1,ANTALYASPOR                                       ,3,ANKARA 19 MAYIS,ORHAN ERDEMİR,17.08.1996 - 16:30
1013,https://www.tff.org/Default.aspx?pageId=397&macId=40386,GALATASARAY                                       ,1,TRABZONSPOR                                       ,0,ALİ SAMİ YEN,METİN TOKAT,17.08.1996 - 19:00
1011,https://www.tff.org/Default.aspx?pageId=397&macId=40389,ZEYTİNBURNUSPOR                                   ,0,BURSASPOR                                         ,1,ZEYTİNBURNU,KADİR TOZLU,18.08.1996 - 17:00
1015,https://www.tff.org/Default.aspx?pageId=397&macId=40391,DENİZLİSPOR                                       ,0,ÇANAKKALE DARDANELSPOR                            ,1,DENİZLİ ATATÜRK,ALİ ULUYOL,18.08.1996 - 17:00
1017,https://www.tff.org/Default.aspx?pageId=397&macId=40393,ALTAY                                             ,0,KOCAELİSPOR                                       ,0,İZMİR ALSANCAK,OSMAN AVCI,18.08.1996 - 17:00
1010,https://www.tff.org/Default.aspx?pageId=397&macId=40388,SAMSUNSPOR                                        ,2,SARIYER                                           ,2,SAMSUN 19 MAYIS,YILNUR ÖNEN,18.08.1996 - 19:00
1014,https://www.tff.org/Default.aspx?pageId=397&macId=40390,GAZİANTEPSPOR                                     ,2,FENERBAHÇE                                        ,0,KAMİL OCAK,İLHAMİ KAPLAN,18.08.1996 - 19:00
1016,https://www.tff.org/Default.aspx?pageId=397&macId=40392,GENÇLERBİRLİĞİ                                    ,1,İSTANBULSPOR A.Ş                                  ,0,ANKARA 19 MAYIS,ALİCAN LAKOT,18.08.1996 - 19:00
1024,https://www.tff.org/Default.aspx?pageId=397&macId=40428,KOCAELİSPOR                                       ,1,GALATASARAY                                       ,1, İSMETPAŞA,İLHAMİ KAPLAN,23.08.1996 - 19:05
1019,https://www.tff.org/Default.aspx?pageId=397&macId=40429,İSTANBULSPOR A.Ş                                  ,1,MKE ANKARAGÜCÜ                                    ,2,BEŞİKTAŞ İNÖNÜ,MEHMET ÇAYAN,24.08.1996 - 19:00
1021,https://www.tff.org/Default.aspx?pageId=397&macId=40430,TRABZONSPOR                                       ,3,BEŞİKTAŞ                                          ,3,HÜSEYİN AVNİ AKER,VAHAP BEYAZ,24.08.1996 - 19:00
1027,https://www.tff.org/Default.aspx?pageId=397&macId=40436,VANSPOR                                           ,1,ZEYTİNBURNUSPOR                                   ,1,VALİ MAHMUT YILBAŞ,NEDİM GÖKLÜ,25.08.1996 - 16:00
1020,https://www.tff.org/Default.aspx?pageId=397&macId=40431,SARIYER                                           ,0,GAZİANTEPSPOR                                     ,0,YUSUF ZİYA ÖNİŞ,SELÇUK ŞAHİN,25.08.1996 - 17:00
1022,https://www.tff.org/Default.aspx?pageId=397&macId=40432,SAMSUNSPOR                                        ,2,ÇANAKKALE DARDANELSPOR                            ,0,SAMSUN 19 MAYIS,BÜLENT UZUN,25.08.1996 - 19:00
1023,https://www.tff.org/Default.aspx?pageId=397&macId=40433,FENERBAHÇE                                        ,5,ALTAY                                             ,1,FB ŞÜKRÜ SARACOĞLU,MURAT ILGAZ,25.08.1996 - 19:00
1025,https://www.tff.org/Default.aspx?pageId=397&macId=40434,BURSASPOR                                         ,0,ANTALYASPOR                                       ,0,BURSA ATATÜRK,SERDAR ÇAKIR,25.08.1996 - 19:00
1026,https://www.tff.org/Default.aspx?pageId=397&macId=40435,GENÇLERBİRLİĞİ                                    ,3,DENİZLİSPOR                                       ,2,ANKARA 19 MAYIS,GALİP BİTİGEN,25.08.1996 - 19:00
1035,https://www.tff.org/Default.aspx?pageId=397&macId=40568,ZEYTİNBURNUSPOR                                   ,1,TRABZONSPOR                                       ,5,FB ŞÜKRÜ SARACOĞLU,AYHAN YÜCEBİLGİÇ,6.09.1996 - 19:00
1031,https://www.tff.org/Default.aspx?pageId=397&macId=40569,BEŞİKTAŞ                                          ,1,KOCAELİSPOR                                       ,1,BEŞİKTAŞ İNÖNÜ,OĞUZ SARVAN,7.09.1996 - 19:00
1036,https://www.tff.org/Default.aspx?pageId=397&macId=40576,VANSPOR                                           ,1,ANTALYASPOR                                       ,0,VALİ MAHMUT YILBAŞ,NECDET ERDİLEK,8.09.1996 - 15:30
1029,https://www.tff.org/Default.aspx?pageId=397&macId=40571,GAZİANTEPSPOR                                     ,1,ÇANAKKALE DARDANELSPOR                            ,1,KAMİL OCAK,MUSTAFA ÇULCU,8.09.1996 - 16:00
1030,https://www.tff.org/Default.aspx?pageId=397&macId=40572,MKE ANKARAGÜCÜ                                    ,0,BURSASPOR                                         ,2,ANKARA 19 MAYIS,ÜNSAL ÇİMEN,8.09.1996 - 16:00
1032,https://www.tff.org/Default.aspx?pageId=397&macId=40573,ALTAY                                             ,4,SARIYER                                           ,3,İZMİR ALSANCAK,TURGUT SIĞIÇ,8.09.1996 - 16:30
1034,https://www.tff.org/Default.aspx?pageId=397&macId=40575,DENİZLİSPOR                                       ,1,İSTANBULSPOR A.Ş                                  ,1,DENİZLİ ATATÜRK,ERDAL GÜLEÇ,8.09.1996 - 16:30
1028,https://www.tff.org/Default.aspx?pageId=397&macId=40570,GALATASARAY                                       ,0,FENERBAHÇE                                        ,4,ALİ SAMİ YEN,MUHİTTİN BOŞAT,8.09.1996 - 19:00
1033,https://www.tff.org/Default.aspx?pageId=397&macId=40574,SAMSUNSPOR                                        ,1,GENÇLERBİRLİĞİ                                    ,0,SAMSUN 19 MAYIS,İBRAHİM AKSOY,8.09.1996 - 19:00
1044,https://www.tff.org/Default.aspx?pageId=397&macId=40683,TRABZONSPOR                                       ,2,ANTALYASPOR                                       ,0,HÜSEYİN AVNİ AKER,BÜLENT UZUN,13.09.1996 - 19:00
1037,https://www.tff.org/Default.aspx?pageId=397&macId=40684,ALTAY                                             ,2,ÇANAKKALE DARDANELSPOR                            ,1,İZMİR ALSANCAK,AYHAN YÜCEBİLGİÇ,14.09.1996 - 16:30
1042,https://www.tff.org/Default.aspx?pageId=397&macId=40685,FENERBAHÇE                                        ,0,BEŞİKTAŞ                                          ,1,FB ŞÜKRÜ SARACOĞLU,METİN TOKAT,14.09.1996 - 19:05
1045,https://www.tff.org/Default.aspx?pageId=397&macId=40691,VANSPOR                                           ,2,MKE ANKARAGÜCÜ                                    ,0,VALİ MAHMUT YILBAŞ,KADİR TOZLU,15.09.1996 - 15:30
1038,https://www.tff.org/Default.aspx?pageId=397&macId=40686,DENİZLİSPOR                                       ,2,SAMSUNSPOR                                        ,2,DENİZLİ ATATÜRK,ENGİN KURT,15.09.1996 - 16:30
1039,https://www.tff.org/Default.aspx?pageId=397&macId=40687,GENÇLERBİRLİĞİ                                    ,1,GAZİANTEPSPOR                                     ,1,ANKARA 19 MAYIS,EROL ERSOY,15.09.1996 - 19:00
1040,https://www.tff.org/Default.aspx?pageId=397&macId=40688,İSTANBULSPOR A.Ş                                  ,1,BURSASPOR                                         ,1,ALİ SAMİ YEN,ALİCAN LAKOT,15.09.1996 - 19:00
1041,https://www.tff.org/Default.aspx?pageId=397&macId=40689,SARIYER                                           ,0,GALATASARAY                                       ,4,BEŞİKTAŞ İNÖNÜ,SABRİ ÇELİK,15.09.1996 - 19:00
1043,https://www.tff.org/Default.aspx?pageId=397&macId=40690,KOCAELİSPOR                                       ,2,ZEYTİNBURNUSPOR                                   ,1, İSMETPAŞA,NAMIK KEMAL DEMİROĞLU,15.09.1996 - 19:00
1049,https://www.tff.org/Default.aspx?pageId=397&macId=40808,BEŞİKTAŞ                                          ,2,SARIYER                                           ,0,BEŞİKTAŞ İNÖNÜ,ORHAN ERDEMİR,20.09.1996 - 19:00
1054,https://www.tff.org/Default.aspx?pageId=397&macId=40809,ZEYTİNBURNUSPOR                                   ,1,FENERBAHÇE                                        ,5,ALİ SAMİ YEN,OSMAN AVCI,21.09.1996 - 19:00
1051,https://www.tff.org/Default.aspx?pageId=397&macId=40814,ALTAY                                             ,1,GENÇLERBİRLİĞİ                                    ,0,İZMİR ALSANCAK,SERDAR ÇAKIR,22.09.1996 - 16:30
1046,https://www.tff.org/Default.aspx?pageId=397&macId=40810,GAZİANTEPSPOR                                     ,2,DENİZLİSPOR                                       ,0,KAMİL OCAK,ADNAN ŞEKER,22.09.1996 - 19:00
1047,https://www.tff.org/Default.aspx?pageId=397&macId=40811,SAMSUNSPOR                                        ,1,İSTANBULSPOR A.Ş                                  ,0,SAMSUN 19 MAYIS,GALİP BİTİGEN,22.09.1996 - 19:00
1048,https://www.tff.org/Default.aspx?pageId=397&macId=40812,KOCAELİSPOR                                       ,0,ANTALYASPOR                                       ,1, İSMETPAŞA,VAHAP BEYAZ,22.09.1996 - 19:00
1050,https://www.tff.org/Default.aspx?pageId=397&macId=40813,GALATASARAY                                       ,1,ÇANAKKALE DARDANELSPOR                            ,0,İZMİR ATATÜRK,OĞUZ SARVAN,22.09.1996 - 19:00
1052,https://www.tff.org/Default.aspx?pageId=397&macId=40815,BURSASPOR                                         ,2,VANSPOR                                           ,0,BURSA ATATÜRK,AHMET ÇAKAR,22.09.1996 - 19:00
1053,https://www.tff.org/Default.aspx?pageId=397&macId=40816,MKE ANKARAGÜCÜ                                    ,0,TRABZONSPOR                                       ,1,ANKARA 19 MAYIS,MUSTAFA ÇULCU,22.09.1996 - 19:00
1060,https://www.tff.org/Default.aspx?pageId=397&macId=40952,TRABZONSPOR                                       ,3,BURSASPOR                                         ,0,HÜSEYİN AVNİ AKER,MUHİTTİN BOŞAT,27.09.1996 - 19:00
1058,https://www.tff.org/Default.aspx?pageId=397&macId=40953,SARIYER                                           ,1,ZEYTİNBURNUSPOR                                   ,0,YUSUF ZİYA ÖNİŞ,MUSTAFA KALKANDELEN,28.09.1996 - 16:30
1059,https://www.tff.org/Default.aspx?pageId=397&macId=40954,FENERBAHÇE                                        ,4,ANTALYASPOR                                       ,0,FB ŞÜKRÜ SARACOĞLU,İBRAHİM AKSOY,28.09.1996 - 19:00
1057,https://www.tff.org/Default.aspx?pageId=397&macId=40957,SAMSUNSPOR                                        ,2,GAZİANTEPSPOR                                     ,1,SAMSUN 19 MAYIS,MURAT ILGAZ,29.09.1996 - 16:00
1055,https://www.tff.org/Default.aspx?pageId=397&macId=40955,ÇANAKKALE DARDANELSPOR                            ,0,BEŞİKTAŞ                                          ,5,18 MART,ÜNSAL ÇİMEN,29.09.1996 - 16:30
1056,https://www.tff.org/Default.aspx?pageId=397&macId=40956,KOCAELİSPOR                                       ,2,MKE ANKARAGÜCÜ                                    ,1, İSMETPAŞA,SEBAHATTİN BİTİRİM,29.09.1996 - 16:30
1063,https://www.tff.org/Default.aspx?pageId=397&macId=40960,İSTANBULSPOR A.Ş                                  ,2,VANSPOR                                           ,1,BEŞİKTAŞ İNÖNÜ,SELÇUK ŞAHİN,29.09.1996 - 16:30
1061,https://www.tff.org/Default.aspx?pageId=397&macId=40958,DENİZLİSPOR                                       ,1,ALTAY                                             ,0,DENİZLİ ATATÜRK,NEDİM GÖKLÜ,29.09.1996 - 19:00
1062,https://www.tff.org/Default.aspx?pageId=397&macId=40959,GENÇLERBİRLİĞİ                                    ,0,GALATASARAY                                       ,2,ANKARA 19 MAYIS,AYHAN YÜCEBİLGİÇ,29.09.1996 - 19:00
1065,https://www.tff.org/Default.aspx?pageId=397&macId=41095,GALATASARAY                                       ,2,DENİZLİSPOR                                       ,0,ALİ SAMİ YEN,YILNUR ÖNEN,4.10.1996 - 19:00
1070,https://www.tff.org/Default.aspx?pageId=397&macId=41097,VANSPOR                                           ,1,TRABZONSPOR                                       ,2,VALİ MAHMUT YILBAŞ,SABRİ ÇELİK,5.10.1996 - 13:00
1072,https://www.tff.org/Default.aspx?pageId=397&macId=41098,ZEYTİNBURNUSPOR                                   ,0,ÇANAKKALE DARDANELSPOR                            ,2,ZEYTİNBURNU,MEHMET ÇAYAN,5.10.1996 - 15:30
1066,https://www.tff.org/Default.aspx?pageId=397&macId=41096,MKE ANKARAGÜCÜ                                    ,0,FENERBAHÇE                                        ,2,ANKARA 19 MAYIS,OĞUZ SARVAN,5.10.1996 - 19:05
1069,https://www.tff.org/Default.aspx?pageId=397&macId=41102,GAZİANTEPSPOR                                     ,1,İSTANBULSPOR A.Ş                                  ,0,KAMİL OCAK,METİN TOKAT,6.10.1996 - 15:00
1068,https://www.tff.org/Default.aspx?pageId=397&macId=41101,ALTAY                                             ,3,SAMSUNSPOR                                        ,1,İZMİR ALSANCAK,ALİ ULUYOL,6.10.1996 - 15:30
1071,https://www.tff.org/Default.aspx?pageId=397&macId=41103,BURSASPOR                                         ,1,KOCAELİSPOR                                       ,2,BURSA ATATÜRK,GALİP BİTİGEN,6.10.1996 - 15:30
1064,https://www.tff.org/Default.aspx?pageId=397&macId=41099,ANTALYASPOR                                       ,1,SARIYER                                           ,1,ANTALYA ATATÜRK,MUSTAFA ÇULCU,6.10.1996 - 19:00
1067,https://www.tff.org/Default.aspx?pageId=397&macId=41100,BEŞİKTAŞ                                          ,2,GENÇLERBİRLİĞİ                                    ,0,BEŞİKTAŞ İNÖNÜ,İLHAMİ KAPLAN,6.10.1996 - 19:00
1077,https://www.tff.org/Default.aspx?pageId=397&macId=41209,SARIYER                                           ,2,MKE ANKARAGÜCÜ                                    ,1,ALİ SAMİ YEN,SADIK İLHAN,11.10.1996 - 19:00
1081,https://www.tff.org/Default.aspx?pageId=397&macId=41212,İSTANBULSPOR A.Ş                                  ,2,TRABZONSPOR                                       ,2,BEŞİKTAŞ İNÖNÜ,AHMET ÇAKAR,12.10.1996 - 15:30
1080,https://www.tff.org/Default.aspx?pageId=397&macId=41211,DENİZLİSPOR                                       ,0,BEŞİKTAŞ                                          ,4,DENİZLİ ATATÜRK,EROL ERSOY,12.10.1996 - 19:00
1074,https://www.tff.org/Default.aspx?pageId=397&macId=41232,GAZİANTEPSPOR                                     ,2,ALTAY                                             ,0,KAMİL OCAK,ERDAL GÜLEÇ,13.10.1996 - 15:00
1075,https://www.tff.org/Default.aspx?pageId=397&macId=41233,GENÇLERBİRLİĞİ                                    ,3,ZEYTİNBURNUSPOR                                   ,2,ANKARA 19 MAYIS,NECDET ERDİLEK,13.10.1996 - 15:00
1079,https://www.tff.org/Default.aspx?pageId=397&macId=41236,SAMSUNSPOR                                        ,0,GALATASARAY                                       ,2,SAMSUN 19 MAYIS,ALİCAN LAKOT,13.10.1996 - 15:00
1076,https://www.tff.org/Default.aspx?pageId=397&macId=41234,ÇANAKKALE DARDANELSPOR                            ,3,ANTALYASPOR                                       ,2,18 MART,ORHAN ERDEMİR,13.10.1996 - 15:30
1078,https://www.tff.org/Default.aspx?pageId=397&macId=41235,KOCAELİSPOR                                       ,4,VANSPOR                                           ,2, İSMETPAŞA,MURAT ILGAZ,13.10.1996 - 15:30
1073,https://www.tff.org/Default.aspx?pageId=397&macId=41231,FENERBAHÇE                                        ,1,BURSASPOR                                         ,0,FB ŞÜKRÜ SARACOĞLU,VAHAP BEYAZ,13.10.1996 - 19:00
1085,https://www.tff.org/Default.aspx?pageId=397&macId=41338,BEŞİKTAŞ                                          ,1,SAMSUNSPOR                                        ,0,BEŞİKTAŞ İNÖNÜ,NEDİM GÖKLÜ,18.10.1996 - 19:00
1083,https://www.tff.org/Default.aspx?pageId=397&macId=41339,ZEYTİNBURNUSPOR                                   ,1,DENİZLİSPOR                                       ,2,ZEYTİNBURNU,ÜNSAL ÇİMEN,19.10.1996 - 14:00
1088,https://www.tff.org/Default.aspx?pageId=397&macId=41340,TRABZONSPOR                                       ,2,KOCAELİSPOR                                       ,1,HÜSEYİN AVNİ AKER,İBRAHİM AKSOY,19.10.1996 - 19:00
1089,https://www.tff.org/Default.aspx?pageId=397&macId=41345,VANSPOR                                           ,2,FENERBAHÇE                                        ,2,VALİ MAHMUT YILBAŞ,İLHAMİ KAPLAN,20.10.1996 - 13:00
1090,https://www.tff.org/Default.aspx?pageId=397&macId=41346,MKE ANKARAGÜCÜ                                    ,2,ÇANAKKALE DARDANELSPOR                            ,1,ANKARA 19 MAYIS,OSMAN AVCI,20.10.1996 - 13:30
1084,https://www.tff.org/Default.aspx?pageId=397&macId=41342,ANTALYASPOR                                       ,1,GENÇLERBİRLİĞİ                                    ,1,ANTALYA ATATÜRK,SABRİ ÇELİK,20.10.1996 - 14:00
1087,https://www.tff.org/Default.aspx?pageId=397&macId=41344,ALTAY                                             ,0,İSTANBULSPOR A.Ş                                  ,2,İZMİR ALSANCAK,SELAMİ ŞİMŞEK,20.10.1996 - 14:00
1082,https://www.tff.org/Default.aspx?pageId=397&macId=41341,BURSASPOR                                         ,1,SARIYER                                           ,0,BURSA ATATÜRK,BÜLENT UZUN,20.10.1996 - 19:00
1086,https://www.tff.org/Default.aspx?pageId=397&macId=41343,GALATASARAY                                       ,6,GAZİANTEPSPOR                                     ,1,ALİ SAMİ YEN,SELÇUK ŞAHİN,20.10.1996 - 19:00
1091,https://www.tff.org/Default.aspx?pageId=397&macId=41452,GAZİANTEPSPOR                                     ,0,BEŞİKTAŞ                                          ,0,KAMİL OCAK,OĞUZ SARVAN,25.10.1996 - 19:00
1096,https://www.tff.org/Default.aspx?pageId=397&macId=41453,FENERBAHÇE                                        ,1,TRABZONSPOR                                       ,0,FB ŞÜKRÜ SARACOĞLU,AYHAN YÜCEBİLGİÇ,26.10.1996 - 19:00
1092,https://www.tff.org/Default.aspx?pageId=397&macId=41454,SAMSUNSPOR                                        ,2,ZEYTİNBURNUSPOR                                   ,0,ÇORUM ŞEHİR,TURGUT SIĞIÇ,27.10.1996 - 13:30
1099,https://www.tff.org/Default.aspx?pageId=397&macId=41460,GENÇLERBİRLİĞİ                                    ,0,MKE ANKARAGÜCÜ                                    ,1,ANKARA 19 MAYIS,ORHAN ERDEMİR,27.10.1996 - 13:30
1093,https://www.tff.org/Default.aspx?pageId=397&macId=41455,İSTANBULSPOR A.Ş                                  ,0,KOCAELİSPOR                                       ,1,BEŞİKTAŞ İNÖNÜ,YILNUR ÖNEN,27.10.1996 - 14:00
1094,https://www.tff.org/Default.aspx?pageId=397&macId=41456,ÇANAKKALE DARDANELSPOR                            ,0,BURSASPOR                                         ,0,18 MART,SEBAHATTİN BİTİRİM,27.10.1996 - 14:00
1095,https://www.tff.org/Default.aspx?pageId=397&macId=41457,SARIYER                                           ,2,VANSPOR                                           ,0,YUSUF ZİYA ÖNİŞ,ADNAN ŞEKER,27.10.1996 - 14:00
1098,https://www.tff.org/Default.aspx?pageId=397&macId=41459,DENİZLİSPOR                                       ,1,ANTALYASPOR                                       ,5,DENİZLİ ATATÜRK,NAMIK KEMAL DEMİROĞLU,27.10.1996 - 14:00
1097,https://www.tff.org/Default.aspx?pageId=397&macId=41458,ALTAY                                             ,1,GALATASARAY                                       ,8,İZMİR ATATÜRK,METİN TOKAT,27.10.1996 - 19:00
1104,https://www.tff.org/Default.aspx?pageId=397&macId=41575,BEŞİKTAŞ                                          ,3,ALTAY                                             ,0,BEŞİKTAŞ İNÖNÜ,MUSTAFA ÇULCU,1.11.1996 - 19:00
1102,https://www.tff.org/Default.aspx?pageId=397&macId=41577,ZEYTİNBURNUSPOR                                   ,0,GAZİANTEPSPOR                                     ,3,ZEYTİNBURNU,ENGİN KURT,2.11.1996 - 14:00
1100,https://www.tff.org/Default.aspx?pageId=397&macId=41576,TRABZONSPOR                                       ,3,SARIYER                                           ,2,HÜSEYİN AVNİ AKER,GALİP BİTİGEN,2.11.1996 - 19:00
1106,https://www.tff.org/Default.aspx?pageId=397&macId=41578,KOCAELİSPOR                                       ,0,FENERBAHÇE                                        ,1, İSMETPAŞA,EROL ERSOY,2.11.1996 - 19:00
1107,https://www.tff.org/Default.aspx?pageId=397&macId=41582,VANSPOR                                           ,1,ÇANAKKALE DARDANELSPOR                            ,0,VALİ MAHMUT YILBAŞ,VAHAP BEYAZ,3.11.1996 - 13:00
1108,https://www.tff.org/Default.aspx?pageId=397&macId=41583,MKE ANKARAGÜCÜ                                    ,3,DENİZLİSPOR                                       ,2,ANKARA 19 MAYIS,MUSTAFA KALKANDELEN,3.11.1996 - 13:30
1103,https://www.tff.org/Default.aspx?pageId=397&macId=41580,ANTALYASPOR                                       ,1,SAMSUNSPOR                                        ,1,ANTALYA ATATÜRK,SADIK İLHAN,3.11.1996 - 14:00
1101,https://www.tff.org/Default.aspx?pageId=397&macId=41579,BURSASPOR                                         ,2,GENÇLERBİRLİĞİ                                    ,0,BURSA ATATÜRK,AHMET ÇAKAR,3.11.1996 - 19:00
1105,https://www.tff.org/Default.aspx?pageId=397&macId=41581,GALATASARAY                                       ,6,İSTANBULSPOR A.Ş                                  ,1,ALİ SAMİ YEN,MUHİTTİN BOŞAT,3.11.1996 - 19:00
1113,https://www.tff.org/Default.aspx?pageId=397&macId=41794,GALATASARAY                                       ,2,BEŞİKTAŞ                                          ,2,ALİ SAMİ YEN,METİN TOKAT,15.11.1996 - 19:00
1112,https://www.tff.org/Default.aspx?pageId=397&macId=41796,SARIYER                                           ,2,KOCAELİSPOR                                       ,1,YUSUF ZİYA ÖNİŞ,ALİ ULUYOL,16.11.1996 - 14:00
1110,https://www.tff.org/Default.aspx?pageId=397&macId=41795,SAMSUNSPOR                                        ,2,MKE ANKARAGÜCÜ                                    ,4,SAMSUN 19 MAYIS,İLHAMİ KAPLAN,16.11.1996 - 19:00
1115,https://www.tff.org/Default.aspx?pageId=397&macId=41800,GAZİANTEPSPOR                                     ,1,ANTALYASPOR                                       ,0,KAMİL OCAK,SELAMİ ŞİMŞEK,17.11.1996 - 13:30
1109,https://www.tff.org/Default.aspx?pageId=397&macId=41797,ÇANAKKALE DARDANELSPOR                            ,0,TRABZONSPOR                                       ,2,18 MART,MUHİTTİN BOŞAT,17.11.1996 - 14:00
1111,https://www.tff.org/Default.aspx?pageId=397&macId=41798,DENİZLİSPOR                                       ,2,BURSASPOR                                         ,3,DENİZLİ ATATÜRK,OSMAN AVCI,17.11.1996 - 14:00
1114,https://www.tff.org/Default.aspx?pageId=397&macId=41799,ALTAY                                             ,0,ZEYTİNBURNUSPOR                                   ,0,İZMİR ALSANCAK,KADİR TOZLU,17.11.1996 - 14:00
1117,https://www.tff.org/Default.aspx?pageId=397&macId=41802,İSTANBULSPOR A.Ş                                  ,1,FENERBAHÇE                                        ,1,BEŞİKTAŞ İNÖNÜ,ORHAN ERDEMİR,17.11.1996 - 14:00
1116,https://www.tff.org/Default.aspx?pageId=397&macId=41801,GENÇLERBİRLİĞİ                                    ,1,VANSPOR                                           ,0,ANKARA 19 MAYIS,ERDAL GÜLEÇ,17.11.1996 - 19:00
1120,https://www.tff.org/Default.aspx?pageId=397&macId=41908,ZEYTİNBURNUSPOR                                   ,2,GALATASARAY                                       ,5,BEŞİKTAŞ İNÖNÜ,MUSTAFA KALKANDELEN,22.11.1996 - 19:08
1122,https://www.tff.org/Default.aspx?pageId=397&macId=41909,BEŞİKTAŞ                                          ,3,İSTANBULSPOR A.Ş                                  ,0,BEŞİKTAŞ İNÖNÜ,SABRİ ÇELİK,23.11.1996 - 19:00
1123,https://www.tff.org/Default.aspx?pageId=397&macId=41913,TRABZONSPOR                                       ,1,GENÇLERBİRLİĞİ                                    ,0,HÜSEYİN AVNİ AKER,SELÇUK ŞAHİN,24.11.1996 - 12:00
1124,https://www.tff.org/Default.aspx?pageId=397&macId=41914,VANSPOR                                           ,0,DENİZLİSPOR                                       ,2,VALİ MAHMUT YILBAŞ,YILNUR ÖNEN,24.11.1996 - 13:00
1126,https://www.tff.org/Default.aspx?pageId=397&macId=41916,MKE ANKARAGÜCÜ                                    ,0,GAZİANTEPSPOR                                     ,0,ANKARA 19 MAYIS,BÜLENT UZUN,24.11.1996 - 13:30
1119,https://www.tff.org/Default.aspx?pageId=397&macId=41911,KOCAELİSPOR                                       ,2,ÇANAKKALE DARDANELSPOR                            ,0, İSMETPAŞA,İBRAHİM AKSOY,24.11.1996 - 14:00
1121,https://www.tff.org/Default.aspx?pageId=397&macId=41912,ANTALYASPOR                                       ,1,ALTAY                                             ,1,ANTALYA ATATÜRK,SERDAR ÇAKIR,24.11.1996 - 14:00
1125,https://www.tff.org/Default.aspx?pageId=397&macId=41915,BURSASPOR                                         ,6,SAMSUNSPOR                                        ,1,BURSA ATATÜRK,ADNAN ŞEKER,24.11.1996 - 14:02
1118,https://www.tff.org/Default.aspx?pageId=397&macId=41910,FENERBAHÇE                                        ,2,SARIYER                                           ,0,FB ŞÜKRÜ SARACOĞLU,MURAT ILGAZ,24.11.1996 - 19:00
1135,https://www.tff.org/Default.aspx?pageId=397&macId=42030,ZEYTİNBURNUSPOR                                   ,0,BEŞİKTAŞ                                          ,3,FB ŞÜKRÜ SARACOĞLU,VAHAP BEYAZ,29.11.1996 - 19:00
1129,https://www.tff.org/Default.aspx?pageId=397&macId=42031,DENİZLİSPOR                                       ,2,TRABZONSPOR                                       ,3,DENİZLİ ATATÜRK,OĞUZ SARVAN,30.11.1996 - 19:00
1132,https://www.tff.org/Default.aspx?pageId=397&macId=42036,GAZİANTEPSPOR                                     ,2,BURSASPOR                                         ,1,KAMİL OCAK,ÜNSAL ÇİMEN,1.12.1996 - 13:30
1133,https://www.tff.org/Default.aspx?pageId=397&macId=42037,SAMSUNSPOR                                        ,0,VANSPOR                                           ,0,SAMSUN 19 MAYIS,MEHMET ÇAYAN,1.12.1996 - 13:30
1134,https://www.tff.org/Default.aspx?pageId=397&macId=42038,GENÇLERBİRLİĞİ                                    ,1,KOCAELİSPOR                                       ,0,ANKARA 19 MAYIS,SEBAHATTİN BİTİRİM,1.12.1996 - 13:30
1127,https://www.tff.org/Default.aspx?pageId=397&macId=42032,ÇANAKKALE DARDANELSPOR                            ,1,FENERBAHÇE                                        ,1,18 MART,MUSTAFA ÇULCU,1.12.1996 - 14:00
1128,https://www.tff.org/Default.aspx?pageId=397&macId=42033,ALTAY                                             ,1,MKE ANKARAGÜCÜ                                    ,1,İZMİR ALSANCAK,GALİP BİTİGEN,1.12.1996 - 14:00
1130,https://www.tff.org/Default.aspx?pageId=397&macId=42034,SARIYER                                           ,0,İSTANBULSPOR A.Ş                                  ,1,YUSUF ZİYA ÖNİŞ,İLHAMİ KAPLAN,1.12.1996 - 14:00
1131,https://www.tff.org/Default.aspx?pageId=397&macId=42035,GALATASARAY                                       ,3,ANTALYASPOR                                       ,1,ALİ SAMİ YEN,AYHAN YÜCEBİLGİÇ,1.12.1996 - 19:00
1144,https://www.tff.org/Default.aspx?pageId=397&macId=42144,MKE ANKARAGÜCÜ                                    ,0,GALATASARAY                                       ,1,ANKARA 19 MAYIS,İBRAHİM AKSOY,6.12.1996 - 19:00
1140,https://www.tff.org/Default.aspx?pageId=397&macId=42145,SARIYER                                           ,8,ÇANAKKALE DARDANELSPOR                            ,0,YUSUF ZİYA ÖNİŞ,ERDAL GÜLEÇ,7.12.1996 - 14:00
1142,https://www.tff.org/Default.aspx?pageId=397&macId=42146,TRABZONSPOR                                       ,1,SAMSUNSPOR                                        ,0,HÜSEYİN AVNİ AKER,METİN TOKAT,7.12.1996 - 19:00
1143,https://www.tff.org/Default.aspx?pageId=397&macId=42152,VANSPOR                                           ,0,GAZİANTEPSPOR                                     ,1,VALİ MAHMUT YILBAŞ,ALİCAN LAKOT,8.12.1996 - 13:00
1136,https://www.tff.org/Default.aspx?pageId=397&macId=42147,KOCAELİSPOR                                       ,1,DENİZLİSPOR                                       ,0, İSMETPAŞA,SELÇUK ŞAHİN,8.12.1996 - 14:00
1137,https://www.tff.org/Default.aspx?pageId=397&macId=42148,BURSASPOR                                         ,3,ALTAY                                             ,0,BURSA ATATÜRK,ORHAN ERDEMİR,8.12.1996 - 14:00
1138,https://www.tff.org/Default.aspx?pageId=397&macId=42149,İSTANBULSPOR A.Ş                                  ,5,ZEYTİNBURNUSPOR                                   ,1,BEŞİKTAŞ İNÖNÜ,OSMAN AVCI,8.12.1996 - 14:00
1139,https://www.tff.org/Default.aspx?pageId=397&macId=42150,ANTALYASPOR                                       ,3,BEŞİKTAŞ                                          ,2,ANTALYA ATATÜRK,EROL ERSOY,8.12.1996 - 14:00
1141,https://www.tff.org/Default.aspx?pageId=397&macId=42151,FENERBAHÇE                                        ,2,GENÇLERBİRLİĞİ                                    ,0,FB ŞÜKRÜ SARACOĞLU,AYHAN YÜCEBİLGİÇ,8.12.1996 - 19:00
1152,https://www.tff.org/Default.aspx?pageId=397&macId=42329,DENİZLİSPOR                                       ,0,FENERBAHÇE                                        ,1,DENİZLİ ATATÜRK,ADNAN ŞEKER,20.12.1996 - 19:00
1149,https://www.tff.org/Default.aspx?pageId=397&macId=42330,GALATASARAY                                       ,4,BURSASPOR                                         ,1,ALİ SAMİ YEN,MUSTAFA ÇULCU,21.12.1996 - 19:00
1146,https://www.tff.org/Default.aspx?pageId=397&macId=42332,GAZİANTEPSPOR                                     ,1,TRABZONSPOR                                       ,0,KAMİL OCAK,YILNUR ÖNEN,22.12.1996 - 13:30
1147,https://www.tff.org/Default.aspx?pageId=397&macId=42333,GENÇLERBİRLİĞİ                                    ,2,SARIYER                                           ,1,ANKARA 19 MAYIS,KADİR TOZLU,22.12.1996 - 13:30
1151,https://www.tff.org/Default.aspx?pageId=397&macId=42336,SAMSUNSPOR                                        ,3,KOCAELİSPOR                                       ,0,SAMSUN 19 MAYIS,GALİP BİTİGEN,22.12.1996 - 13:30
1145,https://www.tff.org/Default.aspx?pageId=397&macId=42331,ÇANAKKALE DARDANELSPOR                            ,1,İSTANBULSPOR A.Ş                                  ,3,18 MART,BÜLENT UZUN,22.12.1996 - 14:00
1150,https://www.tff.org/Default.aspx?pageId=397&macId=42335,ALTAY                                             ,2,VANSPOR                                           ,1,İZMİR ALSANCAK,MUHİTTİN BOŞAT,22.12.1996 - 14:00
1153,https://www.tff.org/Default.aspx?pageId=397&macId=42337,ZEYTİNBURNUSPOR                                   ,2,ANTALYASPOR                                       ,1,ZEYTİNBURNU,ALİ ULUYOL,22.12.1996 - 14:00
1148,https://www.tff.org/Default.aspx?pageId=397&macId=42334,BEŞİKTAŞ                                          ,4,MKE ANKARAGÜCÜ                                    ,0,BEŞİKTAŞ İNÖNÜ,SADIK İLHAN,22.12.1996 - 19:00
1159,https://www.tff.org/Default.aspx?pageId=397&macId=42418,GALATASARAY                                       ,1,VANSPOR                                           ,1,ALİ SAMİ YEN,MURAT ILGAZ,17.01.1997 - 20:00
1154,https://www.tff.org/Default.aspx?pageId=397&macId=42419,ÇANAKKALE DARDANELSPOR                            ,1,GENÇLERBİRLİĞİ                                    ,3,18 MART,ALİCAN LAKOT,18.01.1997 - 13:30
1158,https://www.tff.org/Default.aspx?pageId=397&macId=42421,ALTAY                                             ,2,TRABZONSPOR                                       ,3,İZMİR ALSANCAK,MUSTAFA ÇULCU,18.01.1997 - 13:30
1155,https://www.tff.org/Default.aspx?pageId=397&macId=42420,SAMSUNSPOR                                        ,1,FENERBAHÇE                                        ,1,SAMSUN 19 MAYIS,EROL ERSOY,18.01.1997 - 19:00
1156,https://www.tff.org/Default.aspx?pageId=397&macId=42422,GAZİANTEPSPOR                                     ,1,KOCAELİSPOR                                       ,1,KAMİL OCAK,SERDAR ÇAKIR,19.01.1997 - 13:00
1157,https://www.tff.org/Default.aspx?pageId=397&macId=42423,DENİZLİSPOR                                       ,0,SARIYER                                           ,1,DENİZLİ ATATÜRK,GALİP BİTİGEN,19.01.1997 - 13:30
1161,https://www.tff.org/Default.aspx?pageId=397&macId=42425,ZEYTİNBURNUSPOR                                   ,1,MKE ANKARAGÜCÜ                                    ,1,ZEYTİNBURNU,NECDET ERDİLEK,19.01.1997 - 13:30
1162,https://www.tff.org/Default.aspx?pageId=397&macId=42426,ANTALYASPOR                                       ,2,İSTANBULSPOR A.Ş                                  ,1,ANTALYA ATATÜRK,VAHAP BEYAZ,19.01.1997 - 13:30
1160,https://www.tff.org/Default.aspx?pageId=397&macId=42424,BEŞİKTAŞ                                          ,2,BURSASPOR                                         ,2,BEŞİKTAŞ İNÖNÜ,İLHAMİ KAPLAN,19.01.1997 - 19:00
1164,https://www.tff.org/Default.aspx?pageId=397&macId=42440,BURSASPOR                                         ,1,ZEYTİNBURNUSPOR                                   ,1,BURSA ATATÜRK,MEHMET ÇAYAN,24.01.1997 - 20:00
1169,https://www.tff.org/Default.aspx?pageId=397&macId=42442,İSTANBULSPOR A.Ş                                  ,0,GENÇLERBİRLİĞİ                                    ,3,BEŞİKTAŞ İNÖNÜ,SADIK İLHAN,25.01.1997 - 13:30
1166,https://www.tff.org/Default.aspx?pageId=397&macId=42441,TRABZONSPOR                                       ,0,GALATASARAY                                       ,0,HÜSEYİN AVNİ AKER,AYHAN YÜCEBİLGİÇ,25.01.1997 - 19:00
1165,https://www.tff.org/Default.aspx?pageId=397&macId=42444,VANSPOR                                           ,0,BEŞİKTAŞ                                          ,0,VALİ MAHMUT YILBAŞ,METİN TOKAT,26.01.1997 - 13:00
1163,https://www.tff.org/Default.aspx?pageId=397&macId=42443,SARIYER                                           ,4,SAMSUNSPOR                                        ,1,YUSUF ZİYA ÖNİŞ,ENGİN KURT,26.01.1997 - 13:30
1168,https://www.tff.org/Default.aspx?pageId=397&macId=42446,ÇANAKKALE DARDANELSPOR                            ,3,DENİZLİSPOR                                       ,0,18 MART,KADİR TOZLU,26.01.1997 - 13:30
1170,https://www.tff.org/Default.aspx?pageId=397&macId=42447,KOCAELİSPOR                                       ,0,ALTAY                                             ,0, İSMETPAŞA,YILNUR ÖNEN,26.01.1997 - 13:30
1171,https://www.tff.org/Default.aspx?pageId=397&macId=42448,ANTALYASPOR                                       ,1,MKE ANKARAGÜCÜ                                    ,0,ANTALYA ATATÜRK,SELÇUK ŞAHİN,26.01.1997 - 13:30
1167,https://www.tff.org/Default.aspx?pageId=397&macId=42445,FENERBAHÇE                                        ,1,GAZİANTEPSPOR                                     ,0,FB ŞÜKRÜ SARACOĞLU,VAHAP BEYAZ,26.01.1997 - 19:00
1176,https://www.tff.org/Default.aspx?pageId=397&macId=42554,ALTAY                                             ,0,FENERBAHÇE                                        ,0,İZMİR ATATÜRK,İLHAMİ KAPLAN,31.01.1997 - 20:00
1179,https://www.tff.org/Default.aspx?pageId=397&macId=42556,DENİZLİSPOR                                       ,3,GENÇLERBİRLİĞİ                                    ,3,DENİZLİ ATATÜRK,MUSTAFA KALKANDELEN,1.02.1997 - 13:30
1174,https://www.tff.org/Default.aspx?pageId=397&macId=42555,BEŞİKTAŞ                                          ,3,TRABZONSPOR                                       ,0,BEŞİKTAŞ İNÖNÜ,EROL ERSOY,1.02.1997 - 19:00
1173,https://www.tff.org/Default.aspx?pageId=397&macId=42558,GAZİANTEPSPOR                                     ,2,SARIYER                                           ,1,KAMİL OCAK,SEBAHATTİN BİTİRİM,2.02.1997 - 13:00
1172,https://www.tff.org/Default.aspx?pageId=397&macId=42557,MKE ANKARAGÜCÜ                                    ,0,İSTANBULSPOR A.Ş                                  ,0,ANKARA 19 MAYIS,ERDAL GÜLEÇ,2.02.1997 - 13:23
1175,https://www.tff.org/Default.aspx?pageId=397&macId=42559,ÇANAKKALE DARDANELSPOR                            ,0,SAMSUNSPOR                                        ,0,18 MART,SELAMİ ŞİMŞEK,2.02.1997 - 13:30
1178,https://www.tff.org/Default.aspx?pageId=397&macId=42561,ANTALYASPOR                                       ,0,BURSASPOR                                         ,1,ANTALYA ATATÜRK,YILNUR ÖNEN,2.02.1997 - 13:30
1180,https://www.tff.org/Default.aspx?pageId=397&macId=42562,ZEYTİNBURNUSPOR                                   ,2,VANSPOR                                           ,1,ZEYTİNBURNU,BÜLENT UZUN,2.02.1997 - 13:30
1177,https://www.tff.org/Default.aspx?pageId=397&macId=42560,GALATASARAY                                       ,0,KOCAELİSPOR                                       ,0,ALİ SAMİ YEN,OĞUZ SARVAN,2.02.1997 - 19:00
1188,https://www.tff.org/Default.aspx?pageId=397&macId=42672,TRABZONSPOR                                       ,6,ZEYTİNBURNUSPOR                                   ,1,HÜSEYİN AVNİ AKER,TURGUT SIĞIÇ,7.02.1997 - 20:00
1185,https://www.tff.org/Default.aspx?pageId=397&macId=42674,SARIYER                                           ,0,ALTAY                                             ,0,YUSUF ZİYA ÖNİŞ,NAMIK KEMAL DEMİROĞLU,8.02.1997 - 13:30
1184,https://www.tff.org/Default.aspx?pageId=397&macId=42673,KOCAELİSPOR                                       ,0,BEŞİKTAŞ                                          ,0, İSMETPAŞA,AYHAN YÜCEBİLGİÇ,8.02.1997 - 19:00
1186,https://www.tff.org/Default.aspx?pageId=397&macId=42678,GENÇLERBİRLİĞİ                                    ,3,SAMSUNSPOR                                        ,1,ANKARA 19 MAYIS,NEDİM GÖKLÜ,9.02.1997 - 13:00
1182,https://www.tff.org/Default.aspx?pageId=397&macId=42676,ÇANAKKALE DARDANELSPOR                            ,1,GAZİANTEPSPOR                                     ,1,18 MART,MURAT ILGAZ,9.02.1997 - 13:30
1183,https://www.tff.org/Default.aspx?pageId=397&macId=42677,BURSASPOR                                         ,2,MKE ANKARAGÜCÜ                                    ,1,BURSA ATATÜRK,SABRİ ÇELİK,9.02.1997 - 13:30
1187,https://www.tff.org/Default.aspx?pageId=397&macId=42679,İSTANBULSPOR A.Ş                                  ,5,DENİZLİSPOR                                       ,0,BEŞİKTAŞ İNÖNÜ,ALİ ULUYOL,9.02.1997 - 13:30
1189,https://www.tff.org/Default.aspx?pageId=397&macId=42680,ANTALYASPOR                                       ,1,VANSPOR                                           ,0,ANTALYA ATATÜRK,ÜNSAL ÇİMEN,9.02.1997 - 13:35
1181,https://www.tff.org/Default.aspx?pageId=397&macId=42675,FENERBAHÇE                                        ,3,GALATASARAY                                       ,2,FB ŞÜKRÜ SARACOĞLU,MUSTAFA ÇULCU,9.02.1997 - 19:04
1198,https://www.tff.org/Default.aspx?pageId=397&macId=42681,MKE ANKARAGÜCÜ                                    ,2,VANSPOR                                           ,2,ANKARA 19 MAYIS,SERDAR ÇAKIR,14.02.1997 - 20:00
1196,https://www.tff.org/Default.aspx?pageId=397&macId=42683,ZEYTİNBURNUSPOR                                   ,0,KOCAELİSPOR                                       ,1,ZEYTİNBURNU,ADNAN ŞEKER,15.02.1997 - 13:30
1194,https://www.tff.org/Default.aspx?pageId=397&macId=42682,GALATASARAY                                       ,4,KERİM VOLKAN KİLİMCİ,0,ALİ SAMİ YEN,ORHAN ERDEMİR,15.02.1997 - 19:00
1191,https://www.tff.org/Default.aspx?pageId=397&macId=42685,SAMSUNSPOR                                        ,3,DENİZLİSPOR                                       ,0,SAMSUN 19 MAYIS,OSMAN AVCI,16.02.1997 - 13:00
1192,https://www.tff.org/Default.aspx?pageId=397&macId=42686,GAZİANTEPSPOR                                     ,2,GENÇLERBİRLİĞİ                                    ,0,KAMİL OCAK,İBRAHİM AKSOY,16.02.1997 - 13:00
1190,https://www.tff.org/Default.aspx?pageId=397&macId=42684,ÇANAKKALE DARDANELSPOR                            ,3,ALTAY                                             ,1,18 MART,SELÇUK ŞAHİN,16.02.1997 - 13:30
1193,https://www.tff.org/Default.aspx?pageId=397&macId=42687,BURSASPOR                                         ,0,İSTANBULSPOR A.Ş                                  ,2,BURSA ATATÜRK,KADİR TOZLU,16.02.1997 - 13:30
1197,https://www.tff.org/Default.aspx?pageId=397&macId=42689,ANTALYASPOR                                       ,0,TRABZONSPOR                                       ,3,ANTALYA ATATÜRK,GALİP BİTİGEN,16.02.1997 - 13:30
1195,https://www.tff.org/Default.aspx?pageId=397&macId=42688,BEŞİKTAŞ                                          ,1,FENERBAHÇE                                        ,0,BEŞİKTAŞ İNÖNÜ,VAHAP BEYAZ,16.02.1997 - 19:00
1207,https://www.tff.org/Default.aspx?pageId=397&macId=42900,FENERBAHÇE                                        ,4,ZEYTİNBURNUSPOR                                   ,1,FB ŞÜKRÜ SARACOĞLU,SABRİ ÇELİK,21.02.1997 - 20:00
1202,https://www.tff.org/Default.aspx?pageId=397&macId=42901,SARIYER                                           ,1,BEŞİKTAŞ                                          ,6,ALİ SAMİ YEN,MUHİTTİN BOŞAT,22.02.1997 - 19:00
1204,https://www.tff.org/Default.aspx?pageId=397&macId=42906,GENÇLERBİRLİĞİ                                    ,1,ALTAY                                             ,2,ANKARA 19 MAYIS,MUSTAFA ÇULCU,23.02.1997 - 13:00
1205,https://www.tff.org/Default.aspx?pageId=397&macId=42907,VANSPOR                                           ,1,BURSASPOR                                         ,0,VALİ MAHMUT YILBAŞ,SELAMİ ŞİMŞEK,23.02.1997 - 13:00
1199,https://www.tff.org/Default.aspx?pageId=397&macId=42902,DENİZLİSPOR                                       ,3,GAZİANTEPSPOR                                     ,1,DENİZLİ ATATÜRK,AYHAN YÜCEBİLGİÇ,23.02.1997 - 13:30
1200,https://www.tff.org/Default.aspx?pageId=397&macId=42903,İSTANBULSPOR A.Ş                                  ,1,SAMSUNSPOR                                        ,1,BEŞİKTAŞ İNÖNÜ,NECDET ERDİLEK,23.02.1997 - 13:30
1201,https://www.tff.org/Default.aspx?pageId=397&macId=42904,ANTALYASPOR                                       ,3,KOCAELİSPOR                                       ,2,ANTALYA ATATÜRK,SEBAHATTİN BİTİRİM,23.02.1997 - 13:30
1203,https://www.tff.org/Default.aspx?pageId=397&macId=42905,ÇANAKKALE DARDANELSPOR                            ,0,GALATASARAY                                       ,3,18 MART,İBRAHİM AKSOY,23.02.1997 - 13:30
1206,https://www.tff.org/Default.aspx?pageId=397&macId=42908,TRABZONSPOR                                       ,1,MKE ANKARAGÜCÜ                                    ,1,HÜSEYİN AVNİ AKER,ORHAN ERDEMİR,23.02.1997 - 19:00
1208,https://www.tff.org/Default.aspx?pageId=397&macId=43013,BEŞİKTAŞ                                          ,4,ÇANAKKALE DARDANELSPOR                            ,0,BEŞİKTAŞ İNÖNÜ,KADİR TOZLU,28.02.1997 - 20:00
1209,https://www.tff.org/Default.aspx?pageId=397&macId=43014,MKE ANKARAGÜCÜ                                    ,0,KOCAELİSPOR                                       ,3,ANKARA 19 MAYIS,EROL ERSOY,1.03.1997 - 13:30
1213,https://www.tff.org/Default.aspx?pageId=397&macId=43017,BURSASPOR                                         ,3,TRABZONSPOR                                       ,2,BURSA ATATÜRK,OĞUZ SARVAN,1.03.1997 - 14:00
1210,https://www.tff.org/Default.aspx?pageId=397&macId=43015,GAZİANTEPSPOR                                     ,0,SAMSUNSPOR                                        ,2,KAMİL OCAK,YILNUR ÖNEN,1.03.1997 - 17:00
1212,https://www.tff.org/Default.aspx?pageId=397&macId=43016,ANTALYASPOR                                       ,0,FENERBAHÇE                                        ,5,ANTALYA ATATÜRK,ÜNSAL ÇİMEN,1.03.1997 - 19:02
1216,https://www.tff.org/Default.aspx?pageId=397&macId=43021,VANSPOR                                           ,0,İSTANBULSPOR A.Ş                                  ,1,VALİ MAHMUT YILBAŞ,NEDİM GÖKLÜ,2.03.1997 - 13:00
1211,https://www.tff.org/Default.aspx?pageId=397&macId=43018,ZEYTİNBURNUSPOR                                   ,1,SARIYER                                           ,1,ZEYTİNBURNU,ERDAL GÜLEÇ,2.03.1997 - 14:00
1214,https://www.tff.org/Default.aspx?pageId=397&macId=43019,ALTAY                                             ,2,DENİZLİSPOR                                       ,1,İZMİR ALSANCAK,METİN TOKAT,2.03.1997 - 14:00
1215,https://www.tff.org/Default.aspx?pageId=397&macId=43020,GALATASARAY                                       ,1,GENÇLERBİRLİĞİ                                    ,1,ALİ SAMİ YEN,İLHAMİ KAPLAN,2.03.1997 - 19:00
1218,https://www.tff.org/Default.aspx?pageId=397&macId=43130,DENİZLİSPOR                                       ,2,GALATASARAY                                       ,3,DENİZLİ ATATÜRK,MUSTAFA ÇULCU,7.03.1997 - 20:00
1223,https://www.tff.org/Default.aspx?pageId=397&macId=43133,TRABZONSPOR                                       ,4,VANSPOR                                           ,0,HÜSEYİN AVNİ AKER,SELÇUK ŞAHİN,8.03.1997 - 13:00
1220,https://www.tff.org/Default.aspx?pageId=397&macId=43132,GENÇLERBİRLİĞİ                                    ,0,BEŞİKTAŞ                                          ,3,ANKARA 19 MAYIS,EROL ERSOY,8.03.1997 - 13:30
1219,https://www.tff.org/Default.aspx?pageId=397&macId=43131,FENERBAHÇE                                        ,1,MKE ANKARAGÜCÜ                                    ,1,FB ŞÜKRÜ SARACOĞLU,AHMET ÇAKAR,8.03.1997 - 19:00
1221,https://www.tff.org/Default.aspx?pageId=397&macId=43135,SAMSUNSPOR                                        ,0,ALTAY                                             ,0,SAMSUN 19 MAYIS,MEHMET ÇAYAN,9.03.1997 - 13:30
1217,https://www.tff.org/Default.aspx?pageId=397&macId=43134,SARIYER                                           ,1,ANTALYASPOR                                       ,1,YUSUF ZİYA ÖNİŞ,BÜLENT UZUN,9.03.1997 - 14:00
1222,https://www.tff.org/Default.aspx?pageId=397&macId=43136,İSTANBULSPOR A.Ş                                  ,3,GAZİANTEPSPOR                                     ,0,BEŞİKTAŞ İNÖNÜ,ÜNSAL ÇİMEN,9.03.1997 - 14:00
1225,https://www.tff.org/Default.aspx?pageId=397&macId=43138,ÇANAKKALE DARDANELSPOR                            ,4,ZEYTİNBURNUSPOR                                   ,0,18 MART,OĞUZ SARVAN,9.03.1997 - 14:00
1224,https://www.tff.org/Default.aspx?pageId=397&macId=43137,KOCAELİSPOR                                       ,0,BURSASPOR                                         ,0, İSMETPAŞA,ENGİN KURT,9.03.1997 - 19:00
1233,https://www.tff.org/Default.aspx?pageId=397&macId=43252,BEŞİKTAŞ                                          ,2,DENİZLİSPOR                                       ,1,BEŞİKTAŞ İNÖNÜ,YILNUR ÖNEN,14.03.1997 - 20:00
1231,https://www.tff.org/Default.aspx?pageId=397&macId=43254,VANSPOR                                           ,0,KOCAELİSPOR                                       ,0,VALİ MAHMUT YILBAŞ,GALİP BİTİGEN,15.03.1997 - 13:00
1234,https://www.tff.org/Default.aspx?pageId=397&macId=43256,TRABZONSPOR                                       ,1,İSTANBULSPOR A.Ş                                  ,2,HÜSEYİN AVNİ AKER,MURAT ILGAZ,15.03.1997 - 13:00
1227,https://www.tff.org/Default.aspx?pageId=397&macId=43253,ALTAY                                             ,2,GAZİANTEPSPOR                                     ,2,İZMİR ALSANCAK,ALİ ULUYOL,15.03.1997 - 14:00
1232,https://www.tff.org/Default.aspx?pageId=397&macId=43255,GALATASARAY                                       ,3,SAMSUNSPOR                                        ,1,ALİ SAMİ YEN,AYHAN YÜCEBİLGİÇ,15.03.1997 - 19:00
1230,https://www.tff.org/Default.aspx?pageId=397&macId=43260,MKE ANKARAGÜCÜ                                    ,1,SARIYER                                           ,0,ANKARA 19 MAYIS,ADNAN ŞEKER,16.03.1997 - 13:30
1228,https://www.tff.org/Default.aspx?pageId=397&macId=43258,ZEYTİNBURNUSPOR                                   ,0,GENÇLERBİRLİĞİ                                    ,1,ZEYTİNBURNU,ALİCAN LAKOT,16.03.1997 - 14:00
1229,https://www.tff.org/Default.aspx?pageId=397&macId=43259,ANTALYASPOR                                       ,1,ÇANAKKALE DARDANELSPOR                            ,0,ANTALYA ATATÜRK,MUHİTTİN BOŞAT,16.03.1997 - 14:00
1226,https://www.tff.org/Default.aspx?pageId=397&macId=43257,BURSASPOR                                         ,0,FENERBAHÇE                                        ,1,BURSA ATATÜRK,EROL ERSOY,16.03.1997 - 19:00
1242,https://www.tff.org/Default.aspx?pageId=397&macId=43349,FENERBAHÇE                                        ,5,VANSPOR                                           ,0,FB ŞÜKRÜ SARACOĞLU,MUSTAFA ÇULCU,21.03.1997 - 20:00
1239,https://www.tff.org/Default.aspx?pageId=397&macId=43350,GAZİANTEPSPOR                                     ,0,GALATASARAY                                       ,3,KAMİL OCAK,METİN TOKAT,22.03.1997 - 19:00
1237,https://www.tff.org/Default.aspx?pageId=397&macId=43353,GENÇLERBİRLİĞİ                                    ,0,ANTALYASPOR                                       ,1,ANKARA 19 MAYIS,SELAMİ ŞİMŞEK,23.03.1997 - 13:30
1235,https://www.tff.org/Default.aspx?pageId=397&macId=43351,SARIYER                                           ,1,BURSASPOR                                         ,2,YUSUF ZİYA ÖNİŞ,MEHMET ÇAYAN,23.03.1997 - 14:00
1236,https://www.tff.org/Default.aspx?pageId=397&macId=43352,DENİZLİSPOR                                       ,3,ZEYTİNBURNUSPOR                                   ,2,DENİZLİ ATATÜRK,SADIK İLHAN,23.03.1997 - 14:00
1240,https://www.tff.org/Default.aspx?pageId=397&macId=43355,İSTANBULSPOR A.Ş                                  ,5,ALTAY                                             ,0,ALİ SAMİ YEN,ERDAL GÜLEÇ,23.03.1997 - 14:00
1241,https://www.tff.org/Default.aspx?pageId=397&macId=43356,KOCAELİSPOR                                       ,0,TRABZONSPOR                                       ,2, İSMETPAŞA,İLHAMİ KAPLAN,23.03.1997 - 14:00
1243,https://www.tff.org/Default.aspx?pageId=397&macId=43357,ÇANAKKALE DARDANELSPOR                            ,2,MKE ANKARAGÜCÜ                                    ,1,18 MART,VAHAP BEYAZ,23.03.1997 - 14:00
1238,https://www.tff.org/Default.aspx?pageId=397&macId=43354,SAMSUNSPOR                                        ,4,BEŞİKTAŞ                                          ,1,SAMSUN 19 MAYIS,İBRAHİM AKSOY,23.03.1997 - 19:00
1252,https://www.tff.org/Default.aspx?pageId=397&macId=43518,MKE ANKARAGÜCÜ                                    ,1,GENÇLERBİRLİĞİ                                    ,0,ANKARA 19 MAYIS,YILNUR ÖNEN,4.04.1997 - 20:00
1244,https://www.tff.org/Default.aspx?pageId=397&macId=43520,BEŞİKTAŞ                                          ,5,GAZİANTEPSPOR                                     ,1,BEŞİKTAŞ İNÖNÜ,ÜNSAL ÇİMEN,5.04.1997 - 19:00
1247,https://www.tff.org/Default.aspx?pageId=397&macId=43521,BURSASPOR                                         ,3,ÇANAKKALE DARDANELSPOR                            ,1,BURSA ATATÜRK,OSMAN AVCI,5.04.1997 - 19:00
1248,https://www.tff.org/Default.aspx?pageId=397&macId=43582,VANSPOR                                           ,1,SARIYER                                           ,0,VALİ MAHMUT YILBAŞ,ALİCAN LAKOT,6.04.1997 - 14:00
1245,https://www.tff.org/Default.aspx?pageId=397&macId=43580,ZEYTİNBURNUSPOR                                   ,1,SAMSUNSPOR                                        ,3,ZEYTİNBURNU,NAMIK KEMAL DEMİROĞLU,6.04.1997 - 15:00
1246,https://www.tff.org/Default.aspx?pageId=397&macId=43581,KOCAELİSPOR                                       ,1,İSTANBULSPOR A.Ş                                  ,1, İSMETPAŞA,BÜLENT UZUN,6.04.1997 - 15:00
1250,https://www.tff.org/Default.aspx?pageId=397&macId=43584,GALATASARAY                                       ,2,ALTAY                                             ,1,ALİ SAMİ YEN,KADİR TOZLU,6.04.1997 - 15:00
1251,https://www.tff.org/Default.aspx?pageId=397&macId=43585,ANTALYASPOR                                       ,3,DENİZLİSPOR                                       ,0,ANTALYA ATATÜRK,ORHAN ERDEMİR,6.04.1997 - 15:00
1249,https://www.tff.org/Default.aspx?pageId=397&macId=43583,TRABZONSPOR                                       ,4,FENERBAHÇE                                        ,3,HÜSEYİN AVNİ AKER,OĞUZ SARVAN,6.04.1997 - 19:00
1253,https://www.tff.org/Default.aspx?pageId=397&macId=43611,SARIYER                                           ,1,TRABZONSPOR                                       ,1,ALİ SAMİ YEN,ALİ ULUYOL,11.04.1997 - 20:00
1258,https://www.tff.org/Default.aspx?pageId=397&macId=43612,İSTANBULSPOR A.Ş                                  ,2,GALATASARAY                                       ,3,BEŞİKTAŞ İNÖNÜ,VAHAP BEYAZ,12.04.1997 - 15:02
1259,https://www.tff.org/Default.aspx?pageId=397&macId=43613,FENERBAHÇE                                        ,0,KOCAELİSPOR                                       ,0,FB ŞÜKRÜ SARACOĞLU,İBRAHİM AKSOY,12.04.1997 - 19:00
1254,https://www.tff.org/Default.aspx?pageId=397&macId=43614,GENÇLERBİRLİĞİ                                    ,0,BURSASPOR                                         ,4,ANKARA 19 MAYIS,SERDAR ÇAKIR,13.04.1997 - 14:30
1255,https://www.tff.org/Default.aspx?pageId=397&macId=43615,GAZİANTEPSPOR                                     ,3,ZEYTİNBURNUSPOR                                   ,1,KAMİL OCAK,NECDET ERDİLEK,13.04.1997 - 14:30
1256,https://www.tff.org/Default.aspx?pageId=397&macId=43616,SAMSUNSPOR                                        ,2,ANTALYASPOR                                       ,1,SAMSUN 19 MAYIS,SELÇUK ŞAHİN,13.04.1997 - 14:30
1260,https://www.tff.org/Default.aspx?pageId=397&macId=43618,ÇANAKKALE DARDANELSPOR                            ,2,VANSPOR                                           ,1,18 MART,İLHAMİ KAPLAN,13.04.1997 - 15:00
1261,https://www.tff.org/Default.aspx?pageId=397&macId=43619,DENİZLİSPOR                                       ,2,MKE ANKARAGÜCÜ                                    ,6,DENİZLİ ATATÜRK,ERDAL GÜLEÇ,13.04.1997 - 15:00
1257,https://www.tff.org/Default.aspx?pageId=397&macId=43617,ALTAY                                             ,0,BEŞİKTAŞ                                          ,4,İZMİR ATATÜRK,AYHAN YÜCEBİLGİÇ,13.04.1997 - 19:00
1264,https://www.tff.org/Default.aspx?pageId=397&macId=43724,BURSASPOR                                         ,2,DENİZLİSPOR                                       ,2,BURSA ATATÜRK,MUSTAFA ÇULCU,18.04.1997 - 20:00
1270,https://www.tff.org/Default.aspx?pageId=397&macId=43726,FENERBAHÇE                                        ,3,İSTANBULSPOR A.Ş                                  ,0,FB ŞÜKRÜ SARACOĞLU,SABRİ ÇELİK,19.04.1997 - 15:00
1262,https://www.tff.org/Default.aspx?pageId=397&macId=43725,TRABZONSPOR                                       ,4,ÇANAKKALE DARDANELSPOR                            ,0,HÜSEYİN AVNİ AKER,EROL ERSOY,19.04.1997 - 19:00
1269,https://www.tff.org/Default.aspx?pageId=397&macId=43732,VANSPOR                                           ,3,GENÇLERBİRLİĞİ                                    ,0,VALİ MAHMUT YILBAŞ,MUSTAFA KALKANDELEN,20.04.1997 - 14:00
1263,https://www.tff.org/Default.aspx?pageId=397&macId=43727,MKE ANKARAGÜCÜ                                    ,0,SAMSUNSPOR                                        ,0,ANKARA 19 MAYIS,GALİP BİTİGEN,20.04.1997 - 14:35
1267,https://www.tff.org/Default.aspx?pageId=397&macId=43730,ZEYTİNBURNUSPOR                                   ,0,ALTAY                                             ,1,ZEYTİNBURNU,ADNAN ŞEKER,20.04.1997 - 15:00
1268,https://www.tff.org/Default.aspx?pageId=397&macId=43731,ANTALYASPOR                                       ,2,GAZİANTEPSPOR                                     ,1,ANTALYA ATATÜRK,SADIK İLHAN,20.04.1997 - 15:00
1265,https://www.tff.org/Default.aspx?pageId=397&macId=43728,KOCAELİSPOR                                       ,1,SARIYER                                           ,0, İSMETPAŞA,MURAT ILGAZ,20.04.1997 - 15:02
1266,https://www.tff.org/Default.aspx?pageId=397&macId=43729,BEŞİKTAŞ                                          ,1,GALATASARAY                                       ,1,BEŞİKTAŞ İNÖNÜ,AHMET ÇAKAR,20.04.1997 - 19:05
1278,https://www.tff.org/Default.aspx?pageId=397&macId=43937,SAMSUNSPOR                                        ,2,BURSASPOR                                         ,3,SAMSUN 19 MAYIS,BÜLENT UZUN,2.05.1997 - 20:00
1271,https://www.tff.org/Default.aspx?pageId=397&macId=43938,SARIYER                                           ,1,FENERBAHÇE                                        ,4,BEŞİKTAŞ İNÖNÜ,SERDAR ÇAKIR,3.05.1997 - 19:00
1272,https://www.tff.org/Default.aspx?pageId=397&macId=43939,ÇANAKKALE DARDANELSPOR                            ,3,KOCAELİSPOR                                       ,2,18 MART,METİN TOKAT,4.05.1997 - 16:00
1274,https://www.tff.org/Default.aspx?pageId=397&macId=43941,ALTAY                                             ,2,ANTALYASPOR                                       ,1,İZMİR ALSANCAK,MEHMET ÇAYAN,4.05.1997 - 16:00
1275,https://www.tff.org/Default.aspx?pageId=397&macId=43942,İSTANBULSPOR A.Ş                                  ,4,BEŞİKTAŞ                                          ,3,FB ŞÜKRÜ SARACOĞLU,ORHAN ERDEMİR,4.05.1997 - 16:00
1276,https://www.tff.org/Default.aspx?pageId=397&macId=43943,GENÇLERBİRLİĞİ                                    ,1,TRABZONSPOR                                       ,1,ANKARA 19 MAYIS,ÜNSAL ÇİMEN,4.05.1997 - 16:00
1277,https://www.tff.org/Default.aspx?pageId=397&macId=43944,DENİZLİSPOR                                       ,0,VANSPOR                                           ,1,DENİZLİ ATATÜRK,İBRAHİM AKSOY,4.05.1997 - 16:00
1279,https://www.tff.org/Default.aspx?pageId=397&macId=43945,GAZİANTEPSPOR                                     ,3,MKE ANKARAGÜCÜ                                    ,2,KAMİL OCAK,KADİR TOZLU,4.05.1997 - 16:00
1273,https://www.tff.org/Default.aspx?pageId=397&macId=43940,GALATASARAY                                       ,4,ZEYTİNBURNUSPOR                                   ,0,ALİ SAMİ YEN,SABRİ ÇELİK,4.05.1997 - 19:00
1280,https://www.tff.org/Default.aspx?pageId=397&macId=44049,FENERBAHÇE                                        ,4,ÇANAKKALE DARDANELSPOR                            ,0,FB ŞÜKRÜ SARACOĞLU,ENGİN KURT,9.05.1997 - 20:00
1284,https://www.tff.org/Default.aspx?pageId=397&macId=44050,ANTALYASPOR                                       ,0,GALATASARAY                                       ,2,ANTALYA ATATÜRK,MUSTAFA ÇULCU,10.05.1997 - 19:00
1281,https://www.tff.org/Default.aspx?pageId=397&macId=44051,MKE ANKARAGÜCÜ                                    ,1,ALTAY                                             ,0,ANKARA 19 MAYIS,SADIK İLHAN,11.05.1997 - 16:00
1282,https://www.tff.org/Default.aspx?pageId=397&macId=44052,TRABZONSPOR                                       ,3,DENİZLİSPOR                                       ,1,HÜSEYİN AVNİ AKER,NAMIK KEMAL DEMİROĞLU,11.05.1997 - 16:00
1283,https://www.tff.org/Default.aspx?pageId=397&macId=44053,İSTANBULSPOR A.Ş                                  ,2,SARIYER                                           ,1,ALİ SAMİ YEN,EROL ERSOY,11.05.1997 - 16:00
1285,https://www.tff.org/Default.aspx?pageId=397&macId=44054,BURSASPOR                                         ,3,GAZİANTEPSPOR                                     ,1,BURSA ATATÜRK,OSMAN AVCI,11.05.1997 - 16:00
1286,https://www.tff.org/Default.aspx?pageId=397&macId=44055,VANSPOR                                           ,3,SAMSUNSPOR                                        ,2,VALİ MAHMUT YILBAŞ,VAHAP BEYAZ,11.05.1997 - 16:00
1287,https://www.tff.org/Default.aspx?pageId=397&macId=44056,KOCAELİSPOR                                       ,3,GENÇLERBİRLİĞİ                                    ,2, İSMETPAŞA,AHMET ÇAKAR,11.05.1997 - 16:00
1288,https://www.tff.org/Default.aspx?pageId=397&macId=44057,BEŞİKTAŞ                                          ,4,ZEYTİNBURNUSPOR                                   ,1,BEŞİKTAŞ İNÖNÜ,MUSTAFA KALKANDELEN,11.05.1997 - 19:00
1292,https://www.tff.org/Default.aspx?pageId=397&macId=44163,BEŞİKTAŞ                                          ,4,ANTALYASPOR                                       ,0,BEŞİKTAŞ İNÖNÜ,AYHAN YÜCEBİLGİÇ,16.05.1997 - 20:00
1294,https://www.tff.org/Default.aspx?pageId=397&macId=44164,GENÇLERBİRLİĞİ                                    ,4,FENERBAHÇE                                        ,1,ANKARA 19 MAYIS,EROL ERSOY,16.05.1997 - 20:00
1297,https://www.tff.org/Default.aspx?pageId=397&macId=44165,GALATASARAY                                       ,5,MKE ANKARAGÜCÜ                                    ,1,ALİ SAMİ YEN,İBRAHİM AKSOY,17.05.1997 - 19:00
1289,https://www.tff.org/Default.aspx?pageId=397&macId=44166,DENİZLİSPOR                                       ,0,KOCAELİSPOR                                       ,0,DENİZLİ ATATÜRK,SEBAHATTİN BİTİRİM,18.05.1997 - 16:00
1290,https://www.tff.org/Default.aspx?pageId=397&macId=44167,ALTAY                                             ,1,BURSASPOR                                         ,1,İZMİR ALSANCAK,MUSTAFA KALKANDELEN,18.05.1997 - 16:00
1291,https://www.tff.org/Default.aspx?pageId=397&macId=44168,ZEYTİNBURNUSPOR                                   ,1,İSTANBULSPOR A.Ş                                  ,2,ZEYTİNBURNU,MEHMET ÇAYAN,18.05.1997 - 16:00
1293,https://www.tff.org/Default.aspx?pageId=397&macId=44169,ÇANAKKALE DARDANELSPOR                            ,1,SARIYER                                           ,0,18 MART,İLHAMİ KAPLAN,18.05.1997 - 16:00
1296,https://www.tff.org/Default.aspx?pageId=397&macId=44171,GAZİANTEPSPOR                                     ,0,VANSPOR                                           ,1,KAMİL OCAK,MUSTAFA ÇULCU,18.05.1997 - 16:00
1295,https://www.tff.org/Default.aspx?pageId=397&macId=44170,SAMSUNSPOR                                        ,0,TRABZONSPOR                                       ,2,SAMSUN 19 MAYIS,ORHAN ERDEMİR,18.05.1997 - 19:00
1304,https://www.tff.org/Default.aspx?pageId=397&macId=44275,KOCAELİSPOR                                       ,2,SAMSUNSPOR                                        ,5, İSMETPAŞA,ADNAN ŞEKER,23.05.1997 - 20:00
1302,https://www.tff.org/Default.aspx?pageId=397&macId=44276,BURSASPOR                                         ,2,GALATASARAY                                       ,3,BURSA ATATÜRK,YILNUR ÖNEN,24.05.1997 - 19:00
1298,https://www.tff.org/Default.aspx?pageId=397&macId=44277,İSTANBULSPOR A.Ş                                  ,4,ÇANAKKALE DARDANELSPOR                            ,2,BEŞİKTAŞ İNÖNÜ,ERDAL GÜLEÇ,25.05.1997 - 16:00
1299,https://www.tff.org/Default.aspx?pageId=397&macId=44278,TRABZONSPOR                                       ,5,GAZİANTEPSPOR                                     ,0,HÜSEYİN AVNİ AKER,MEHMET ÇAYAN,25.05.1997 - 16:00
1300,https://www.tff.org/Default.aspx?pageId=397&macId=44279,SARIYER                                           ,2,GENÇLERBİRLİĞİ                                    ,1,YUSUF ZİYA ÖNİŞ,GALİP BİTİGEN,25.05.1997 - 16:00
1303,https://www.tff.org/Default.aspx?pageId=397&macId=44281,VANSPOR                                           ,3,ALTAY                                             ,0,VALİ MAHMUT YILBAŞ,AYHAN YÜCEBİLGİÇ,25.05.1997 - 16:00
1306,https://www.tff.org/Default.aspx?pageId=397&macId=44283,ANTALYASPOR                                       ,1,ZEYTİNBURNUSPOR                                   ,0,ANTALYA ATATÜRK,SELÇUK ŞAHİN,25.05.1997 - 16:00
1305,https://www.tff.org/Default.aspx?pageId=397&macId=44282,FENERBAHÇE                                        ,7,DENİZLİSPOR                                       ,0,FB ŞÜKRÜ SARACOĞLU,BÜLENT UZUN,25.05.1997 - 19:00
1301,https://www.tff.org/Default.aspx?pageId=397&macId=44280,MKE ANKARAGÜCÜ                                    ,0,BEŞİKTAŞ                                          ,2,ANKARA 19 MAYIS,İLHAMİ KAPLAN,25.05.1997 - 19:01
