Takim_adi,Oynadigi_mac_sayisi,Galibiyet_sayisi,Beraberlik_sayisi,Maglubiyet_sayisi,Attigi_gol_sayisi,Yedigi_gol_sayisi,Averaj,Puan
GALATASARAY,34,25,7,2,90,30,60,82
BEŞİKTAŞ,34,22,8,4,88,26,62,74
FENERBAHÇE,34,22,7,5,79,25,54,73
TRABZONSPOR,34,22,6,6,73,33,40,72
BURSASPOR,34,17,8,9,55,37,18,59
İSTANBULSPOR A.Ş,34,16,7,11,56,44,12,55
KOCAELİSPOR,34,12,12,10,37,35,2,48
GAZİANTEPSPOR,34,13,8,13,38,50,-12,47
SAMSUNSPOR,34,12,9,13,49,52,-3,45
ANTALYASPOR,34,13,6,15,38,49,-11,45
GENÇLERBİRLİĞİ,34,11,6,17,37,49,-12,39
MKE ANKARAGÜCÜ,34,10,8,16,39,52,-13,38
VANSPOR,34,10,7,17,31,50,-19,37
ALTAY,34,9,10,15,30,60,-30,37
ÇANAKKALE DARDANELSPOR,34,10,6,18,35,65,-30,36
SARIYER,34,9,7,18,41,54,-13,34
DENİZLİSPOR,34,5,5,24,36,81,-45,20
ZEYTİNBURNUSPOR,34,2,5,27,26,86,-60,11
